Time,Open,High,Low,Close,Volume,average,barCount,spread,SMA_S,SMA_C,SMA_L,up_sma1,up_sma2,down_sma1,down_sma2,flat_sma1,flat_sma2,Ren_Value,Blue,Red,Increase,Yellow,Blue/Yellow,Red/Yellow,Frac_Value,Flag,EndTime_fr,HI_Value,BearWarning,BullWarning,peak,crust,atr,buy_Frac,sell_Frac,neg_buy_Frac,neg_sell_Frac,hi_up,hi_down,returns,t_dir
2025-12-23 09:00:00-05:00,1.177475,1.17795,1.176845,1.17693,-1.0,-1.0,-1,0.0001,1.1785720000000002,1.1772025,1.1781883333333332,0,1,0,0,0,0,1.175965,0,1,1,0,0,0,1.180205,1.0,2025-12-23 09:00:00-05:00,1.180205,False,False,0,1,0.0009678571428571711,1,0,0,0,0,0,-0.0004629619880474156,0
2025-12-23 10:00:00-05:00,1.17693,1.177915,1.1764,1.177425,-1.0,-1.0,-1,0.0001,1.1780760000000001,1.1771775,1.17816875,0,0,0,1,0,1,1.175965,0,1,1,0,0,0,1.180205,0.0,2025-12-23 10:00:00-05:00,1.180205,False,True,0,0,0.0010028571428571942,0,0,0,0,0,0,0.00042049733986061533,1
2025-12-23 11:00:00-05:00,1.177425,1.17805,1.177335,1.177565,-1.0,-1.0,-1,0.0001,1.177673,1.177495,1.1781716666666668,0,0,0,1,0,1,1.175965,0,1,1,0,0,0,1.180205,0.0,2025-12-23 11:00:00-05:00,1.17805,False,False,0,0,0.000997500000000048,0,0,0,0,0,0,0.00011889647103795256,1
2025-12-23 12:00:00-05:00,1.177565,1.17788,1.176905,1.177085,-1.0,-1.0,-1,0.0001,1.1772960000000001,1.177325,1.17813625,0,0,1,0,0,1,1.175965,0,1,1,0,0,0,1.1764,2.0,2025-12-23 12:00:00-05:00,1.17788,False,False,0,0,0.001023571428571457,0,0,1,0,0,0,-0.0004077039106864807,0
2025-12-23 13:00:00-05:00,1.177085,1.17832,1.176965,1.178295,-1.0,-1.0,-1,0.0001,1.17746,1.1776900000000001,1.1782341666666667,0,0,1,0,0,1,1.175965,0,1,1,0,0,0,1.1764,0.0,2025-12-23 13:00:00-05:00,1.17832,False,False,0,0,0.0010810714285714531,0,0,0,0,0,0,0.0010274351539388464,1
2025-12-23 14:00:00-05:00,1.178295,1.179145,1.178205,1.179015,-1.0,-1.0,-1,0.0001,1.1778769999999998,1.178655,1.1783295833333334,0,0,1,0,0,0,1.175965,0,1,1,0,0,0,1.1764,0.0,2025-12-23 14:00:00-05:00,1.17832,False,False,0,0,0.0011096428571428943,0,0,0,0,0,0,0.000610865793967923,1
2025-12-23 15:00:00-05:00,1.179015,1.17937,1.178705,1.178955,-1.0,-1.0,-1,0.0001,1.178183,1.178985,1.1783720833333333,0,0,1,0,0,0,1.175965,0,1,1,0,0,0,1.1764,0.0,2025-12-23 15:00:00-05:00,1.17832,True,False,0,0,0.0011017857142857634,0,0,0,0,0,1,-5.089123272383012e-05,0
2025-12-23 16:00:00-05:00,1.178955,1.17971,1.17885,1.179475,-1.0,-1.0,-1,0.0001,1.178565,1.1792150000000001,1.1783895833333335,1,0,0,0,1,0,1.175965,0,1,1,0,0,0,1.1764,0.0,2025-12-23 16:00:00-05:00,1.17832,False,False,0,0,0.0010760714285714837,0,0,0,0,0,0,0.00044097133128952193,1
2025-12-23 17:15:00-05:00,1.179325,1.179585,1.17928,1.17948,-1.0,-1.0,-1,0.0001,1.179044,1.1794775,1.1783541666666666,1,0,0,0,1,0,1.175965,0,1,1,0,0,0,1.1764,0.0,2025-12-23 17:15:00-05:00,1.17832,False,False,0,0,0.0010317857142857648,0,0,0,0,0,0,4.23916522372396e-06,1
2025-12-23 18:00:00-05:00,1.17948,1.17973,1.17935,1.179475,-1.0,-1.0,-1,0.0001,1.1792799999999999,1.1794775,1.1783454166666667,1,0,0,0,1,0,1.175965,0,1,1,0,0,0,1.1764,0.0,2025-12-23 18:00:00-05:00,1.17832,True,False,0,0,0.0009789285714286247,0,0,0,0,0,0,-4.239165223620766e-06,0
2025-12-23 19:00:00-05:00,1.179475,1.179915,1.17903,1.1799,-1.0,-1.0,-1,0.0001,1.179457,1.1796875,1.1784229166666667,1,0,0,0,1,0,1.175965,0,1,1,0,0,0,1.1764,0.0,2025-12-23 19:00:00-05:00,1.17832,False,False,0,0,0.0009807142857143347,0,0,0,0,0,0,0.000360264904558859,1
2025-12-23 20:00:00-05:00,1.1799,1.18064,1.179685,1.18052,-1.0,-1.0,-1,0.0001,1.17977,1.18021,1.1786766666666666,1,0,0,0,1,0,1.175965,0,1,1,0,0,0,1.1764,0.0,2025-12-23 20:00:00-05:00,1.17832,False,False,1,0,0.000995714285714322,0,0,0,0,0,0,0.0005253302499205562,1
2025-12-23 21:00:00-05:00,1.18052,1.180795,1.17982,1.17984,-1.0,-1.0,-1,0.0001,1.179843,1.18018,1.1789191666666667,1,0,0,0,1,0,1.175965,0,1,1,0,0,0,1.1764,0.0,2025-12-23 21:00:00-05:00,1.17832,True,False,0,0,0.0009717857142857524,0,0,0,0,0,0,-0.0005761833100142077,0
2025-12-23 22:00:00-05:00,1.17984,1.17985,1.1787,1.17876,-1.0,-1.0,-1,0.0001,1.179699,1.1793,1.1790304166666667,0,1,0,0,1,0,1.175965,0,1,1,0,0,0,1.1764,0.0,2025-12-23 22:00:00-05:00,1.17985,False,False,0,1,0.0009128571428571755,0,0,0,0,0,0,-0.0009157975710011825,0
2025-12-23 23:00:00-05:00,1.17876,1.17934,1.1786,1.17912,-1.0,-1.0,-1,0.0001,1.1796280000000001,1.1789399999999999,1.17916,0,1,0,0,0,0,1.175965,0,1,1,0,0,0,1.180795,1.0,2025-12-23 23:00:00-05:00,1.17985,False,True,0,0,0.0008867857142857348,1,0,0,0,1,0,0.00030535905372390185,1
2025-12-24 00:00:00-05:00,1.17912,1.180215,1.179075,1.17991,-1.0,-1.0,-1,0.0001,1.17963,1.1795149999999999,1.1793954166666667,0,1,0,0,1,0,1.175965,0,1,1,0,0,0,1.180795,0.0,2025-12-24 00:00:00-05:00,1.180215,False,False,0,0,0.0008600000000000037,0,0,0,0,0,0,0.0006697668359725839,1
2025-12-24 01:00:00-05:00,1.17991,1.180405,1.17978,1.179985,-1.0,-1.0,-1,0.0001,1.179523,1.1799475,1.17953625,0,0,1,0,0,0,1.175965,0,1,1,0,0,0,1.180795,0.0,2025-12-24 01:00:00-05:00,1.180215,False,False,0,0,0.0008535714285714217,0,0,0,0,0,0,6.356215003226322e-05,1
2025-12-24 02:00:00-05:00,1.179985,1.180185,1.178645,1.178905,-1.0,-1.0,-1,0.0001,1.179336,1.179445,1.1795270833333333,0,0,1,0,0,1,1.175965,0,1,1,0,0,0,1.180795,0.0,2025-12-24 02:00:00-05:00,1.180185,False,False,0,0,0.0008939285714285752,0,0,0,0,0,0,-0.0009156849835838283,0
2025-12-24 03:00:00-05:00,1.178905,1.17995,1.177975,1.17994,-1.0,-1.0,-1,0.0001,1.1795719999999998,1.1794225,1.1796091666666666,0,0,0,1,0,1,1.175965,0,1,1,0,0,0,1.180795,0.0,2025-12-24 03:00:00-05:00,1.180185,False,True,0,0,0.0009382142857142942,0,0,0,0,0,0,0.0008775481783841107,1
2025-12-24 04:00:00-05:00,1.17994,1.18009,1.179455,1.179975,-1.0,-1.0,-1,0.0001,1.179743,1.1799575,1.1796508333333333,1,0,0,0,1,0,1.175965,0,1,1,0,0,0,1.180795,0.0,2025-12-24 04:00:00-05:00,1.18009,False,False,0,0,0.00091642857142858,0,0,0,0,0,0,2.9662085289190598e-05,1
2025-12-24 05:00:00-05:00,1.179975,1.180005,1.17908,1.17964,-1.0,-1.0,-1,0.0001,1.1796890000000002,1.1798075,1.1796641666666667,1,0,0,0,1,0,1.175965,0,1,1,0,0,0,1.177975,2.0,2025-12-24 05:00:00-05:00,1.180005,False,False,0,0,0.0009350000000000033,0,0,0,1,0,0,-0.0002839446284676042,0
2025-12-24 06:00:00-05:00,1.17964,1.179855,1.179115,1.17929,-1.0,-1.0,-1,0.0001,1.17955,1.179465,1.17964875,0,0,0,1,0,1,1.175965,0,1,1,0,0,0,1.177975,0.0,2025-12-24 06:00:00-05:00,1.180005,False,False,0,0,0.000926428571428582,0,0,0,0,0,0,-0.0002967447127031272,0
2025-12-24 07:00:00-05:00,1.17929,1.17932,1.1784,1.17842,-1.0,-1.0,-1,0.0001,1.179453,1.178855,1.1795254166666667,0,0,0,1,0,1,1.175965,0,1,1,0,0,0,1.177975,0.0,2025-12-24 07:00:00-05:00,1.180005,False,False,0,0,0.0009703571428571557,0,0,0,0,0,0,-0.0007380042833826795,0
2025-12-24 08:00:00-05:00,1.17842,1.17911,1.178395,1.17854,-1.0,-1.0,-1,0.0001,1.179173,1.17848,1.1793604166666667,0,0,0,1,0,1,1.175965,0,1,1,0,0,0,1.177975,0.0,2025-12-24 08:00:00-05:00,1.180005,False,True,0,0,0.0009942857142857253,0,0,0,0,0,0,0.00010182608114156359,1
2025-12-24 09:00:00-05:00,1.17854,1.178695,1.177735,1.178065,-1.0,-1.0,-1,0.0001,1.178791,1.1783025,1.1792125,0,0,0,1,0,1,1.175965,0,1,1,0,0,0,1.177975,0.0,2025-12-24 09:00:00-05:00,1.180005,False,False,0,0,0.0009996428571428715,0,0,0,0,0,0,-0.0004031222936662177,0
2025-12-24 10:00:00-05:00,1.178065,1.17824,1.177535,1.177815,-1.0,-1.0,-1,0.0001,1.178426,1.17794,1.1791337499999999,0,0,0,1,0,1,1.175965,0,1,1,0,0,0,1.177975,0.0,2025-12-24 10:00:00-05:00,1.180005,False,False,0,0,0.0009817857142857386,0,0,0,0,0,0,-0.00021223491938320897,0
2025-12-24 11:00:00-05:00,1.177815,1.178095,1.177305,1.17794,-1.0,-1.0,-1,0.0001,1.178156,1.1778775000000001,1.1790354166666666,0,0,0,1,0,1,1.175965,0,1,1,0,0,0,1.177975,0.0,2025-12-24 11:00:00-05:00,1.180005,False,True,0,0,0.0009685714285714456,0,0,0,0,0,0,0.00010612309014914394,1
2025-12-24 12:00:00-05:00,1.17794,1.178315,1.177275,1.17767,-1.0,-1.0,-1,0.0001,1.1780059999999999,1.177805,1.17884875,0,0,0,1,0,1,1.175965,0,1,1,0,0,0,1.177975,0.0,2025-12-24 12:00:00-05:00,1.180005,False,False,0,1,0.0009607142857142989,0,0,0,0,0,0,-0.00022923998555143374,0
2025-12-24 13:00:00-05:00,1.17767,1.177985,1.17743,1.177885,-1.0,-1.0,-1,0.0001,1.1778749999999998,1.1777775,1.17867375,0,0,0,1,0,1,1.175965,0,1,1,0,0,0,1.177975,0.0,2025-12-24 13:00:00-05:00,1.180005,False,True,0,0,0.0009475000000000218,0,0,0,0,0,0,0.00018254721337190825,1
2025-12-24 14:00:00-05:00,1.177885,1.17823,1.17787,1.17819,-1.0,-1.0,-1,0.0001,1.1779,1.1780375,1.1786141666666665,0,0,1,0,0,1,1.175965,0,1,1,0,0,0,1.177275,2.0,2025-12-24 14:00:00-05:00,1.17823,False,False,0,0,0.0008917857142857517,0,0,1,0,0,0,0.0002589051721220853,1
2025-12-24 15:00:00-05:00,1.17819,1.178195,1.178175,1.178195,-1.0,-1.0,-1,0.0001,1.177976,1.1781925000000002,1.17846875,0,0,1,0,0,1,1.175965,0,1,1,0,0,0,1.177275,0.0,2025-12-24 15:00:00-05:00,1.17823,False,False,0,0,0.0008485714285714842,0,0,0,0,0,0,4.243788684823013e-06,1
2025-12-24 16:00:00-05:00,1.178195,1.178195,1.178195,1.178195,-1.0,-1.0,-1,0.0001,1.1780270000000002,1.178195,1.1783204166666668,0,0,1,0,0,1,1.175965,0,1,1,0,0,0,1.177275,0.0,2025-12-24 16:00:00-05:00,1.17823,False,False,0,0,0.0007385714285714773,0,0,0,0,0,0,0.0,0
2025-12-25 19:00:00-05:00,1.178405,1.17921,1.177675,1.17861,-1.0,-1.0,-1,0.0001,1.1782150000000002,1.1784025,1.1782345833333332,0,0,1,0,0,0,1.175965,0,1,1,0,0,0,1.177275,0.0,2025-12-25 19:00:00-05:00,1.17823,False,False,0,0,0.0007071428571429061,0,0,0,0,0,0,0.0003521716937030508,1
2025-12-25 20:00:00-05:00,1.17861,1.17918,1.1783,1.178735,-1.0,-1.0,-1,0.0001,1.178385,1.1786725,1.1781883333333334,1,0,0,0,1,0,1.175965,0,1,1,0,0,0,1.177275,0.0,2025-12-25 20:00:00-05:00,1.17823,False,False,0,0,0.0007246428571428939,0,0,0,0,0,0,0.0001060515114395872,1
2025-12-25 21:00:00-05:00,1.178735,1.179375,1.17837,1.179215,-1.0,-1.0,-1,0.0001,1.17859,1.1789749999999999,1.1782545833333333,1,0,0,0,1,0,1.175965,0,1,1,0,0,0,1.177275,0.0,2025-12-25 21:00:00-05:00,1.17823,False,False,1,0,0.0007303571428571853,0,0,0,0,0,0,0.0004071333205795045,1
2025-12-25 22:00:00-05:00,1.179215,1.179265,1.178335,1.17843,-1.0,-1.0,-1,0.0001,1.1786370000000002,1.1788224999999999,1.1782454166666667,1,0,0,0,1,0,1.175965,0,1,1,0,0,0,1.177275,0.0,2025-12-25 22:00:00-05:00,1.179265,False,False,0,0,0.0007439285714286077,0,0,0,0,0,0,-0.0006659187697966984,0
2025-12-25 23:00:00-05:00,1.17843,1.178715,1.178005,1.17833,-1.0,-1.0,-1,0.0001,1.178664,1.1783800000000002,1.1782675,0,1,0,0,1,0,1.175965,0,1,1,0,0,0,1.179375,1.0,2025-12-25 23:00:00-05:00,1.179265,False,False,0,0,0.0007289285714286045,1,0,0,0,0,0,-8.486226858911405e-05,0
2025-12-26 00:00:00-05:00,1.17833,1.178725,1.17802,1.178615,-1.0,-1.0,-1,0.0001,1.178665,1.1784725,1.1783341666666667,0,1,0,0,1,0,1.175965,0,1,1,0,0,0,1.179375,0.0,2025-12-26 00:00:00-05:00,1.178725,False,False,0,0,0.0007282142857143141,0,0,0,0,0,0,0.00024183848277241674,1
2025-12-26 01:00:00-05:00,1.178615,1.17879,1.17716,1.177655,-1.0,-1.0,-1,0.0001,1.178449,1.178135,1.1783104166666667,0,1,0,0,0,0,1.175965,0,1,1,0,0,0,1.179375,0.0,2025-12-26 01:00:00-05:00,1.17879,False,False,0,0,0.0007760714285714533,0,0,0,0,0,0,-0.0008148472400176258,0
2025-12-26 02:00:00-05:00,1.177655,1.17779,1.17701,1.1773,-1.0,-1.0,-1,0.0001,1.178066,1.1774775,1.1782795833333333,0,0,0,1,0,1,1.175965,0,1,1,0,0,0,1.179375,0.0,2025-12-26 02:00:00-05:00,1.17879,False,False,0,0,0.0007814285714285996,0,0,0,0,0,0,-0.00030149196285192246,0
2025-12-26 03:00:00-05:00,1.1773,1.177765,1.17665,1.17769,-1.0,-1.0,-1,0.0001,1.1779179999999998,1.177495,1.1782633333333334,0,0,0,1,0,1,1.175965,0,1,1,0,0,0,1.179375,0.0,2025-12-26 03:00:00-05:00,1.17879,False,True,0,0,0.0008046428571428946,0,0,0,0,0,0,0.0003312116005291606,1
2025-12-26 04:00:00-05:00,1.17769,1.177785,1.17684,1.17702,-1.0,-1.0,-1,0.0001,1.177656,1.177355,1.1781658333333334,0,0,0,1,0,1,1.175965,0,1,1,0,0,0,1.179375,0.0,2025-12-26 04:00:00-05:00,1.17879,False,False,0,1,0.0007978571428571835,0,0,0,0,0,0,-0.0005690722153310863,0
2025-12-26 05:00:00-05:00,1.17702,1.17797,1.1769,1.17731,-1.0,-1.0,-1,0.0001,1.177395,1.177165,1.1780920833333333,0,0,0,1,0,1,1.175965,0,1,1,0,0,0,1.17665,2.0,2025-12-26 05:00:00-05:00,1.17879,False,True,0,0,0.000834642857142885,0,0,1,0,0,0,0.0002463545904497514,1
2025-12-26 06:00:00-05:00,1.17731,1.178245,1.17731,1.17774,-1.0,-1.0,-1,0.0001,1.177412,1.1775250000000002,1.1780541666666666,0,0,1,0,0,1,1.175965,0,1,1,0,0,0,1.17665,0.0,2025-12-26 06:00:00-05:00,1.178245,False,False,0,0,0.0008757142857142971,0,0,0,0,0,0,0.0003651727180131046,1
2025-12-26 07:00:00-05:00,1.17774,1.178245,1.177275,1.17816,-1.0,-1.0,-1,0.0001,1.177584,1.17795,1.1780166666666667,0,0,1,0,0,1,1.175965,0,1,1,0,0,0,1.17665,0.0,2025-12-26 07:00:00-05:00,1.178245,False,False,0,0,0.0009435714285714246,0,0,0,0,0,0,0.0003565516400947262,1
2025-12-26 08:00:00-05:00,1.17816,1.179685,1.17816,1.17914,-1.0,-1.0,-1,0.0001,1.177874,1.1786500000000002,1.1780504166666665,0,0,1,0,0,0,1.175965,0,1,1,0,0,0,1.17665,0.0,2025-12-26 08:00:00-05:00,1.178245,False,False,1,0,0.001052499999999996,0,0,0,0,0,0,0.0008314597687679264,1
2025-12-26 09:00:00-05:00,1.17914,1.17945,1.17811,1.17838,-1.0,-1.0,-1,0.0001,1.1781460000000001,1.17876,1.1779808333333335,1,0,0,0,1,0,1.175965,0,1,1,0,0,0,1.17665,0.0,2025-12-26 09:00:00-05:00,1.178245,True,False,0,0,0.0010385714285714284,0,0,0,0,0,0,-0.0006447453479313417,0
2025-12-26 10:00:00-05:00,1.17838,1.179255,1.17715,1.17772,-1.0,-1.0,-1,0.0001,1.178228,1.17805,1.1779216666666665,0,1,0,0,1,0,1.175965,0,1,1,0,0,0,1.179685,1.0,2025-12-26 10:00:00-05:00,1.179255,False,False,0,0,0.0011260714285714307,1,0,0,0,0,0,-0.0005602478818922361,0
2025-12-26 11:00:00-05:00,1.17772,1.177965,1.176225,1.17652,-1.0,-1.0,-1,0.0001,1.177984,1.17712,1.1777708333333334,0,1,0,0,0,0,1.175965,0,1,1,0,0,0,1.179685,0.0,2025-12-26 11:00:00-05:00,1.179255,False,False,0,1,0.0011785714285714097,0,0,0,0,0,0,-0.001019437358914409,0
2025-12-26 12:00:00-05:00,1.17652,1.17704,1.176145,1.177015,-1.0,-1.0,-1,0.0001,1.177755,1.1767675,1.1776375000000001,0,1,0,0,0,0,1.175965,0,1,1,0,0,0,1.179685,0.0,2025-12-26 12:00:00-05:00,1.179255,False,True,0,0,0.0011760714285714094,0,0,0,0,1,0,0.0004206438462131443,1
2025-12-26 13:00:00-05:00,1.177015,1.177375,1.176915,1.177185,-1.0,-1.0,-1,0.0001,1.177364,1.1770999999999998,1.1775983333333333,0,0,0,1,0,1,1.175965,0,1,1,0,0,0,1.179685,0.0,2025-12-26 13:00:00-05:00,1.177375,False,False,0,0,0.0011582142857142763,0,0,0,0,0,0,0.00014442273408847575,1
2025-12-26 14:00:00-05:00,1.177185,1.17766,1.176915,1.17766,-1.0,-1.0,-1,0.0001,1.17722,1.1774225,1.1776283333333333,0,0,1,0,0,1,1.175965,0,1,1,0,0,0,1.176145,2.0,2025-12-26 14:00:00-05:00,1.177375,False,False,0,0,0.0011610714285714221,0,0,1,0,0,0,0.00040342358536739337,1
2025-12-26 15:00:00-05:00,1.17766,1.17817,1.17724,1.17751,-1.0,-1.0,-1,0.0001,1.177178,1.177585,1.1776133333333332,0,0,1,0,0,1,1.175965,0,1,1,0,0,0,1.176145,0.0,2025-12-26 15:00:00-05:00,1.177375,True,False,0,0,0.0011110714285714116,0,0,0,0,0,1,-0.00012737934009237513,0
2025-12-26 16:00:00-05:00,1.17751,1.17767,1.176585,1.17724,-1.0,-1.0,-1,0.0001,1.177322,1.177375,1.1776316666666669,0,0,1,0,0,1,1.175965,0,1,1,0,0,0,1.176145,0.0,2025-12-26 16:00:00-05:00,1.17767,False,False,0,0,0.001132857142857126,0,0,0,0,0,0,-0.00022932370840492286,0
2025-12-28 17:15:00-05:00,1.17705,1.177375,1.176935,1.17709,-1.0,-1.0,-1,0.0001,1.177337,1.177165,1.1776133333333334,0,0,0,1,0,1,1.175965,0,1,1,0,0,0,1.176145,0.0,2025-12-28 17:15:00-05:00,1.17767,False,True,0,0,0.0010846428571428415,0,0,0,0,0,0,-0.0001274247876916617,0
2025-12-28 18:00:00-05:00,1.17709,1.1778,1.17709,1.177235,-1.0,-1.0,-1,0.0001,1.177347,1.1771625000000001,1.17757125,0,0,0,1,0,1,1.175965,0,1,1,0,0,0,1.176145,0.0,2025-12-28 18:00:00-05:00,1.1778,False,False,0,0,0.0010678571428571284,0,0,0,0,0,0,0.0001231775563556478,1
2025-12-28 19:00:00-05:00,1.177235,1.17841,1.17717,1.17797,-1.0,-1.0,-1,0.0001,1.1774090000000001,1.1776024999999999,1.1775554166666666,0,0,1,0,0,0,1.175965,0,1,1,0,0,0,1.176145,0.0,2025-12-28 19:00:00-05:00,1.1778,False,False,0,0,0.0010799999999999857,0,0,0,0,0,0,0.0006241495104337579,1
2025-12-28 20:00:00-05:00,1.17797,1.17863,1.17787,1.178415,-1.0,-1.0,-1,0.0001,1.17759,1.1781925,1.177495,1,0,0,0,1,0,1.175965,0,1,1,0,0,0,1.176145,0.0,2025-12-28 20:00:00-05:00,1.1778,False,False,1,0,0.001067499999999999,0,0,0,0,0,0,0.0003776971974359976,1
2025-12-28 21:00:00-05:00,1.178415,1.17853,1.17756,1.177585,-1.0,-1.0,-1,0.0001,1.177659,1.178,1.17742875,1,0,0,0,1,0,1.175965,0,1,1,0,0,0,1.176145,0.0,2025-12-28 21:00:00-05:00,1.17853,False,False,0,0,0.0010675000000000148,0,0,0,0,0,0,-0.0007045840698954779,0
2025-12-28 22:00:00-05:00,1.177585,1.1776,1.177125,1.177355,-1.0,-1.0,-1,0.0001,1.177712,1.17747,1.1773983333333333,0,1,0,0,1,0,1.175965,0,1,1,0,0,0,1.176145,0.0,2025-12-28 22:00:00-05:00,1.17853,False,False,0,0,0.0009925000000000153,0,0,0,0,0,0,-0.00019533406433406758,0
2025-12-28 23:00:00-05:00,1.177355,1.177355,1.176395,1.176435,-1.0,-1.0,-1,0.0001,1.177552,1.176895,1.1773912500000001,0,1,0,0,0,0,1.175965,0,1,1,0,0,0,1.176145,0.0,2025-12-28 23:00:00-05:00,1.17853,False,False,0,0,0.0009653571428571388,0,0,0,0,0,0,-0.0007817180350410942,0
2025-12-29 00:00:00-05:00,1.176435,1.176435,1.175385,1.17561,-1.0,-1.0,-1,0.0001,1.17708,1.1760225,1.1772741666666666,0,0,0,1,0,1,1.175965,0,1,1,0,0,0,1.176145,0.0,2025-12-29 00:00:00-05:00,1.17853,False,False,0,1,0.000889999999999994,0,0,0,0,0,0,-0.0007015172191293567,0
2025-12-29 01:00:00-05:00,1.17561,1.176965,1.17543,1.17696,-1.0,-1.0,-1,0.0001,1.1767889999999999,1.176285,1.1772554166666667,0,0,0,1,0,1,1.175965,0,1,1,0,0,0,1.176145,0.0,2025-12-29 01:00:00-05:00,1.176965,False,False,0,0,0.0008753571428571519,0,0,0,0,0,0,0.0011476811726594538,1
2025-12-29 02:00:00-05:00,1.17696,1.177925,1.17654,1.17772,-1.0,-1.0,-1,0.0001,1.176816,1.17734,1.1772604166666667,0,0,1,0,0,0,1.175965,0,1,1,0,0,0,1.175385,2.0,2025-12-29 02:00:00-05:00,1.176965,False,False,0,0,0.0009103571428571591,0,0,1,0,0,0,0.0006455229809494838,1
2025-12-29 03:00:00-05:00,1.17772,1.178885,1.177115,1.17841,-1.0,-1.0,-1,0.0001,1.177027,1.1780650000000001,1.1773354166666667,0,0,1,0,0,0,1.175965,0,1,1,0,0,0,1.175385,0.0,2025-12-29 03:00:00-05:00,1.176965,False,False,1,0,0.0010039285714285823,0,0,0,0,0,0,0.0005857062383870679,1
2025-12-29 04:00:00-05:00,1.17841,1.178915,1.177175,1.17763,-1.0,-1.0,-1,0.0001,1.177266,1.17802,1.1773679166666666,0,0,1,0,0,0,1.175965,0,1,1,0,0,0,1.175385,0.0,2025-12-29 04:00:00-05:00,1.178915,False,False,0,0,0.0010750000000000007,0,0,0,0,0,0,-0.0006621280016441991,0
2025-12-29 05:00:00-05:00,1.17763,1.17802,1.17653,1.17658,-1.0,-1.0,-1,0.0001,1.17746,1.177105,1.1773254166666667,0,1,0,0,0,0,1.175965,0,1,1,0,0,0,1.175385,0.0,2025-12-29 05:00:00-05:00,1.178915,False,False,0,0,0.0011150000000000088,0,0,0,0,0,0,-0.0008920190379138607,0
2025-12-29 06:00:00-05:00,1.17658,1.177125,1.17578,1.17659,-1.0,-1.0,-1,0.0001,1.1773859999999998,1.176585,1.1772716666666667,0,1,0,0,0,0,1.175965,0,1,1,0,0,0,1.178915,1.0,2025-12-29 06:00:00-05:00,1.178915,False,True,0,0,0.0011335714285714321,1,0,0,0,1,0,8.499173455387802e-06,1
2025-12-29 07:00:00-05:00,1.17659,1.17693,1.175555,1.176185,-1.0,-1.0,-1,0.0001,1.177079,1.1763875000000001,1.1771229166666666,0,0,0,1,0,1,1.175965,0,1,1,0,0,0,1.178915,0.0,2025-12-29 07:00:00-05:00,1.178915,False,False,0,0,0.0012003571428571558,0,0,0,0,0,0,-0.0003442743177738772,0
2025-12-29 08:00:00-05:00,1.176185,1.177385,1.176045,1.176985,-1.0,-1.0,-1,0.0001,1.176794,1.176585,1.1770037500000001,0,0,0,1,0,1,1.175965,0,1,1,0,0,0,1.178915,0.0,2025-12-29 08:00:00-05:00,1.177385,False,False,0,0,0.0012453571428571492,0,0,0,0,0,0,0.0006799339026253591,1
2025-12-29 09:00:00-05:00,1.176985,1.178885,1.17671,1.178305,-1.0,-1.0,-1,0.0001,1.176929,1.177645,1.17706375,0,0,1,0,0,0,1.175965,0,1,1,0,0,0,1.178915,0.0,2025-12-29 09:00:00-05:00,1.177385,False,False,1,0,0.0013121428571428728,0,0,0,0,0,0,0.0011208811978152555,1
2025-12-29 10:00:00-05:00,1.178305,1.17864,1.176645,1.176775,-1.0,-1.0,-1,0.0001,1.176968,1.17754,1.1770154166666666,0,0,1,0,0,0,1.175965,0,1,1,0,0,0,1.178915,0.0,2025-12-29 10:00:00-05:00,1.17864,False,False,0,0,0.0014003571428571496,0,0,0,0,0,0,-0.0012993191018983766,0
2025-12-29 11:00:00-05:00,1.176775,1.176795,1.17526,1.1756,-1.0,-1.0,-1,0.0001,1.1767699999999999,1.1761875,1.1769458333333334,0,0,0,1,0,1,1.175965,0,1,1,0,0,0,1.178915,0.0,2025-12-29 11:00:00-05:00,1.17864,False,False,0,0,0.0014407142857142871,0,0,0,0,0,0,-0.0009989904651417833,0
2025-12-29 12:00:00-05:00,1.1756,1.175685,1.17494,1.17521,-1.0,-1.0,-1,0.0001,1.1765750000000001,1.175405,1.1769125,0,0,0,1,0,1,1.175965,0,1,1,0,0,0,1.178915,0.0,2025-12-29 12:00:00-05:00,1.17864,False,False,0,1,0.001460000000000001,0,0,0,0,0,0,-0.0003318005313724438,0
2025-12-29 13:00:00-05:00,1.17521,1.1759,1.175065,1.17574,-1.0,-1.0,-1,0.0001,1.176326,1.175475,1.1768108333333334,0,0,0,1,0,1,1.175965,0,1,1,0,0,0,1.178915,0.0,2025-12-29 13:00:00-05:00,1.1759,False,False,0,0,0.0014510714285714346,0,0,0,0,0,0,0.00045088156615731654,1
2025-12-29 14:00:00-05:00,1.17574,1.17683,1.175695,1.17674,-1.0,-1.0,-1,0.0001,1.176013,1.17624,1.1767291666666666,0,0,1,0,0,1,1.175965,0,1,1,0,0,0,1.17494,2.0,2025-12-29 14:00:00-05:00,1.1759,False,False,0,0,0.001457142857142871,0,0,1,0,0,0,0.0008501666838671235,1
2025-12-29 15:00:00-05:00,1.17674,1.17705,1.17644,1.17705,-1.0,-1.0,-1,0.0001,1.1760680000000001,1.176895,1.1766158333333332,0,0,1,0,0,0,1.175965,0,1,1,0,0,0,1.17494,0.0,2025-12-29 15:00:00-05:00,1.1759,False,False,0,0,0.001391071428571438,0,0,0,0,0,0,0.00026340497817772406,1
2025-12-29 16:00:00-05:00,1.17705,1.17748,1.177025,1.17728,-1.0,-1.0,-1,0.0001,1.1764040000000002,1.177165,1.1765866666666667,0,0,1,0,0,0,1.175965,0,1,1,0,0,0,1.17494,0.0,2025-12-29 16:00:00-05:00,1.1759,False,False,0,0,0.0013246428571428595,0,0,0,0,0,0,0.00019538467481768418,1
2025-12-29 17:15:00-05:00,1.177,1.177285,1.17663,1.1768,-1.0,-1.0,-1,0.0001,1.1767220000000003,1.17704,1.176605,1,0,0,0,1,0,1.175965,0,1,1,0,0,0,1.17494,0.0,2025-12-29 17:15:00-05:00,1.177285,False,False,0,0,0.001244999999999988,0,0,0,0,0,0,-0.00040780262918185725,0
2025-12-29 18:00:00-05:00,1.1768,1.177475,1.176745,1.177245,-1.0,-1.0,-1,0.0001,1.1770230000000002,1.1770225,1.1766595833333333,0,1,0,0,1,0,1.175965,0,1,1,0,0,0,1.17494,0.0,2025-12-29 18:00:00-05:00,1.177475,False,False,0,0,0.0011728571428571502,0,0,0,0,0,0,0.00037807264117769104,1
2025-12-29 19:00:00-05:00,1.177245,1.17752,1.177175,1.177305,-1.0,-1.0,-1,0.0001,1.177136,1.177275,1.1767529166666666,1,0,0,0,1,0,1.175965,0,1,1,0,0,0,1.17494,0.0,2025-12-29 19:00:00-05:00,1.177475,False,False,0,0,0.0010910714285714235,0,0,0,0,0,0,5.096515258783705e-05,1
2025-12-29 20:00:00-05:00,1.177305,1.17752,1.176975,1.177505,-1.0,-1.0,-1,0.0001,1.177227,1.177405,1.17679625,1,0,0,0,1,0,1.175965,0,1,1,0,0,0,1.17494,0.0,2025-12-29 20:00:00-05:00,1.177475,False,False,0,0,0.0010339285714285567,0,0,0,0,0,0,0.00016986508506495768,1
2025-12-29 21:00:00-05:00,1.177505,1.177635,1.177165,1.17733,-1.0,-1.0,-1,0.0001,1.1772369999999999,1.1774175,1.176715,1,0,0,0,1,0,1.175965,0,1,1,0,0,0,1.17494,0.0,2025-12-29 21:00:00-05:00,1.177475,True,False,0,0,0.0009692857142856884,0,0,0,0,0,0,-0.0001486303714037068,0
2025-12-29 22:00:00-05:00,1.17733,1.177595,1.177065,1.177245,-1.0,-1.0,-1,0.0001,1.177326,1.1772875,1.1767541666666668,0,1,0,0,1,0,1.175965,0,1,1,0,0,0,1.17494,0.0,2025-12-29 22:00:00-05:00,1.177595,False,False,0,0,0.0009114285714285472,0,0,0,0,0,0,-7.219986624921315e-05,0
2025-12-29 23:00:00-05:00,1.177245,1.177795,1.17718,1.17771,-1.0,-1.0,-1,0.0001,1.177419,1.1774775000000002,1.17693,1,0,0,0,1,0,1.175965,0,1,1,0,0,0,1.17494,0.0,2025-12-29 23:00:00-05:00,1.177795,False,False,0,0,0.0007999999999999753,0,0,0,0,0,0,0.00039491200982039214,1
2025-12-30 00:00:00-05:00,1.17771,1.177905,1.1773,1.177535,-1.0,-1.0,-1,0.0001,1.1774650000000002,1.1776225,1.17712375,1,0,0,0,1,0,1.175965,0,1,1,0,0,0,1.17494,0.0,2025-12-30 00:00:00-05:00,1.177795,True,False,0,0,0.0007007142857142609,0,0,0,0,0,0,-0.00014860449789477143,0
2025-12-30 01:00:00-05:00,1.177535,1.17798,1.1774,1.17787,-1.0,-1.0,-1,0.0001,1.177538,1.1777025,1.17730125,1,0,0,0,1,0,1.175965,0,1,1,0,0,0,1.17494,0.0,2025-12-30 01:00:00-05:00,1.177795,False,False,1,0,0.0006324999999999724,0,0,0,0,0,0,0.0002844521449677368,1
2025-12-30 02:00:00-05:00,1.17787,1.17788,1.176625,1.17704,-1.0,-1.0,-1,0.0001,1.1774799999999999,1.1774550000000001,1.17732625,0,1,0,0,1,0,1.175965,0,1,1,0,0,0,1.17494,0.0,2025-12-30 02:00:00-05:00,1.17788,False,False,0,0,0.0006689285714285445,0,0,0,0,0,0,-0.0007049101956072235,0
2025-12-30 03:00:00-05:00,1.17704,1.177535,1.176605,1.17672,-1.0,-1.0,-1,0.0001,1.177375,1.1768800000000001,1.17729875,0,1,0,0,0,0,1.175965,0,1,1,0,0,0,1.17798,1.0,2025-12-30 03:00:00-05:00,1.17788,False,False,0,0,0.0006757142857142716,1,0,0,0,0,0,-0.00027190537860418014,0
2025-12-30 04:00:00-05:00,1.17672,1.177795,1.176435,1.176885,-1.0,-1.0,-1,0.0001,1.17721,1.1768025,1.1772658333333335,0,0,0,1,0,1,1.175965,0,1,1,0,0,0,1.17798,0.0,2025-12-30 04:00:00-05:00,1.177795,False,False,0,0,0.0006917857142856944,0,0,0,0,0,0,0.00014021044335844361,1
2025-12-30 05:00:00-05:00,1.176885,1.177745,1.176875,1.17738,-1.0,-1.0,-1,0.0001,1.1771790000000002,1.1771325,1.1773141666666669,0,0,0,1,0,1,1.175965,0,1,1,0,0,0,1.17798,0.0,2025-12-30 05:00:00-05:00,1.177795,False,False,0,0,0.0007103571428571336,0,0,0,0,0,0,0.0004205134148401844,1
2025-12-30 06:00:00-05:00,1.17738,1.177675,1.176615,1.176675,-1.0,-1.0,-1,0.0001,1.17694,1.1770275,1.1772666666666667,0,0,1,0,0,1,1.175965,0,1,1,0,0,0,1.176435,2.0,2025-12-30 06:00:00-05:00,1.177675,False,False,0,0,0.0007535714285714169,0,0,1,0,0,0,-0.0005989664821572491,0
2025-12-30 07:00:00-05:00,1.176675,1.176795,1.176075,1.176175,-1.0,-1.0,-1,0.0001,1.1767670000000001,1.176425,1.1771725,0,0,0,1,0,1,1.175965,0,1,1,0,0,0,1.176435,0.0,2025-12-30 07:00:00-05:00,1.177675,False,False,0,0,0.0007582142857142886,0,0,0,0,0,0,-0.0004250164757860224,0
2025-12-30 08:00:00-05:00,1.176175,1.176795,1.175545,1.176345,-1.0,-1.0,-1,0.0001,1.1766919999999998,1.17626,1.1770758333333333,0,0,0,1,0,1,1.175965,0,1,1,0,0,0,1.176435,0.0,2025-12-30 08:00:00-05:00,1.177675,False,True,0,0,0.0007953571428571353,0,0,0,0,0,0,0.00014452587038221834,1
2025-12-30 09:00:00-05:00,1.176345,1.17642,1.175645,1.176335,-1.0,-1.0,-1,0.0001,1.176582,1.17634,1.1769929166666666,0,0,0,1,0,1,1.175965,0,1,1,0,0,0,1.176435,0.0,2025-12-30 09:00:00-05:00,1.177675,False,False,0,0,0.000826071428571432,0,0,0,0,0,0,-8.50094360487201e-06,0
2025-12-30 10:00:00-05:00,1.176335,1.17663,1.174535,1.175985,-1.0,-1.0,-1,0.0001,1.176303,1.1761599999999999,1.1768879166666666,0,0,0,1,0,1,1.175965,0,1,1,0,0,0,1.176435,0.0,2025-12-30 10:00:00-05:00,1.177675,False,False,0,0,0.0009367857142857293,0,0,0,0,0,0,-0.00029757856293588004,0
2025-12-30 11:00:00-05:00,1.175985,1.17666,1.175435,1.17649,-1.0,-1.0,-1,0.0001,1.176266,1.1762375,1.17678625,0,0,0,1,0,1,1.175965,0,1,1,0,0,0,1.176435,0.0,2025-12-30 11:00:00-05:00,1.177675,False,True,0,0,0.000990714285714305,0,0,0,0,0,0,0.00042933506860407694,1
2025-12-30 12:00:00-05:00,1.17649,1.176665,1.175515,1.1756,-1.0,-1.0,-1,0.0001,1.176151,1.176045,1.176625,0,0,0,1,0,1,1.175965,0,1,1,0,0,0,1.174535,2.0,2025-12-30 12:00:00-05:00,1.177675,False,False,0,0,0.001035000000000024,0,0,1,0,0,0,-0.000756773799026205,0
2025-12-30 13:00:00-05:00,1.1756,1.175945,1.17483,1.175005,-1.0,-1.0,-1,0.0001,1.175883,1.1753025,1.17638625,0,0,0,1,0,1,1.175965,0,1,1,0,0,0,1.174535,0.0,2025-12-30 13:00:00-05:00,1.177675,False,False,0,0,0.0010707142857143057,0,0,0,0,0,0,-0.0005062526564077732,0
2025-12-30 14:00:00-05:00,1.175005,1.1753,1.174515,1.174675,-1.0,-1.0,-1,0.0001,1.175551,1.17484,1.1761891666666666,0,0,0,1,0,1,1.175965,0,1,1,0,0,0,1.174535,0.0,2025-12-30 14:00:00-05:00,1.177675,False,False,0,0,0.0010835714285714535,0,0,0,0,0,0,-0.0002808893144342225,0
2025-12-30 15:00:00-05:00,1.174675,1.175025,1.174335,1.174385,-1.0,-1.0,-1,0.0001,1.175231,1.1745299999999999,1.1759945833333334,0,0,0,1,0,1,1.175965,0,1,1,0,0,0,1.174535,0.0,2025-12-30 15:00:00-05:00,1.177675,False,False,0,0,0.0010914285714286004,0,0,0,0,0,0,-0.00024690727480195895,0
2025-12-30 16:00:00-05:00,1.174385,1.17488,1.174385,1.174805,-1.0,-1.0,-1,0.0001,1.174894,1.174595,1.17582125,0,0,0,1,0,1,1.175965,0,1,1,0,0,0,1.174535,0.0,2025-12-30 16:00:00-05:00,1.17488,False,False,0,0,0.0010371428571428793,0,0,0,0,0,0,0.0003575700598717671,1
2025-12-30 17:15:00-05:00,1.174825,1.174835,1.17456,1.174615,-1.0,-1.0,-1,0.0001,1.174697,1.1747100000000001,1.1755908333333334,0,0,1,0,0,1,1.175965,0,1,1,0,0,0,1.174335,2.0,2025-12-30 17:15:00-05:00,1.17488,True,False,0,0,0.0009903571428571598,0,0,1,0,0,1,-0.00016174204732596873,0
2025-12-30 18:00:00-05:00,1.174615,1.17492,1.17453,1.17456,-1.0,-1.0,-1,0.0001,1.1746079999999999,1.1745875,1.1754145833333334,0,0,0,1,0,1,1.175965,0,1,1,0,0,0,1.174335,0.0,2025-12-30 18:00:00-05:00,1.17492,False,False,0,0,0.0009210714285714358,0,0,0,0,0,0,-4.682494919280688e-05,0
2025-12-30 19:00:00-05:00,1.17456,1.17478,1.17444,1.17472,-1.0,-1.0,-1,0.0001,1.174617,1.1746400000000001,1.1752933333333335,0,0,1,0,0,1,1.175965,0,1,1,0,0,0,1.174335,0.0,2025-12-30 19:00:00-05:00,1.17478,False,False,0,0,0.0008832142857142829,0,0,0,0,0,0,0.00013621194599817187,1
2025-12-30 20:00:00-05:00,1.17472,1.174905,1.174175,1.174245,-1.0,-1.0,-1,0.0001,1.1745889999999999,1.1744824999999999,1.1751183333333333,0,0,0,1,0,1,1.175965,0,1,1,0,0,0,1.174335,0.0,2025-12-30 20:00:00-05:00,1.174905,False,False,0,0,0.0008596428571428584,0,0,0,0,0,0,-0.00040443344747539164,0
2025-12-30 21:00:00-05:00,1.174245,1.17425,1.173885,1.17402,-1.0,-1.0,-1,0.0001,1.174432,1.1741325,1.1749254166666667,0,0,0,1,0,1,1.175965,0,1,1,0,0,0,1.174335,0.0,2025-12-30 21:00:00-05:00,1.174905,False,False,0,0,0.0008342857142857081,0,0,0,0,0,0,-0.0001916308429316191,0
2025-12-30 22:00:00-05:00,1.17402,1.174365,1.17395,1.174265,-1.0,-1.0,-1,0.0001,1.174362,1.1741424999999999,1.1747820833333333,0,0,0,1,0,1,1.175965,0,1,1,0,0,0,1.174335,0.0,2025-12-30 22:00:00-05:00,1.174365,False,False,0,0,0.0007746428571428567,0,0,0,0,0,0,0.0002086629185885456,1
2025-12-30 23:00:00-05:00,1.174265,1.17428,1.17332,1.173445,-1.0,-1.0,-1,0.0001,1.1741389999999998,1.173855,1.1745283333333332,0,0,0,1,0,1,1.175965,0,1,1,0,0,0,1.174335,0.0,2025-12-30 23:00:00-05:00,1.17428,False,False,0,0,0.0007878571428571497,0,0,0,0,0,0,-0.0006985530864927342,0
2025-12-31 00:00:00-05:00,1.173445,1.17394,1.17343,1.17385,-1.0,-1.0,-1,0.0001,1.1739650000000001,1.1736475,1.1743824999999999,0,0,0,1,0,1,1.175965,0,1,1,0,0,0,1.174335,0.0,2025-12-31 00:00:00-05:00,1.17428,False,True,0,0,0.0006746428571428677,0,0,0,0,0,0,0.000345078061359041,1
2025-12-31 01:00:00-05:00,1.17385,1.17396,1.17332,1.173745,-1.0,-1.0,-1,0.0001,1.173865,1.1737975,1.1742774999999999,0,0,0,1,0,1,1.175965,0,1,1,0,0,0,1.17332,2.0,2025-12-31 01:00:00-05:00,1.17396,True,False,0,0,0.0006328571428571493,0,0,1,0,0,1,-8.945324902300785e-05,0
2025-12-31 02:00:00-05:00,1.173745,1.17388,1.17298,1.1737,-1.0,-1.0,-1,0.0001,1.1738009999999999,1.1737225,1.17419625,0,0,0,1,0,1,1.175965,0,1,1,0,0,0,1.17332,0.0,2025-12-31 02:00:00-05:00,1.17388,False,False,0,0,0.0006150000000000164,0,0,0,0,0,0,-3.833955641604567e-05,0
2025-12-31 03:00:00-05:00,1.1737,1.173985,1.172005,1.1723,-1.0,-1.0,-1,0.0001,1.1734079999999998,1.173,1.1740225,0,0,0,1,0,1,1.175965,0,1,1,0,0,0,1.17332,0.0,2025-12-31 03:00:00-05:00,1.17388,False,False,0,1,0.0006767857142857389,0,0,0,0,0,0,-0.0011935210282956494,0
2025-12-31 04:00:00-05:00,1.1723,1.17389,1.17201,1.173505,-1.0,-1.0,-1,0.0001,1.1734200000000001,1.1729025,1.1739141666666668,0,0,0,1,0,1,1.175965,0,1,1,0,0,0,1.17332,0.0,2025-12-31 04:00:00-05:00,1.17388,False,True,0,0,0.0007550000000000294,0,0,0,0,0,0,0.0010273659626336587,1
2025-12-31 05:00:00-05:00,1.173505,1.17437,1.172875,1.173915,-1.0,-1.0,-1,0.0001,1.173433,1.17371,1.1738558333333333,0,0,1,0,0,1,1.175965,0,1,1,0,0,0,1.172005,2.0,2025-12-31 05:00:00-05:00,1.17437,False,False,0,0,0.0008125000000000255,0,0,1,0,0,0,0.00034931968217795774,1
2025-12-31 06:00:00-05:00,1.173915,1.174785,1.17364,1.17473,-1.0,-1.0,-1,0.0001,1.17363,1.1743225000000002,1.17387,0,0,1,0,0,0,1.175965,0,1,1,0,0,0,1.172005,0.0,2025-12-31 06:00:00-05:00,1.17437,False,False,0,0,0.0008589285714285998,0,0,0,0,0,0,0.0006940172164910662,1
2025-12-31 07:00:00-05:00,1.17473,1.17595,1.17473,1.17552,-1.0,-1.0,-1,0.0001,1.173994,1.175125,1.1739366666666666,1,0,0,0,1,0,1.175965,0,1,1,0,0,0,1.172005,0.0,2025-12-31 07:00:00-05:00,1.17437,False,False,1,0,0.0009264285714285979,0,0,0,0,0,0,0.000672268932882013,1
2025-12-31 08:00:00-05:00,1.17552,1.175945,1.174155,1.1742,-1.0,-1.0,-1,0.0001,1.174374,1.1748599999999998,1.1739329166666665,1,0,0,0,1,0,1.175965,0,1,1,0,0,0,1.172005,0.0,2025-12-31 08:00:00-05:00,1.175945,False,False,0,0,0.0010264285714286028,0,0,0,0,0,0,-0.0011235382418816877,0
2025-12-31 09:00:00-05:00,1.1742,1.17426,1.172735,1.17303,-1.0,-1.0,-1,0.0001,1.1742789999999999,1.1736149999999999,1.1738504166666666,0,1,0,0,0,0,1.175965,0,1,1,0,0,0,1.17595,1.0,2025-12-31 09:00:00-05:00,1.175945,False,False,0,1,0.0011110714285714593,1,0,0,0,0,0,-0.0009969198560858697,0
2025-12-31 10:00:00-05:00,1.17303,1.17462,1.17202,1.174415,-1.0,-1.0,-1,0.0001,1.1743789999999998,1.1737225,1.1738629166666665,0,1,0,0,0,0,1.175965,0,1,1,0,0,0,1.17595,0.0,2025-12-31 10:00:00-05:00,1.175945,False,True,0,0,0.0012446428571428747,0,0,0,0,1,0,0.001180006484248092,1
2025-12-31 11:00:00-05:00,1.174415,1.174895,1.17288,1.17349,-1.0,-1.0,-1,0.0001,1.174131,1.1739525,1.1738666666666668,0,1,0,0,1,0,1.175965,0,1,1,0,0,0,1.17595,0.0,2025-12-31 11:00:00-05:00,1.174895,True,False,0,0,0.0013625000000000284,0,0,0,0,0,0,-0.0007879365203078745,0
2025-12-31 12:00:00-05:00,1.17349,1.173915,1.173145,1.173605,-1.0,-1.0,-1,0.0001,1.173748,1.1735475,1.17384625,0,0,0,1,0,1,1.175965,0,1,1,0,0,0,1.17595,0.0,2025-12-31 12:00:00-05:00,1.173915,False,True,0,0,0.0013878571428571629,0,0,0,0,0,0,9.79934771214828e-05,1
2025-12-31 13:00:00-05:00,1.173605,1.17389,1.173035,1.173595,-1.0,-1.0,-1,0.0001,1.173627,1.1736,1.17383375,0,0,0,1,0,1,1.175965,0,1,1,0,0,0,1.17595,0.0,2025-12-31 13:00:00-05:00,1.173915,False,False,0,0,0.0013803571428571612,0,0,0,0,0,0,-8.520790729533061e-06,0
2025-12-31 14:00:00-05:00,1.173595,1.17432,1.173595,1.174075,-1.0,-1.0,-1,0.0001,1.173836,1.173835,1.173865,0,0,0,1,0,1,1.175965,0,1,1,0,0,0,1.17595,0.0,2025-12-31 14:00:00-05:00,1.17432,False,False,0,0,0.0013957142857143096,0,0,0,0,0,0,0.0004089160799333872,1
2025-12-31 15:00:00-05:00,1.174075,1.17408,1.17406,1.17406,-1.0,-1.0,-1,0.0001,1.173765,1.1740675,1.1740116666666667,0,0,1,0,0,0,1.175965,0,1,1,0,0,0,1.17595,0.0,2025-12-31 15:00:00-05:00,1.17432,True,False,0,0,0.0013514285714285906,0,0,0,0,0,1,-1.2776096774786002e-05,0
2025-12-31 16:00:00-05:00,1.17406,1.174065,1.17406,1.17406,-1.0,-1.0,-1,0.0001,1.173879,1.17406,1.1740579166666667,0,0,1,0,0,0,1.175965,0,1,1,0,0,0,1.17595,0.0,2025-12-31 16:00:00-05:00,1.174065,False,False,0,0,0.001287499999999997,0,0,0,0,0,0,0.0,0
2026-01-01 19:00:00-05:00,1.17509,1.17564,1.175,1.175625,-1.0,-1.0,-1,0.0001,1.174283,1.1748425,1.1742004166666666,1,0,0,0,1,0,1.175965,0,1,1,0,0,0,1.17595,0.0,2026-01-01 19:00:00-05:00,1.17564,False,False,0,0,0.0012589285714285556,0,0,0,0,0,0,0.001332093647804485,1
2026-01-01 20:00:00-05:00,1.175625,1.176285,1.17562,1.176095,-1.0,-1.0,-1,0.0001,1.1747830000000001,1.17586,1.1743141666666668,1,0,0,0,1,0,1.175965,0,1,1,0,0,0,1.17595,0.0,2026-01-01 20:00:00-05:00,1.17564,False,False,0,0,0.001172142857142828,0,0,0,0,0,0,0.0003997074534872031,1
2026-01-01 21:00:00-05:00,1.176095,1.176385,1.175825,1.17593,-1.0,-1.0,-1,0.0001,1.1751539999999998,1.1760125,1.1743483333333333,1,0,0,0,1,0,1.175965,0,1,1,0,0,0,1.17595,0.0,2026-01-01 21:00:00-05:00,1.17564,True,False,0,0,0.0011053571428571202,0,0,0,0,0,0,-0.0001403046313458521,0
2026-01-01 22:00:00-05:00,1.17593,1.17649,1.17593,1.17644,-1.0,-1.0,-1,0.0001,1.17563,1.1761849999999998,1.1745349999999999,1,0,0,0,1,0,1.175965,0,1,1,0,0,0,1.17595,0.0,2026-01-01 22:00:00-05:00,1.17564,False,False,1,0,0.0010635714285714176,0,0,0,0,0,0,0.0004336052644698506,1
2026-01-01 23:00:00-05:00,1.17644,1.17648,1.17552,1.17557,-1.0,-1.0,-1,0.0001,1.175932,1.176005,1.1747466666666666,1,0,0,0,1,0,1.175965,0,1,1,0,0,0,1.17595,0.0,2026-01-01 23:00:00-05:00,1.17648,False,False,0,0,0.0010449999999999943,0,0,0,0,0,0,-0.0007397928067301222,0
2026-01-02 00:00:00-05:00,1.17557,1.175785,1.17508,1.17513,-1.0,-1.0,-1,0.0001,1.175833,1.17535,1.17480625,0,1,0,0,1,0,1.175965,0,1,1,0,0,0,1.17649,1.0,2026-01-02 00:00:00-05:00,1.17648,False,False,0,0,0.00096750000000001,1,0,0,0,0,0,-0.00037435657900924637,0
2026-01-02 01:00:00-05:00,1.17513,1.175145,1.174165,1.174385,-1.0,-1.0,-1,0.0001,1.1754909999999998,1.1747575000000001,1.1748808333333334,0,1,0,0,0,0,1.175965,0,1,1,0,0,0,1.17649,0.0,2026-01-02 01:00:00-05:00,1.17648,False,False,0,0,0.0009285714285714532,0,0,0,0,0,0,-0.0006341734570482627,0
2026-01-02 02:00:00-05:00,1.174385,1.17471,1.17323,1.173485,-1.0,-1.0,-1,0.0001,1.175002,1.173935,1.1748708333333333,0,1,0,0,0,0,1.175965,0,1,1,0,0,0,1.17649,0.0,2026-01-02 02:00:00-05:00,1.17648,False,False,0,0,0.0008485714285714525,0,0,0,0,0,0,-0.0007666523649791546,0
2026-01-02 03:00:00-05:00,1.173485,1.173845,1.172395,1.172875,-1.0,-1.0,-1,0.0001,1.174289,1.17318,1.1748108333333334,0,0,0,1,0,1,1.175965,0,1,1,0,0,0,1.17649,0.0,2026-01-02 03:00:00-05:00,1.17648,False,False,0,0,0.000808214285714299,0,0,0,0,0,0,-0.0005199543239254809,0
2026-01-02 04:00:00-05:00,1.172875,1.17375,1.172075,1.17215,-1.0,-1.0,-1,0.0001,1.1736049999999998,1.1725124999999998,1.1746504166666665,0,0,0,1,0,1,1.175965,0,1,1,0,0,0,1.17649,0.0,2026-01-02 04:00:00-05:00,1.17648,False,False,0,0,0.0008728571428571673,0,0,0,0,0,0,-0.0006183303146867225,0
2026-01-02 05:00:00-05:00,1.17215,1.17236,1.171335,1.172115,-1.0,-1.0,-1,0.0001,1.1730019999999999,1.1721325,1.1744883333333334,0,0,0,1,0,1,1.175965,0,1,1,0,0,0,1.17649,0.0,2026-01-02 05:00:00-05:00,1.17648,False,False,0,1,0.0008850000000000247,0,0,0,0,0,0,-2.9860105408405866e-05,0
2026-01-02 06:00:00-05:00,1.172115,1.17225,1.171535,1.172195,-1.0,-1.0,-1,0.0001,1.172564,1.172155,1.1743329166666667,0,0,0,1,0,1,1.175965,0,1,1,0,0,0,1.17649,0.0,2026-01-02 06:00:00-05:00,1.17648,False,True,0,0,0.0008842857142857342,0,0,0,0,0,0,6.825035940730155e-05,1
2026-01-02 07:00:00-05:00,1.172195,1.172725,1.17207,1.17236,-1.0,-1.0,-1,0.0001,1.172339,1.1722775,1.1740608333333333,0,0,0,1,0,1,1.175965,0,1,1,0,0,0,1.171335,2.0,2026-01-02 07:00:00-05:00,1.172725,False,False,0,0,0.0009296428571428887,0,0,1,0,0,0,0.00014075165672995465,1
2026-01-02 08:00:00-05:00,1.17236,1.172895,1.171825,1.172165,-1.0,-1.0,-1,0.0001,1.1721970000000002,1.1722625,1.1737333333333333,0,0,1,0,0,1,1.175965,0,1,1,0,0,0,1.171335,0.0,2026-01-02 08:00:00-05:00,1.172725,True,False,0,0,0.00100571428571434,0,0,0,0,0,1,-0.0001663449956385666,0
2026-01-02 09:00:00-05:00,1.172165,1.173065,1.17158,1.172865,-1.0,-1.0,-1,0.0001,1.17234,1.172515,1.1734779166666667,0,0,1,0,0,1,1.175965,0,1,1,0,0,0,1.171335,0.0,2026-01-02 09:00:00-05:00,1.172725,False,False,0,0,0.0009989285714286286,0,0,0,0,0,0,0.0005970073054854445,1
2026-01-02 10:00:00-05:00,1.172865,1.17523,1.172835,1.17508,-1.0,-1.0,-1,0.0001,1.172933,1.1739725,1.1733645833333333,0,0,1,0,0,0,1.175965,0,1,1,0,0,0,1.171335,0.0,2026-01-02 10:00:00-05:00,1.172725,False,False,1,0,0.001122500000000058,0,0,0,0,0,0,0.001886756850853976,1
2026-01-02 11:00:00-05:00,1.17508,1.17546,1.17342,1.17374,-1.0,-1.0,-1,0.0001,1.173242,1.17441,1.1732120833333333,1,0,0,0,1,0,1.175965,0,1,1,0,0,0,1.171335,0.0,2026-01-02 11:00:00-05:00,1.172725,True,False,0,0,0.0012282142857143383,0,0,0,0,0,0,-0.0011409985825872057,0
2026-01-02 12:00:00-05:00,1.17374,1.173765,1.17286,1.173075,-1.0,-1.0,-1,0.0001,1.1733850000000001,1.1734075000000002,1.1730408333333333,1,0,0,0,1,0,1.175965,0,1,1,0,0,0,1.171335,0.0,2026-01-02 12:00:00-05:00,1.173765,False,False,0,0,0.0012528571428571825,0,0,0,0,0,0,-0.0005667255559543098,0
2026-01-02 13:00:00-05:00,1.173075,1.17313,1.171535,1.17191,-1.0,-1.0,-1,0.0001,1.173334,1.1724925000000002,1.1728345833333333,0,1,0,0,0,0,1.175965,0,1,1,0,0,0,1.171335,0.0,2026-01-02 13:00:00-05:00,1.173765,False,False,0,0,0.0012982142857143211,0,0,0,0,0,0,-0.0009936098489726703,0
2026-01-02 14:00:00-05:00,1.17191,1.17244,1.171435,1.172325,-1.0,-1.0,-1,0.0001,1.173226,1.1721175000000001,1.1727379166666667,0,1,0,0,0,0,1.175965,0,1,1,0,0,0,1.171335,0.0,2026-01-02 14:00:00-05:00,1.173765,False,True,0,0,0.0013196428571428745,0,0,0,0,1,0,0.0003540600702023621,1
2026-01-02 15:00:00-05:00,1.172325,1.172375,1.17153,1.17176,-1.0,-1.0,-1,0.0001,1.1725619999999999,1.1720424999999999,1.172645,0,0,0,1,0,1,1.175965,0,1,1,0,0,0,1.171335,0.0,2026-01-02 15:00:00-05:00,1.173765,False,False,0,0,0.0013100000000000017,0,0,0,0,0,0,-0.00048206443959301204,0
2026-01-02 16:00:00-05:00,1.17176,1.17233,1.171735,1.17202,-1.0,-1.0,-1,0.0001,1.1722180000000002,1.1718899999999999,1.1726341666666666,0,0,0,1,0,1,1.175965,0,1,1,0,0,0,1.171335,0.0,2026-01-02 16:00:00-05:00,1.173765,False,True,0,0,0.00124678571428573,0,0,0,0,0,0,0.0002218638277199261,1
2026-01-04 17:15:00-05:00,1.172425,1.17248,1.17106,1.171155,-1.0,-1.0,-1,0.0001,1.171834,1.1715875,1.1725541666666666,0,0,0,1,0,1,1.175965,0,1,1,0,0,0,1.171335,0.0,2026-01-04 17:15:00-05:00,1.173765,False,False,0,0,0.0012446428571428747,0,0,0,0,0,0,-0.0007383145000209922,0
2026-01-04 18:00:00-05:00,1.171155,1.1713,1.17003,1.170525,-1.0,-1.0,-1,0.0001,1.171557,1.17084,1.172415,0,0,0,1,0,1,1.170525,0,1,1,1,0,1,1.171335,0.0,2026-01-04 18:00:00-05:00,1.173765,False,False,0,0,0.0012157142857143041,0,0,0,0,0,0,-0.0005380752410235289,0
2026-01-04 19:00:00-05:00,1.170525,1.171115,1.170355,1.170505,-1.0,-1.0,-1,0.0001,1.1711930000000002,1.170515,1.1722604166666666,0,0,0,1,0,1,1.170525,0,1,1,0,0,0,1.171335,0.0,2026-01-04 19:00:00-05:00,1.173765,False,False,0,0,0.0011967857142857197,0,0,0,0,0,0,-1.708649611553587e-05,0
2026-01-04 20:00:00-05:00,1.170505,1.17074,1.169965,1.170035,-1.0,-1.0,-1,0.0001,1.1708479999999999,1.17027,1.1720829166666666,0,0,0,1,0,1,1.170525,0,1,1,0,0,0,1.171335,0.0,2026-01-04 20:00:00-05:00,1.173765,False,False,0,0,0.0012010714285714303,0,0,0,0,0,0,-0.0004016167263258431,0
2026-01-04 21:00:00-05:00,1.170035,1.17016,1.16841,1.16887,-1.0,-1.0,-1,0.0001,1.1702179999999998,1.1694525,1.17175,0,0,0,1,0,1,1.170525,0,1,1,0,0,0,1.171335,0.0,2026-01-04 21:00:00-05:00,1.173765,False,False,0,0,0.0012792857142857209,0,0,0,0,0,0,-0.0009961927451909204,0
2026-01-04 22:00:00-05:00,1.16887,1.169095,1.16723,1.16753,-1.0,-1.0,-1,0.0001,1.169493,1.1682000000000001,1.1711208333333334,0,0,0,1,0,1,1.170525,0,1,1,0,0,0,1.171335,0.0,2026-01-04 22:00:00-05:00,1.173765,False,False,0,1,0.0013360714285714265,0,0,0,0,0,0,-0.001147063984699721,0
2026-01-04 23:00:00-05:00,1.16753,1.16831,1.16733,1.1682,-1.0,-1.0,-1,0.0001,1.169028,1.167865,1.1706591666666666,0,0,0,1,0,1,1.170525,0,1,1,0,0,0,1.171335,0.0,2026-01-04 23:00:00-05:00,1.173765,False,True,0,0,0.0012999999999999995,0,0,0,0,0,0,0.0005736964618137752,1
2026-01-05 00:00:00-05:00,1.1682,1.16861,1.16805,1.168545,-1.0,-1.0,-1,0.0001,1.1686359999999998,1.1683724999999998,1.1702816666666667,0,0,0,1,0,1,1.170525,0,1,1,0,0,0,1.16723,2.0,2026-01-05 00:00:00-05:00,1.16861,False,False,0,0,0.0011689285714285688,0,0,1,0,0,0,0.0002952825426024902,1
2026-01-05 01:00:00-05:00,1.168545,1.16919,1.16783,1.16911,-1.0,-1.0,-1,0.0001,1.168451,1.1688275,1.1700483333333331,0,0,1,0,0,1,1.170525,0,1,1,0,0,0,1.16723,0.0,2026-01-05 01:00:00-05:00,1.16861,False,False,0,0,0.0011203571428571393,0,0,0,0,0,0,0.00048339041561049095,1
2026-01-05 02:00:00-05:00,1.16911,1.169215,1.16835,1.16863,-1.0,-1.0,-1,0.0001,1.168403,1.16887,1.1697404166666667,0,0,1,0,0,1,1.170525,0,1,1,0,0,0,1.16723,0.0,2026-01-05 02:00:00-05:00,1.169215,False,False,0,0,0.0011174999999999935,0,0,0,0,0,0,-0.00041065302963162503,0
2026-01-05 03:00:00-05:00,1.16863,1.169505,1.168095,1.16834,-1.0,-1.0,-1,0.0001,1.1685649999999999,1.168485,1.1694554166666666,0,0,0,1,0,1,1.170525,0,1,1,0,0,0,1.16723,0.0,2026-01-05 03:00:00-05:00,1.169215,False,False,0,0,0.0011042857142857005,0,0,0,0,0,0,-0.0002481846163952916,0
2026-01-05 04:00:00-05:00,1.16834,1.16875,1.167385,1.168245,-1.0,-1.0,-1,0.0001,1.168574,1.1682925,1.1691408333333333,0,0,0,1,0,1,1.170525,0,1,1,0,0,0,1.16723,0.0,2026-01-05 04:00:00-05:00,1.169215,False,False,0,0,0.001129999999999996,0,0,0,0,0,0,-8.131525286034558e-05,0
2026-01-05 05:00:00-05:00,1.168245,1.16902,1.16798,1.169,-1.0,-1.0,-1,0.0001,1.168665,1.1686225000000001,1.16896125,0,0,0,1,0,1,1.170525,0,1,1,0,0,0,1.16723,0.0,2026-01-05 05:00:00-05:00,1.16902,False,False,0,0,0.0011439285714285635,0,0,0,0,0,0,0.0006460598065338703,1
2026-01-05 06:00:00-05:00,1.169,1.1691,1.168025,1.168155,-1.0,-1.0,-1,0.0001,1.1684740000000002,1.1685775,1.1687637499999999,0,0,1,0,0,1,1.170525,0,1,1,0,0,0,1.16723,0.0,2026-01-05 06:00:00-05:00,1.1691,False,False,0,0,0.0011782142857142647,0,0,0,0,0,0,-0.0007231014090372109,0
2026-01-05 07:00:00-05:00,1.168155,1.168515,1.167005,1.16709,-1.0,-1.0,-1,0.0001,1.168166,1.1676225,1.1684791666666667,0,0,0,1,0,1,1.170525,0,1,1,0,0,0,1.16723,0.0,2026-01-05 07:00:00-05:00,1.1691,False,False,0,1,0.0011846428571428305,0,0,0,0,0,0,-0.0009121099275109604,0
2026-01-05 08:00:00-05:00,1.16709,1.16753,1.16592,1.167455,-1.0,-1.0,-1,0.0001,1.167989,1.1672725,1.1682641666666667,0,0,0,1,0,1,1.170525,0,1,1,0,0,0,1.16723,0.0,2026-01-05 08:00:00-05:00,1.1691,False,True,0,0,0.0012089285714285295,0,0,0,0,0,0,0.0003126947674805305,1
2026-01-05 09:00:00-05:00,1.167455,1.16875,1.16733,1.16856,-1.0,-1.0,-1,0.0001,1.1680519999999999,1.1680074999999999,1.1682383333333333,0,0,0,1,0,1,1.170525,0,1,1,0,0,0,1.16723,0.0,2026-01-05 09:00:00-05:00,1.16875,False,False,0,0,0.0012560714285713942,0,0,0,0,0,0,0.0009460556395543294,1
2026-01-05 10:00:00-05:00,1.16856,1.170465,1.168535,1.170465,-1.0,-1.0,-1,0.0001,1.168345,1.1695125000000002,1.1684829166666668,0,0,1,0,0,0,1.170525,0,1,1,0,0,0,1.16592,2.0,2026-01-05 10:00:00-05:00,1.16875,False,False,0,0,0.0013385714285713954,0,0,1,0,0,0,0.001628884189955716,1
2026-01-05 11:00:00-05:00,1.170465,1.17187,1.17042,1.17148,-1.0,-1.0,-1,0.0001,1.1690099999999999,1.1709725,1.1687562500000002,1,0,0,0,1,0,1.170525,0,1,1,0,0,0,1.16592,0.0,2026-01-05 11:00:00-05:00,1.16875,False,False,0,0,0.0013171428571428104,0,0,0,0,0,0,0.0008668009398607237,1
2026-01-05 12:00:00-05:00,1.17148,1.17199,1.17101,1.17145,-1.0,-1.0,-1,0.0001,1.1698819999999999,1.171465,1.1689983333333334,1,0,0,0,1,0,1.170525,0,1,1,0,0,0,1.16592,0.0,2026-01-05 12:00:00-05:00,1.16875,True,False,0,0,0.0012539285714285228,0,0,0,0,0,0,-2.5608959722719647e-05,0
2026-01-05 13:00:00-05:00,1.17145,1.172555,1.17134,1.172515,-1.0,-1.0,-1,0.0001,1.170894,1.1719825,1.1692820833333333,1,0,0,0,1,0,1.170525,0,1,1,0,0,0,1.16592,0.0,2026-01-05 13:00:00-05:00,1.16875,False,False,0,0,0.0012707142857142362,0,0,0,0,0,0,0.0009087167029256623,1
2026-01-05 14:00:00-05:00,1.172515,1.17289,1.17222,1.172725,-1.0,-1.0,-1,0.0001,1.1717270000000002,1.17262,1.1696233333333332,1,0,0,0,1,0,1.170525,0,1,1,0,0,0,1.16592,0.0,2026-01-05 14:00:00-05:00,1.16875,False,False,1,0,0.0012785714285713829,0,0,0,0,0,0,0.00017908614944422182,1
2026-01-05 15:00:00-05:00,1.172725,1.17288,1.172375,1.17249,-1.0,-1.0,-1,0.0001,1.172132,1.1726075,1.1699691666666665,1,0,0,0,1,0,1.170525,0,1,1,0,0,0,1.16592,0.0,2026-01-05 15:00:00-05:00,1.17288,False,False,0,0,0.0012174999999999508,0,0,0,0,0,0,-0.00020040806560295363,0
2026-01-05 16:00:00-05:00,1.17249,1.172645,1.171955,1.172175,-1.0,-1.0,-1,0.0001,1.172271,1.1723325,1.1702966666666668,1,0,0,0,1,0,1.170525,0,1,1,0,0,0,1.17289,1.0,2026-01-05 16:00:00-05:00,1.17288,False,False,0,0,0.001204999999999948,1,0,0,0,0,0,-0.00026869510304899973,0
2026-01-05 17:15:00-05:00,1.17223,1.17224,1.17191,1.171925,-1.0,-1.0,-1,0.0001,1.172366,1.17205,1.1705404166666666,0,1,0,0,1,0,1.170525,0,1,1,0,0,0,1.17289,0.0,2026-01-05 17:15:00-05:00,1.17288,False,False,0,0,0.0011278571428570932,0,0,0,0,0,0,-0.00021330148112092462,0
2026-01-05 18:00:00-05:00,1.171925,1.17219,1.17129,1.17146,-1.0,-1.0,-1,0.0001,1.172155,1.1716925,1.1708158333333334,0,1,0,0,1,0,1.170525,0,1,1,0,0,0,1.17289,0.0,2026-01-05 18:00:00-05:00,1.17288,False,False,0,1,0.0010946428571428119,0,0,0,0,0,0,-0.0003968618098206064,0
2026-01-05 19:00:00-05:00,1.17146,1.171705,1.17107,1.171685,-1.0,-1.0,-1,0.0001,1.1719469999999998,1.1715725,1.17119875,0,1,0,0,1,0,1.170525,0,1,1,0,0,0,1.17289,0.0,2026-01-05 19:00:00-05:00,1.17288,False,True,0,0,0.0010657142857142413,0,0,0,0,1,0,0.00019204957498720722,1
2026-01-05 20:00:00-05:00,1.171685,1.172535,1.17122,1.172535,-1.0,-1.0,-1,0.0001,1.1719560000000002,1.17211,1.1716220833333333,1,0,0,0,1,0,1.170525,0,1,1,0,0,0,1.17289,0.0,2026-01-05 20:00:00-05:00,1.172535,False,False,0,0,0.0010828571428571157,0,0,0,0,0,0,0.0007251879407658244,1
2026-01-05 21:00:00-05:00,1.172535,1.17379,1.172225,1.17374,-1.0,-1.0,-1,0.0001,1.172269,1.1731375000000002,1.1720537500000001,1,0,0,0,1,0,1.170525,0,1,1,0,0,0,1.17289,0.0,2026-01-05 21:00:00-05:00,1.172535,False,False,1,0,0.001086785714285681,0,0,0,0,0,0,0.0010271601631908257,1
2026-01-05 22:00:00-05:00,1.17374,1.17383,1.17325,1.17347,-1.0,-1.0,-1,0.0001,1.1725780000000001,1.173605,1.1723041666666667,1,0,0,0,1,0,1.170525,0,1,1,0,0,0,1.17289,0.0,2026-01-05 22:00:00-05:00,1.172535,True,False,0,0,0.001013214285714262,0,0,0,0,0,0,-0.00023006037055986914,0
2026-01-05 23:00:00-05:00,1.17347,1.17357,1.17316,1.173375,-1.0,-1.0,-1,0.0001,1.1729610000000001,1.1734225,1.1724620833333332,1,0,0,0,1,0,1.170525,0,1,1,0,0,0,1.17289,0.0,2026-01-05 23:00:00-05:00,1.17357,False,False,0,0,0.0009410714285714082,0,0,0,0,0,0,-8.095975665356329e-05,0
2026-01-06 00:00:00-05:00,1.173375,1.173705,1.17273,1.172885,-1.0,-1.0,-1,0.0001,1.1732010000000002,1.17313,1.1725816666666666,0,1,0,0,1,0,1.170525,0,1,1,0,0,0,1.17383,1.0,2026-01-06 00:00:00-05:00,1.17357,False,False,0,0,0.0008728571428571197,1,0,0,0,0,0,-0.00041768602552485053,0
2026-01-06 01:00:00-05:00,1.172885,1.173725,1.17288,1.17362,-1.0,-1.0,-1,0.0001,1.1734179999999999,1.1732525,1.1726737500000002,0,1,0,0,1,0,1.170525,0,1,1,0,0,0,1.17383,0.0,2026-01-06 01:00:00-05:00,1.173725,False,False,0,0,0.0008296428571428363,0,0,0,0,0,0,0.0006264636333936661,1
2026-01-06 02:00:00-05:00,1.17362,1.17429,1.1726,1.17291,-1.0,-1.0,-1,0.0001,1.1732520000000002,1.173265,1.1726891666666668,1,0,0,0,1,0,1.170525,0,1,1,0,0,0,1.17383,0.0,2026-01-06 02:00:00-05:00,1.173725,True,False,0,0,0.0008803571428571212,0,0,0,0,0,0,-0.0006051488978767003,0
2026-01-06 03:00:00-05:00,1.17291,1.1739,1.1726,1.172855,-1.0,-1.0,-1,0.0001,1.1731289999999999,1.1728825,1.1727195833333333,0,1,0,0,1,0,1.170525,0,1,1,0,0,0,1.17383,0.0,2026-01-06 03:00:00-05:00,1.1739,False,False,0,0,0.000886428571428542,0,0,0,0,0,0,-4.689301785128809e-05,0
2026-01-06 04:00:00-05:00,1.172855,1.172895,1.170805,1.171325,-1.0,-1.0,-1,0.0001,1.172719,1.1720899999999999,1.17264875,0,1,0,0,0,0,1.170525,0,1,1,0,0,0,1.17429,1.0,2026-01-06 04:00:00-05:00,1.1739,False,False,0,0,0.0009878571428571117,1,0,0,0,0,0,-0.001305360695216082,0
2026-01-06 05:00:00-05:00,1.171325,1.17173,1.17083,1.171285,-1.0,-1.0,-1,0.0001,1.172399,1.1713049999999998,1.1725954166666666,0,0,0,1,0,1,1.170525,0,1,1,0,0,0,1.17429,0.0,2026-01-06 05:00:00-05:00,1.1739,False,False,0,0,0.001016071428571392,0,0,0,0,0,0,-3.414994386942862e-05,0
2026-01-06 06:00:00-05:00,1.171285,1.17131,1.17049,1.17062,-1.0,-1.0,-1,0.0001,1.171799,1.1709524999999998,1.1725254166666668,0,0,0,1,0,1,1.170525,0,1,1,0,0,0,1.17429,0.0,2026-01-06 06:00:00-05:00,1.1739,False,False,0,0,0.0010253571428571195,0,0,0,0,0,0,-0.0005679137436174388,0
2026-01-06 07:00:00-05:00,1.17062,1.17123,1.169725,1.170145,-1.0,-1.0,-1,0.0001,1.171246,1.1703825,1.1723970833333335,0,0,0,1,0,1,1.170525,0,1,1,0,0,0,1.17429,0.0,2026-01-06 07:00:00-05:00,1.1739,False,False,0,0,0.0011092857142857016,0,0,0,0,0,0,-0.00040585022974968686,0
2026-01-06 08:00:00-05:00,1.170145,1.171365,1.16973,1.17111,-1.0,-1.0,-1,0.0001,1.170897,1.1706275000000002,1.1722783333333333,0,0,0,1,0,1,1.170525,0,1,1,0,0,0,1.17429,0.0,2026-01-06 08:00:00-05:00,1.171365,False,False,0,0,0.0011617857142856966,0,0,0,0,0,0,0.0008243442552363167,1
2026-01-06 09:00:00-05:00,1.17111,1.17177,1.16992,1.170915,-1.0,-1.0,-1,0.0001,1.170815,1.1710125,1.1720429166666666,0,0,1,0,0,1,1.170525,0,1,1,0,0,0,1.169725,2.0,2026-01-06 09:00:00-05:00,1.171365,True,False,0,0,0.0012485714285714084,0,0,1,0,0,1,-0.0001665225609895959,0
2026-01-06 10:00:00-05:00,1.170915,1.170915,1.1684,1.169535,-1.0,-1.0,-1,0.0001,1.170465,1.1702249999999998,1.171715,0,0,0,1,0,1,1.170525,0,1,1,0,0,0,1.169725,0.0,2026-01-06 10:00:00-05:00,1.170915,False,False,0,0,0.0013342857142856687,0,0,0,0,0,0,-0.0011792605353032801,0
2026-01-06 11:00:00-05:00,1.169535,1.169835,1.168585,1.168825,-1.0,-1.0,-1,0.0001,1.170106,1.1691799999999999,1.1713358333333332,0,0,0,1,0,1,1.170525,0,1,1,0,0,0,1.169725,0.0,2026-01-06 11:00:00-05:00,1.170915,False,False,0,0,0.00131178571428568,0,0,0,0,0,0,-0.0006072632287747057,0
2026-01-06 12:00:00-05:00,1.168825,1.170075,1.168705,1.17007,-1.0,-1.0,-1,0.0001,1.170091,1.1694475,1.1711012499999998,0,0,0,1,0,1,1.170525,0,1,1,0,0,0,1.1684,2.0,2026-01-06 12:00:00-05:00,1.170075,False,False,0,0,0.0013682142857142404,0,0,1,0,0,0,0.0010646053949309607,1
2026-01-06 13:00:00-05:00,1.17007,1.17023,1.16869,1.168835,-1.0,-1.0,-1,0.0001,1.169636,1.1694525,1.1707025,0,0,0,1,0,1,1.170525,0,1,1,0,0,0,1.1684,0.0,2026-01-06 13:00:00-05:00,1.170075,True,False,0,0,0.0014489285714285316,0,0,0,0,0,1,-0.0010560498308197757,0
2026-01-06 14:00:00-05:00,1.168835,1.169105,1.16839,1.168975,-1.0,-1.0,-1,0.0001,1.169248,1.168905,1.1703745833333332,0,0,0,1,0,1,1.170525,0,1,1,0,0,0,1.1684,0.0,2026-01-06 14:00:00-05:00,1.169105,False,True,0,0,0.0014303571428571082,0,0,0,0,0,0,0.00011977021243596269,1
2026-01-06 15:00:00-05:00,1.168975,1.16932,1.168665,1.168695,-1.0,-1.0,-1,0.0001,1.16908,1.168835,1.1700279166666665,0,0,0,1,0,1,1.170525,0,1,1,0,0,0,1.1684,0.0,2026-01-06 15:00:00-05:00,1.16932,True,False,0,1,0.0014167857142856702,0,0,0,0,0,1,-0.00023955477149388392,0
2026-01-06 16:00:00-05:00,1.168695,1.168895,1.16846,1.16887,-1.0,-1.0,-1,0.0001,1.169089,1.1687825,1.1698233333333332,0,0,0,1,0,1,1.170525,0,1,1,0,0,0,1.16839,2.0,2026-01-06 16:00:00-05:00,1.168895,False,True,0,0,0.0013271428571428126,0,0,1,0,0,0,0.00014972845702857328,1
2026-01-06 17:15:00-05:00,1.16865,1.168845,1.168635,1.168845,-1.0,-1.0,-1,0.0001,1.168844,1.1688575,1.16962,0,0,1,0,0,1,1.170525,0,1,1,0,0,0,1.16839,0.0,2026-01-06 17:15:00-05:00,1.168895,False,True,0,0,0.001251071428571393,0,0,0,0,0,0,-2.1388407056545693e-05,0
2026-01-06 18:00:00-05:00,1.168845,1.16906,1.16868,1.16872,-1.0,-1.0,-1,0.0001,1.168821,1.1687824999999998,1.1694616666666666,0,0,0,1,0,1,1.170525,0,1,1,0,0,0,1.16839,0.0,2026-01-06 18:00:00-05:00,1.16906,True,False,0,0,0.0011289285714285446,0,0,0,0,0,1,-0.00010694889777959511,0
2026-01-06 19:00:00-05:00,1.16872,1.169425,1.168545,1.16917,-1.0,-1.0,-1,0.0001,1.16886,1.168945,1.1693804166666666,0,0,1,0,0,1,1.170525,0,1,1,0,0,0,1.16839,0.0,2026-01-06 19:00:00-05:00,1.16906,False,False,0,0,0.0011274999999999796,0,0,0,0,0,0,0.0003849625136832803,1
2026-01-06 20:00:00-05:00,1.16917,1.170065,1.168985,1.169575,-1.0,-1.0,-1,0.0001,1.1690360000000002,1.1693725000000001,1.1692525,0,0,1,0,0,0,1.170525,0,1,1,0,0,0,1.16839,0.0,2026-01-06 20:00:00-05:00,1.16906,False,False,0,0,0.001146071428571403,0,0,0,0,0,0,0.0003463396001259688,1
2026-01-06 21:00:00-05:00,1.169575,1.170265,1.16953,1.169625,-1.0,-1.0,-1,0.0001,1.1691870000000002,1.1696,1.169145,1,0,0,0,1,0,1.170525,0,1,1,0,0,0,1.16839,0.0,2026-01-06 21:00:00-05:00,1.16906,False,False,0,0,0.0010910714285714076,0,0,0,0,0,0,4.274965800916764e-05,1
2026-01-06 22:00:00-05:00,1.169625,1.170025,1.1696,1.169865,-1.0,-1.0,-1,0.0001,1.169391,1.1697449999999998,1.1691725,1,0,0,0,1,0,1.170525,0,1,1,0,0,0,1.16839,0.0,2026-01-06 22:00:00-05:00,1.16906,False,False,1,0,0.001004642857142841,0,0,0,0,0,0,0.00020517292302328462,1
2026-01-06 23:00:00-05:00,1.169865,1.17021,1.16911,1.169115,-1.0,-1.0,-1,0.0001,1.16947,1.16949,1.1691966666666667,1,0,0,0,1,0,1.170525,0,1,1,0,0,0,1.16839,0.0,2026-01-06 23:00:00-05:00,1.17021,False,False,0,0,0.0009510714285714103,0,0,0,0,0,0,-0.0006413052062903409,0
2026-01-07 00:00:00-05:00,1.169115,1.169435,1.169095,1.16931,-1.0,-1.0,-1,0.0001,1.169498,1.1692125,1.1691333333333331,0,1,0,0,1,0,1.170525,0,1,1,0,0,0,1.16839,0.0,2026-01-07 00:00:00-05:00,1.17021,False,True,0,0,0.0007957142857142806,0,0,0,0,1,0,0.00016677892209686845,1
2026-01-07 01:00:00-05:00,1.16931,1.169965,1.16921,1.169765,-1.0,-1.0,-1,0.0001,1.1695360000000001,1.1695375000000001,1.1692108333333333,1,0,0,0,1,0,1.170525,0,1,1,0,0,0,1.16839,0.0,2026-01-07 01:00:00-05:00,1.169965,False,False,0,0,0.0007603571428571281,0,0,0,0,0,0,0.0003890426820335613,1
2026-01-07 02:00:00-05:00,1.169765,1.16989,1.167875,1.168275,-1.0,-1.0,-1,0.0001,1.169266,1.16902,1.1691525,0,1,0,0,0,0,1.170525,0,1,1,0,0,0,1.16839,0.0,2026-01-07 02:00:00-05:00,1.16989,False,False,0,1,0.0008064285714285731,0,0,0,0,0,0,-0.0012745720361610285,0
2026-01-07 03:00:00-05:00,1.168275,1.16875,1.167275,1.16858,-1.0,-1.0,-1,0.0001,1.169009,1.1684275,1.1691429166666667,0,0,0,1,0,1,1.170525,0,1,1,0,0,0,1.16839,0.0,2026-01-07 03:00:00-05:00,1.16989,False,True,0,0,0.0008017857142857013,0,0,0,0,0,0,0.00026103459712475144,1
2026-01-07 04:00:00-05:00,1.16858,1.168695,1.168125,1.168435,-1.0,-1.0,-1,0.0001,1.168873,1.1685075,1.1691066666666667,0,0,0,1,0,1,1.170525,0,1,1,0,0,0,1.16839,0.0,2026-01-07 04:00:00-05:00,1.168695,True,False,0,0,0.000791428571428554,0,0,0,0,0,1,-0.00012408991828138818,0
2026-01-07 05:00:00-05:00,1.168435,1.169385,1.168345,1.168845,-1.0,-1.0,-1,0.0001,1.16878,1.16864,1.1691066666666665,0,0,0,1,0,1,1.170525,0,1,1,0,0,0,1.167275,2.0,2026-01-07 05:00:00-05:00,1.168695,False,False,0,0,0.0008189285714285598,0,0,1,0,0,0,0.0003508351624156214,1
2026-01-07 06:00:00-05:00,1.168845,1.16925,1.16851,1.16893,-1.0,-1.0,-1,0.0001,1.168613,1.1688874999999999,1.1691241666666667,0,0,1,0,0,1,1.170525,0,1,1,0,0,0,1.167275,0.0,2026-01-07 06:00:00-05:00,1.168695,False,False,0,0,0.000840714285714274,0,0,0,0,0,0,7.271871761619772e-05,1
2026-01-07 07:00:00-05:00,1.16893,1.16913,1.168115,1.168785,-1.0,-1.0,-1,0.0001,1.168715,1.1688575,1.1690920833333334,0,0,1,0,0,1,1.170525,0,1,1,0,0,0,1.167275,0.0,2026-01-07 07:00:00-05:00,1.16913,False,False,0,0,0.00089642857142856,0,0,0,0,0,0,-0.00012405276108163718,0
2026-01-07 08:00:00-05:00,1.168785,1.169475,1.168245,1.16916,-1.0,-1.0,-1,0.0001,1.168831,1.1689725,1.1690574999999999,0,0,1,0,0,1,1.170525,0,1,1,0,0,0,1.167275,0.0,2026-01-07 08:00:00-05:00,1.169475,False,False,0,0,0.0009571428571428468,0,0,0,0,0,0,0.00032079454667738484,1
2026-01-07 09:00:00-05:00,1.16916,1.16984,1.16871,1.169725,-1.0,-1.0,-1,0.0001,1.169089,1.1694425,1.1690658333333332,1,0,0,0,1,0,1.170525,0,1,1,0,0,0,1.167275,0.0,2026-01-07 09:00:00-05:00,1.169475,False,False,1,0,0.0009749999999999957,0,0,0,0,0,0,0.0004831362046361518,1
2026-01-07 10:00:00-05:00,1.169725,1.16987,1.167995,1.169025,-1.0,-1.0,-1,0.0001,1.169125,1.169375,1.1689958333333332,1,0,0,0,1,0,1.170525,0,1,1,0,0,0,1.167275,0.0,2026-01-07 10:00:00-05:00,1.16987,False,False,0,0,0.0010317857142857173,0,0,0,0,0,0,-0.0005986103866619414,0
2026-01-07 11:00:00-05:00,1.169025,1.16932,1.168225,1.16893,-1.0,-1.0,-1,0.0001,1.169125,1.1689775,1.1689804166666666,0,1,0,0,0,0,1.170525,0,1,1,0,0,0,1.167275,0.0,2026-01-07 11:00:00-05:00,1.16987,False,False,0,0,0.001057499999999981,0,0,0,0,0,0,-8.126760356996799e-05,0
2026-01-07 12:00:00-05:00,1.16893,1.16948,1.16862,1.1688,-1.0,-1.0,-1,0.0001,1.1691280000000002,1.168865,1.1689379166666667,0,1,0,0,0,0,1.170525,0,1,1,0,0,0,1.167275,0.0,2026-01-07 12:00:00-05:00,1.16987,False,False,0,0,0.001088571428571407,0,0,0,0,0,0,-0.00011121900316457285,0
2026-01-07 13:00:00-05:00,1.1688,1.169045,1.16824,1.168315,-1.0,-1.0,-1,0.0001,1.1689589999999999,1.1685575,1.1688170833333333,0,1,0,0,0,0,1.170525,0,1,1,0,0,0,1.167275,0.0,2026-01-07 13:00:00-05:00,1.16987,False,False,0,0,0.0010674999999999832,0,0,0,0,0,0,-0.0004150416277865837,0
2026-01-07 14:00:00-05:00,1.168315,1.16853,1.16788,1.168235,-1.0,-1.0,-1,0.0001,1.168661,1.168275,1.16881375,0,0,0,1,0,1,1.170525,0,1,1,0,0,0,1.167275,0.0,2026-01-07 14:00:00-05:00,1.16987,False,False,0,0,0.0010896428571428426,0,0,0,0,0,0,-6.847702812376089e-05,0
2026-01-07 15:00:00-05:00,1.168235,1.16839,1.16789,1.167895,-1.0,-1.0,-1,0.0001,1.168435,1.168065,1.1687566666666667,0,0,0,1,0,1,1.170525,0,1,1,0,0,0,1.167275,0.0,2026-01-07 15:00:00-05:00,1.16987,False,False,0,0,0.0010714285714285645,0,0,0,0,0,0,-0.00029107969368200894,0
2026-01-07 16:00:00-05:00,1.167895,1.167925,1.167355,1.16742,-1.0,-1.0,-1,0.0001,1.1681329999999999,1.1676574999999998,1.1686720833333333,0,0,0,1,0,1,1.170525,0,1,1,0,0,0,1.167275,0.0,2026-01-07 16:00:00-05:00,1.16987,False,False,0,1,0.0009682142857142846,0,0,0,0,0,0,-0.00040679737555785356,0
2026-01-07 17:15:00-05:00,1.1676,1.16779,1.16748,1.16775,-1.0,-1.0,-1,0.0001,1.167923,1.1675849999999999,1.1685808333333334,0,0,0,1,0,1,1.170525,0,1,1,0,0,0,1.167275,0.0,2026-01-07 17:15:00-05:00,1.16987,False,True,0,0,0.0008892857142857353,0,0,0,0,0,0,0.00028263467087776716,1
2026-01-07 18:00:00-05:00,1.16775,1.16778,1.167515,1.16767,-1.0,-1.0,-1,0.0001,1.167794,1.16771,1.1684758333333332,0,0,0,1,0,1,1.170525,0,1,1,0,0,0,1.167355,2.0,2026-01-07 18:00:00-05:00,1.16778,True,False,0,0,0.000867500000000021,0,0,1,0,0,1,-6.85101609401524e-05,0
2026-01-07 19:00:00-05:00,1.16767,1.1678,1.16757,1.16757,-1.0,-1.0,-1,0.0001,1.167661,1.1676199999999999,1.1683745833333332,0,0,0,1,0,1,1.170525,0,1,1,0,0,0,1.167355,0.0,2026-01-07 19:00:00-05:00,1.1678,False,False,0,0,0.0008096428571428797,0,0,0,0,0,0,-8.564430213689404e-05,0
2026-01-07 20:00:00-05:00,1.16757,1.1678,1.16729,1.16748,-1.0,-1.0,-1,0.0001,1.167578,1.167525,1.1682345833333334,0,0,0,1,0,1,1.170525,0,1,1,0,0,0,1.167355,0.0,2026-01-07 20:00:00-05:00,1.1678,False,False,0,0,0.0007932142857143118,0,0,0,0,0,0,-7.708614380379321e-05,0
2026-01-07 21:00:00-05:00,1.16748,1.168075,1.16726,1.16803,-1.0,-1.0,-1,0.0001,1.1677,1.167755,1.1680933333333334,0,0,1,0,0,1,1.170525,0,1,1,0,0,0,1.167355,0.0,2026-01-07 21:00:00-05:00,1.168075,False,False,0,0,0.000778928571428599,0,0,0,0,0,0,0.00047098921449019795,1
2026-01-07 22:00:00-05:00,1.16803,1.168275,1.16789,1.168005,-1.0,-1.0,-1,0.0001,1.1677510000000002,1.1680175,1.1680083333333333,0,0,1,0,0,0,1.170525,0,1,1,0,0,0,1.167355,0.0,2026-01-07 22:00:00-05:00,1.168075,True,False,0,0,0.0007185714285714415,0,0,0,0,0,1,-2.1403788899493988e-05,0
2026-01-07 23:00:00-05:00,1.168005,1.16811,1.167795,1.168045,-1.0,-1.0,-1,0.0001,1.167826,1.168025,1.1679345833333332,0,0,1,0,0,0,1.170525,0,1,1,0,0,0,1.16726,2.0,2026-01-07 23:00:00-05:00,1.16811,False,True,0,0,0.000660357142857155,0,0,1,0,0,0,3.424584234417316e-05,1
2026-01-08 00:00:00-05:00,1.168045,1.168295,1.16775,1.16824,-1.0,-1.0,-1,0.0001,1.1679599999999999,1.1681425,1.1678879166666667,1,0,0,0,1,0,1.170525,0,1,1,0,0,0,1.16726,0.0,2026-01-08 00:00:00-05:00,1.168295,False,False,1,0,0.0005653571428571512,0,0,0,0,0,0,0.0001669316889444521,1
2026-01-08 01:00:00-05:00,1.16824,1.1683,1.167485,1.168155,-1.0,-1.0,-1,0.0001,1.1680949999999999,1.1681975,1.1678745833333333,1,0,0,0,1,0,1.170525,0,1,1,0,0,0,1.16726,0.0,2026-01-08 01:00:00-05:00,1.1683,False,False,0,0,0.000545357142857147,0,0,0,0,0,0,-7.276166918472282e-05,0
2026-01-08 02:00:00-05:00,1.168155,1.168295,1.167705,1.16779,-1.0,-1.0,-1,0.0001,1.168047,1.1679725,1.1678375,0,1,0,0,1,0,1.170525,0,1,1,0,0,0,1.16726,0.0,2026-01-08 02:00:00-05:00,1.1683,False,False,0,0,0.0005260714285714333,0,0,0,0,0,0,-0.0003125073603791703,0
2026-01-08 03:00:00-05:00,1.16779,1.167885,1.16691,1.167115,-1.0,-1.0,-1,0.0001,1.167869,1.1674525,1.1677724999999999,0,1,0,0,0,0,1.170525,0,1,1,0,0,0,1.16726,0.0,2026-01-08 03:00:00-05:00,1.1683,False,False,0,0,0.0005382142857143066,0,0,0,0,0,0,-0.0005781819978151789,0
2026-01-08 04:00:00-05:00,1.167115,1.167705,1.16694,1.16768,-1.0,-1.0,-1,0.0001,1.167796,1.1673974999999999,1.1677941666666667,0,1,0,0,0,0,1.170525,0,1,1,0,0,0,1.16726,0.0,2026-01-08 04:00:00-05:00,1.1683,False,True,0,0,0.0005464285714285826,0,0,0,0,1,0,0.0004839825432459633,1
2026-01-08 05:00:00-05:00,1.16768,1.168205,1.16757,1.167985,-1.0,-1.0,-1,0.0001,1.167745,1.1678325,1.1678137499999999,0,0,1,0,0,0,1.170525,0,1,1,0,0,0,1.16691,2.0,2026-01-08 05:00:00-05:00,1.168205,False,False,0,0,0.0005560714285714395,0,0,1,0,0,0,0.0002611675918710233,1
2026-01-08 06:00:00-05:00,1.167985,1.168045,1.167525,1.167755,-1.0,-1.0,-1,0.0001,1.167665,1.1678700000000002,1.1678208333333333,0,0,1,0,0,0,1.170525,0,1,1,0,0,0,1.16691,0.0,2026-01-08 06:00:00-05:00,1.168045,False,False,0,0,0.0005525000000000034,0,0,0,0,0,0,-0.00019693972851712502,0
2026-01-08 07:00:00-05:00,1.167755,1.16779,1.166995,1.167335,-1.0,-1.0,-1,0.0001,1.167574,1.167545,1.1678012500000001,0,0,0,1,0,1,1.170525,0,1,1,0,0,0,1.16691,0.0,2026-01-08 07:00:00-05:00,1.168045,False,False,0,0,0.000582857142857139,0,0,0,0,0,0,-0.0003597291792001284,0
2026-01-08 08:00:00-05:00,1.167335,1.16779,1.16583,1.166285,-1.0,-1.0,-1,0.0001,1.167408,1.16681,1.1677016666666666,0,0,0,1,0,1,1.170525,0,1,1,0,0,0,1.16691,0.0,2026-01-08 08:00:00-05:00,1.168045,False,False,0,0,0.0007039285714285835,0,0,0,0,0,0,-0.000899889502881884,0
2026-01-08 09:00:00-05:00,1.166285,1.166665,1.165615,1.16647,-1.0,-1.0,-1,0.0001,1.167166,1.1663774999999998,1.1675716666666667,0,0,0,1,0,1,1.170525,0,1,1,0,0,0,1.16691,0.0,2026-01-08 09:00:00-05:00,1.168045,False,True,0,0,0.0007625000000000151,0,0,0,0,0,0,0.0001586107417090031,1
2026-01-08 10:00:00-05:00,1.16647,1.16738,1.16607,1.16665,-1.0,-1.0,-1,0.0001,1.1668990000000001,1.16656,1.16745875,0,0,0,1,0,1,1.170525,0,1,1,0,0,0,1.16691,0.0,2026-01-08 10:00:00-05:00,1.16738,False,False,0,0,0.0008196428571428818,0,0,0,0,0,0,0.0001542998220042792,1
2026-01-08 11:00:00-05:00,1.16665,1.166755,1.165245,1.165445,-1.0,-1.0,-1,0.0001,1.166437,1.1660475,1.1672420833333332,0,0,0,1,0,1,1.165445,0,1,1,1,0,1,1.16691,0.0,2026-01-08 11:00:00-05:00,1.166755,False,False,0,0,0.0008692857142857312,0,0,0,0,0,0,-0.0010334056779313298,0
2026-01-08 12:00:00-05:00,1.165445,1.165565,1.164365,1.16507,-1.0,-1.0,-1,0.0001,1.1659840000000001,1.1652575,1.1669779166666667,0,0,0,1,0,1,1.165445,0,1,1,0,0,0,1.16691,0.0,2026-01-08 12:00:00-05:00,1.166755,False,False,0,0,0.0009275000000000176,0,0,0,0,0,0,-0.0003218172835072221,0
2026-01-08 13:00:00-05:00,1.16507,1.16533,1.16447,1.164515,-1.0,-1.0,-1,0.0001,1.16563,1.1647925,1.1666745833333334,0,0,0,1,0,1,1.165445,0,1,1,0,0,0,1.16691,0.0,2026-01-08 13:00:00-05:00,1.166755,False,False,0,1,0.0009664285714285903,0,0,0,0,0,0,-0.0004764797253590979,0
2026-01-08 14:00:00-05:00,1.164515,1.165075,1.164265,1.16501,-1.0,-1.0,-1,0.0001,1.1653380000000002,1.1647625000000001,1.1664429166666668,0,0,0,1,0,1,1.165445,0,1,1,0,0,0,1.16691,0.0,2026-01-08 14:00:00-05:00,1.166755,False,True,0,0,0.000985357142857159,0,0,0,0,0,0,0.0004249793476782354,1
2026-01-08 15:00:00-05:00,1.16501,1.165465,1.16498,1.165125,-1.0,-1.0,-1,0.0001,1.165033,1.1650675000000001,1.1662770833333334,0,0,1,0,0,1,1.165445,0,1,1,0,0,0,1.16691,0.0,2026-01-08 15:00:00-05:00,1.165465,False,False,0,0,0.0009617857142857503,0,0,0,0,0,0,9.870672737254341e-05,1
2026-01-08 16:00:00-05:00,1.165125,1.16627,1.16507,1.165975,-1.0,-1.0,-1,0.0001,1.165139,1.16555,1.166135,0,0,1,0,0,1,1.165445,0,1,1,0,0,0,1.164265,2.0,2026-01-08 16:00:00-05:00,1.165465,False,False,1,0,0.001005357142857163,0,0,1,0,0,0,0.0007292694759311678,1
2026-01-08 17:15:00-05:00,1.166,1.166,1.165765,1.16586,-1.0,-1.0,-1,0.0001,1.165297,1.1659175,1.1659579166666667,0,0,1,0,0,1,1.165445,0,1,1,0,0,0,1.164265,0.0,2026-01-08 17:15:00-05:00,1.165465,True,False,0,0,0.0009525000000000069,0,0,0,0,0,1,-9.863476626199809e-05,0
2026-01-08 18:00:00-05:00,1.16586,1.16623,1.16566,1.165815,-1.0,-1.0,-1,0.0001,1.1655570000000002,1.1658374999999999,1.16579625,0,0,1,0,0,0,1.165445,0,1,1,0,0,0,1.164265,0.0,2026-01-08 18:00:00-05:00,1.16623,False,False,0,0,0.0009385714285714553,0,0,0,0,0,0,-3.859886133828926e-05,0
2026-01-08 19:00:00-05:00,1.165815,1.165815,1.165355,1.165365,-1.0,-1.0,-1,0.0001,1.1656279999999999,1.16559,1.1656320833333333,0,0,0,1,0,1,1.165445,0,1,1,0,0,0,1.164265,0.0,2026-01-08 19:00:00-05:00,1.16623,False,False,0,0,0.0009260714285714686,0,0,0,0,0,0,-0.00038607057849622463,0
2026-01-08 20:00:00-05:00,1.165365,1.165725,1.164835,1.16492,-1.0,-1.0,-1,0.0001,1.165587,1.1651425,1.1655183333333334,0,1,0,0,0,0,1.165445,0,1,1,0,0,0,1.164265,0.0,2026-01-08 20:00:00-05:00,1.16623,False,False,0,0,0.0009525000000000228,0,0,0,0,0,0,-0.000381927537111886,0
2026-01-08 21:00:00-05:00,1.16492,1.16547,1.16461,1.16543,-1.0,-1.0,-1,0.0001,1.165478,1.165175,1.1654316666666666,0,1,0,0,0,0,1.165445,0,1,1,0,0,0,1.164265,0.0,2026-01-08 21:00:00-05:00,1.16623,False,True,0,0,0.0009571428571428786,0,0,0,0,1,0,0.0004377024980302248,1
2026-01-08 22:00:00-05:00,1.16543,1.16592,1.165375,1.16562,-1.0,-1.0,-1,0.0001,1.16543,1.1655250000000001,1.1653458333333333,1,0,0,0,1,0,1.165445,0,1,1,0,0,0,1.164265,0.0,2026-01-08 22:00:00-05:00,1.16592,False,False,0,0,0.0008560714285714381,0,0,0,0,0,0,0.00016301666667030253,1
2026-01-08 23:00:00-05:00,1.16562,1.1657,1.1652,1.165435,-1.0,-1.0,-1,0.0001,1.165354,1.1655275,1.165345,1,0,0,0,1,0,1.165445,0,1,1,0,0,0,1.164265,0.0,2026-01-08 23:00:00-05:00,1.1657,False,False,0,0,0.0008167857142857203,0,0,0,0,0,0,-0.00015872641391005967,0
2026-01-09 00:00:00-05:00,1.165435,1.16563,1.165005,1.16512,-1.0,-1.0,-1,0.0001,1.165305,1.1652775,1.1653491666666667,0,0,0,1,0,1,1.165445,0,1,1,0,0,0,1.164265,0.0,2026-01-09 00:00:00-05:00,1.1657,False,False,0,0,0.0007678571428571297,0,0,0,0,0,0,-0.00027032187776578374,0
2026-01-09 01:00:00-05:00,1.16512,1.16528,1.16484,1.164895,-1.0,-1.0,-1,0.0001,1.1652999999999998,1.1650075,1.1653808333333333,0,0,0,1,0,1,1.165445,0,1,1,0,0,0,1.164265,0.0,2026-01-09 01:00:00-05:00,1.1657,False,False,0,0,0.0006914285714285651,0,0,0,0,0,0,-0.00019313180447271802,0
2026-01-09 02:00:00-05:00,1.164895,1.165085,1.164005,1.16508,-1.0,-1.0,-1,0.0001,1.16523,1.1649875,1.1653866666666666,0,0,0,1,0,1,1.165445,0,1,1,0,0,0,1.164265,0.0,2026-01-09 02:00:00-05:00,1.1657,False,True,0,0,0.0006828571428571438,0,0,0,0,0,0,0.00015879998745801547,1
2026-01-09 03:00:00-05:00,1.16508,1.16531,1.164125,1.164915,-1.0,-1.0,-1,0.0001,1.165089,1.1649975,1.1653691666666666,0,0,0,1,0,1,1.165445,0,1,1,0,0,0,1.164265,0.0,2026-01-09 03:00:00-05:00,1.1657,False,False,0,0,0.000706071428571423,0,0,0,0,0,0,-0.00014163120545386917,0
2026-01-09 04:00:00-05:00,1.164915,1.16503,1.164235,1.164245,-1.0,-1.0,-1,0.0001,1.1648509999999999,1.16458,1.165225,0,0,0,1,0,1,1.165445,0,1,1,0,0,0,1.164005,2.0,2026-01-09 04:00:00-05:00,1.1657,False,False,0,0,0.0007050000000000033,0,0,1,0,0,0,-0.0005753147215992216,0
2026-01-09 05:00:00-05:00,1.164245,1.164685,1.16369,1.16468,-1.0,-1.0,-1,0.0001,1.164763,1.1644625,1.1651266666666666,0,0,0,1,0,1,1.165445,0,1,1,0,0,0,1.164005,0.0,2026-01-09 05:00:00-05:00,1.1657,False,True,0,0,0.0007414285714285754,0,0,0,0,0,0,0.0003735629142704942,1
2026-01-09 06:00:00-05:00,1.16468,1.164705,1.16417,1.164605,-1.0,-1.0,-1,0.0001,1.164705,1.1646424999999998,1.1650258333333332,0,0,0,1,0,1,1.165445,0,1,1,0,0,0,1.164005,0.0,2026-01-09 06:00:00-05:00,1.164705,True,False,0,0,0.0006939285714285973,0,0,0,0,0,1,-6.439744387313901e-05,0
2026-01-09 07:00:00-05:00,1.164605,1.164625,1.16398,1.164145,-1.0,-1.0,-1,0.0001,1.164518,1.164375,1.1649241666666665,0,0,0,1,0,1,1.165445,0,1,1,0,0,0,1.16369,2.0,2026-01-09 07:00:00-05:00,1.164625,False,False,0,0,0.0007232142857143131,0,0,1,0,0,0,-0.0003950617335332398,0
2026-01-09 08:00:00-05:00,1.164145,1.166075,1.162575,1.164525,-1.0,-1.0,-1,0.0001,1.16444,1.164335,1.16489125,0,0,0,1,0,1,1.165445,0,1,1,0,0,0,1.16369,0.0,2026-01-09 08:00:00-05:00,1.164625,False,True,0,0,0.0009325000000000186,0,0,0,0,0,0,0.0003263665554785065,1
2026-01-09 09:00:00-05:00,1.164525,1.165265,1.163005,1.16367,-1.0,-1.0,-1,0.0001,1.1643249999999998,1.1640975,1.1647445833333334,0,0,0,1,0,1,1.165445,0,1,1,0,0,0,1.16369,0.0,2026-01-09 09:00:00-05:00,1.164625,False,False,0,0,0.0010610714285714331,0,0,0,0,0,0,-0.0007344745937828101,0
2026-01-09 10:00:00-05:00,1.16367,1.1641,1.161825,1.164065,-1.0,-1.0,-1,0.0001,1.164202,1.1638674999999998,1.164615,0,0,0,1,0,1,1.165445,0,1,1,0,0,0,1.166075,1.0,2026-01-09 10:00:00-05:00,1.164625,False,True,0,0,0.0011600000000000024,0,1,0,0,0,0,0.00033938571511905603,1
2026-01-09 11:00:00-05:00,1.164065,1.16434,1.162835,1.16332,-1.0,-1.0,-1,0.0001,1.163945,1.1636924999999998,1.16443875,0,0,0,1,0,1,1.165445,0,1,1,0,0,0,1.166075,0.0,2026-01-09 11:00:00-05:00,1.164625,False,False,0,0,0.0012060714285714155,0,0,0,0,0,0,-0.0006402035120494034,0
2026-01-09 12:00:00-05:00,1.16332,1.163455,1.162765,1.16317,-1.0,-1.0,-1,0.0001,1.1637499999999998,1.1632449999999999,1.16427625,0,0,0,1,0,1,1.165445,0,1,1,0,0,0,1.161825,2.0,2026-01-09 12:00:00-05:00,1.164625,False,False,0,1,0.001216428571428547,0,0,1,0,0,0,-0.00012894961956229324,0
2026-01-09 13:00:00-05:00,1.16317,1.163995,1.163095,1.1634,-1.0,-1.0,-1,0.0001,1.163525,1.1632850000000001,1.1641516666666667,0,0,0,1,0,1,1.165445,0,1,1,0,0,0,1.161825,0.0,2026-01-09 13:00:00-05:00,1.163995,False,False,0,0,0.0012449999999999723,0,0,0,0,0,0,0.00019771595159319197,1
2026-01-09 14:00:00-05:00,1.1634,1.16389,1.163315,1.163475,-1.0,-1.0,-1,0.0001,1.163486,1.1634375000000001,1.1640179166666667,0,0,0,1,0,1,1.165445,0,1,1,0,0,0,1.161825,0.0,2026-01-09 14:00:00-05:00,1.163995,False,False,0,0,0.001241428571428552,0,0,0,0,0,0,6.44641418434687e-05,1
2026-01-09 15:00:00-05:00,1.163475,1.163795,1.163405,1.16347,-1.0,-1.0,-1,0.0001,1.163367,1.1634725000000001,1.1638975,0,0,1,0,0,1,1.165445,0,1,1,0,0,0,1.161825,0.0,2026-01-09 15:00:00-05:00,1.163995,True,False,0,0,0.0012378571428571159,0,0,0,0,0,1,-4.297480172485017e-06,0
2026-01-09 16:00:00-05:00,1.16347,1.163765,1.16297,1.163685,-1.0,-1.0,-1,0.0001,1.16344,1.1635775000000002,1.1638508333333333,0,0,1,0,0,1,1.165445,0,1,1,0,0,0,1.161825,0.0,2026-01-09 16:00:00-05:00,1.163765,False,False,0,0,0.0012174999999999667,0,0,0,0,0,0,0.00018477497254102394,1
2026-01-11 17:15:00-05:00,1.16325,1.16366,1.163125,1.163275,-1.0,-1.0,-1,0.0001,1.1634610000000003,1.16348,1.16373375,0,0,1,0,0,1,1.165445,0,1,1,0,0,0,1.161825,0.0,2026-01-11 17:15:00-05:00,1.163765,False,True,0,0,0.0011728571428571183,0,0,0,0,0,0,-0.00035239110620103746,0
2026-01-11 18:00:00-05:00,1.163275,1.163395,1.16232,1.16238,-1.0,-1.0,-1,0.0001,1.1632570000000002,1.1628275000000001,1.1635483333333332,0,0,0,1,0,1,1.165445,0,1,1,0,0,0,1.161825,0.0,2026-01-11 18:00:00-05:00,1.163765,False,False,0,1,0.0011928571428571066,0,0,0,0,0,0,-0.0007696756777624109,0
2026-01-11 19:00:00-05:00,1.16238,1.166515,1.16217,1.16647,-1.0,-1.0,-1,0.0001,1.163856,1.164425,1.1637420833333334,1,0,0,0,1,0,1.165445,0,1,1,0,0,0,1.161825,0.0,2026-01-11 19:00:00-05:00,1.166515,False,False,0,0,0.0014321428571428183,0,0,0,0,0,0,0.0035124668441541,1
2026-01-11 20:00:00-05:00,1.16647,1.16714,1.16556,1.1656,-1.0,-1.0,-1,0.0001,1.164282,1.166035,1.1638316666666666,1,0,0,0,1,0,1.165445,0,1,1,0,0,0,1.161825,0.0,2026-01-11 20:00:00-05:00,1.166515,True,False,0,0,0.0015067857142856728,0,0,0,0,0,0,-0.0007461182900685738,0
2026-01-11 21:00:00-05:00,1.1656,1.16645,1.165395,1.16548,-1.0,-1.0,-1,0.0001,1.164641,1.16554,1.1639825,1,0,0,0,1,0,1.165445,0,1,1,0,0,0,1.161825,0.0,2026-01-11 21:00:00-05:00,1.16645,False,False,0,0,0.0015360714285713886,0,0,0,0,0,0,-0.00010295656957797775,0
2026-01-11 22:00:00-05:00,1.16548,1.165925,1.16548,1.16553,-1.0,-1.0,-1,0.0001,1.165092,1.165505,1.1641045833333334,1,0,0,0,1,0,1.165445,0,1,1,0,0,0,1.16714,1.0,2026-01-11 22:00:00-05:00,1.165925,False,False,0,0,0.001317857142857101,1,0,0,0,0,0,4.2899858865987895e-05,1
2026-01-11 23:00:00-05:00,1.16553,1.16585,1.16531,1.16557,-1.0,-1.0,-1,0.0001,1.16573,1.16555,1.1642920833333334,0,1,0,0,1,0,1.165445,0,1,1,0,0,0,1.16714,0.0,2026-01-11 23:00:00-05:00,1.165925,False,False,0,0,0.001194999999999962,0,0,0,0,0,0,3.431856205561909e-05,1
2026-01-12 00:00:00-05:00,1.16557,1.167115,1.16557,1.16692,-1.0,-1.0,-1,0.0001,1.16582,1.166245,1.1646045833333334,1,0,0,0,1,0,1.165445,0,1,1,0,0,0,1.16714,0.0,2026-01-12 00:00:00-05:00,1.165925,False,False,0,0,0.0011428571428571122,0,0,0,0,0,0,0.001157561362101555,1
2026-01-12 01:00:00-05:00,1.16692,1.167295,1.166415,1.166985,-1.0,-1.0,-1,0.0001,1.166097,1.1669524999999998,1.1649033333333334,1,0,0,0,1,0,1.165445,0,1,1,0,0,0,1.16714,0.0,2026-01-12 01:00:00-05:00,1.165925,False,False,0,0,0.0010982142857142638,0,0,0,0,0,0,5.570063907213531e-05,1
2026-01-12 02:00:00-05:00,1.166985,1.168775,1.16686,1.16849,-1.0,-1.0,-1,0.0001,1.166699,1.1677374999999999,1.1653212499999999,1,0,0,0,1,0,1.165445,0,1,1,0,0,0,1.16714,0.0,2026-01-12 02:00:00-05:00,1.165925,False,False,0,0,0.001185714285714266,0,0,0,0,0,0,0.001288817228463839,1
2026-01-12 03:00:00-05:00,1.16849,1.16918,1.167595,1.168815,-1.0,-1.0,-1,0.0001,1.1673559999999998,1.1686524999999999,1.1657666666666666,1,0,0,0,1,0,1.165445,0,1,1,0,0,0,1.16714,0.0,2026-01-12 03:00:00-05:00,1.165925,False,False,0,0,0.0012346428571428567,0,0,0,0,0,0,0.00027809806772724634,1
2026-01-12 04:00:00-05:00,1.168815,1.16959,1.168125,1.168175,-1.0,-1.0,-1,0.0001,1.167877,1.168495,1.1661408333333332,1,0,0,0,1,0,1.165445,0,1,1,0,0,0,1.16714,0.0,2026-01-12 04:00:00-05:00,1.165925,True,False,0,0,0.0012982142857142736,0,0,0,0,0,0,-0.000547713097616476,0
2026-01-12 05:00:00-05:00,1.168175,1.168545,1.167595,1.168545,-1.0,-1.0,-1,0.0001,1.168202,1.1683599999999998,1.16658,1,0,0,0,1,0,1.165445,0,1,1,0,0,0,1.16714,0.0,2026-01-12 05:00:00-05:00,1.168545,False,True,0,0,0.0013382142857142818,0,0,0,0,1,0,0.0003166832167244496,1
2026-01-12 06:00:00-05:00,1.168545,1.168945,1.167565,1.167855,-1.0,-1.0,-1,0.0001,1.1683759999999999,1.1682000000000001,1.16703625,0,1,0,0,1,0,1.165445,0,1,1,0,0,0,1.16959,1.0,2026-01-12 06:00:00-05:00,1.168545,False,False,0,0,0.0013800000000000004,1,0,0,0,0,0,-0.0005906523027391142,0
2026-01-12 07:00:00-05:00,1.167855,1.16876,1.167705,1.168125,-1.0,-1.0,-1,0.0001,1.168303,1.16799,1.1671741666666666,0,1,0,0,1,0,1.165445,0,1,1,0,0,0,1.16959,0.0,2026-01-12 07:00:00-05:00,1.168545,False,True,0,0,0.0014153571428571368,0,0,0,0,1,0,0.00023116636375522707,1
2026-01-12 08:00:00-05:00,1.168125,1.169855,1.167785,1.169285,-1.0,-1.0,-1,0.0001,1.1683970000000001,1.168705,1.16748125,1,0,0,0,1,0,1.165445,0,1,1,0,0,0,1.16959,0.0,2026-01-12 08:00:00-05:00,1.169855,False,False,1,0,0.001486428571428571,0,0,0,0,0,0,0.0009925516663588665,1
2026-01-12 09:00:00-05:00,1.169285,1.16929,1.167405,1.167685,-1.0,-1.0,-1,0.0001,1.168299,1.168485,1.167665,1,0,0,0,1,0,1.165445,0,1,1,0,0,0,1.16959,0.0,2026-01-12 09:00:00-05:00,1.16929,False,False,0,0,0.0013107142857142762,0,0,0,0,0,0,-0.001369294642203824,0
2026-01-12 10:00:00-05:00,1.167685,1.168605,1.16728,1.16812,-1.0,-1.0,-1,0.0001,1.168214,1.1679025,1.1678808333333333,0,1,0,0,1,0,1.165445,0,1,1,0,0,0,1.169855,1.0,2026-01-12 10:00:00-05:00,1.16929,False,True,0,0,0.0012924999999999662,1,0,0,0,1,0,0.00037246260285319645,1
2026-01-12 11:00:00-05:00,1.16812,1.16822,1.167135,1.16718,-1.0,-1.0,-1,0.0001,1.168079,1.16765,1.168015,0,1,0,0,0,0,1.165445,0,1,1,0,0,0,1.169855,0.0,2026-01-12 11:00:00-05:00,1.16929,False,False,0,0,0.0012946428571428217,0,0,0,0,0,0,-0.0008050357990548794,0
2026-01-12 12:00:00-05:00,1.16718,1.167585,1.166615,1.166865,-1.0,-1.0,-1,0.0001,1.167827,1.1670225,1.1680104166666667,0,0,0,1,0,1,1.165445,0,1,1,0,0,0,1.169855,0.0,2026-01-12 12:00:00-05:00,1.16929,False,False,0,0,0.0013321428571428293,0,0,0,0,0,0,-0.0002699176767478582,0
2026-01-12 13:00:00-05:00,1.166865,1.16716,1.166525,1.16689,-1.0,-1.0,-1,0.0001,1.167348,1.1668775,1.1680024999999998,0,0,0,1,0,1,1.165445,0,1,1,0,0,0,1.169855,0.0,2026-01-12 13:00:00-05:00,1.16929,False,True,0,0,0.0013389285714285406,0,0,0,0,0,0,2.1424699680032696e-05,1
2026-01-12 14:00:00-05:00,1.16689,1.167385,1.16678,1.167205,-1.0,-1.0,-1,0.0001,1.167252,1.1670475,1.1678954166666666,0,0,0,1,0,1,1.165445,0,1,1,0,0,0,1.169855,0.0,2026-01-12 14:00:00-05:00,1.167385,False,False,0,0,0.0012717857142856876,0,0,0,0,0,0,0.0002699118946849696,1
2026-01-12 15:00:00-05:00,1.167205,1.167325,1.166305,1.16651,-1.0,-1.0,-1,0.0001,1.16693,1.1668574999999999,1.1677033333333335,0,0,0,1,0,1,1.165445,0,1,1,0,0,0,1.169855,0.0,2026-01-12 15:00:00-05:00,1.167325,False,False,0,0,0.0012817857142856898,0,0,0,0,0,0,-0.0005956168774221005,0
2026-01-12 16:00:00-05:00,1.16651,1.16688,1.16643,1.166685,-1.0,-1.0,-1,0.0001,1.166831,1.1665975,1.1675791666666668,0,0,0,1,0,1,1.165445,0,1,1,0,0,0,1.169855,0.0,2026-01-12 16:00:00-05:00,1.167325,False,True,0,0,0.001177142857142829,0,0,0,0,0,0,0.00015000889366571338,1
2026-01-12 17:15:00-05:00,1.1669,1.166975,1.166715,1.16687,-1.0,-1.0,-1,0.0001,1.166832,1.1667775,1.1674395833333333,0,0,0,1,0,1,1.165445,0,1,1,0,0,0,1.166305,2.0,2026-01-12 17:15:00-05:00,1.166975,True,False,0,0,0.0010846428571428257,0,0,1,0,0,1,0.00015855636604902924,1
2026-01-12 18:00:00-05:00,1.16687,1.167085,1.166545,1.16675,-1.0,-1.0,-1,0.0001,1.166804,1.16681,1.1673475,0,0,1,0,0,1,1.165445,0,1,1,0,0,0,1.166305,0.0,2026-01-12 18:00:00-05:00,1.167085,False,False,0,0,0.0010185714285714084,0,0,0,0,0,0,-0.00010284450776551933,0
2026-01-12 19:00:00-05:00,1.16675,1.166755,1.16608,1.166375,-1.0,-1.0,-1,0.0001,1.166638,1.1665625,1.1672016666666667,0,0,0,1,0,1,1.165445,0,1,1,0,0,0,1.166305,0.0,2026-01-12 19:00:00-05:00,1.167085,False,False,0,0,0.0009989285714285495,0,0,0,0,0,0,-0.00032145727573893915,0
2026-01-12 20:00:00-05:00,1.166375,1.16646,1.16562,1.165855,-1.0,-1.0,-1,0.0001,1.166507,1.166115,1.1669158333333334,0,0,0,1,0,1,1.165445,0,1,1,0,0,0,1.166305,0.0,2026-01-12 20:00:00-05:00,1.167085,False,False,0,1,0.000960357142857122,0,0,0,0,0,0,-0.000445925151993277,0
2026-01-12 21:00:00-05:00,1.165855,1.166125,1.16569,1.165915,-1.0,-1.0,-1,0.0001,1.166353,1.165885,1.1667683333333334,0,0,0,1,0,1,1.165445,0,1,1,0,0,0,1.166305,0.0,2026-01-12 21:00:00-05:00,1.167085,False,True,0,0,0.0009160714285714189,0,0,0,0,0,0,5.146305168461612e-05,1
2026-01-12 22:00:00-05:00,1.165915,1.16636,1.165655,1.16587,-1.0,-1.0,-1,0.0001,1.166153,1.1658925,1.1665808333333334,0,0,0,1,0,1,1.165445,0,1,1,0,0,0,1.16562,2.0,2026-01-12 22:00:00-05:00,1.16636,True,False,0,0,0.0008185714285714145,0,0,1,0,0,1,-3.859704046960787e-05,0
2026-01-12 23:00:00-05:00,1.16587,1.16659,1.165855,1.166555,-1.0,-1.0,-1,0.0001,1.1661139999999999,1.1662124999999999,1.1665287500000001,0,0,1,0,0,1,1.165445,0,1,1,0,0,0,1.16562,0.0,2026-01-12 23:00:00-05:00,1.16636,False,False,0,0,0.0007364285714285586,0,0,0,0,0,0,0.0005873715293688682,1
2026-01-13 00:00:00-05:00,1.166555,1.16677,1.166175,1.166285,-1.0,-1.0,-1,0.0001,1.166096,1.16642,1.1664804166666667,0,0,1,0,0,1,1.165445,0,1,1,0,0,0,1.16562,0.0,2026-01-13 00:00:00-05:00,1.16636,True,False,0,0,0.0006842857142857246,0,0,0,0,0,1,-0.00023147751342187983,0
2026-01-13 01:00:00-05:00,1.166285,1.1663,1.165395,1.16588,-1.0,-1.0,-1,0.0001,1.166101,1.1660825,1.16639625,0,0,0,1,0,1,1.165445,0,1,1,0,0,0,1.16562,0.0,2026-01-13 01:00:00-05:00,1.1663,False,False,0,0,0.0006714285714285768,0,0,0,0,0,0,-0.00034731676709941726,0
2026-01-13 02:00:00-05:00,1.16588,1.166505,1.16559,1.166425,-1.0,-1.0,-1,0.0001,1.1662029999999999,1.1661525,1.16633125,0,0,0,1,0,1,1.165445,0,1,1,0,0,0,1.16562,0.0,2026-01-13 02:00:00-05:00,1.166505,False,False,0,0,0.0006674999999999955,0,0,0,0,0,0,0.00046734883295261045,1
2026-01-13 03:00:00-05:00,1.166425,1.166925,1.165865,1.166915,-1.0,-1.0,-1,0.0001,1.166412,1.1666699999999999,1.1663649999999999,1,0,0,0,1,0,1.165445,0,1,1,0,0,0,1.165395,2.0,2026-01-13 03:00:00-05:00,1.166505,False,False,0,0,0.0006978571428571469,0,0,0,1,0,0,0.0004199988061773083,1
2026-01-13 04:00:00-05:00,1.166915,1.167265,1.166355,1.1672,-1.0,-1.0,-1,0.0001,1.166541,1.1670574999999999,1.1664079166666668,1,0,0,0,1,0,1.165445,0,1,1,0,0,0,1.165395,0.0,2026-01-13 04:00:00-05:00,1.166505,False,False,1,0,0.0007196428571428612,0,0,0,0,0,0,0.0002442039071909647,1
2026-01-13 05:00:00-05:00,1.1672,1.167445,1.166505,1.166645,-1.0,-1.0,-1,0.0001,1.166613,1.1669225,1.1663891666666666,1,0,0,0,1,0,1.165445,0,1,1,0,0,0,1.165395,0.0,2026-01-13 05:00:00-05:00,1.167445,False,False,0,0,0.0007139285714285856,0,0,0,0,0,0,-0.00047561000020310084,0
2026-01-13 06:00:00-05:00,1.166645,1.167045,1.16647,1.16686,-1.0,-1.0,-1,0.0001,1.1668090000000002,1.1667524999999999,1.1663983333333332,0,1,0,0,1,0,1.165445,0,1,1,0,0,0,1.165395,0.0,2026-01-13 06:00:00-05:00,1.167445,False,True,0,0,0.0007228571428571838,0,0,0,0,1,0,0.00018427215764129005,1
2026-01-13 07:00:00-05:00,1.16686,1.166915,1.165305,1.165525,-1.0,-1.0,-1,0.0001,1.166629,1.1661925,1.1663275,0,1,0,0,0,0,1.165445,0,1,1,0,0,0,1.167445,1.0,2026-01-13 07:00:00-05:00,1.167445,False,False,0,0,0.0008171428571428814,1,0,0,0,0,0,-0.0011447510988007359,0
2026-01-13 08:00:00-05:00,1.165525,1.1678,1.165015,1.166845,-1.0,-1.0,-1,0.0001,1.1666149999999997,1.166185,1.1664100000000002,0,1,0,0,0,0,1.165445,0,1,1,0,0,0,1.167445,0.0,2026-01-13 08:00:00-05:00,1.1678,False,False,0,0,0.000977500000000028,0,0,0,0,0,0,0.0011318960035763223,1
2026-01-13 09:00:00-05:00,1.166845,1.16734,1.16574,1.16638,-1.0,-1.0,-1,0.0001,1.166451,1.1666124999999998,1.16644875,1,0,0,0,1,0,1.165445,0,1,1,0,0,0,1.167445,0.0,2026-01-13 09:00:00-05:00,1.1678,True,False,0,0,0.0010435714285714612,0,0,0,0,0,0,-0.0003985899398097537,0
2026-01-13 10:00:00-05:00,1.16638,1.16648,1.16442,1.1652,-1.0,-1.0,-1,0.0001,1.166162,1.1657899999999999,1.1663929166666664,0,0,0,1,0,1,1.165445,0,1,1,0,0,0,1.1678,1.0,2026-01-13 10:00:00-05:00,1.16648,False,False,0,0,0.0011307142857143182,0,1,0,0,0,0,-0.001012189245700493,0
2026-01-13 11:00:00-05:00,1.1652,1.16546,1.16342,1.16458,-1.0,-1.0,-1,0.0001,1.165706,1.16489,1.1662283333333334,0,0,0,1,0,1,1.165445,0,1,1,0,0,0,1.1678,0.0,2026-01-13 11:00:00-05:00,1.16648,False,False,0,0,0.001245357142857165,0,0,0,0,0,0,-0.0005322391081013157,0
2026-01-13 12:00:00-05:00,1.16458,1.16488,1.16413,1.164615,-1.0,-1.0,-1,0.0001,1.165524,1.1645975,1.1660891666666666,0,0,0,1,0,1,1.165445,0,1,1,0,0,0,1.1678,0.0,2026-01-13 12:00:00-05:00,1.16648,False,True,0,0,0.0012485714285714402,0,0,0,0,0,0,3.005330167946971e-05,1
2026-01-13 13:00:00-05:00,1.164615,1.16546,1.164155,1.165335,-1.0,-1.0,-1,0.0001,1.165222,1.164975,1.16604375,0,0,0,1,0,1,1.165445,0,1,1,0,0,0,1.16342,2.0,2026-01-13 13:00:00-05:00,1.16546,False,False,0,0,0.001289285714285723,0,0,1,0,0,0,0.0006180390333855355,1
2026-01-13 14:00:00-05:00,1.165335,1.165355,1.164625,1.164915,-1.0,-1.0,-1,0.0001,1.164929,1.165125,1.1659179166666667,0,0,1,0,0,1,1.165445,0,1,1,0,0,0,1.16342,0.0,2026-01-13 14:00:00-05:00,1.16546,True,False,0,0,0.001298928571428564,0,0,0,0,0,1,-0.000360476347643523,0
2026-01-13 15:00:00-05:00,1.164915,1.164995,1.16452,1.16455,-1.0,-1.0,-1,0.0001,1.164799,1.1647325,1.1657208333333333,0,0,0,1,0,1,1.165445,0,1,1,0,0,0,1.16342,0.0,2026-01-13 15:00:00-05:00,1.164995,False,False,0,0,0.0012682142857142833,0,0,0,0,0,0,-0.0003133766791834011,0
2026-01-13 16:00:00-05:00,1.16455,1.164655,1.164255,1.16426,-1.0,-1.0,-1,0.0001,1.1647349999999999,1.164405,1.1654758333333333,0,0,0,1,0,1,1.165445,0,1,1,0,0,0,1.16342,0.0,2026-01-13 16:00:00-05:00,1.164995,False,False,0,0,0.0012314285714285658,0,0,0,0,0,0,-0.00024905423928862853,0
2026-01-13 17:15:00-05:00,1.164485,1.16461,1.16421,1.164545,-1.0,-1.0,-1,0.0001,1.1647210000000001,1.1644025,1.1653008333333335,0,0,0,1,0,1,1.165445,0,1,1,0,0,0,1.16342,0.0,2026-01-13 17:15:00-05:00,1.16461,False,False,0,0,0.0011842857142857013,0,0,0,0,0,0,0.0002447607261428627,1
2026-01-13 18:00:00-05:00,1.164545,1.164565,1.164205,1.164205,-1.0,-1.0,-1,0.0001,1.1644949999999998,1.164375,1.1650795833333334,0,0,0,1,0,1,1.165445,0,1,1,0,0,0,1.16342,0.0,2026-01-13 18:00:00-05:00,1.164565,False,False,0,0,0.001144999999999999,0,0,0,0,0,0,-0.0002920021491494317,0
2026-01-13 19:00:00-05:00,1.164205,1.16437,1.163805,1.164305,-1.0,-1.0,-1,0.0001,1.1643729999999999,1.1642549999999998,1.1649779166666667,0,0,0,1,0,1,1.165445,0,1,1,0,0,0,1.16342,0.0,2026-01-13 19:00:00-05:00,1.164565,False,True,0,0,0.001118214285714268,0,0,0,0,0,0,8.589183646309705e-05,1
2026-01-13 20:00:00-05:00,1.164305,1.164335,1.16368,1.163815,-1.0,-1.0,-1,0.0001,1.164226,1.16406,1.1647254166666665,0,0,0,1,0,1,1.165445,0,1,1,0,0,0,1.16342,0.0,2026-01-13 20:00:00-05:00,1.164565,False,False,0,1,0.0011239285714285277,0,0,0,0,0,0,-0.0004209405075641803,0
2026-01-13 21:00:00-05:00,1.163815,1.16445,1.16362,1.16436,-1.0,-1.0,-1,0.0001,1.164246,1.1640875,1.1645570833333332,0,0,0,1,0,1,1.165445,0,1,1,0,0,0,1.16342,0.0,2026-01-13 21:00:00-05:00,1.16445,False,False,0,0,0.0010682142857142418,0,0,0,0,0,0,0.0004681778731881099,1
2026-01-13 22:00:00-05:00,1.16436,1.164895,1.16436,1.1647,-1.0,-1.0,-1,0.0001,1.1642769999999998,1.16453,1.1645154166666667,0,0,1,0,0,0,1.165445,0,1,1,0,0,0,1.16342,0.0,2026-01-13 22:00:00-05:00,1.16445,False,False,0,0,0.00090749999999995,0,0,0,0,0,0,0.0002919632833977094,1
2026-01-13 23:00:00-05:00,1.1647,1.16481,1.16436,1.16441,-1.0,-1.0,-1,0.0001,1.1643180000000002,1.164555,1.16450125,0,0,1,0,0,0,1.165445,0,1,1,0,0,0,1.16342,0.0,2026-01-13 23:00:00-05:00,1.16445,True,False,0,0,0.0008253571428570781,0,0,0,0,0,1,-0.00024902215996561427,0
2026-01-14 00:00:00-05:00,1.16441,1.16452,1.16417,1.164195,-1.0,-1.0,-1,0.0001,1.164296,1.1643025,1.16446625,0,0,1,0,0,1,1.165445,0,1,1,0,0,0,1.16342,0.0,2026-01-14 00:00:00-05:00,1.16452,False,False,0,0,0.0007032142857142297,0,0,0,0,0,0,-0.00018465991493691008,0
2026-01-14 01:00:00-05:00,1.164195,1.165015,1.16414,1.164905,-1.0,-1.0,-1,0.0001,1.164514,1.1645500000000002,1.1644304166666666,1,0,0,0,1,0,1.165445,0,1,1,0,0,0,1.16342,0.0,2026-01-14 01:00:00-05:00,1.165015,False,False,0,0,0.0006199999999999381,0,0,0,0,0,0,0.0006096775767399563,1
2026-01-14 02:00:00-05:00,1.164905,1.165205,1.164445,1.164615,-1.0,-1.0,-1,0.0001,1.164565,1.16476,1.1644054166666666,1,0,0,0,1,0,1.165445,0,1,1,0,0,0,1.16342,0.0,2026-01-14 02:00:00-05:00,1.165015,True,False,0,0,0.0006207142857142443,0,0,0,0,0,0,-0.0002489783315860413,0
2026-01-14 03:00:00-05:00,1.164615,1.165045,1.164105,1.164755,-1.0,-1.0,-1,0.0001,1.164576,1.164685,1.1644225,1,0,0,0,1,0,1.165445,0,1,1,0,0,0,1.16342,0.0,2026-01-14 03:00:00-05:00,1.165045,False,True,0,0,0.0005946428571428353,0,0,0,0,1,0,0.00012020417552263708,1
2026-01-14 04:00:00-05:00,1.164755,1.165385,1.164605,1.165185,-1.0,-1.0,-1,0.0001,1.1647310000000002,1.1649699999999998,1.1644995833333334,1,0,0,0,1,0,1.165445,0,1,1,0,0,0,1.16342,0.0,2026-01-14 04:00:00-05:00,1.165385,False,False,0,0,0.0005982142857142714,0,0,0,0,0,0,0.0003691082215695826,1
2026-01-14 05:00:00-05:00,1.165185,1.16578,1.16468,1.165515,-1.0,-1.0,-1,0.0001,1.164995,1.16535,1.1645804166666667,1,0,0,0,1,0,1.165445,0,1,1,0,0,0,1.16342,0.0,2026-01-14 05:00:00-05:00,1.165385,False,False,0,0,0.0006428571428571355,0,0,0,0,0,0,0.0002831767299141195,1
2026-01-14 06:00:00-05:00,1.165515,1.165515,1.16438,1.1647,-1.0,-1.0,-1,0.0001,1.164954,1.1651075,1.1646216666666667,1,0,0,0,1,0,1.165445,0,1,1,0,0,0,1.16342,0.0,2026-01-14 06:00:00-05:00,1.165515,False,False,0,0,0.0006953571428571463,0,0,0,0,0,0,-0.000699506297257774,0
2026-01-14 07:00:00-05:00,1.1647,1.16601,1.164505,1.165985,-1.0,-1.0,-1,0.0001,1.1652280000000002,1.1653425,1.1647616666666667,1,0,0,0,1,0,1.165445,0,1,1,0,0,0,1.16342,0.0,2026-01-14 07:00:00-05:00,1.16601,False,False,1,0,0.0007742857142857273,0,0,0,0,0,0,0.0011026802250866526,1
2026-01-14 08:00:00-05:00,1.165985,1.165995,1.1645,1.165005,-1.0,-1.0,-1,0.0001,1.165278,1.165495,1.1648608333333332,1,0,0,0,1,0,1.165445,0,1,1,0,0,0,1.16342,0.0,2026-01-14 08:00:00-05:00,1.16601,True,False,0,0,0.0008553571428571319,0,0,0,0,0,0,-0.0008408444976082343,0
2026-01-14 09:00:00-05:00,1.165005,1.165985,1.16489,1.165595,-1.0,-1.0,-1,0.0001,1.1653600000000002,1.1653,1.16496375,0,1,0,0,1,0,1.165445,0,1,1,0,0,0,1.16601,1.0,2026-01-14 09:00:00-05:00,1.165985,False,True,0,0,0.0008932142857142848,1,0,0,0,1,0,0.0005063073994710107,1
2026-01-14 10:00:00-05:00,1.165595,1.166065,1.164925,1.165985,-1.0,-1.0,-1,0.0001,1.165454,1.1657899999999999,1.1650708333333333,1,0,0,0,1,0,1.165445,0,1,1,0,0,0,1.16601,0.0,2026-01-14 10:00:00-05:00,1.166065,False,False,1,0,0.0009278571428571469,0,0,0,0,0,0,0.00033453709813725276,1
2026-01-14 11:00:00-05:00,1.165985,1.166165,1.16527,1.165455,-1.0,-1.0,-1,0.0001,1.165605,1.1657199999999999,1.1651579166666666,1,0,0,0,1,0,1.165445,0,1,1,0,0,0,1.16601,0.0,2026-01-14 11:00:00-05:00,1.166165,False,False,0,0,0.0009325000000000028,0,0,0,0,0,0,-0.0004546546418778192,0
2026-01-14 12:00:00-05:00,1.165455,1.165585,1.16455,1.164675,-1.0,-1.0,-1,0.0001,1.165343,1.1650649999999998,1.1651979166666668,0,1,0,0,0,0,1.165445,0,1,1,0,0,0,1.16601,0.0,2026-01-14 12:00:00-05:00,1.166165,False,False,0,0,0.0009682142857143004,0,0,0,0,0,0,-0.0006694905684525748,0
2026-01-14 13:00:00-05:00,1.164675,1.16478,1.163795,1.163795,-1.0,-1.0,-1,0.0001,1.165101,1.164235,1.1651054166666668,0,0,0,1,0,1,1.165445,0,1,1,0,0,0,1.166165,1.0,2026-01-14 13:00:00-05:00,1.166165,False,False,0,0,0.0010064285714285986,0,1,0,0,0,0,-0.0007558611808588972,0
2026-01-14 14:00:00-05:00,1.163795,1.163935,1.163535,1.163625,-1.0,-1.0,-1,0.0001,1.164707,1.16371,1.1650229166666668,0,0,0,1,0,1,1.165445,0,1,1,0,0,0,1.166165,0.0,2026-01-14 14:00:00-05:00,1.166165,False,False,0,1,0.001010000000000019,0,0,0,0,0,0,-0.00014608450584968,0
2026-01-14 15:00:00-05:00,1.163625,1.16474,1.163625,1.16432,-1.0,-1.0,-1,0.0001,1.164374,1.1639724999999999,1.1649866666666668,0,0,0,1,0,1,1.165445,0,1,1,0,0,0,1.166165,0.0,2026-01-14 15:00:00-05:00,1.16474,False,False,0,0,0.001027142857142893,0,0,0,0,0,0,0.0005970931621224193,1
2026-01-14 16:00:00-05:00,1.16432,1.164635,1.164215,1.16443,-1.0,-1.0,-1,0.0001,1.1641689999999998,1.1643750000000002,1.16492375,0,0,1,0,0,1,1.165445,0,1,1,0,0,0,1.163535,2.0,2026-01-14 16:00:00-05:00,1.16474,False,False,0,0,0.0010028571428571784,0,0,1,0,0,0,9.447128294730081e-05,1
2026-01-14 17:15:00-05:00,1.1646,1.16472,1.16439,1.16439,-1.0,-1.0,-1,0.0001,1.1641119999999998,1.1644100000000002,1.16483,0,0,1,0,0,1,1.165445,0,1,1,0,0,0,1.163535,0.0,2026-01-14 17:15:00-05:00,1.16474,True,False,0,0,0.0009592857142857339,0,0,0,0,0,1,-3.435216118378844e-05,0
2026-01-14 18:00:00-05:00,1.16439,1.16472,1.16439,1.1645,-1.0,-1.0,-1,0.0001,1.164253,1.1644450000000002,1.1648133333333333,0,0,1,0,0,1,1.165445,0,1,1,0,0,0,1.163535,0.0,2026-01-14 18:00:00-05:00,1.16474,False,False,1,0,0.0009271428571428724,0,0,0,0,0,0,9.446560385571993e-05,1
2026-01-14 19:00:00-05:00,1.1645,1.164555,1.16357,1.163765,-1.0,-1.0,-1,0.0001,1.1642810000000001,1.1641325,1.1646283333333332,0,0,0,1,0,1,1.165445,0,1,1,0,0,0,1.163535,0.0,2026-01-14 19:00:00-05:00,1.164555,False,False,0,0,0.0009189285714285804,0,0,0,0,0,0,-0.0006313714499133647,0
2026-01-14 20:00:00-05:00,1.163765,1.16418,1.16332,1.163875,-1.0,-1.0,-1,0.0001,1.1641920000000001,1.1638199999999999,1.1645341666666666,0,0,0,1,0,1,1.165445,0,1,1,0,0,0,1.163535,0.0,2026-01-14 20:00:00-05:00,1.164555,False,True,0,0,0.0008992857142857215,0,0,0,0,0,0,9.4516334211348e-05,1
2026-01-14 21:00:00-05:00,1.163875,1.16409,1.163625,1.16402,-1.0,-1.0,-1,0.0001,1.16411,1.1639475,1.1644029166666667,0,0,0,1,0,1,1.165445,0,1,1,0,0,0,1.163535,0.0,2026-01-14 21:00:00-05:00,1.16409,False,False,0,0,0.0008250000000000122,0,0,0,0,0,0,0.00012457606566248217,1
2026-01-14 22:00:00-05:00,1.16402,1.16416,1.1637,1.163885,-1.0,-1.0,-1,0.0001,1.164009,1.1639525000000002,1.1642279166666667,0,0,0,1,0,1,1.165445,0,1,1,0,0,0,1.16332,2.0,2026-01-14 22:00:00-05:00,1.16416,False,False,0,0,0.000751071428571464,0,0,1,0,0,0,-0.00011598411460199846,0
2026-01-14 23:00:00-05:00,1.163885,1.16394,1.16342,1.16346,-1.0,-1.0,-1,0.0001,1.1638009999999999,1.1636725,1.1640616666666668,0,0,0,1,0,1,1.165445,0,1,1,0,0,0,1.16332,0.0,2026-01-14 23:00:00-05:00,1.16416,False,False,0,0,0.000710000000000036,0,0,0,0,0,0,-0.00036522303717260443,0
2026-01-15 00:00:00-05:00,1.16346,1.1638,1.163365,1.163525,-1.0,-1.0,-1,0.0001,1.163753,1.1634924999999998,1.1639658333333334,0,0,0,1,0,1,1.165445,0,1,1,0,0,0,1.16332,0.0,2026-01-15 00:00:00-05:00,1.16416,False,True,0,0,0.0006596428571428963,0,0,0,0,0,0,5.586628192001501e-05,1
2026-01-15 01:00:00-05:00,1.163525,1.163845,1.163,1.163315,-1.0,-1.0,-1,0.0001,1.163641,1.16342,1.1639258333333335,0,0,0,1,0,1,1.165445,0,1,1,0,0,0,1.16332,0.0,2026-01-15 01:00:00-05:00,1.16416,False,False,0,0,0.0006560714285714761,0,0,0,0,0,0,-0.00018050231263861633,0
2026-01-15 02:00:00-05:00,1.163315,1.163665,1.16261,1.162885,-1.0,-1.0,-1,0.0001,1.163414,1.1631,1.1638641666666667,0,0,0,1,0,1,1.165445,0,1,1,0,0,0,1.16332,0.0,2026-01-15 02:00:00-05:00,1.16416,False,False,0,0,0.000657500000000041,0,0,0,0,0,0,-0.0003697016635695717,0
2026-01-15 03:00:00-05:00,1.162885,1.163545,1.1627,1.16308,-1.0,-1.0,-1,0.0001,1.1632529999999999,1.1629825,1.1637608333333331,0,0,0,1,0,1,1.165445,0,1,1,0,0,0,1.16332,0.0,2026-01-15 03:00:00-05:00,1.16416,False,True,0,0,0.0006475000000000389,0,0,0,0,0,0,0.00016767234283983817,1
2026-01-15 04:00:00-05:00,1.16308,1.16399,1.163035,1.16358,-1.0,-1.0,-1,0.0001,1.1632770000000001,1.16333,1.1636900000000001,0,0,1,0,0,1,1.165445,0,1,1,0,0,0,1.16261,2.0,2026-01-15 04:00:00-05:00,1.16399,False,False,1,0,0.000687142857142902,0,0,1,0,0,0,0.0004298006650711904,1
2026-01-15 05:00:00-05:00,1.16358,1.164105,1.16329,1.163575,-1.0,-1.0,-1,0.0001,1.163287,1.1635775000000002,1.1636220833333335,0,0,1,0,0,1,1.165445,0,1,1,0,0,0,1.16261,0.0,2026-01-15 05:00:00-05:00,1.16399,True,False,0,0,0.0006657142857143171,0,0,0,0,0,1,-4.297092372469544e-06,0
2026-01-15 06:00:00-05:00,1.163575,1.163795,1.163025,1.163095,-1.0,-1.0,-1,0.0001,1.163243,1.163335,1.163505,0,0,1,0,0,1,1.165445,0,1,1,0,0,0,1.16261,0.0,2026-01-15 06:00:00-05:00,1.163795,False,False,0,0,0.0006907142857143064,0,0,0,0,0,0,-0.0004126068645831328,0
2026-01-15 07:00:00-05:00,1.163095,1.163505,1.162035,1.16227,-1.0,-1.0,-1,0.0001,1.16312,1.1626824999999998,1.1633804166666666,0,0,0,1,0,1,1.165445,0,1,1,0,0,0,1.16261,0.0,2026-01-15 07:00:00-05:00,1.163795,False,False,0,0,0.0007721428571428879,0,0,0,0,0,0,-0.0007095660548899891,0
2026-01-15 08:00:00-05:00,1.16227,1.16252,1.15989,1.16015,-1.0,-1.0,-1,0.0001,1.162534,1.16121,1.16307,0,0,0,1,0,1,1.16015,0,1,1,1,0,1,1.16261,0.0,2026-01-15 08:00:00-05:00,1.163795,False,False,0,0,0.0009364285714286,0,0,0,0,0,0,-0.0018256823389828849,0
2026-01-15 09:00:00-05:00,1.16015,1.16109,1.159315,1.16011,-1.0,-1.0,-1,0.0001,1.16184,1.16013,1.1627441666666665,0,0,0,1,0,1,1.16015,0,1,1,0,0,0,1.16261,0.0,2026-01-15 09:00:00-05:00,1.163795,False,False,0,1,0.0009928571428571603,0,0,0,0,0,0,-3.447889461010887e-05,0
2026-01-15 10:00:00-05:00,1.16011,1.16095,1.159715,1.16024,-1.0,-1.0,-1,0.0001,1.161173,1.160175,1.1624404166666666,0,0,0,1,0,1,1.16015,0,1,1,0,0,0,1.16261,0.0,2026-01-15 10:00:00-05:00,1.16095,False,False,0,0,0.0010196428571428598,0,0,0,0,0,0,0.00011205206122858383,1
2026-01-15 11:00:00-05:00,1.16024,1.161115,1.159825,1.16047,-1.0,-1.0,-1,0.0001,1.1606480000000001,1.160355,1.16219125,0,0,0,1,0,1,1.16015,0,1,1,0,0,0,1.159315,2.0,2026-01-15 11:00:00-05:00,1.16095,False,False,0,0,0.0010785714285714049,0,0,1,0,0,0,0.0001982152020313754,1
2026-01-15 12:00:00-05:00,1.16047,1.16138,1.160365,1.160895,-1.0,-1.0,-1,0.0001,1.1603729999999999,1.1606825,1.1619720833333333,0,0,1,0,0,1,1.16015,0,1,1,0,0,0,1.159315,0.0,2026-01-15 12:00:00-05:00,1.16095,False,False,0,0,0.0011182142857142521,0,0,0,0,0,0,0.00036616387750196196,1
2026-01-15 13:00:00-05:00,1.160895,1.16152,1.160895,1.16148,-1.0,-1.0,-1,0.0001,1.1606390000000002,1.1611875,1.1618191666666666,0,0,1,0,0,1,1.16015,0,1,1,0,0,0,1.159315,0.0,2026-01-15 13:00:00-05:00,1.16095,False,False,1,0,0.0011257142857142538,0,0,0,0,0,0,0.0005037946174697912,1
2026-01-15 14:00:00-05:00,1.16148,1.161745,1.161125,1.16138,-1.0,-1.0,-1,0.0001,1.160893,1.1614300000000002,1.16169375,0,0,1,0,0,1,1.16015,0,1,1,0,0,0,1.159315,0.0,2026-01-15 14:00:00-05:00,1.16095,True,False,0,0,0.0011389285714285466,0,0,0,0,0,1,-8.610075515683144e-05,0
2026-01-15 15:00:00-05:00,1.16138,1.16156,1.160285,1.160435,-1.0,-1.0,-1,0.0001,1.160932,1.1609075,1.1614733333333334,0,0,0,1,0,1,1.16015,0,1,1,0,0,0,1.159315,0.0,2026-01-15 15:00:00-05:00,1.16156,False,False,0,0,0.0011696428571428275,0,0,0,0,0,0,-0.0008140183883571622,0
2026-01-15 16:00:00-05:00,1.160435,1.161115,1.160335,1.160845,-1.0,-1.0,-1,0.0001,1.1610070000000001,1.16064,1.1612454166666666,0,0,0,1,0,1,1.16015,0,1,1,0,0,0,1.159315,0.0,2026-01-15 16:00:00-05:00,1.16156,False,True,0,0,0.0011499999999999685,0,0,0,0,0,0,0.0003532533811203288,1
2026-01-15 17:15:00-05:00,1.1609,1.160965,1.16072,1.16072,-1.0,-1.0,-1,0.0001,1.160972,1.1607824999999998,1.1610075,0,0,0,1,0,1,1.16015,0,1,1,0,0,0,1.159315,0.0,2026-01-15 17:15:00-05:00,1.160965,True,False,0,0,0.0011071428571428304,0,0,0,0,0,1,-0.00010768597917411782,0
2026-01-15 18:00:00-05:00,1.16072,1.16103,1.16072,1.16091,-1.0,-1.0,-1,0.0001,1.1608580000000002,1.160815,1.1608254166666667,0,1,0,0,0,0,1.16015,0,1,1,0,0,0,1.159315,0.0,2026-01-15 18:00:00-05:00,1.160965,False,False,0,0,0.0010610714285714013,0,0,0,0,0,0,0.00016367810583456995,1
2026-01-15 19:00:00-05:00,1.16091,1.160955,1.160275,1.16038,-1.0,-1.0,-1,0.0001,1.1606580000000002,1.1606450000000001,1.1606679166666667,0,0,0,1,0,1,1.16015,0,1,1,0,0,0,1.159315,0.0,2026-01-15 19:00:00-05:00,1.160955,False,False,0,1,0.0010514285714285445,0,0,0,0,0,0,-0.00045664265060369684,0
2026-01-15 20:00:00-05:00,1.16038,1.160875,1.16024,1.16069,-1.0,-1.0,-1,0.0001,1.160709,1.1605349999999999,1.1607129166666665,0,0,0,1,0,1,1.16015,0,1,1,0,0,0,1.159315,0.0,2026-01-15 20:00:00-05:00,1.160955,False,True,0,0,0.0010417857142857034,0,0,0,0,0,0,0.0002671181841506629,1
2026-01-15 21:00:00-05:00,1.16069,1.161415,1.16062,1.160965,-1.0,-1.0,-1,0.0001,1.160733,1.1608275,1.1607841666666667,0,0,1,0,0,0,1.16015,0,1,1,0,0,0,1.159315,0.0,2026-01-15 21:00:00-05:00,1.161415,False,False,0,0,0.000993571428571419,0,0,0,0,0,0,0.0002368999711723427,1
2026-01-15 22:00:00-05:00,1.160965,1.16126,1.16069,1.161215,-1.0,-1.0,-1,0.0001,1.160832,1.1610900000000002,1.1608654166666668,0,0,1,0,0,0,1.16015,0,1,1,0,0,0,1.159315,0.0,2026-01-15 22:00:00-05:00,1.161415,False,False,1,0,0.0008464285714285655,0,0,0,0,0,0,0.00021531492043337885,1
2026-01-15 23:00:00-05:00,1.161215,1.16138,1.161025,1.161095,-1.0,-1.0,-1,0.0001,1.160869,1.161155,1.1609175,0,0,1,0,0,0,1.16015,0,1,1,0,0,0,1.159315,0.0,2026-01-15 23:00:00-05:00,1.161415,True,False,0,0,0.0007450000000000115,0,0,0,0,0,1,-0.0001033453760324518,0
2026-01-16 00:00:00-05:00,1.161095,1.161125,1.1606,1.16068,-1.0,-1.0,-1,0.0001,1.1609289999999999,1.1608874999999999,1.1608995833333333,0,1,0,0,0,0,1.16015,0,1,1,0,0,0,1.159315,0.0,2026-01-16 00:00:00-05:00,1.161125,False,False,0,0,0.0006942857142857266,0,0,0,0,0,0,-0.00035748511756707033,0
2026-01-16 01:00:00-05:00,1.16068,1.16098,1.16043,1.16095,-1.0,-1.0,-1,0.0001,1.160981,1.160815,1.1608554166666667,0,1,0,0,0,0,1.16015,0,1,1,0,0,0,1.159315,0.0,2026-01-16 01:00:00-05:00,1.161125,False,True,0,0,0.0006414285714285864,0,0,0,0,1,0,0.00023259520355728904,1
2026-01-16 02:00:00-05:00,1.16095,1.161475,1.160805,1.16121,-1.0,-1.0,-1,0.0001,1.16103,1.1610800000000001,1.16084125,1,0,0,0,1,0,1.16015,0,1,1,0,0,0,1.159315,0.0,2026-01-16 02:00:00-05:00,1.161475,False,False,0,0,0.0006167857142857265,0,0,0,0,0,0,0.0002239294459353917,1
2026-01-16 03:00:00-05:00,1.16121,1.161475,1.16085,1.160925,-1.0,-1.0,-1,0.0001,1.160972,1.1610675000000001,1.1608820833333333,1,0,0,0,1,0,1.16015,0,1,1,0,0,0,1.159315,0.0,2026-01-16 03:00:00-05:00,1.161475,True,False,0,0,0.0006167857142857265,0,0,0,0,0,0,-0.0002454637662590893,0
2026-01-16 04:00:00-05:00,1.160925,1.161525,1.160815,1.16084,-1.0,-1.0,-1,0.0001,1.160921,1.1608825,1.1608816666666668,0,1,0,0,1,0,1.16015,0,1,1,0,0,0,1.159315,0.0,2026-01-16 04:00:00-05:00,1.161525,False,False,0,0,0.0006232142857142924,0,0,0,0,0,0,-7.322015797283217e-05,0
2026-01-16 05:00:00-05:00,1.16084,1.161765,1.160815,1.161295,-1.0,-1.0,-1,0.0001,1.161044,1.1610675000000001,1.1609295833333333,1,0,0,0,1,0,1.16015,0,1,1,0,0,0,1.159315,0.0,2026-01-16 05:00:00-05:00,1.161765,False,False,0,0,0.0006000000000000132,0,0,0,0,0,0,0.0003918807526891221,1
2026-01-16 06:00:00-05:00,1.161295,1.16235,1.161285,1.16192,-1.0,-1.0,-1,0.0001,1.1612380000000002,1.1616075000000001,1.16101375,1,0,0,0,1,0,1.16015,0,1,1,0,0,0,1.159315,0.0,2026-01-16 06:00:00-05:00,1.161765,False,False,1,0,0.0006203571428571626,0,0,0,0,0,0,0.0005380475032038814,1
2026-01-16 07:00:00-05:00,1.16192,1.16223,1.161365,1.161915,-1.0,-1.0,-1,0.0001,1.161379,1.1619175,1.1611416666666667,1,0,0,0,1,0,1.16015,0,1,1,0,0,0,1.159315,0.0,2026-01-16 07:00:00-05:00,1.161765,True,False,0,0,0.0006646428571428815,0,0,0,0,0,0,-4.303231511753498e-06,0
2026-01-16 08:00:00-05:00,1.161915,1.16212,1.161165,1.161865,-1.0,-1.0,-1,0.0001,1.161567,1.16189,1.1612395833333333,1,0,0,0,1,0,1.16015,0,1,1,0,0,0,1.16235,1.0,2026-01-16 08:00:00-05:00,1.16212,False,False,0,0,0.0007107142857143105,1,0,0,0,0,0,-4.3033333626931216e-05,0
2026-01-16 09:00:00-05:00,1.161865,1.16208,1.161255,1.161825,-1.0,-1.0,-1,0.0001,1.161764,1.161845,1.16131125,1,0,0,0,1,0,1.16015,0,1,1,0,0,0,1.16235,0.0,2026-01-16 09:00:00-05:00,1.16212,False,False,0,0,0.0007210714285714578,0,0,0,0,0,0,-3.4428000295933284e-05,0
2026-01-16 10:00:00-05:00,1.161825,1.162745,1.158445,1.159345,-1.0,-1.0,-1,0.0001,1.161374,1.1605850000000002,1.1611554166666667,0,1,0,0,0,0,1.16015,0,1,1,0,0,0,1.16235,0.0,2026-01-16 10:00:00-05:00,1.16212,False,False,0,1,0.0009828571428571584,0,0,0,0,0,0,-0.0021368542103078767,0
2026-01-16 11:00:00-05:00,1.159345,1.16059,1.159345,1.159825,-1.0,-1.0,-1,0.0001,1.160955,1.159585,1.1610495833333334,0,0,0,1,0,1,1.16015,0,1,1,0,0,0,1.16235,0.0,2026-01-16 11:00:00-05:00,1.16212,False,True,0,0,0.001015000000000004,0,0,0,0,0,0,0.0004139412003898002,1
2026-01-16 12:00:00-05:00,1.159825,1.16029,1.159495,1.159565,-1.0,-1.0,-1,0.0001,1.160485,1.1596950000000001,1.1609566666666666,0,0,0,1,0,1,1.16015,0,1,1,0,0,0,1.162745,1.0,2026-01-16 12:00:00-05:00,1.16029,True,False,0,0,0.0010310714285714426,0,1,0,0,0,1,-0.00022419688029111994,0
2026-01-16 13:00:00-05:00,1.159565,1.159935,1.15894,1.15956,-1.0,-1.0,-1,0.0001,1.1600240000000002,1.1595624999999998,1.1608408333333333,0,0,0,1,0,1,1.16015,0,1,1,0,0,0,1.162745,0.0,2026-01-16 13:00:00-05:00,1.159935,False,False,0,0,0.0010767857142857107,0,0,0,0,0,0,-4.3119711098088196e-06,0
2026-01-16 14:00:00-05:00,1.15956,1.159745,1.159155,1.15963,-1.0,-1.0,-1,0.0001,1.159585,1.159595,1.1607091666666667,0,0,1,0,0,1,1.16015,0,1,1,0,0,0,1.162745,0.0,2026-01-16 14:00:00-05:00,1.159935,False,True,0,0,0.0010814285714285824,0,0,0,0,0,0,6.036590363113518e-05,1
2026-01-16 15:00:00-05:00,1.15963,1.16024,1.15955,1.15994,-1.0,-1.0,-1,0.0001,1.159704,1.1597849999999998,1.1606270833333332,0,0,1,0,0,1,1.16015,0,1,1,0,0,0,1.162745,0.0,2026-01-16 15:00:00-05:00,1.16024,False,False,0,0,0.0010914285714285845,0,0,0,0,0,0,0.0002672909218913701,1
2026-01-16 16:00:00-05:00,1.15994,1.160235,1.159745,1.15977,-1.0,-1.0,-1,0.0001,1.159693,1.1598549999999999,1.1605379166666667,0,0,1,0,0,1,1.16015,0,1,1,0,0,0,1.162745,0.0,2026-01-16 16:00:00-05:00,1.16024,True,False,0,0,0.0010785714285714368,0,0,0,0,0,1,-0.00014657004565605484,0
2026-01-18 17:15:00-05:00,1.15815,1.158705,1.15788,1.15849,-1.0,-1.0,-1,0.0001,1.159478,1.15913,1.1603041666666667,0,0,0,1,0,1,1.16015,0,1,1,0,0,0,1.162745,0.0,2026-01-18 17:15:00-05:00,1.158705,False,True,0,1,0.0011689285714285688,0,0,0,0,0,0,-0.0011042765954397847,0
2026-01-18 18:00:00-05:00,1.15849,1.16272,1.157935,1.162445,-1.0,-1.0,-1,0.0001,1.1600549999999998,1.1604675,1.1603479166666666,0,0,1,0,0,0,1.16015,0,1,1,0,0,0,1.162745,0.0,2026-01-18 18:00:00-05:00,1.16272,False,False,0,0,0.001460000000000001,0,0,0,0,0,0,0.0034081125306703384,1
2026-01-18 19:00:00-05:00,1.162445,1.16379,1.160475,1.163205,-1.0,-1.0,-1,0.0001,1.1607699999999999,1.162825,1.1604554166666665,1,0,0,0,1,0,1.16015,0,1,1,0,0,0,1.15788,2.0,2026-01-18 19:00:00-05:00,1.16272,False,False,0,0,0.0016289285714285848,0,0,0,1,0,0,0.0006535807426345028,1
2026-01-18 20:00:00-05:00,1.163205,1.163465,1.162205,1.162265,-1.0,-1.0,-1,0.0001,1.161235,1.162735,1.16048875,1,0,0,0,1,0,1.16015,0,1,1,0,0,0,1.15788,0.0,2026-01-18 20:00:00-05:00,1.163465,False,False,0,0,0.0016428571428571523,0,0,0,0,0,0,-0.0008084387682460479,0
2026-01-18 21:00:00-05:00,1.162265,1.16239,1.16158,1.161765,-1.0,-1.0,-1,0.0001,1.161634,1.162015,1.16048375,1,0,0,0,1,0,1.16015,0,1,1,0,0,0,1.16379,1.0,2026-01-18 21:00:00-05:00,1.163465,False,False,0,0,0.001638928571428571,1,0,0,0,0,0,-0.0004302870511264036,0
2026-01-18 22:00:00-05:00,1.161765,1.16263,1.161615,1.16246,-1.0,-1.0,-1,0.0001,1.1624279999999998,1.1621125,1.1607433333333332,0,1,0,0,1,0,1.16015,0,1,1,0,0,0,1.16379,0.0,2026-01-18 22:00:00-05:00,1.16263,False,False,0,0,0.0016432142857142815,0,0,0,0,0,0,0.0005980488297947395,1
2026-01-18 23:00:00-05:00,1.16246,1.16337,1.16245,1.163315,-1.0,-1.0,-1,0.0001,1.1626020000000001,1.1628875,1.1610341666666666,1,0,0,0,1,0,1.16015,0,1,1,0,0,0,1.16379,0.0,2026-01-18 23:00:00-05:00,1.16263,False,False,1,0,0.0016499999999999928,0,0,0,0,0,0,0.0007352388244918098,1
2026-01-19 00:00:00-05:00,1.163315,1.163755,1.162695,1.16276,-1.0,-1.0,-1,0.0001,1.1625130000000001,1.1630375000000002,1.1613004166666667,1,0,0,0,1,0,1.16015,0,1,1,0,0,0,1.16379,0.0,2026-01-19 00:00:00-05:00,1.16263,True,False,0,0,0.0014185714285714277,0,0,0,0,0,0,-0.00047719872362849693,0
2026-01-19 01:00:00-05:00,1.16276,1.163255,1.1625,1.162795,-1.0,-1.0,-1,0.0001,1.1626189999999998,1.1627775,1.16157,1,0,0,0,1,0,1.16015,0,1,1,0,0,0,1.16379,0.0,2026-01-19 01:00:00-05:00,1.163255,False,True,0,0,0.0013835714285714204,0,0,0,0,1,0,3.010034164120775e-05,1
2026-01-19 02:00:00-05:00,1.162795,1.164155,1.162305,1.16261,-1.0,-1.0,-1,0.0001,1.162788,1.1627025,1.1618183333333334,0,1,0,0,1,0,1.16015,0,1,1,0,0,0,1.16379,0.0,2026-01-19 02:00:00-05:00,1.164155,True,False,0,0,0.0014589285714285655,0,0,0,0,0,0,-0.00015911206898620858,0
2026-01-19 03:00:00-05:00,1.16261,1.162795,1.16185,1.162515,-1.0,-1.0,-1,0.0001,1.1627990000000001,1.1625625,1.1620329166666667,0,1,0,0,1,0,1.16015,0,1,1,0,0,0,1.16379,0.0,2026-01-19 03:00:00-05:00,1.162795,False,False,0,0,0.0014553571428571452,0,0,0,0,0,0,-8.171603681766415e-05,0
2026-01-19 04:00:00-05:00,1.162515,1.16298,1.16112,1.162445,-1.0,-1.0,-1,0.0001,1.1626249999999998,1.16248,1.1622558333333333,0,1,0,0,1,0,1.16015,0,1,1,0,0,0,1.164155,1.0,2026-01-19 04:00:00-05:00,1.162795,False,False,0,0,0.0015460714285714225,1,0,0,0,0,0,-6.021608975736924e-05,0
2026-01-19 05:00:00-05:00,1.162445,1.16286,1.162215,1.162405,-1.0,-1.0,-1,0.0001,1.1625539999999999,1.1624249999999998,1.1625820833333333,0,0,0,1,0,1,1.16015,0,1,1,0,0,0,1.164155,0.0,2026-01-19 05:00:00-05:00,1.16286,True,False,0,1,0.0015428571428571475,0,0,0,0,0,1,-3.441082220703724e-05,0
2026-01-19 06:00:00-05:00,1.162405,1.1629,1.162015,1.162785,-1.0,-1.0,-1,0.0001,1.162552,1.162595,1.1626104166666666,0,0,1,0,0,1,1.16015,0,1,1,0,0,0,1.164155,0.0,2026-01-19 06:00:00-05:00,1.16286,False,False,0,0,0.0015710714285714436,0,0,0,0,0,0,0.0003268550126081923,1
2026-01-19 07:00:00-05:00,1.162785,1.16334,1.16251,1.16257,-1.0,-1.0,-1,0.0001,1.162544,1.1626775,1.1625575,0,0,1,0,0,0,1.16015,0,1,1,0,0,0,1.164155,0.0,2026-01-19 07:00:00-05:00,1.16286,True,False,0,0,0.0014953571428571693,0,0,0,0,0,1,-0.00018491800229427367,0
2026-01-19 08:00:00-05:00,1.16257,1.163555,1.16257,1.163175,-1.0,-1.0,-1,0.0001,1.162676,1.1628725000000002,1.1626333333333332,1,0,0,0,1,0,1.16015,0,1,1,0,0,0,1.164155,0.0,2026-01-19 08:00:00-05:00,1.16286,False,False,0,0,0.0012239285714285802,0,0,0,0,0,0,0.0005202634112049883,1
2026-01-19 09:00:00-05:00,1.163175,1.164265,1.163025,1.163985,-1.0,-1.0,-1,0.0001,1.162984,1.16358,1.1628183333333333,1,0,0,0,1,0,1.16015,0,1,1,0,0,0,1.164155,0.0,2026-01-19 09:00:00-05:00,1.16286,False,False,0,0,0.001075714285714291,0,0,0,0,0,0,0.000696127496785803,1
2026-01-19 10:00:00-05:00,1.163985,1.164355,1.163185,1.163995,-1.0,-1.0,-1,0.0001,1.163302,1.16399,1.1629462499999998,1,0,0,0,1,0,1.16015,0,1,1,0,0,0,1.164155,0.0,2026-01-19 10:00:00-05:00,1.16286,False,False,0,0,0.001069285714285725,0,0,0,0,0,0,8.591139099106514e-06,1
2026-01-19 11:00:00-05:00,1.163995,1.164735,1.163775,1.16419,-1.0,-1.0,-1,0.0001,1.163583,1.1640925,1.1630191666666667,1,0,0,0,1,0,1.16015,0,1,1,0,0,0,1.164155,0.0,2026-01-19 11:00:00-05:00,1.16286,False,False,0,0,0.0010800000000000174,0,0,0,0,0,0,0.00016751246181572187,1
2026-01-19 12:00:00-05:00,1.16419,1.164665,1.163975,1.164595,-1.0,-1.0,-1,0.0001,1.1639880000000002,1.1643925,1.1631720833333332,1,0,0,0,1,0,1.16015,0,1,1,0,0,0,1.164155,0.0,2026-01-19 12:00:00-05:00,1.16286,False,False,1,0,0.0010567857142857382,0,0,0,0,0,0,0.0003478208628817384,1
2026-01-19 13:00:00-05:00,1.164595,1.164885,1.164325,1.16433,-1.0,-1.0,-1,0.0001,1.164219,1.1644625,1.1632999999999998,1,0,0,0,1,0,1.16015,0,1,1,0,0,0,1.164155,0.0,2026-01-19 13:00:00-05:00,1.16286,True,False,0,0,0.0010310714285714426,0,0,0,0,0,0,-0.0002275728081785514,0
2026-01-19 14:00:00-05:00,1.16433,1.16469,1.164265,1.164325,-1.0,-1.0,-1,0.0001,1.164287,1.1643275000000002,1.1634429166666667,1,0,0,0,1,0,1.16015,0,1,1,0,0,0,1.164155,0.0,2026-01-19 14:00:00-05:00,1.16469,False,False,0,0,0.0009857142857142881,0,0,0,0,0,0,-4.2943244061579695e-06,0
2026-01-19 15:00:00-05:00,1.164325,1.164545,1.164175,1.16454,-1.0,-1.0,-1,0.0001,1.164396,1.1644325,1.1636116666666665,1,0,0,0,1,0,1.16015,0,1,1,0,0,0,1.164885,1.0,2026-01-19 15:00:00-05:00,1.164545,False,False,0,0,0.0009582142857142983,1,0,0,0,0,0,0.00018463929906678968,1
2026-01-19 16:00:00-05:00,1.16454,1.16465,1.164295,1.164585,-1.0,-1.0,-1,0.0001,1.164475,1.1645625,1.16379,1,0,0,0,1,0,1.16015,0,1,1,0,0,0,1.164885,0.0,2026-01-19 16:00:00-05:00,1.164545,False,False,0,0,0.0008514285714285665,0,0,0,0,0,0,3.864112059745425e-05,1
2026-01-19 17:15:00-05:00,1.164615,1.16474,1.164525,1.16453,-1.0,-1.0,-1,0.0001,1.164462,1.1645575,1.1639670833333333,1,0,0,0,1,0,1.16015,0,1,1,0,0,0,1.164885,0.0,2026-01-19 17:15:00-05:00,1.164545,True,False,0,0,0.0007992857142857167,0,0,0,0,0,0,-4.722823906082531e-05,0
2026-01-19 18:00:00-05:00,1.16453,1.16465,1.163845,1.163945,-1.0,-1.0,-1,0.0001,1.164385,1.1642375,1.16406375,0,1,0,0,1,0,1.16015,0,1,1,0,0,0,1.164885,0.0,2026-01-19 18:00:00-05:00,1.16465,False,False,0,1,0.0007239285714285718,0,0,0,0,0,0,-0.0005024748063075391,0
2026-01-19 19:00:00-05:00,1.163945,1.16411,1.163255,1.164035,-1.0,-1.0,-1,0.0001,1.1643270000000001,1.16399,1.1641858333333333,0,1,0,0,0,0,1.16015,0,1,1,0,0,0,1.164885,0.0,2026-01-19 19:00:00-05:00,1.16465,False,True,0,0,0.000738928571428575,0,0,0,0,1,0,7.732025193061814e-05,1
2026-01-19 20:00:00-05:00,1.164035,1.1644,1.163895,1.164375,-1.0,-1.0,-1,0.0001,1.164294,1.164205,1.1642858333333332,0,1,0,0,0,0,1.16015,0,1,1,0,0,0,1.164885,0.0,2026-01-19 20:00:00-05:00,1.1644,False,False,0,0,0.0007117857142857302,0,0,0,0,0,0,0.00029204478800258537,1
2026-01-19 21:00:00-05:00,1.164375,1.16465,1.164055,1.164445,-1.0,-1.0,-1,0.0001,1.164266,1.16441,1.1643241666666666,0,0,1,0,0,0,1.16015,0,1,1,0,0,0,1.164885,0.0,2026-01-19 21:00:00-05:00,1.1644,False,False,0,0,0.0006950000000000012,0,0,0,0,0,0,6.011628208365972e-05,1
2026-01-19 22:00:00-05:00,1.164445,1.165875,1.164405,1.165665,-1.0,-1.0,-1,0.0001,1.1644929999999998,1.165055,1.1644633333333334,1,0,0,0,1,0,1.165665,1,0,0,1,1,0,1.164885,0.0,2026-01-19 22:00:00-05:00,1.1644,False,False,0,0,0.0007296428571428791,0,0,0,0,0,0,0.0010471609593386347,1
2026-01-19 23:00:00-05:00,1.165665,1.166665,1.16561,1.16656,-1.0,-1.0,-1,0.0001,1.165016,1.1661125,1.1646608333333333,1,0,0,0,1,0,1.165875,1,0,0,0,0,0,1.164885,0.0,2026-01-19 23:00:00-05:00,1.1644,False,False,0,0,0.0007164285714285861,0,0,0,0,0,0,0.0007675074608449987,1
2026-01-20 00:00:00-05:00,1.16656,1.167255,1.166305,1.166335,-1.0,-1.0,-1,0.0001,1.165476,1.1664474999999999,1.1648058333333333,1,0,0,0,1,0,1.165875,1,0,0,0,0,0,1.164885,0.0,2026-01-20 00:00:00-05:00,1.1644,True,False,0,0,0.0007007142857142926,0,0,0,0,0,0,-0.00019289337985446003,0
2026-01-20 01:00:00-05:00,1.166335,1.16692,1.166225,1.16687,-1.0,-1.0,-1,0.0001,1.165975,1.1666025,1.1650175,1,0,0,0,1,0,1.165875,1,0,0,0,0,0,1.164885,0.0,2026-01-20 01:00:00-05:00,1.1644,False,False,0,0,0.0006817857142857082,0,0,0,0,0,0,0.00045859665942469754,1
2026-01-20 02:00:00-05:00,1.16687,1.16938,1.16641,1.16888,-1.0,-1.0,-1,0.0001,1.166862,1.167875,1.1653970833333334,1,0,0,0,1,0,1.165875,1,0,0,0,0,0,1.164885,0.0,2026-01-20 02:00:00-05:00,1.1644,False,False,0,0,0.0008446428571428553,0,0,0,0,0,0,0.0017210750261384689,1
2026-01-20 03:00:00-05:00,1.16888,1.172185,1.16873,1.171635,-1.0,-1.0,-1,0.0001,1.168056,1.1702575,1.1659883333333334,1,0,0,0,1,0,1.171635,1,0,0,0,0,0,1.164885,0.0,2026-01-20 03:00:00-05:00,1.1644,False,False,0,0,0.0010514285714285762,0,0,0,0,0,0,0.0023541838205629953,1
2026-01-20 04:00:00-05:00,1.171635,1.173295,1.17157,1.172625,-1.0,-1.0,-1,0.0001,1.169269,1.1721300000000001,1.1666583333333334,1,0,0,0,1,0,1.171635,1,0,0,0,0,0,1.164885,0.0,2026-01-20 04:00:00-05:00,1.1644,False,False,0,0,0.0011442857142857246,0,0,0,0,0,0,0.0008446162617231265,1
2026-01-20 05:00:00-05:00,1.172625,1.173225,1.171535,1.17311,-1.0,-1.0,-1,0.0001,1.1706239999999999,1.1728675000000002,1.1673733333333334,1,0,0,0,1,0,1.171635,1,0,0,0,0,0,1.164885,0.0,2026-01-20 05:00:00-05:00,1.1644,False,False,0,0,0.001238571428571438,0,0,0,0,0,0,0.00041351645169731676,1
2026-01-20 06:00:00-05:00,1.17311,1.173895,1.172245,1.173495,-1.0,-1.0,-1,0.0001,1.1719490000000001,1.1733025000000001,1.1681691666666667,1,0,0,0,1,0,1.171635,1,0,0,0,0,0,1.164885,0.0,2026-01-20 06:00:00-05:00,1.1644,False,False,0,0,0.0013310714285714414,0,0,0,0,0,0,0.00032813362577362577,1
2026-01-20 07:00:00-05:00,1.173495,1.174375,1.172575,1.1726,-1.0,-1.0,-1,0.0001,1.1726930000000002,1.1730475,1.1688829166666668,1,0,0,0,1,0,1.171635,1,0,0,0,0,0,1.164885,0.0,2026-01-20 07:00:00-05:00,1.174375,False,False,0,0,0.0014442857142857232,0,0,0,0,0,0,-0.0007629699934712841,0
2026-01-20 08:00:00-05:00,1.1726,1.17691,1.171835,1.173355,-1.0,-1.0,-1,0.0001,1.173037,1.1729775,1.1696312500000001,0,1,0,0,1,0,1.171635,1,0,0,0,0,0,1.164885,0.0,2026-01-20 08:00:00-05:00,1.17691,False,False,0,0,0.001749285714285723,0,0,0,0,0,0,0.00064366113251641,1
2026-01-20 09:00:00-05:00,1.173355,1.17371,1.17153,1.171935,-1.0,-1.0,-1,0.0001,1.172899,1.172645,1.1702554166666668,0,1,0,0,1,0,1.171635,1,0,0,0,0,0,1.164885,0.0,2026-01-20 09:00:00-05:00,1.17371,False,False,0,0,0.0018439285714285816,0,0,0,0,0,0,-0.0012109378145307573,0
2026-01-20 10:00:00-05:00,1.171935,1.173725,1.17163,1.17271,-1.0,-1.0,-1,0.0001,1.172819,1.1723225,1.1708425,0,1,0,0,1,0,1.171635,1,0,0,0,0,0,1.17691,1.0,2026-01-20 10:00:00-05:00,1.17371,False,True,0,0,0.001957499999999993,1,0,0,0,1,0,0.0006610809126537869,1
2026-01-20 11:00:00-05:00,1.17271,1.17394,1.172705,1.173895,-1.0,-1.0,-1,0.0001,1.172899,1.1733025,1.1714537500000002,1,0,0,0,1,0,1.171635,1,0,0,0,0,0,1.17691,0.0,2026-01-20 11:00:00-05:00,1.17394,False,False,1,0,0.002003214285714277,0,0,0,0,0,0,0.0010099698080664045,1
2026-01-20 12:00:00-05:00,1.173895,1.17428,1.17298,1.17315,-1.0,-1.0,-1,0.0001,1.173009,1.1735224999999998,1.1720216666666667,1,0,0,0,1,0,1.171635,1,0,0,0,0,0,1.17691,0.0,2026-01-20 12:00:00-05:00,1.17394,True,False,0,0,0.0019910714285714193,0,0,0,0,0,0,-0.000634840853090571,0
2026-01-20 13:00:00-05:00,1.17315,1.17342,1.17264,1.172675,-1.0,-1.0,-1,0.0001,1.1728729999999998,1.1729124999999998,1.1725054166666666,1,0,0,0,1,0,1.171635,1,0,0,0,0,0,1.17691,0.0,2026-01-20 13:00:00-05:00,1.17342,False,False,0,0,0.0019714285714285606,0,0,0,0,0,0,-0.00040497480118244374,0
2026-01-20 14:00:00-05:00,1.172675,1.1728,1.17114,1.171225,-1.0,-1.0,-1,0.0001,1.172731,1.1719499999999998,1.1727008333333333,0,1,0,0,0,0,1.171635,1,0,0,0,0,0,1.17691,0.0,2026-01-20 14:00:00-05:00,1.17342,False,False,0,1,0.002022142857142845,0,0,0,0,0,0,-0.0012372543068999782,0
2026-01-20 15:00:00-05:00,1.171225,1.172045,1.17108,1.171945,-1.0,-1.0,-1,0.0001,1.1725780000000001,1.1715849999999999,1.1727266666666665,0,0,0,1,0,1,1.171635,1,0,0,0,0,0,1.17691,0.0,2026-01-20 15:00:00-05:00,1.17342,False,True,0,0,0.002041428571428575,0,0,0,0,0,0,0.0006145521004967102,1
2026-01-20 16:00:00-05:00,1.171945,1.172705,1.171745,1.17248,-1.0,-1.0,-1,0.0001,1.1722949999999999,1.1722125,1.1727145833333332,0,0,0,1,0,1,1.171635,1,0,0,0,0,0,1.17691,0.0,2026-01-20 16:00:00-05:00,1.172705,False,False,0,0,0.0018978571428571417,0,0,0,0,0,0,0.0004564018975115847,1
2026-01-20 17:15:00-05:00,1.172275,1.172575,1.172065,1.17222,-1.0,-1.0,-1,0.0001,1.172109,1.17235,1.1726404166666666,0,0,1,0,0,1,1.171635,1,0,0,0,0,0,1.17108,2.0,2026-01-20 17:15:00-05:00,1.172705,True,False,0,0,0.0016875000000000004,0,0,1,0,0,1,-0.00022177677405687562,0
2026-01-20 18:00:00-05:00,1.17222,1.172895,1.172175,1.172715,-1.0,-1.0,-1,0.0001,1.172117,1.1724675,1.1725754166666666,0,0,1,0,0,1,1.171635,1,0,0,0,0,0,1.17108,0.0,2026-01-20 18:00:00-05:00,1.172705,False,False,0,0,0.0016157142857142917,0,0,0,0,0,0,0.00042218654875496135,1
2026-01-20 19:00:00-05:00,1.172715,1.172715,1.171665,1.172375,-1.0,-1.0,-1,0.0001,1.172347,1.172545,1.1725566666666667,0,0,1,0,0,1,1.171635,1,0,0,0,0,0,1.17108,0.0,2026-01-20 19:00:00-05:00,1.172715,False,False,0,0,0.0015700000000000078,0,0,0,0,0,0,-0.0002899675512516134,0
2026-01-20 20:00:00-05:00,1.172375,1.17343,1.172265,1.17291,-1.0,-1.0,-1,0.0001,1.1725400000000001,1.1726424999999998,1.1725195833333333,1,0,0,0,1,0,1.171635,1,0,0,0,0,0,1.17108,0.0,2026-01-20 20:00:00-05:00,1.17343,False,False,1,0,0.0015353571428571616,0,0,0,0,0,0,0.0004562345380454468,1
2026-01-20 21:00:00-05:00,1.17291,1.17318,1.17244,1.17264,-1.0,-1.0,-1,0.0001,1.172572,1.172775,1.1725783333333333,0,0,1,0,0,0,1.171635,1,0,0,0,0,0,1.17108,0.0,2026-01-20 21:00:00-05:00,1.17343,True,False,0,0,0.0014596428571428716,0,0,0,0,0,1,-0.00023022318960801554,0
2026-01-20 22:00:00-05:00,1.172645,1.1729,1.1712,1.171335,-1.0,-1.0,-1,0.0001,1.1723949999999999,1.1719875,1.17246375,0,0,0,1,0,1,1.171635,1,0,0,0,0,0,1.17108,0.0,2026-01-20 22:00:00-05:00,1.1729,False,False,0,1,0.0012185714285714497,0,0,0,0,0,0,-0.0011134932197104427,0
