Time,Open,High,Low,Close,Volume,average,barCount
2016-12-29 17:15:00-05:00,1.048825,1.049285,1.048705,1.049255,-1.0,-1.0,-1
2016-12-29 18:00:00-05:00,1.049255,1.0654,1.048515,1.056675,-1.0,-1.0,-1
2016-12-29 19:00:00-05:00,1.056675,1.058055,1.05428,1.05519,-1.0,-1.0,-1
2016-12-29 20:00:00-05:00,1.05519,1.057255,1.054395,1.054525,-1.0,-1.0,-1
2016-12-29 21:00:00-05:00,1.054525,1.054755,1.053005,1.05342,-1.0,-1.0,-1
2016-12-29 22:00:00-05:00,1.05342,1.053765,1.05206,1.052985,-1.0,-1.0,-1
2016-12-29 23:00:00-05:00,1.052985,1.053355,1.05219,1.052925,-1.0,-1.0,-1
2016-12-30 00:00:00-05:00,1.052925,1.053965,1.05283,1.053645,-1.0,-1.0,-1
2016-12-30 01:00:00-05:00,1.053645,1.054685,1.05223,1.052635,-1.0,-1.0,-1
2016-12-30 02:00:00-05:00,1.052635,1.05364,1.0506,1.05071,-1.0,-1.0,-1
2016-12-30 03:00:00-05:00,1.05071,1.05286,1.05067,1.052185,-1.0,-1.0,-1
2016-12-30 04:00:00-05:00,1.052185,1.059145,1.0521,1.058925,-1.0,-1.0,-1
2016-12-30 05:00:00-05:00,1.058925,1.05908,1.054405,1.05475,-1.0,-1.0,-1
2016-12-30 06:00:00-05:00,1.05475,1.056165,1.053985,1.05597,-1.0,-1.0,-1
2016-12-30 07:00:00-05:00,1.05597,1.057125,1.053595,1.0538,-1.0,-1.0,-1
2016-12-30 08:00:00-05:00,1.0538,1.055415,1.053505,1.054355,-1.0,-1.0,-1
2016-12-30 09:00:00-05:00,1.054355,1.055295,1.052535,1.055025,-1.0,-1.0,-1
2016-12-30 10:00:00-05:00,1.055025,1.05775,1.053815,1.054735,-1.0,-1.0,-1
2016-12-30 11:00:00-05:00,1.054735,1.05647,1.05432,1.055175,-1.0,-1.0,-1
2016-12-30 12:00:00-05:00,1.055175,1.05543,1.0529,1.054655,-1.0,-1.0,-1
2016-12-30 13:00:00-05:00,1.054655,1.054805,1.052575,1.05273,-1.0,-1.0,-1
2016-12-30 14:00:00-05:00,1.05273,1.053635,1.052315,1.05343,-1.0,-1.0,-1
2016-12-30 15:00:00-05:00,1.05343,1.053775,1.05237,1.05249,-1.0,-1.0,-1
2017-01-02 02:00:00-05:00,1.051545,1.052445,1.05126,1.05155,-1.0,-1.0,-1
2017-01-02 03:00:00-05:00,1.05155,1.05189,1.04881,1.048965,-1.0,-1.0,-1
2017-01-02 04:00:00-05:00,1.048965,1.049325,1.047735,1.048735,-1.0,-1.0,-1
2017-01-02 05:00:00-05:00,1.048735,1.04897,1.047875,1.04811,-1.0,-1.0,-1
2017-01-02 06:00:00-05:00,1.04811,1.04822,1.0477,1.0479,-1.0,-1.0,-1
2017-01-02 07:00:00-05:00,1.0479,1.0479,1.04652,1.04663,-1.0,-1.0,-1
2017-01-02 08:00:00-05:00,1.04663,1.046965,1.046155,1.046665,-1.0,-1.0,-1
2017-01-02 09:00:00-05:00,1.046665,1.047595,1.046515,1.047375,-1.0,-1.0,-1
2017-01-02 10:00:00-05:00,1.047375,1.047455,1.04644,1.047175,-1.0,-1.0,-1
2017-01-02 18:00:00-05:00,1.046195,1.047225,1.04565,1.045765,-1.0,-1.0,-1
2017-01-02 19:00:00-05:00,1.045765,1.047135,1.04573,1.046635,-1.0,-1.0,-1
2017-01-02 20:00:00-05:00,1.046635,1.04809,1.046455,1.047585,-1.0,-1.0,-1
2017-01-02 21:00:00-05:00,1.047585,1.047815,1.047085,1.0472,-1.0,-1.0,-1
2017-01-02 22:00:00-05:00,1.0472,1.04848,1.04713,1.04848,-1.0,-1.0,-1
2017-01-02 23:00:00-05:00,1.04848,1.048995,1.048185,1.048825,-1.0,-1.0,-1
2017-01-03 00:00:00-05:00,1.048825,1.04903,1.04815,1.048225,-1.0,-1.0,-1
2017-01-03 01:00:00-05:00,1.048225,1.048975,1.048115,1.04882,-1.0,-1.0,-1
2017-01-03 02:00:00-05:00,1.04882,1.04888,1.045355,1.04603,-1.0,-1.0,-1
2017-01-03 03:00:00-05:00,1.04603,1.046595,1.042045,1.043535,-1.0,-1.0,-1
2017-01-03 04:00:00-05:00,1.043535,1.04364,1.040015,1.04016,-1.0,-1.0,-1
2017-01-03 05:00:00-05:00,1.04016,1.041665,1.039605,1.039635,-1.0,-1.0,-1
2017-01-03 06:00:00-05:00,1.039635,1.039965,1.038125,1.039425,-1.0,-1.0,-1
2017-01-03 07:00:00-05:00,1.039425,1.03943,1.03752,1.038905,-1.0,-1.0,-1
2017-01-03 08:00:00-05:00,1.038905,1.03919,1.038185,1.039155,-1.0,-1.0,-1
2017-01-03 09:00:00-05:00,1.039155,1.04081,1.03849,1.038955,-1.0,-1.0,-1
2017-01-03 10:00:00-05:00,1.038955,1.03906,1.03402,1.03845,-1.0,-1.0,-1
2017-01-03 11:00:00-05:00,1.03845,1.043385,1.03786,1.041535,-1.0,-1.0,-1
2017-01-03 12:00:00-05:00,1.041535,1.042845,1.041,1.04271,-1.0,-1.0,-1
2017-01-03 13:00:00-05:00,1.04271,1.04319,1.04134,1.041495,-1.0,-1.0,-1
2017-01-03 14:00:00-05:00,1.041495,1.041505,1.040525,1.041065,-1.0,-1.0,-1
2017-01-03 15:00:00-05:00,1.041065,1.04174,1.040205,1.04021,-1.0,-1.0,-1
2017-01-03 16:00:00-05:00,1.04021,1.0407,1.040185,1.040615,-1.0,-1.0,-1
2017-01-03 17:15:00-05:00,1.0409,1.04129,1.04043,1.04097,-1.0,-1.0,-1
2017-01-03 18:00:00-05:00,1.04097,1.04242,1.040955,1.04176,-1.0,-1.0,-1
2017-01-03 19:00:00-05:00,1.04176,1.04181,1.03922,1.039465,-1.0,-1.0,-1
2017-01-03 20:00:00-05:00,1.039465,1.04023,1.039005,1.039355,-1.0,-1.0,-1
2017-01-03 21:00:00-05:00,1.039355,1.040635,1.039325,1.040565,-1.0,-1.0,-1
2017-01-03 22:00:00-05:00,1.040565,1.040815,1.039775,1.04054,-1.0,-1.0,-1
2017-01-03 23:00:00-05:00,1.04054,1.040955,1.040245,1.04026,-1.0,-1.0,-1
2017-01-04 00:00:00-05:00,1.04026,1.04094,1.04016,1.040675,-1.0,-1.0,-1
2017-01-04 01:00:00-05:00,1.040675,1.041475,1.039925,1.040625,-1.0,-1.0,-1
2017-01-04 02:00:00-05:00,1.040625,1.042155,1.04057,1.04176,-1.0,-1.0,-1
2017-01-04 03:00:00-05:00,1.04176,1.044025,1.041535,1.043365,-1.0,-1.0,-1
2017-01-04 04:00:00-05:00,1.043365,1.04455,1.04282,1.04381,-1.0,-1.0,-1
2017-01-04 05:00:00-05:00,1.04381,1.0444,1.042705,1.043255,-1.0,-1.0,-1
2017-01-04 06:00:00-05:00,1.043255,1.04453,1.042755,1.043155,-1.0,-1.0,-1
2017-01-04 07:00:00-05:00,1.043155,1.04416,1.04235,1.043385,-1.0,-1.0,-1
2017-01-04 08:00:00-05:00,1.043385,1.044635,1.042795,1.043925,-1.0,-1.0,-1
2017-01-04 09:00:00-05:00,1.043925,1.046365,1.04368,1.04622,-1.0,-1.0,-1
2017-01-04 10:00:00-05:00,1.04622,1.048125,1.045365,1.047625,-1.0,-1.0,-1
2017-01-04 11:00:00-05:00,1.047625,1.04917,1.047155,1.047545,-1.0,-1.0,-1
2017-01-04 12:00:00-05:00,1.047545,1.048395,1.046925,1.047185,-1.0,-1.0,-1
2017-01-04 13:00:00-05:00,1.047185,1.04826,1.046755,1.047825,-1.0,-1.0,-1
2017-01-04 14:00:00-05:00,1.047825,1.049995,1.045205,1.046645,-1.0,-1.0,-1
2017-01-04 15:00:00-05:00,1.046645,1.04871,1.04638,1.048635,-1.0,-1.0,-1
2017-01-04 16:00:00-05:00,1.048635,1.049535,1.048085,1.04894,-1.0,-1.0,-1
2017-01-04 17:15:00-05:00,1.04862,1.049175,1.048255,1.04872,-1.0,-1.0,-1
2017-01-04 18:00:00-05:00,1.04872,1.050155,1.048095,1.0497,-1.0,-1.0,-1
2017-01-04 19:00:00-05:00,1.0497,1.054075,1.049635,1.054065,-1.0,-1.0,-1
2017-01-04 20:00:00-05:00,1.054065,1.0541,1.051005,1.051965,-1.0,-1.0,-1
2017-01-04 21:00:00-05:00,1.051965,1.052875,1.05113,1.051485,-1.0,-1.0,-1
2017-01-04 22:00:00-05:00,1.051485,1.05273,1.051385,1.052045,-1.0,-1.0,-1
2017-01-04 23:00:00-05:00,1.052045,1.05289,1.051775,1.05264,-1.0,-1.0,-1
2017-01-05 00:00:00-05:00,1.05264,1.056375,1.05238,1.05416,-1.0,-1.0,-1
2017-01-05 01:00:00-05:00,1.05416,1.05749,1.05406,1.05666,-1.0,-1.0,-1
2017-01-05 02:00:00-05:00,1.05666,1.05688,1.05431,1.055955,-1.0,-1.0,-1
2017-01-05 03:00:00-05:00,1.055955,1.057035,1.050485,1.051525,-1.0,-1.0,-1
2017-01-05 04:00:00-05:00,1.051525,1.052365,1.050155,1.05048,-1.0,-1.0,-1
2017-01-05 05:00:00-05:00,1.05048,1.051365,1.048765,1.04887,-1.0,-1.0,-1
2017-01-05 06:00:00-05:00,1.04887,1.050115,1.048245,1.049375,-1.0,-1.0,-1
2017-01-05 07:00:00-05:00,1.049375,1.051835,1.049195,1.05016,-1.0,-1.0,-1
2017-01-05 08:00:00-05:00,1.05016,1.054285,1.04937,1.053065,-1.0,-1.0,-1
2017-01-05 09:00:00-05:00,1.053065,1.055095,1.0528,1.054525,-1.0,-1.0,-1
2017-01-05 10:00:00-05:00,1.054525,1.060915,1.053635,1.06026,-1.0,-1.0,-1
2017-01-05 11:00:00-05:00,1.06026,1.06154,1.058575,1.05987,-1.0,-1.0,-1
2017-01-05 12:00:00-05:00,1.05987,1.06013,1.05919,1.05984,-1.0,-1.0,-1
2017-01-05 13:00:00-05:00,1.05984,1.06075,1.05907,1.059995,-1.0,-1.0,-1
2017-01-05 14:00:00-05:00,1.059995,1.060115,1.058695,1.05919,-1.0,-1.0,-1
2017-01-05 15:00:00-05:00,1.05919,1.05994,1.058855,1.05991,-1.0,-1.0,-1
2017-01-05 16:00:00-05:00,1.05991,1.06101,1.059895,1.06066,-1.0,-1.0,-1
2017-01-05 17:15:00-05:00,1.060825,1.06084,1.059905,1.060265,-1.0,-1.0,-1
2017-01-05 18:00:00-05:00,1.060265,1.061325,1.060265,1.06041,-1.0,-1.0,-1
2017-01-05 19:00:00-05:00,1.06041,1.060715,1.05855,1.059055,-1.0,-1.0,-1
2017-01-05 20:00:00-05:00,1.059055,1.059175,1.057595,1.05836,-1.0,-1.0,-1
2017-01-05 21:00:00-05:00,1.05836,1.05934,1.057955,1.058745,-1.0,-1.0,-1
2017-01-05 22:00:00-05:00,1.058745,1.059235,1.058015,1.05886,-1.0,-1.0,-1
2017-01-05 23:00:00-05:00,1.05886,1.059145,1.05781,1.058045,-1.0,-1.0,-1
2017-01-06 00:00:00-05:00,1.058045,1.058335,1.05767,1.058265,-1.0,-1.0,-1
2017-01-06 01:00:00-05:00,1.058265,1.058815,1.057505,1.057915,-1.0,-1.0,-1
2017-01-06 02:00:00-05:00,1.057915,1.059095,1.057425,1.058445,-1.0,-1.0,-1
2017-01-06 03:00:00-05:00,1.058445,1.059825,1.058125,1.05938,-1.0,-1.0,-1
2017-01-06 04:00:00-05:00,1.05938,1.060875,1.05867,1.06008,-1.0,-1.0,-1
2017-01-06 05:00:00-05:00,1.06008,1.060765,1.05897,1.060625,-1.0,-1.0,-1
2017-01-06 06:00:00-05:00,1.060625,1.060635,1.058365,1.058625,-1.0,-1.0,-1
2017-01-06 07:00:00-05:00,1.058625,1.058685,1.057075,1.057985,-1.0,-1.0,-1
2017-01-06 08:00:00-05:00,1.057985,1.062325,1.05394,1.05441,-1.0,-1.0,-1
2017-01-06 09:00:00-05:00,1.05441,1.05692,1.053555,1.05585,-1.0,-1.0,-1
2017-01-06 10:00:00-05:00,1.05585,1.058305,1.054895,1.057305,-1.0,-1.0,-1
2017-01-06 11:00:00-05:00,1.057305,1.058265,1.055095,1.055875,-1.0,-1.0,-1
2017-01-06 12:00:00-05:00,1.055875,1.056195,1.053575,1.054985,-1.0,-1.0,-1
2017-01-06 13:00:00-05:00,1.054985,1.055205,1.05253,1.052575,-1.0,-1.0,-1
2017-01-06 14:00:00-05:00,1.052575,1.053435,1.052505,1.053115,-1.0,-1.0,-1
2017-01-06 15:00:00-05:00,1.053115,1.053555,1.05277,1.05343,-1.0,-1.0,-1
2017-01-06 16:00:00-05:00,1.05343,1.053545,1.05298,1.05327,-1.0,-1.0,-1
2017-01-08 17:15:00-05:00,1.0531,1.05341,1.052915,1.05328,-1.0,-1.0,-1
2017-01-08 18:00:00-05:00,1.05328,1.0536,1.052605,1.05296,-1.0,-1.0,-1
2017-01-08 19:00:00-05:00,1.05296,1.053595,1.052215,1.053515,-1.0,-1.0,-1
2017-01-08 20:00:00-05:00,1.053515,1.054465,1.053455,1.054215,-1.0,-1.0,-1
2017-01-08 21:00:00-05:00,1.054215,1.05425,1.053245,1.05327,-1.0,-1.0,-1
2017-01-08 22:00:00-05:00,1.05327,1.053485,1.05263,1.052985,-1.0,-1.0,-1
2017-01-08 23:00:00-05:00,1.052985,1.053005,1.05238,1.052635,-1.0,-1.0,-1
2017-01-09 00:00:00-05:00,1.052635,1.053215,1.051655,1.052405,-1.0,-1.0,-1
2017-01-09 01:00:00-05:00,1.052405,1.053665,1.05192,1.053305,-1.0,-1.0,-1
2017-01-09 02:00:00-05:00,1.053305,1.054125,1.052905,1.053745,-1.0,-1.0,-1
2017-01-09 03:00:00-05:00,1.053745,1.05561,1.053455,1.05482,-1.0,-1.0,-1
2017-01-09 04:00:00-05:00,1.05482,1.055225,1.052355,1.052415,-1.0,-1.0,-1
2017-01-09 05:00:00-05:00,1.052415,1.052545,1.05109,1.051835,-1.0,-1.0,-1
2017-01-09 06:00:00-05:00,1.051835,1.05328,1.051255,1.05245,-1.0,-1.0,-1
2017-01-09 07:00:00-05:00,1.05245,1.053145,1.05201,1.05219,-1.0,-1.0,-1
2017-01-09 08:00:00-05:00,1.05219,1.0542,1.05126,1.053475,-1.0,-1.0,-1
2017-01-09 09:00:00-05:00,1.053475,1.05488,1.052455,1.053075,-1.0,-1.0,-1
2017-01-09 10:00:00-05:00,1.053075,1.056395,1.052855,1.05552,-1.0,-1.0,-1
2017-01-09 11:00:00-05:00,1.05552,1.058295,1.055435,1.057545,-1.0,-1.0,-1
2017-01-09 12:00:00-05:00,1.057545,1.057875,1.05614,1.05709,-1.0,-1.0,-1
2017-01-09 13:00:00-05:00,1.05709,1.05777,1.056365,1.056405,-1.0,-1.0,-1
2017-01-09 14:00:00-05:00,1.056405,1.05783,1.056225,1.05778,-1.0,-1.0,-1
2017-01-09 15:00:00-05:00,1.05778,1.05783,1.055805,1.05689,-1.0,-1.0,-1
2017-01-09 16:00:00-05:00,1.05689,1.057485,1.056685,1.057365,-1.0,-1.0,-1
2017-01-09 17:15:00-05:00,1.058,1.05889,1.057805,1.05846,-1.0,-1.0,-1
2017-01-09 18:00:00-05:00,1.05846,1.05894,1.05827,1.058595,-1.0,-1.0,-1
2017-01-09 19:00:00-05:00,1.058595,1.059965,1.058425,1.058995,-1.0,-1.0,-1
2017-01-09 20:00:00-05:00,1.058995,1.059515,1.057605,1.057885,-1.0,-1.0,-1
2017-01-09 21:00:00-05:00,1.057885,1.06119,1.057615,1.060705,-1.0,-1.0,-1
2017-01-09 22:00:00-05:00,1.060705,1.062785,1.06044,1.06158,-1.0,-1.0,-1
2017-01-09 23:00:00-05:00,1.06158,1.061935,1.060755,1.060835,-1.0,-1.0,-1
2017-01-10 00:00:00-05:00,1.060835,1.061435,1.0603,1.060965,-1.0,-1.0,-1
2017-01-10 01:00:00-05:00,1.060965,1.061595,1.05937,1.05953,-1.0,-1.0,-1
2017-01-10 02:00:00-05:00,1.05953,1.06036,1.05894,1.05982,-1.0,-1.0,-1
2017-01-10 03:00:00-05:00,1.05982,1.062035,1.05871,1.060395,-1.0,-1.0,-1
2017-01-10 04:00:00-05:00,1.060395,1.060675,1.059015,1.05965,-1.0,-1.0,-1
2017-01-10 05:00:00-05:00,1.05965,1.060025,1.058015,1.059125,-1.0,-1.0,-1
2017-01-10 06:00:00-05:00,1.059125,1.059145,1.057715,1.057825,-1.0,-1.0,-1
2017-01-10 07:00:00-05:00,1.057825,1.0585,1.056235,1.05688,-1.0,-1.0,-1
2017-01-10 08:00:00-05:00,1.05688,1.057685,1.055865,1.05748,-1.0,-1.0,-1
2017-01-10 09:00:00-05:00,1.05748,1.060495,1.056945,1.059545,-1.0,-1.0,-1
2017-01-10 10:00:00-05:00,1.059545,1.060235,1.057115,1.059345,-1.0,-1.0,-1
2017-01-10 11:00:00-05:00,1.059345,1.059825,1.056805,1.05719,-1.0,-1.0,-1
2017-01-10 12:00:00-05:00,1.05719,1.057545,1.055105,1.056125,-1.0,-1.0,-1
2017-01-10 13:00:00-05:00,1.056125,1.056465,1.05561,1.055875,-1.0,-1.0,-1
2017-01-10 14:00:00-05:00,1.055875,1.056335,1.055535,1.055825,-1.0,-1.0,-1
2017-01-10 15:00:00-05:00,1.055825,1.056235,1.055605,1.056185,-1.0,-1.0,-1
2017-01-10 16:00:00-05:00,1.056185,1.05619,1.055405,1.055425,-1.0,-1.0,-1
2017-01-10 17:15:00-05:00,1.05565,1.056155,1.0555,1.05565,-1.0,-1.0,-1
2017-01-10 18:00:00-05:00,1.05565,1.055695,1.055105,1.055235,-1.0,-1.0,-1
2017-01-10 19:00:00-05:00,1.055235,1.05634,1.055135,1.05579,-1.0,-1.0,-1
2017-01-10 20:00:00-05:00,1.05579,1.056605,1.05497,1.055815,-1.0,-1.0,-1
2017-01-10 21:00:00-05:00,1.055815,1.056075,1.05428,1.054615,-1.0,-1.0,-1
2017-01-10 22:00:00-05:00,1.054615,1.055015,1.053625,1.054555,-1.0,-1.0,-1
2017-01-10 23:00:00-05:00,1.054555,1.05507,1.05408,1.055045,-1.0,-1.0,-1
2017-01-11 00:00:00-05:00,1.055045,1.05526,1.054585,1.054985,-1.0,-1.0,-1
2017-01-11 01:00:00-05:00,1.054985,1.056695,1.054985,1.056255,-1.0,-1.0,-1
2017-01-11 02:00:00-05:00,1.056255,1.05633,1.055275,1.055835,-1.0,-1.0,-1
2017-01-11 03:00:00-05:00,1.055835,1.055975,1.05462,1.055795,-1.0,-1.0,-1
2017-01-11 04:00:00-05:00,1.055795,1.05588,1.053035,1.05353,-1.0,-1.0,-1
2017-01-11 05:00:00-05:00,1.05353,1.053625,1.051585,1.052235,-1.0,-1.0,-1
2017-01-11 06:00:00-05:00,1.052235,1.05252,1.05134,1.05192,-1.0,-1.0,-1
2017-01-11 07:00:00-05:00,1.05192,1.052085,1.050005,1.05017,-1.0,-1.0,-1
2017-01-11 08:00:00-05:00,1.05017,1.05157,1.04941,1.051325,-1.0,-1.0,-1
2017-01-11 09:00:00-05:00,1.051325,1.051575,1.0478,1.0481,-1.0,-1.0,-1
2017-01-11 10:00:00-05:00,1.0481,1.048235,1.045365,1.047405,-1.0,-1.0,-1
2017-01-11 11:00:00-05:00,1.047405,1.05412,1.045825,1.04994,-1.0,-1.0,-1
2017-01-11 12:00:00-05:00,1.04994,1.0573,1.047375,1.05583,-1.0,-1.0,-1
2017-01-11 13:00:00-05:00,1.05583,1.062325,1.055455,1.060365,-1.0,-1.0,-1
2017-01-11 14:00:00-05:00,1.060365,1.061435,1.057075,1.057665,-1.0,-1.0,-1
2017-01-11 15:00:00-05:00,1.057665,1.057795,1.056415,1.05729,-1.0,-1.0,-1
2017-01-11 16:00:00-05:00,1.05729,1.0585,1.05728,1.05826,-1.0,-1.0,-1
2017-01-11 17:15:00-05:00,1.058375,1.058435,1.057905,1.05837,-1.0,-1.0,-1
2017-01-11 18:00:00-05:00,1.05837,1.059925,1.05778,1.059455,-1.0,-1.0,-1
2017-01-11 19:00:00-05:00,1.059455,1.05973,1.05716,1.05819,-1.0,-1.0,-1
2017-01-11 20:00:00-05:00,1.05819,1.059325,1.057595,1.058395,-1.0,-1.0,-1
2017-01-11 21:00:00-05:00,1.058395,1.060995,1.058275,1.05989,-1.0,-1.0,-1
2017-01-11 22:00:00-05:00,1.05989,1.061405,1.05939,1.06113,-1.0,-1.0,-1
2017-01-11 23:00:00-05:00,1.06113,1.061285,1.05986,1.05999,-1.0,-1.0,-1
2017-01-12 00:00:00-05:00,1.05999,1.061155,1.059505,1.061135,-1.0,-1.0,-1
2017-01-12 01:00:00-05:00,1.061135,1.063875,1.060485,1.06377,-1.0,-1.0,-1
2017-01-12 02:00:00-05:00,1.06377,1.064315,1.062745,1.06297,-1.0,-1.0,-1
2017-01-12 03:00:00-05:00,1.06297,1.06647,1.062745,1.064345,-1.0,-1.0,-1
2017-01-12 04:00:00-05:00,1.064345,1.06453,1.06278,1.064105,-1.0,-1.0,-1
2017-01-12 05:00:00-05:00,1.064105,1.064285,1.061975,1.063825,-1.0,-1.0,-1
2017-01-12 06:00:00-05:00,1.063825,1.06524,1.06373,1.065225,-1.0,-1.0,-1
2017-01-12 07:00:00-05:00,1.065225,1.068495,1.065155,1.067455,-1.0,-1.0,-1
2017-01-12 08:00:00-05:00,1.067455,1.068265,1.06434,1.065265,-1.0,-1.0,-1
2017-01-12 09:00:00-05:00,1.065265,1.065915,1.06325,1.065865,-1.0,-1.0,-1
2017-01-12 10:00:00-05:00,1.065865,1.06758,1.063755,1.06526,-1.0,-1.0,-1
2017-01-12 11:00:00-05:00,1.06526,1.066775,1.064795,1.066565,-1.0,-1.0,-1
2017-01-12 12:00:00-05:00,1.066565,1.066895,1.06456,1.06487,-1.0,-1.0,-1
2017-01-12 13:00:00-05:00,1.06487,1.065185,1.063035,1.06418,-1.0,-1.0,-1
2017-01-12 14:00:00-05:00,1.06418,1.064285,1.062155,1.062655,-1.0,-1.0,-1
2017-01-12 15:00:00-05:00,1.062655,1.062925,1.061075,1.06233,-1.0,-1.0,-1
2017-01-12 16:00:00-05:00,1.06233,1.062515,1.06116,1.06124,-1.0,-1.0,-1
2017-01-12 17:15:00-05:00,1.0614,1.061875,1.061125,1.061225,-1.0,-1.0,-1
2017-01-12 18:00:00-05:00,1.061225,1.06167,1.060655,1.061615,-1.0,-1.0,-1
2017-01-12 19:00:00-05:00,1.061615,1.06181,1.060505,1.06096,-1.0,-1.0,-1
2017-01-12 20:00:00-05:00,1.06096,1.06197,1.06083,1.061635,-1.0,-1.0,-1
2017-01-12 21:00:00-05:00,1.061635,1.061905,1.060375,1.06054,-1.0,-1.0,-1
2017-01-12 22:00:00-05:00,1.06054,1.061225,1.060415,1.060795,-1.0,-1.0,-1
2017-01-12 23:00:00-05:00,1.060795,1.061775,1.06056,1.06175,-1.0,-1.0,-1
2017-01-13 00:00:00-05:00,1.06175,1.06175,1.06123,1.06173,-1.0,-1.0,-1
2017-01-13 01:00:00-05:00,1.06173,1.06302,1.06144,1.062955,-1.0,-1.0,-1
2017-01-13 02:00:00-05:00,1.062955,1.0641,1.06241,1.06313,-1.0,-1.0,-1
2017-01-13 03:00:00-05:00,1.06313,1.06436,1.062505,1.063425,-1.0,-1.0,-1
2017-01-13 04:00:00-05:00,1.063425,1.065115,1.062765,1.064425,-1.0,-1.0,-1
2017-01-13 05:00:00-05:00,1.064425,1.065435,1.06406,1.06441,-1.0,-1.0,-1
2017-01-13 06:00:00-05:00,1.06441,1.065775,1.06436,1.06459,-1.0,-1.0,-1
2017-01-13 07:00:00-05:00,1.06459,1.065875,1.064315,1.06451,-1.0,-1.0,-1
2017-01-13 08:00:00-05:00,1.06451,1.067455,1.062025,1.064525,-1.0,-1.0,-1
2017-01-13 09:00:00-05:00,1.064525,1.065265,1.060125,1.06053,-1.0,-1.0,-1
2017-01-13 10:00:00-05:00,1.06053,1.062965,1.059625,1.062305,-1.0,-1.0,-1
2017-01-13 11:00:00-05:00,1.062305,1.063125,1.061205,1.062455,-1.0,-1.0,-1
2017-01-13 12:00:00-05:00,1.062455,1.064185,1.06221,1.063735,-1.0,-1.0,-1
2017-01-13 13:00:00-05:00,1.063735,1.06444,1.06296,1.06323,-1.0,-1.0,-1
2017-01-13 14:00:00-05:00,1.06323,1.065295,1.06301,1.06439,-1.0,-1.0,-1
2017-01-13 15:00:00-05:00,1.06439,1.064755,1.063565,1.063705,-1.0,-1.0,-1
2017-01-13 16:00:00-05:00,1.063705,1.06452,1.063685,1.063975,-1.0,-1.0,-1
2017-01-15 17:15:00-05:00,1.0626,1.06296,1.06145,1.062305,-1.0,-1.0,-1
2017-01-15 18:00:00-05:00,1.062305,1.06359,1.062165,1.062745,-1.0,-1.0,-1
2017-01-15 19:00:00-05:00,1.062745,1.063475,1.062435,1.062885,-1.0,-1.0,-1
2017-01-15 20:00:00-05:00,1.062885,1.06306,1.061605,1.06207,-1.0,-1.0,-1
2017-01-15 21:00:00-05:00,1.06207,1.062745,1.061085,1.062185,-1.0,-1.0,-1
2017-01-15 22:00:00-05:00,1.062185,1.06231,1.06064,1.061085,-1.0,-1.0,-1
2017-01-15 23:00:00-05:00,1.061085,1.061545,1.060505,1.06151,-1.0,-1.0,-1
2017-01-16 00:00:00-05:00,1.06151,1.06228,1.06113,1.06209,-1.0,-1.0,-1
2017-01-16 01:00:00-05:00,1.06209,1.062965,1.061725,1.0618,-1.0,-1.0,-1
2017-01-16 02:00:00-05:00,1.0618,1.062285,1.06044,1.061375,-1.0,-1.0,-1
2017-01-16 03:00:00-05:00,1.061375,1.06175,1.057965,1.058305,-1.0,-1.0,-1
2017-01-16 04:00:00-05:00,1.058305,1.059795,1.058045,1.05901,-1.0,-1.0,-1
2017-01-16 05:00:00-05:00,1.05901,1.059565,1.05833,1.0586,-1.0,-1.0,-1
2017-01-16 06:00:00-05:00,1.0586,1.05983,1.057925,1.059395,-1.0,-1.0,-1
2017-01-16 07:00:00-05:00,1.059395,1.05986,1.058545,1.05907,-1.0,-1.0,-1
2017-01-16 08:00:00-05:00,1.05907,1.060115,1.059005,1.059265,-1.0,-1.0,-1
2017-01-16 09:00:00-05:00,1.059265,1.06088,1.05895,1.060665,-1.0,-1.0,-1
2017-01-16 10:00:00-05:00,1.060665,1.060845,1.059255,1.060615,-1.0,-1.0,-1
2017-01-16 11:00:00-05:00,1.060615,1.060855,1.05909,1.06001,-1.0,-1.0,-1
2017-01-16 12:00:00-05:00,1.06001,1.060855,1.059755,1.060435,-1.0,-1.0,-1
2017-01-16 13:00:00-05:00,1.060435,1.06053,1.059725,1.05995,-1.0,-1.0,-1
2017-01-16 14:00:00-05:00,1.05995,1.060525,1.0598,1.060275,-1.0,-1.0,-1
2017-01-16 15:00:00-05:00,1.060275,1.06053,1.059645,1.05995,-1.0,-1.0,-1
2017-01-16 16:00:00-05:00,1.05995,1.060425,1.05983,1.059975,-1.0,-1.0,-1
2017-01-16 17:15:00-05:00,1.0602,1.06042,1.059805,1.05986,-1.0,-1.0,-1
2017-01-16 18:00:00-05:00,1.05986,1.060765,1.05981,1.06025,-1.0,-1.0,-1
2017-01-16 19:00:00-05:00,1.06025,1.061895,1.06024,1.060625,-1.0,-1.0,-1
2017-01-16 20:00:00-05:00,1.060625,1.061075,1.06008,1.060265,-1.0,-1.0,-1
2017-01-16 21:00:00-05:00,1.060265,1.062145,1.060245,1.06205,-1.0,-1.0,-1
2017-01-16 22:00:00-05:00,1.06205,1.063035,1.06146,1.062455,-1.0,-1.0,-1
2017-01-16 23:00:00-05:00,1.062455,1.064365,1.062255,1.06401,-1.0,-1.0,-1
2017-01-17 00:00:00-05:00,1.06401,1.06593,1.064005,1.065755,-1.0,-1.0,-1
2017-01-17 01:00:00-05:00,1.065755,1.066585,1.064695,1.065505,-1.0,-1.0,-1
2017-01-17 02:00:00-05:00,1.065505,1.065855,1.06403,1.06548,-1.0,-1.0,-1
2017-01-17 03:00:00-05:00,1.06548,1.067145,1.065435,1.066295,-1.0,-1.0,-1
2017-01-17 04:00:00-05:00,1.066295,1.06819,1.065505,1.06788,-1.0,-1.0,-1
2017-01-17 05:00:00-05:00,1.06788,1.068205,1.06577,1.06798,-1.0,-1.0,-1
2017-01-17 06:00:00-05:00,1.06798,1.071935,1.067955,1.07096,-1.0,-1.0,-1
2017-01-17 07:00:00-05:00,1.07096,1.071265,1.06834,1.068355,-1.0,-1.0,-1
2017-01-17 08:00:00-05:00,1.068355,1.069355,1.066745,1.069175,-1.0,-1.0,-1
2017-01-17 09:00:00-05:00,1.069175,1.071675,1.068975,1.071525,-1.0,-1.0,-1
2017-01-17 10:00:00-05:00,1.071525,1.071645,1.069085,1.069465,-1.0,-1.0,-1
2017-01-17 11:00:00-05:00,1.069465,1.071295,1.068965,1.06945,-1.0,-1.0,-1
2017-01-17 12:00:00-05:00,1.06945,1.07071,1.069355,1.069925,-1.0,-1.0,-1
2017-01-17 13:00:00-05:00,1.069925,1.07037,1.069445,1.070335,-1.0,-1.0,-1
2017-01-17 14:00:00-05:00,1.070335,1.07133,1.070315,1.07091,-1.0,-1.0,-1
2017-01-17 15:00:00-05:00,1.07091,1.071095,1.07007,1.070495,-1.0,-1.0,-1
2017-01-17 16:00:00-05:00,1.070495,1.07142,1.070475,1.071375,-1.0,-1.0,-1
2017-01-17 17:15:00-05:00,1.071225,1.07135,1.070915,1.071075,-1.0,-1.0,-1
2017-01-17 18:00:00-05:00,1.071075,1.071315,1.06961,1.069665,-1.0,-1.0,-1
2017-01-17 19:00:00-05:00,1.069665,1.070945,1.06955,1.070935,-1.0,-1.0,-1
2017-01-17 20:00:00-05:00,1.070935,1.071255,1.06916,1.06991,-1.0,-1.0,-1
2017-01-17 21:00:00-05:00,1.06991,1.06991,1.06884,1.069345,-1.0,-1.0,-1
2017-01-17 22:00:00-05:00,1.069345,1.070045,1.069295,1.06977,-1.0,-1.0,-1
2017-01-17 23:00:00-05:00,1.06977,1.070015,1.06932,1.069785,-1.0,-1.0,-1
2017-01-18 00:00:00-05:00,1.069785,1.07002,1.06813,1.06847,-1.0,-1.0,-1
2017-01-18 01:00:00-05:00,1.06847,1.069175,1.06785,1.06803,-1.0,-1.0,-1
2017-01-18 02:00:00-05:00,1.06803,1.068555,1.067605,1.067805,-1.0,-1.0,-1
2017-01-18 03:00:00-05:00,1.067805,1.070475,1.067635,1.06914,-1.0,-1.0,-1
2017-01-18 04:00:00-05:00,1.06914,1.06963,1.06849,1.06958,-1.0,-1.0,-1
2017-01-18 05:00:00-05:00,1.06958,1.069655,1.067975,1.068565,-1.0,-1.0,-1
2017-01-18 06:00:00-05:00,1.068565,1.068865,1.067915,1.068685,-1.0,-1.0,-1
2017-01-18 07:00:00-05:00,1.068685,1.06886,1.0665,1.06658,-1.0,-1.0,-1
2017-01-18 08:00:00-05:00,1.06658,1.067355,1.06556,1.066845,-1.0,-1.0,-1
2017-01-18 09:00:00-05:00,1.066845,1.06893,1.0665,1.068425,-1.0,-1.0,-1
2017-01-18 10:00:00-05:00,1.068425,1.070305,1.06807,1.069525,-1.0,-1.0,-1
2017-01-18 11:00:00-05:00,1.069525,1.069645,1.06767,1.06825,-1.0,-1.0,-1
2017-01-18 12:00:00-05:00,1.06825,1.06921,1.067545,1.068305,-1.0,-1.0,-1
2017-01-18 13:00:00-05:00,1.068305,1.06835,1.066365,1.066665,-1.0,-1.0,-1
2017-01-18 14:00:00-05:00,1.066665,1.06722,1.066045,1.067175,-1.0,-1.0,-1
2017-01-18 15:00:00-05:00,1.067175,1.067255,1.06304,1.06384,-1.0,-1.0,-1
2017-01-18 16:00:00-05:00,1.06384,1.063895,1.06289,1.063015,-1.0,-1.0,-1
2017-01-18 17:15:00-05:00,1.063125,1.063545,1.063005,1.06335,-1.0,-1.0,-1
2017-01-18 18:00:00-05:00,1.06335,1.06354,1.062445,1.06282,-1.0,-1.0,-1
2017-01-18 19:00:00-05:00,1.06282,1.06346,1.062225,1.062575,-1.0,-1.0,-1
2017-01-18 20:00:00-05:00,1.062575,1.063305,1.062325,1.062815,-1.0,-1.0,-1
2017-01-18 21:00:00-05:00,1.062815,1.064215,1.062715,1.06375,-1.0,-1.0,-1
2017-01-18 22:00:00-05:00,1.06375,1.06455,1.063475,1.063885,-1.0,-1.0,-1
2017-01-18 23:00:00-05:00,1.063885,1.064325,1.063695,1.06407,-1.0,-1.0,-1
2017-01-19 00:00:00-05:00,1.06407,1.0641,1.063245,1.063915,-1.0,-1.0,-1
2017-01-19 01:00:00-05:00,1.063915,1.06439,1.06333,1.06422,-1.0,-1.0,-1
2017-01-19 02:00:00-05:00,1.06422,1.06472,1.063245,1.06421,-1.0,-1.0,-1
2017-01-19 03:00:00-05:00,1.06421,1.065565,1.063785,1.06551,-1.0,-1.0,-1
2017-01-19 04:00:00-05:00,1.06551,1.06706,1.06523,1.066085,-1.0,-1.0,-1
2017-01-19 05:00:00-05:00,1.066085,1.066295,1.06535,1.06561,-1.0,-1.0,-1
2017-01-19 06:00:00-05:00,1.06561,1.0665,1.06535,1.066405,-1.0,-1.0,-1
2017-01-19 07:00:00-05:00,1.066405,1.06693,1.065775,1.066905,-1.0,-1.0,-1
2017-01-19 08:00:00-05:00,1.066905,1.067675,1.060295,1.061925,-1.0,-1.0,-1
2017-01-19 09:00:00-05:00,1.061925,1.062285,1.058945,1.059105,-1.0,-1.0,-1
2017-01-19 10:00:00-05:00,1.059105,1.06221,1.058925,1.060945,-1.0,-1.0,-1
2017-01-19 11:00:00-05:00,1.060945,1.06369,1.060945,1.063005,-1.0,-1.0,-1
2017-01-19 12:00:00-05:00,1.063005,1.06336,1.061465,1.063215,-1.0,-1.0,-1
2017-01-19 13:00:00-05:00,1.063215,1.064125,1.061825,1.062665,-1.0,-1.0,-1
2017-01-19 14:00:00-05:00,1.062665,1.066055,1.062565,1.065975,-1.0,-1.0,-1
2017-01-19 15:00:00-05:00,1.065975,1.06694,1.06551,1.066065,-1.0,-1.0,-1
2017-01-19 16:00:00-05:00,1.066065,1.066605,1.06574,1.06635,-1.0,-1.0,-1
2017-01-19 17:15:00-05:00,1.066225,1.06655,1.065775,1.06584,-1.0,-1.0,-1
2017-01-19 18:00:00-05:00,1.06584,1.06622,1.065625,1.065945,-1.0,-1.0,-1
2017-01-19 19:00:00-05:00,1.065945,1.066205,1.065235,1.06537,-1.0,-1.0,-1
2017-01-19 20:00:00-05:00,1.06537,1.06878,1.065365,1.06815,-1.0,-1.0,-1
2017-01-19 21:00:00-05:00,1.06815,1.0684,1.067485,1.06772,-1.0,-1.0,-1
2017-01-19 22:00:00-05:00,1.06772,1.069355,1.06772,1.06852,-1.0,-1.0,-1
2017-01-19 23:00:00-05:00,1.06852,1.0686,1.067825,1.068035,-1.0,-1.0,-1
2017-01-20 00:00:00-05:00,1.068035,1.068175,1.06713,1.067245,-1.0,-1.0,-1
2017-01-20 01:00:00-05:00,1.067245,1.068625,1.067235,1.068275,-1.0,-1.0,-1
2017-01-20 02:00:00-05:00,1.068275,1.069215,1.06713,1.06722,-1.0,-1.0,-1
2017-01-20 03:00:00-05:00,1.06722,1.068365,1.066105,1.06634,-1.0,-1.0,-1
2017-01-20 04:00:00-05:00,1.06634,1.066705,1.064225,1.064635,-1.0,-1.0,-1
2017-01-20 05:00:00-05:00,1.064635,1.06474,1.06277,1.06372,-1.0,-1.0,-1
2017-01-20 06:00:00-05:00,1.06372,1.06416,1.062885,1.063875,-1.0,-1.0,-1
2017-01-20 07:00:00-05:00,1.063875,1.064675,1.062605,1.062765,-1.0,-1.0,-1
2017-01-20 08:00:00-05:00,1.062765,1.065755,1.062525,1.06566,-1.0,-1.0,-1
2017-01-20 09:00:00-05:00,1.06566,1.066675,1.06518,1.065525,-1.0,-1.0,-1
2017-01-20 10:00:00-05:00,1.065525,1.068365,1.065495,1.067885,-1.0,-1.0,-1
2017-01-20 11:00:00-05:00,1.067885,1.068325,1.06641,1.067905,-1.0,-1.0,-1
2017-01-20 12:00:00-05:00,1.067905,1.069565,1.066355,1.06749,-1.0,-1.0,-1
2017-01-20 13:00:00-05:00,1.06749,1.06835,1.066595,1.06816,-1.0,-1.0,-1
2017-01-20 14:00:00-05:00,1.06816,1.07097,1.068035,1.07051,-1.0,-1.0,-1
2017-01-20 15:00:00-05:00,1.07051,1.070605,1.068955,1.06964,-1.0,-1.0,-1
2017-01-20 16:00:00-05:00,1.06964,1.07052,1.06922,1.07025,-1.0,-1.0,-1
2017-01-22 17:15:00-05:00,1.07025,1.070595,1.06952,1.070355,-1.0,-1.0,-1
2017-01-22 18:00:00-05:00,1.070355,1.071685,1.070355,1.071275,-1.0,-1.0,-1
2017-01-22 19:00:00-05:00,1.071275,1.07301,1.07096,1.0724,-1.0,-1.0,-1
2017-01-22 20:00:00-05:00,1.0724,1.074495,1.07215,1.07443,-1.0,-1.0,-1
2017-01-22 21:00:00-05:00,1.07443,1.074615,1.073895,1.07455,-1.0,-1.0,-1
2017-01-22 22:00:00-05:00,1.07455,1.074995,1.074245,1.0744,-1.0,-1.0,-1
2017-01-22 23:00:00-05:00,1.0744,1.074605,1.073705,1.07373,-1.0,-1.0,-1
2017-01-23 00:00:00-05:00,1.07373,1.07484,1.07351,1.07484,-1.0,-1.0,-1
2017-01-23 01:00:00-05:00,1.07484,1.075495,1.074005,1.074205,-1.0,-1.0,-1
2017-01-23 02:00:00-05:00,1.074205,1.075415,1.074005,1.074255,-1.0,-1.0,-1
2017-01-23 03:00:00-05:00,1.074255,1.07496,1.072585,1.072805,-1.0,-1.0,-1
2017-01-23 04:00:00-05:00,1.072805,1.073295,1.072285,1.07259,-1.0,-1.0,-1
2017-01-23 05:00:00-05:00,1.07259,1.074515,1.07258,1.07377,-1.0,-1.0,-1
2017-01-23 06:00:00-05:00,1.07377,1.073905,1.072635,1.072945,-1.0,-1.0,-1
2017-01-23 07:00:00-05:00,1.072945,1.0744,1.072755,1.07345,-1.0,-1.0,-1
2017-01-23 08:00:00-05:00,1.07345,1.073795,1.070935,1.073035,-1.0,-1.0,-1
2017-01-23 09:00:00-05:00,1.073035,1.073345,1.07062,1.072575,-1.0,-1.0,-1
2017-01-23 10:00:00-05:00,1.072575,1.075235,1.072535,1.07478,-1.0,-1.0,-1
2017-01-23 11:00:00-05:00,1.07478,1.07484,1.072685,1.073985,-1.0,-1.0,-1
2017-01-23 12:00:00-05:00,1.073985,1.07422,1.071995,1.0727,-1.0,-1.0,-1
2017-01-23 13:00:00-05:00,1.0727,1.07371,1.072525,1.07361,-1.0,-1.0,-1
2017-01-23 14:00:00-05:00,1.07361,1.074985,1.073585,1.0746,-1.0,-1.0,-1
2017-01-23 15:00:00-05:00,1.0746,1.075225,1.074155,1.074355,-1.0,-1.0,-1
2017-01-23 16:00:00-05:00,1.074355,1.07694,1.0743,1.076415,-1.0,-1.0,-1
2017-01-23 17:15:00-05:00,1.076425,1.077285,1.07626,1.077225,-1.0,-1.0,-1
2017-01-23 18:00:00-05:00,1.077225,1.077245,1.075835,1.075925,-1.0,-1.0,-1
2017-01-23 19:00:00-05:00,1.075925,1.0762,1.07542,1.076005,-1.0,-1.0,-1
2017-01-23 20:00:00-05:00,1.076005,1.076015,1.07454,1.07545,-1.0,-1.0,-1
2017-01-23 21:00:00-05:00,1.07545,1.0767,1.075415,1.07588,-1.0,-1.0,-1
2017-01-23 22:00:00-05:00,1.07588,1.0771,1.075575,1.07599,-1.0,-1.0,-1
2017-01-23 23:00:00-05:00,1.07599,1.07628,1.074925,1.07512,-1.0,-1.0,-1
2017-01-24 00:00:00-05:00,1.07512,1.076005,1.07484,1.075535,-1.0,-1.0,-1
2017-01-24 01:00:00-05:00,1.075535,1.075705,1.073785,1.074105,-1.0,-1.0,-1
2017-01-24 02:00:00-05:00,1.074105,1.07499,1.073385,1.07378,-1.0,-1.0,-1
2017-01-24 03:00:00-05:00,1.07378,1.0753,1.07371,1.074775,-1.0,-1.0,-1
2017-01-24 04:00:00-05:00,1.074775,1.07519,1.07351,1.074045,-1.0,-1.0,-1
2017-01-24 05:00:00-05:00,1.074045,1.0744,1.072865,1.072975,-1.0,-1.0,-1
2017-01-24 06:00:00-05:00,1.072975,1.07444,1.072545,1.07433,-1.0,-1.0,-1
2017-01-24 07:00:00-05:00,1.07433,1.07477,1.073945,1.074185,-1.0,-1.0,-1
2017-01-24 08:00:00-05:00,1.074185,1.075715,1.074045,1.074745,-1.0,-1.0,-1
2017-01-24 09:00:00-05:00,1.074745,1.07665,1.07433,1.076145,-1.0,-1.0,-1
2017-01-24 10:00:00-05:00,1.076145,1.077495,1.074885,1.075245,-1.0,-1.0,-1
2017-01-24 11:00:00-05:00,1.075245,1.075835,1.074635,1.074855,-1.0,-1.0,-1
2017-01-24 12:00:00-05:00,1.074855,1.07611,1.074825,1.07567,-1.0,-1.0,-1
2017-01-24 13:00:00-05:00,1.07567,1.07583,1.073405,1.073485,-1.0,-1.0,-1
2017-01-24 14:00:00-05:00,1.073485,1.073485,1.072195,1.072255,-1.0,-1.0,-1
2017-01-24 15:00:00-05:00,1.072255,1.073355,1.072045,1.073305,-1.0,-1.0,-1
2017-01-24 16:00:00-05:00,1.073305,1.07337,1.07298,1.07317,-1.0,-1.0,-1
2017-01-24 17:15:00-05:00,1.073175,1.07342,1.07281,1.07316,-1.0,-1.0,-1
2017-01-24 18:00:00-05:00,1.07316,1.073325,1.072395,1.07283,-1.0,-1.0,-1
2017-01-24 19:00:00-05:00,1.07283,1.0734,1.072365,1.073115,-1.0,-1.0,-1
2017-01-24 20:00:00-05:00,1.073115,1.073515,1.072195,1.07295,-1.0,-1.0,-1
2017-01-24 21:00:00-05:00,1.07295,1.073795,1.072675,1.073105,-1.0,-1.0,-1
2017-01-24 22:00:00-05:00,1.073105,1.0733,1.07273,1.07315,-1.0,-1.0,-1
2017-01-24 23:00:00-05:00,1.07315,1.073745,1.07304,1.073075,-1.0,-1.0,-1
2017-01-25 00:00:00-05:00,1.073075,1.073075,1.07238,1.072625,-1.0,-1.0,-1
2017-01-25 01:00:00-05:00,1.072625,1.07266,1.07214,1.072145,-1.0,-1.0,-1
2017-01-25 02:00:00-05:00,1.072145,1.0727,1.071135,1.071335,-1.0,-1.0,-1
2017-01-25 03:00:00-05:00,1.071335,1.073275,1.071295,1.07301,-1.0,-1.0,-1
2017-01-25 04:00:00-05:00,1.07301,1.075495,1.07247,1.07497,-1.0,-1.0,-1
2017-01-25 05:00:00-05:00,1.07497,1.075445,1.07419,1.075345,-1.0,-1.0,-1
2017-01-25 06:00:00-05:00,1.075345,1.07565,1.07478,1.075255,-1.0,-1.0,-1
2017-01-25 07:00:00-05:00,1.075255,1.076995,1.0745,1.074565,-1.0,-1.0,-1
2017-01-25 08:00:00-05:00,1.074565,1.074835,1.07357,1.074485,-1.0,-1.0,-1
2017-01-25 09:00:00-05:00,1.074485,1.074545,1.072005,1.072695,-1.0,-1.0,-1
2017-01-25 10:00:00-05:00,1.072695,1.074525,1.07256,1.074095,-1.0,-1.0,-1
2017-01-25 11:00:00-05:00,1.074095,1.075335,1.073205,1.0743,-1.0,-1.0,-1
2017-01-25 12:00:00-05:00,1.0743,1.07451,1.072515,1.073765,-1.0,-1.0,-1
2017-01-25 13:00:00-05:00,1.073765,1.07401,1.072505,1.07262,-1.0,-1.0,-1
2017-01-25 14:00:00-05:00,1.07262,1.074165,1.072025,1.074125,-1.0,-1.0,-1
2017-01-25 15:00:00-05:00,1.074125,1.07528,1.07362,1.07522,-1.0,-1.0,-1
2017-01-25 16:00:00-05:00,1.07522,1.07545,1.07466,1.074775,-1.0,-1.0,-1
2017-01-25 17:15:00-05:00,1.074925,1.07513,1.074595,1.074995,-1.0,-1.0,-1
2017-01-25 18:00:00-05:00,1.074995,1.075405,1.07467,1.075265,-1.0,-1.0,-1
2017-01-25 19:00:00-05:00,1.075265,1.07651,1.07519,1.076285,-1.0,-1.0,-1
2017-01-25 20:00:00-05:00,1.076285,1.07657,1.075765,1.07589,-1.0,-1.0,-1
2017-01-25 21:00:00-05:00,1.07589,1.07612,1.075405,1.07573,-1.0,-1.0,-1
2017-01-25 22:00:00-05:00,1.07573,1.076245,1.07543,1.07568,-1.0,-1.0,-1
2017-01-25 23:00:00-05:00,1.07568,1.075965,1.075335,1.07573,-1.0,-1.0,-1
2017-01-26 00:00:00-05:00,1.07573,1.07607,1.075305,1.07557,-1.0,-1.0,-1
2017-01-26 01:00:00-05:00,1.07557,1.075685,1.073975,1.0742,-1.0,-1.0,-1
2017-01-26 02:00:00-05:00,1.0742,1.07473,1.072915,1.07308,-1.0,-1.0,-1
2017-01-26 03:00:00-05:00,1.07308,1.07439,1.072655,1.073955,-1.0,-1.0,-1
2017-01-26 04:00:00-05:00,1.073955,1.07439,1.071605,1.072115,-1.0,-1.0,-1
2017-01-26 05:00:00-05:00,1.072115,1.07273,1.071285,1.07209,-1.0,-1.0,-1
2017-01-26 06:00:00-05:00,1.07209,1.073345,1.071945,1.073145,-1.0,-1.0,-1
2017-01-26 07:00:00-05:00,1.073145,1.073275,1.070795,1.071065,-1.0,-1.0,-1
2017-01-26 08:00:00-05:00,1.071065,1.071255,1.06887,1.06971,-1.0,-1.0,-1
2017-01-26 09:00:00-05:00,1.06971,1.070485,1.06728,1.068585,-1.0,-1.0,-1
2017-01-26 10:00:00-05:00,1.068585,1.069285,1.066985,1.067135,-1.0,-1.0,-1
2017-01-26 11:00:00-05:00,1.067135,1.067375,1.065765,1.066935,-1.0,-1.0,-1
2017-01-26 12:00:00-05:00,1.066935,1.068845,1.066725,1.06868,-1.0,-1.0,-1
2017-01-26 13:00:00-05:00,1.06868,1.07009,1.068515,1.069615,-1.0,-1.0,-1
2017-01-26 14:00:00-05:00,1.069615,1.070415,1.069155,1.069845,-1.0,-1.0,-1
2017-01-26 15:00:00-05:00,1.069845,1.069875,1.067455,1.067575,-1.0,-1.0,-1
2017-01-26 16:00:00-05:00,1.067575,1.068315,1.066295,1.06816,-1.0,-1.0,-1
2017-01-26 17:15:00-05:00,1.068175,1.06852,1.067815,1.068005,-1.0,-1.0,-1
2017-01-26 18:00:00-05:00,1.068005,1.068395,1.06746,1.06835,-1.0,-1.0,-1
2017-01-26 19:00:00-05:00,1.06835,1.068695,1.067985,1.0683,-1.0,-1.0,-1
2017-01-26 20:00:00-05:00,1.0683,1.06869,1.067265,1.068265,-1.0,-1.0,-1
2017-01-26 21:00:00-05:00,1.068265,1.068885,1.06787,1.068075,-1.0,-1.0,-1
2017-01-26 22:00:00-05:00,1.068075,1.068215,1.067285,1.06752,-1.0,-1.0,-1
2017-01-26 23:00:00-05:00,1.06752,1.067725,1.067215,1.06744,-1.0,-1.0,-1
2017-01-27 00:00:00-05:00,1.06744,1.0675,1.066825,1.067195,-1.0,-1.0,-1
2017-01-27 01:00:00-05:00,1.067195,1.067325,1.066095,1.06648,-1.0,-1.0,-1
2017-01-27 02:00:00-05:00,1.06648,1.067545,1.065845,1.0674,-1.0,-1.0,-1
2017-01-27 03:00:00-05:00,1.0674,1.068465,1.067185,1.068105,-1.0,-1.0,-1
2017-01-27 04:00:00-05:00,1.068105,1.06985,1.068055,1.069305,-1.0,-1.0,-1
2017-01-27 05:00:00-05:00,1.069305,1.069505,1.067575,1.06827,-1.0,-1.0,-1
2017-01-27 06:00:00-05:00,1.06827,1.069735,1.068095,1.069375,-1.0,-1.0,-1
2017-01-27 07:00:00-05:00,1.069375,1.06954,1.067085,1.067485,-1.0,-1.0,-1
2017-01-27 08:00:00-05:00,1.067485,1.070865,1.067345,1.069845,-1.0,-1.0,-1
2017-01-27 09:00:00-05:00,1.069845,1.072515,1.06978,1.070255,-1.0,-1.0,-1
2017-01-27 10:00:00-05:00,1.070255,1.071525,1.070005,1.070615,-1.0,-1.0,-1
2017-01-27 11:00:00-05:00,1.070615,1.070885,1.06895,1.06897,-1.0,-1.0,-1
2017-01-27 12:00:00-05:00,1.06897,1.069285,1.067955,1.068275,-1.0,-1.0,-1
2017-01-27 13:00:00-05:00,1.068275,1.06931,1.067895,1.068975,-1.0,-1.0,-1
2017-01-27 14:00:00-05:00,1.068975,1.06997,1.06892,1.069905,-1.0,-1.0,-1
2017-01-27 15:00:00-05:00,1.069905,1.069925,1.069165,1.069585,-1.0,-1.0,-1
2017-01-27 16:00:00-05:00,1.069585,1.06992,1.069345,1.06966,-1.0,-1.0,-1
2017-01-29 17:15:00-05:00,1.07147,1.07182,1.070775,1.07136,-1.0,-1.0,-1
2017-01-29 18:00:00-05:00,1.07136,1.07185,1.070805,1.071725,-1.0,-1.0,-1
2017-01-29 19:00:00-05:00,1.071725,1.07272,1.071585,1.0723,-1.0,-1.0,-1
2017-01-29 20:00:00-05:00,1.0723,1.07404,1.0723,1.073695,-1.0,-1.0,-1
2017-01-29 21:00:00-05:00,1.073695,1.073695,1.07304,1.07334,-1.0,-1.0,-1
2017-01-29 22:00:00-05:00,1.07334,1.073845,1.073055,1.073205,-1.0,-1.0,-1
2017-01-29 23:00:00-05:00,1.073205,1.07354,1.072925,1.072955,-1.0,-1.0,-1
2017-01-30 00:00:00-05:00,1.072955,1.0732,1.072345,1.07245,-1.0,-1.0,-1
2017-01-30 01:00:00-05:00,1.07245,1.07255,1.071945,1.072085,-1.0,-1.0,-1
2017-01-30 02:00:00-05:00,1.072085,1.07211,1.069835,1.07001,-1.0,-1.0,-1
2017-01-30 03:00:00-05:00,1.07001,1.070195,1.0693,1.06965,-1.0,-1.0,-1
2017-01-30 04:00:00-05:00,1.06965,1.069755,1.06871,1.06956,-1.0,-1.0,-1
2017-01-30 05:00:00-05:00,1.06956,1.069985,1.069025,1.0693,-1.0,-1.0,-1
2017-01-30 06:00:00-05:00,1.0693,1.069405,1.06559,1.066135,-1.0,-1.0,-1
2017-01-30 07:00:00-05:00,1.066135,1.066545,1.062635,1.062925,-1.0,-1.0,-1
2017-01-30 08:00:00-05:00,1.062925,1.06448,1.06202,1.06447,-1.0,-1.0,-1
2017-01-30 09:00:00-05:00,1.06447,1.065955,1.06403,1.065935,-1.0,-1.0,-1
2017-01-30 10:00:00-05:00,1.065935,1.06926,1.065325,1.06878,-1.0,-1.0,-1
2017-01-30 11:00:00-05:00,1.06878,1.069905,1.067965,1.068005,-1.0,-1.0,-1
2017-01-30 12:00:00-05:00,1.068005,1.07095,1.06781,1.069315,-1.0,-1.0,-1
2017-01-30 13:00:00-05:00,1.069315,1.069825,1.06851,1.069215,-1.0,-1.0,-1
2017-01-30 14:00:00-05:00,1.069215,1.069535,1.06861,1.06943,-1.0,-1.0,-1
2017-01-30 15:00:00-05:00,1.06943,1.07001,1.06903,1.069455,-1.0,-1.0,-1
2017-01-30 16:00:00-05:00,1.069455,1.06996,1.069375,1.069565,-1.0,-1.0,-1
2017-01-30 17:15:00-05:00,1.069425,1.07026,1.06937,1.0701,-1.0,-1.0,-1
2017-01-30 18:00:00-05:00,1.0701,1.0709,1.070085,1.07078,-1.0,-1.0,-1
2017-01-30 19:00:00-05:00,1.07078,1.07091,1.069515,1.069725,-1.0,-1.0,-1
2017-01-30 20:00:00-05:00,1.069725,1.069995,1.06929,1.069315,-1.0,-1.0,-1
2017-01-30 21:00:00-05:00,1.069315,1.070585,1.069095,1.070535,-1.0,-1.0,-1
2017-01-30 22:00:00-05:00,1.070535,1.071275,1.06948,1.069795,-1.0,-1.0,-1
2017-01-30 23:00:00-05:00,1.069795,1.070405,1.069275,1.06964,-1.0,-1.0,-1
2017-01-31 00:00:00-05:00,1.06964,1.070335,1.06953,1.069995,-1.0,-1.0,-1
2017-01-31 01:00:00-05:00,1.069995,1.070465,1.069155,1.069285,-1.0,-1.0,-1
2017-01-31 02:00:00-05:00,1.069285,1.07007,1.068465,1.06998,-1.0,-1.0,-1
2017-01-31 03:00:00-05:00,1.06998,1.072495,1.069715,1.06988,-1.0,-1.0,-1
2017-01-31 04:00:00-05:00,1.06988,1.07124,1.069115,1.071205,-1.0,-1.0,-1
2017-01-31 05:00:00-05:00,1.071205,1.07194,1.069975,1.070125,-1.0,-1.0,-1
2017-01-31 06:00:00-05:00,1.070125,1.075255,1.06994,1.07506,-1.0,-1.0,-1
2017-01-31 07:00:00-05:00,1.07506,1.076525,1.074765,1.074835,-1.0,-1.0,-1
2017-01-31 08:00:00-05:00,1.074835,1.076315,1.07428,1.075545,-1.0,-1.0,-1
2017-01-31 09:00:00-05:00,1.075545,1.079485,1.074875,1.079145,-1.0,-1.0,-1
2017-01-31 10:00:00-05:00,1.079145,1.081065,1.077945,1.080995,-1.0,-1.0,-1
2017-01-31 11:00:00-05:00,1.080995,1.081245,1.078215,1.07932,-1.0,-1.0,-1
2017-01-31 12:00:00-05:00,1.07932,1.079695,1.07722,1.07835,-1.0,-1.0,-1
2017-01-31 13:00:00-05:00,1.07835,1.079595,1.078275,1.07928,-1.0,-1.0,-1
2017-01-31 14:00:00-05:00,1.07928,1.08098,1.078995,1.080445,-1.0,-1.0,-1
2017-01-31 15:00:00-05:00,1.080445,1.080455,1.07865,1.07962,-1.0,-1.0,-1
2017-01-31 16:00:00-05:00,1.07962,1.08002,1.07924,1.079755,-1.0,-1.0,-1
2017-01-31 17:15:00-05:00,1.079575,1.079835,1.07914,1.07958,-1.0,-1.0,-1
2017-01-31 18:00:00-05:00,1.07958,1.08048,1.07958,1.080115,-1.0,-1.0,-1
2017-01-31 19:00:00-05:00,1.080115,1.080115,1.07896,1.079585,-1.0,-1.0,-1
2017-01-31 20:00:00-05:00,1.079585,1.07966,1.078815,1.07932,-1.0,-1.0,-1
2017-01-31 21:00:00-05:00,1.07932,1.07983,1.078935,1.0796,-1.0,-1.0,-1
2017-01-31 22:00:00-05:00,1.0796,1.079835,1.079175,1.07925,-1.0,-1.0,-1
2017-01-31 23:00:00-05:00,1.07925,1.07939,1.07879,1.07907,-1.0,-1.0,-1
2017-02-01 00:00:00-05:00,1.07907,1.079275,1.078755,1.079065,-1.0,-1.0,-1
2017-02-01 01:00:00-05:00,1.079065,1.07913,1.07771,1.07795,-1.0,-1.0,-1
2017-02-01 02:00:00-05:00,1.07795,1.078735,1.07747,1.07817,-1.0,-1.0,-1
2017-02-01 03:00:00-05:00,1.07817,1.079865,1.07792,1.07975,-1.0,-1.0,-1
2017-02-01 04:00:00-05:00,1.07975,1.079925,1.078445,1.07846,-1.0,-1.0,-1
2017-02-01 05:00:00-05:00,1.07846,1.080325,1.078145,1.080295,-1.0,-1.0,-1
2017-02-01 06:00:00-05:00,1.080295,1.080295,1.079105,1.080205,-1.0,-1.0,-1
2017-02-01 07:00:00-05:00,1.080205,1.080745,1.078835,1.078835,-1.0,-1.0,-1
2017-02-01 08:00:00-05:00,1.078835,1.079355,1.076025,1.07606,-1.0,-1.0,-1
2017-02-01 09:00:00-05:00,1.07606,1.0763,1.075055,1.07579,-1.0,-1.0,-1
2017-02-01 10:00:00-05:00,1.07579,1.076165,1.073675,1.075805,-1.0,-1.0,-1
2017-02-01 11:00:00-05:00,1.075805,1.075975,1.074785,1.075645,-1.0,-1.0,-1
2017-02-01 12:00:00-05:00,1.075645,1.076025,1.074705,1.075285,-1.0,-1.0,-1
2017-02-01 13:00:00-05:00,1.075285,1.07541,1.073815,1.07397,-1.0,-1.0,-1
2017-02-01 14:00:00-05:00,1.07397,1.078945,1.073075,1.077635,-1.0,-1.0,-1
2017-02-01 15:00:00-05:00,1.077635,1.077995,1.076495,1.076995,-1.0,-1.0,-1
2017-02-01 16:00:00-05:00,1.076995,1.077245,1.076285,1.076855,-1.0,-1.0,-1
2017-02-01 17:15:00-05:00,1.077025,1.077025,1.07629,1.076735,-1.0,-1.0,-1
2017-02-01 18:00:00-05:00,1.076735,1.077095,1.076245,1.076525,-1.0,-1.0,-1
2017-02-01 19:00:00-05:00,1.076525,1.078325,1.076445,1.07827,-1.0,-1.0,-1
2017-02-01 20:00:00-05:00,1.07827,1.078855,1.077605,1.0783,-1.0,-1.0,-1
2017-02-01 21:00:00-05:00,1.0783,1.07844,1.077635,1.078135,-1.0,-1.0,-1
2017-02-01 22:00:00-05:00,1.078135,1.07934,1.0781,1.078885,-1.0,-1.0,-1
2017-02-01 23:00:00-05:00,1.078885,1.07931,1.078295,1.07843,-1.0,-1.0,-1
2017-02-02 00:00:00-05:00,1.07843,1.07956,1.07843,1.07927,-1.0,-1.0,-1
2017-02-02 01:00:00-05:00,1.07927,1.07955,1.078205,1.078205,-1.0,-1.0,-1
2017-02-02 02:00:00-05:00,1.078205,1.079815,1.077795,1.07928,-1.0,-1.0,-1
2017-02-02 03:00:00-05:00,1.07928,1.081855,1.078825,1.081325,-1.0,-1.0,-1
2017-02-02 04:00:00-05:00,1.081325,1.081695,1.08028,1.08152,-1.0,-1.0,-1
2017-02-02 05:00:00-05:00,1.08152,1.08188,1.080515,1.08098,-1.0,-1.0,-1
2017-02-02 06:00:00-05:00,1.08098,1.081905,1.079425,1.081115,-1.0,-1.0,-1
2017-02-02 07:00:00-05:00,1.081115,1.081505,1.079875,1.08044,-1.0,-1.0,-1
2017-02-02 08:00:00-05:00,1.08044,1.082895,1.080235,1.08145,-1.0,-1.0,-1
2017-02-02 09:00:00-05:00,1.08145,1.082385,1.080465,1.081755,-1.0,-1.0,-1
2017-02-02 10:00:00-05:00,1.081755,1.08194,1.080205,1.080575,-1.0,-1.0,-1
2017-02-02 11:00:00-05:00,1.080575,1.081245,1.079435,1.080255,-1.0,-1.0,-1
2017-02-02 12:00:00-05:00,1.080255,1.080325,1.078455,1.078785,-1.0,-1.0,-1
2017-02-02 13:00:00-05:00,1.078785,1.079465,1.077535,1.077585,-1.0,-1.0,-1
2017-02-02 14:00:00-05:00,1.077585,1.077755,1.07588,1.076485,-1.0,-1.0,-1
2017-02-02 15:00:00-05:00,1.076485,1.0765,1.075595,1.07625,-1.0,-1.0,-1
2017-02-02 16:00:00-05:00,1.07625,1.07639,1.07566,1.075815,-1.0,-1.0,-1
2017-02-02 17:15:00-05:00,1.076095,1.076715,1.075925,1.07618,-1.0,-1.0,-1
2017-02-02 18:00:00-05:00,1.07618,1.07629,1.07571,1.076185,-1.0,-1.0,-1
2017-02-02 19:00:00-05:00,1.076185,1.07653,1.07575,1.0761,-1.0,-1.0,-1
2017-02-02 20:00:00-05:00,1.0761,1.077195,1.07551,1.076955,-1.0,-1.0,-1
2017-02-02 21:00:00-05:00,1.076955,1.077115,1.07559,1.076035,-1.0,-1.0,-1
2017-02-02 22:00:00-05:00,1.076035,1.076125,1.074545,1.075535,-1.0,-1.0,-1
2017-02-02 23:00:00-05:00,1.075535,1.076115,1.07549,1.075775,-1.0,-1.0,-1
2017-02-03 00:00:00-05:00,1.075775,1.075835,1.074965,1.07578,-1.0,-1.0,-1
2017-02-03 01:00:00-05:00,1.07578,1.075955,1.074875,1.075905,-1.0,-1.0,-1
2017-02-03 02:00:00-05:00,1.075905,1.07658,1.075325,1.075785,-1.0,-1.0,-1
2017-02-03 03:00:00-05:00,1.075785,1.0763,1.074125,1.074405,-1.0,-1.0,-1
2017-02-03 04:00:00-05:00,1.074405,1.074925,1.073915,1.074155,-1.0,-1.0,-1
2017-02-03 05:00:00-05:00,1.074155,1.074625,1.07367,1.073855,-1.0,-1.0,-1
2017-02-03 06:00:00-05:00,1.073855,1.074175,1.07275,1.073075,-1.0,-1.0,-1
2017-02-03 07:00:00-05:00,1.073075,1.07431,1.072795,1.073475,-1.0,-1.0,-1
2017-02-03 08:00:00-05:00,1.073475,1.077495,1.071125,1.075615,-1.0,-1.0,-1
2017-02-03 09:00:00-05:00,1.075615,1.07825,1.075575,1.076495,-1.0,-1.0,-1
2017-02-03 10:00:00-05:00,1.076495,1.07977,1.076205,1.078815,-1.0,-1.0,-1
2017-02-03 11:00:00-05:00,1.078815,1.07927,1.077685,1.079075,-1.0,-1.0,-1
2017-02-03 12:00:00-05:00,1.079075,1.07943,1.077945,1.078375,-1.0,-1.0,-1
2017-02-03 13:00:00-05:00,1.078375,1.078645,1.076435,1.076865,-1.0,-1.0,-1
2017-02-03 14:00:00-05:00,1.076865,1.07691,1.075885,1.07666,-1.0,-1.0,-1
2017-02-03 15:00:00-05:00,1.07666,1.078115,1.076515,1.07799,-1.0,-1.0,-1
2017-02-03 16:00:00-05:00,1.07799,1.07885,1.077795,1.078325,-1.0,-1.0,-1
2017-02-05 17:15:00-05:00,1.07902,1.07911,1.07827,1.07847,-1.0,-1.0,-1
2017-02-05 18:00:00-05:00,1.07847,1.078795,1.077825,1.07826,-1.0,-1.0,-1
2017-02-05 19:00:00-05:00,1.07826,1.07847,1.07746,1.078435,-1.0,-1.0,-1
2017-02-05 20:00:00-05:00,1.078435,1.078885,1.077965,1.07799,-1.0,-1.0,-1
2017-02-05 21:00:00-05:00,1.07799,1.07849,1.077675,1.077785,-1.0,-1.0,-1
2017-02-05 22:00:00-05:00,1.077785,1.0783,1.077765,1.078245,-1.0,-1.0,-1
2017-02-05 23:00:00-05:00,1.078245,1.07834,1.07738,1.077565,-1.0,-1.0,-1
2017-02-06 00:00:00-05:00,1.077565,1.077855,1.07733,1.07747,-1.0,-1.0,-1
2017-02-06 01:00:00-05:00,1.07747,1.077765,1.076785,1.0768,-1.0,-1.0,-1
2017-02-06 02:00:00-05:00,1.0768,1.07685,1.07477,1.07525,-1.0,-1.0,-1
2017-02-06 03:00:00-05:00,1.07525,1.075805,1.074315,1.075085,-1.0,-1.0,-1
2017-02-06 04:00:00-05:00,1.075085,1.075585,1.074255,1.07466,-1.0,-1.0,-1
2017-02-06 05:00:00-05:00,1.07466,1.074685,1.0734,1.074055,-1.0,-1.0,-1
2017-02-06 06:00:00-05:00,1.074055,1.074495,1.07334,1.073675,-1.0,-1.0,-1
2017-02-06 07:00:00-05:00,1.073675,1.074395,1.07303,1.073355,-1.0,-1.0,-1
2017-02-06 08:00:00-05:00,1.073355,1.073415,1.070845,1.07133,-1.0,-1.0,-1
2017-02-06 09:00:00-05:00,1.07133,1.073215,1.070555,1.072895,-1.0,-1.0,-1
2017-02-06 10:00:00-05:00,1.072895,1.073995,1.07132,1.073885,-1.0,-1.0,-1
2017-02-06 11:00:00-05:00,1.073885,1.07428,1.0729,1.07305,-1.0,-1.0,-1
2017-02-06 12:00:00-05:00,1.07305,1.07431,1.07292,1.0735,-1.0,-1.0,-1
2017-02-06 13:00:00-05:00,1.0735,1.074615,1.072905,1.074305,-1.0,-1.0,-1
2017-02-06 14:00:00-05:00,1.074305,1.07534,1.074195,1.07475,-1.0,-1.0,-1
2017-02-06 15:00:00-05:00,1.07475,1.075525,1.07431,1.075055,-1.0,-1.0,-1
2017-02-06 16:00:00-05:00,1.075055,1.075415,1.07497,1.07499,-1.0,-1.0,-1
2017-02-06 17:15:00-05:00,1.074845,1.074945,1.074535,1.07484,-1.0,-1.0,-1
2017-02-06 18:00:00-05:00,1.07484,1.07493,1.074145,1.07432,-1.0,-1.0,-1
2017-02-06 19:00:00-05:00,1.07432,1.07446,1.072635,1.073065,-1.0,-1.0,-1
2017-02-06 20:00:00-05:00,1.073065,1.073295,1.072115,1.07303,-1.0,-1.0,-1
2017-02-06 21:00:00-05:00,1.07303,1.073585,1.07227,1.072275,-1.0,-1.0,-1
2017-02-06 22:00:00-05:00,1.072275,1.072425,1.07044,1.07079,-1.0,-1.0,-1
2017-02-06 23:00:00-05:00,1.07079,1.071335,1.07056,1.07097,-1.0,-1.0,-1
2017-02-07 00:00:00-05:00,1.07097,1.071385,1.070725,1.071275,-1.0,-1.0,-1
2017-02-07 01:00:00-05:00,1.071275,1.07132,1.069125,1.06934,-1.0,-1.0,-1
2017-02-07 02:00:00-05:00,1.06934,1.069975,1.068085,1.068185,-1.0,-1.0,-1
2017-02-07 03:00:00-05:00,1.068185,1.068425,1.06614,1.067425,-1.0,-1.0,-1
2017-02-07 04:00:00-05:00,1.067425,1.067485,1.065615,1.06597,-1.0,-1.0,-1
2017-02-07 05:00:00-05:00,1.06597,1.067255,1.065765,1.06681,-1.0,-1.0,-1
2017-02-07 06:00:00-05:00,1.06681,1.067415,1.066175,1.06719,-1.0,-1.0,-1
2017-02-07 07:00:00-05:00,1.06719,1.06862,1.067175,1.067675,-1.0,-1.0,-1
2017-02-07 08:00:00-05:00,1.067675,1.067875,1.066435,1.06759,-1.0,-1.0,-1
2017-02-07 09:00:00-05:00,1.06759,1.067965,1.066815,1.067215,-1.0,-1.0,-1
2017-02-07 10:00:00-05:00,1.067215,1.06878,1.06626,1.06854,-1.0,-1.0,-1
2017-02-07 11:00:00-05:00,1.06854,1.06941,1.068015,1.068995,-1.0,-1.0,-1
2017-02-07 12:00:00-05:00,1.068995,1.07038,1.068735,1.06921,-1.0,-1.0,-1
2017-02-07 13:00:00-05:00,1.06921,1.07062,1.069115,1.06944,-1.0,-1.0,-1
2017-02-07 14:00:00-05:00,1.06944,1.069625,1.06887,1.069615,-1.0,-1.0,-1
2017-02-07 15:00:00-05:00,1.069615,1.069755,1.06873,1.06886,-1.0,-1.0,-1
2017-02-07 16:00:00-05:00,1.06886,1.06887,1.067745,1.06834,-1.0,-1.0,-1
2017-02-07 17:15:00-05:00,1.067825,1.06836,1.06781,1.068025,-1.0,-1.0,-1
2017-02-07 18:00:00-05:00,1.068025,1.06824,1.06754,1.067885,-1.0,-1.0,-1
2017-02-07 19:00:00-05:00,1.067885,1.06797,1.06678,1.06781,-1.0,-1.0,-1
2017-02-07 20:00:00-05:00,1.06781,1.06911,1.067105,1.068525,-1.0,-1.0,-1
2017-02-07 21:00:00-05:00,1.068525,1.069095,1.068215,1.0686,-1.0,-1.0,-1
2017-02-07 22:00:00-05:00,1.0686,1.068965,1.06827,1.068905,-1.0,-1.0,-1
2017-02-07 23:00:00-05:00,1.068905,1.068955,1.06736,1.06774,-1.0,-1.0,-1
2017-02-08 00:00:00-05:00,1.06774,1.068135,1.06759,1.06771,-1.0,-1.0,-1
2017-02-08 01:00:00-05:00,1.06771,1.06805,1.066615,1.06664,-1.0,-1.0,-1
2017-02-08 02:00:00-05:00,1.06664,1.067195,1.06551,1.065865,-1.0,-1.0,-1
2017-02-08 03:00:00-05:00,1.065865,1.066405,1.064295,1.065995,-1.0,-1.0,-1
2017-02-08 04:00:00-05:00,1.065995,1.066155,1.06407,1.064435,-1.0,-1.0,-1
2017-02-08 05:00:00-05:00,1.064435,1.065465,1.064265,1.064625,-1.0,-1.0,-1
2017-02-08 06:00:00-05:00,1.064625,1.064965,1.064165,1.064915,-1.0,-1.0,-1
2017-02-08 07:00:00-05:00,1.064915,1.065895,1.064605,1.065855,-1.0,-1.0,-1
2017-02-08 08:00:00-05:00,1.065855,1.067665,1.065375,1.06702,-1.0,-1.0,-1
2017-02-08 09:00:00-05:00,1.06702,1.070885,1.06702,1.069955,-1.0,-1.0,-1
2017-02-08 10:00:00-05:00,1.069955,1.070835,1.068665,1.070735,-1.0,-1.0,-1
2017-02-08 11:00:00-05:00,1.070735,1.07141,1.069855,1.070675,-1.0,-1.0,-1
2017-02-08 12:00:00-05:00,1.070675,1.07082,1.069435,1.06968,-1.0,-1.0,-1
2017-02-08 13:00:00-05:00,1.06968,1.069705,1.06788,1.068085,-1.0,-1.0,-1
2017-02-08 14:00:00-05:00,1.068085,1.06877,1.067865,1.06865,-1.0,-1.0,-1
2017-02-08 15:00:00-05:00,1.06865,1.06899,1.068415,1.068795,-1.0,-1.0,-1
2017-02-08 16:00:00-05:00,1.068795,1.06987,1.06869,1.069865,-1.0,-1.0,-1
2017-02-08 17:15:00-05:00,1.069575,1.0699,1.06923,1.06956,-1.0,-1.0,-1
2017-02-08 18:00:00-05:00,1.06956,1.069715,1.06908,1.069145,-1.0,-1.0,-1
2017-02-08 19:00:00-05:00,1.069145,1.06957,1.06832,1.06877,-1.0,-1.0,-1
2017-02-08 20:00:00-05:00,1.06877,1.068865,1.06816,1.068515,-1.0,-1.0,-1
2017-02-08 21:00:00-05:00,1.068515,1.068595,1.06776,1.06855,-1.0,-1.0,-1
2017-02-08 22:00:00-05:00,1.06855,1.069485,1.06842,1.068975,-1.0,-1.0,-1
2017-02-08 23:00:00-05:00,1.068975,1.06899,1.06851,1.068785,-1.0,-1.0,-1
2017-02-09 00:00:00-05:00,1.068785,1.06895,1.067655,1.06807,-1.0,-1.0,-1
2017-02-09 01:00:00-05:00,1.06807,1.068375,1.06718,1.06726,-1.0,-1.0,-1
2017-02-09 02:00:00-05:00,1.06726,1.06808,1.06702,1.06792,-1.0,-1.0,-1
2017-02-09 03:00:00-05:00,1.06792,1.070725,1.06782,1.069945,-1.0,-1.0,-1
2017-02-09 04:00:00-05:00,1.069945,1.07097,1.06957,1.070215,-1.0,-1.0,-1
2017-02-09 05:00:00-05:00,1.070215,1.070215,1.069075,1.069175,-1.0,-1.0,-1
2017-02-09 06:00:00-05:00,1.069175,1.069365,1.067455,1.068065,-1.0,-1.0,-1
2017-02-09 07:00:00-05:00,1.068065,1.068755,1.067715,1.068435,-1.0,-1.0,-1
2017-02-09 08:00:00-05:00,1.068435,1.06957,1.06732,1.068185,-1.0,-1.0,-1
2017-02-09 09:00:00-05:00,1.068185,1.069405,1.06622,1.06656,-1.0,-1.0,-1
2017-02-09 10:00:00-05:00,1.06656,1.068045,1.065615,1.066455,-1.0,-1.0,-1
2017-02-09 11:00:00-05:00,1.066455,1.067185,1.065365,1.065705,-1.0,-1.0,-1
2017-02-09 12:00:00-05:00,1.065705,1.066445,1.065585,1.06571,-1.0,-1.0,-1
2017-02-09 13:00:00-05:00,1.06571,1.06617,1.065105,1.06603,-1.0,-1.0,-1
2017-02-09 14:00:00-05:00,1.06603,1.066345,1.065605,1.065825,-1.0,-1.0,-1
2017-02-09 15:00:00-05:00,1.065825,1.066485,1.06557,1.06625,-1.0,-1.0,-1
2017-02-09 16:00:00-05:00,1.06625,1.066485,1.065465,1.065485,-1.0,-1.0,-1
2017-02-09 17:15:00-05:00,1.066,1.066,1.065385,1.06545,-1.0,-1.0,-1
2017-02-09 18:00:00-05:00,1.06545,1.06588,1.065405,1.06574,-1.0,-1.0,-1
2017-02-09 19:00:00-05:00,1.06574,1.06629,1.064965,1.065535,-1.0,-1.0,-1
2017-02-09 20:00:00-05:00,1.065535,1.06674,1.065535,1.066105,-1.0,-1.0,-1
2017-02-09 21:00:00-05:00,1.066105,1.066365,1.065715,1.065955,-1.0,-1.0,-1
2017-02-09 22:00:00-05:00,1.065955,1.06678,1.065955,1.066225,-1.0,-1.0,-1
2017-02-09 23:00:00-05:00,1.066225,1.066285,1.065865,1.066205,-1.0,-1.0,-1
2017-02-10 00:00:00-05:00,1.066205,1.066225,1.065165,1.06531,-1.0,-1.0,-1
2017-02-10 01:00:00-05:00,1.06531,1.065965,1.06505,1.065935,-1.0,-1.0,-1
2017-02-10 02:00:00-05:00,1.065935,1.06637,1.063915,1.063995,-1.0,-1.0,-1
2017-02-10 03:00:00-05:00,1.063995,1.064565,1.06361,1.06398,-1.0,-1.0,-1
2017-02-10 04:00:00-05:00,1.06398,1.064625,1.063815,1.06422,-1.0,-1.0,-1
2017-02-10 05:00:00-05:00,1.06422,1.06483,1.063775,1.064475,-1.0,-1.0,-1
2017-02-10 06:00:00-05:00,1.064475,1.065005,1.063915,1.063975,-1.0,-1.0,-1
2017-02-10 07:00:00-05:00,1.063975,1.064275,1.062635,1.062665,-1.0,-1.0,-1
2017-02-10 08:00:00-05:00,1.062665,1.062995,1.061635,1.061935,-1.0,-1.0,-1
2017-02-10 09:00:00-05:00,1.061935,1.062455,1.060775,1.06223,-1.0,-1.0,-1
2017-02-10 10:00:00-05:00,1.06223,1.063935,1.06188,1.062455,-1.0,-1.0,-1
2017-02-10 11:00:00-05:00,1.062455,1.06523,1.06219,1.06491,-1.0,-1.0,-1
2017-02-10 12:00:00-05:00,1.06491,1.065205,1.063265,1.063425,-1.0,-1.0,-1
2017-02-10 13:00:00-05:00,1.063425,1.06532,1.06272,1.063155,-1.0,-1.0,-1
2017-02-10 14:00:00-05:00,1.063155,1.063385,1.062555,1.063275,-1.0,-1.0,-1
2017-02-10 15:00:00-05:00,1.063275,1.063865,1.063025,1.063765,-1.0,-1.0,-1
2017-02-10 16:00:00-05:00,1.063765,1.064255,1.063315,1.0641,-1.0,-1.0,-1
2017-02-12 17:15:00-05:00,1.06345,1.06372,1.06268,1.063155,-1.0,-1.0,-1
2017-02-12 18:00:00-05:00,1.063155,1.063155,1.061765,1.0619,-1.0,-1.0,-1
2017-02-12 19:00:00-05:00,1.0619,1.062335,1.0612,1.062145,-1.0,-1.0,-1
2017-02-12 20:00:00-05:00,1.062145,1.062695,1.062005,1.06208,-1.0,-1.0,-1
2017-02-12 21:00:00-05:00,1.06208,1.06219,1.06151,1.061575,-1.0,-1.0,-1
2017-02-12 22:00:00-05:00,1.061575,1.062185,1.0614,1.061905,-1.0,-1.0,-1
2017-02-12 23:00:00-05:00,1.061905,1.062345,1.061755,1.062275,-1.0,-1.0,-1
2017-02-13 00:00:00-05:00,1.062275,1.06302,1.062085,1.062835,-1.0,-1.0,-1
2017-02-13 01:00:00-05:00,1.062835,1.063495,1.06266,1.063055,-1.0,-1.0,-1
2017-02-13 02:00:00-05:00,1.063055,1.06441,1.062805,1.0643,-1.0,-1.0,-1
2017-02-13 03:00:00-05:00,1.0643,1.065865,1.06419,1.064885,-1.0,-1.0,-1
2017-02-13 04:00:00-05:00,1.064885,1.06501,1.063725,1.063745,-1.0,-1.0,-1
2017-02-13 05:00:00-05:00,1.063745,1.06461,1.06339,1.063965,-1.0,-1.0,-1
2017-02-13 06:00:00-05:00,1.063965,1.064695,1.063555,1.06415,-1.0,-1.0,-1
2017-02-13 07:00:00-05:00,1.06415,1.064695,1.063005,1.063245,-1.0,-1.0,-1
2017-02-13 08:00:00-05:00,1.063245,1.06334,1.06208,1.06237,-1.0,-1.0,-1
2017-02-13 09:00:00-05:00,1.06237,1.062495,1.05998,1.06018,-1.0,-1.0,-1
2017-02-13 10:00:00-05:00,1.06018,1.06078,1.059205,1.060435,-1.0,-1.0,-1
2017-02-13 11:00:00-05:00,1.060435,1.060915,1.059405,1.06024,-1.0,-1.0,-1
2017-02-13 12:00:00-05:00,1.06024,1.06072,1.05955,1.059585,-1.0,-1.0,-1
2017-02-13 13:00:00-05:00,1.059585,1.06053,1.059525,1.060335,-1.0,-1.0,-1
2017-02-13 14:00:00-05:00,1.060335,1.06059,1.059655,1.059915,-1.0,-1.0,-1
2017-02-13 15:00:00-05:00,1.059915,1.060175,1.059515,1.05959,-1.0,-1.0,-1
2017-02-13 16:00:00-05:00,1.05959,1.059885,1.059575,1.059835,-1.0,-1.0,-1
2017-02-13 17:15:00-05:00,1.05957,1.05981,1.059275,1.05961,-1.0,-1.0,-1
2017-02-13 18:00:00-05:00,1.05961,1.05991,1.059305,1.05989,-1.0,-1.0,-1
2017-02-13 19:00:00-05:00,1.05989,1.060915,1.059625,1.06005,-1.0,-1.0,-1
2017-02-13 20:00:00-05:00,1.06005,1.060615,1.05932,1.05958,-1.0,-1.0,-1
2017-02-13 21:00:00-05:00,1.05958,1.059885,1.059155,1.059845,-1.0,-1.0,-1
2017-02-13 22:00:00-05:00,1.059845,1.06042,1.059845,1.060415,-1.0,-1.0,-1
2017-02-13 23:00:00-05:00,1.060415,1.06123,1.060395,1.06108,-1.0,-1.0,-1
2017-02-14 00:00:00-05:00,1.06108,1.06231,1.060985,1.06194,-1.0,-1.0,-1
2017-02-14 01:00:00-05:00,1.06194,1.062395,1.061475,1.062255,-1.0,-1.0,-1
2017-02-14 02:00:00-05:00,1.062255,1.06226,1.060655,1.06073,-1.0,-1.0,-1
2017-02-14 03:00:00-05:00,1.06073,1.06334,1.06071,1.063125,-1.0,-1.0,-1
2017-02-14 04:00:00-05:00,1.063125,1.063195,1.061405,1.06174,-1.0,-1.0,-1
2017-02-14 05:00:00-05:00,1.06174,1.0621,1.060815,1.06175,-1.0,-1.0,-1
2017-02-14 06:00:00-05:00,1.06175,1.063335,1.06155,1.06284,-1.0,-1.0,-1
2017-02-14 07:00:00-05:00,1.06284,1.063045,1.062075,1.06219,-1.0,-1.0,-1
2017-02-14 08:00:00-05:00,1.06219,1.062545,1.061085,1.061305,-1.0,-1.0,-1
2017-02-14 09:00:00-05:00,1.061305,1.061495,1.060175,1.06097,-1.0,-1.0,-1
2017-02-14 10:00:00-05:00,1.06097,1.06145,1.05613,1.056385,-1.0,-1.0,-1
2017-02-14 11:00:00-05:00,1.056385,1.05811,1.056105,1.05768,-1.0,-1.0,-1
2017-02-14 12:00:00-05:00,1.05768,1.05772,1.056395,1.056515,-1.0,-1.0,-1
2017-02-14 13:00:00-05:00,1.056515,1.057395,1.056175,1.05699,-1.0,-1.0,-1
2017-02-14 14:00:00-05:00,1.05699,1.057625,1.05675,1.057355,-1.0,-1.0,-1
2017-02-14 15:00:00-05:00,1.057355,1.05762,1.05701,1.05757,-1.0,-1.0,-1
2017-02-14 16:00:00-05:00,1.05757,1.057995,1.05749,1.05782,-1.0,-1.0,-1
2017-02-14 17:15:00-05:00,1.05768,1.057985,1.05738,1.05775,-1.0,-1.0,-1
2017-02-14 18:00:00-05:00,1.05775,1.05795,1.05743,1.057835,-1.0,-1.0,-1
2017-02-14 19:00:00-05:00,1.057835,1.05786,1.05668,1.05687,-1.0,-1.0,-1
2017-02-14 20:00:00-05:00,1.05687,1.057715,1.056515,1.05736,-1.0,-1.0,-1
2017-02-14 21:00:00-05:00,1.05736,1.057645,1.05684,1.057465,-1.0,-1.0,-1
2017-02-14 22:00:00-05:00,1.057465,1.058395,1.057375,1.05836,-1.0,-1.0,-1
2017-02-14 23:00:00-05:00,1.05836,1.058635,1.057525,1.05765,-1.0,-1.0,-1
2017-02-15 00:00:00-05:00,1.05765,1.05822,1.057605,1.0579,-1.0,-1.0,-1
2017-02-15 01:00:00-05:00,1.0579,1.058225,1.05766,1.058015,-1.0,-1.0,-1
2017-02-15 02:00:00-05:00,1.058015,1.05804,1.0569,1.057445,-1.0,-1.0,-1
2017-02-15 03:00:00-05:00,1.057445,1.05747,1.055255,1.05626,-1.0,-1.0,-1
2017-02-15 04:00:00-05:00,1.05626,1.05626,1.054755,1.055575,-1.0,-1.0,-1
2017-02-15 05:00:00-05:00,1.055575,1.055825,1.054275,1.055295,-1.0,-1.0,-1
2017-02-15 06:00:00-05:00,1.055295,1.056125,1.054795,1.0557,-1.0,-1.0,-1
2017-02-15 07:00:00-05:00,1.0557,1.056085,1.05502,1.05534,-1.0,-1.0,-1
2017-02-15 08:00:00-05:00,1.05534,1.05583,1.05214,1.053415,-1.0,-1.0,-1
2017-02-15 09:00:00-05:00,1.053415,1.056505,1.05315,1.0561,-1.0,-1.0,-1
2017-02-15 10:00:00-05:00,1.0561,1.05806,1.055995,1.057365,-1.0,-1.0,-1
2017-02-15 11:00:00-05:00,1.057365,1.060935,1.057275,1.059655,-1.0,-1.0,-1
2017-02-15 12:00:00-05:00,1.059655,1.060585,1.058095,1.058385,-1.0,-1.0,-1
2017-02-15 13:00:00-05:00,1.058385,1.059145,1.05807,1.058955,-1.0,-1.0,-1
2017-02-15 14:00:00-05:00,1.058955,1.05924,1.05821,1.058945,-1.0,-1.0,-1
2017-02-15 15:00:00-05:00,1.058945,1.06043,1.058775,1.060215,-1.0,-1.0,-1
2017-02-15 16:00:00-05:00,1.060215,1.060715,1.05983,1.06006,-1.0,-1.0,-1
2017-02-15 17:15:00-05:00,1.06005,1.060085,1.059105,1.059245,-1.0,-1.0,-1
2017-02-15 18:00:00-05:00,1.059245,1.060725,1.059245,1.06031,-1.0,-1.0,-1
2017-02-15 19:00:00-05:00,1.06031,1.062315,1.060085,1.062105,-1.0,-1.0,-1
2017-02-15 20:00:00-05:00,1.062105,1.062365,1.06107,1.062135,-1.0,-1.0,-1
2017-02-15 21:00:00-05:00,1.062135,1.06232,1.061185,1.061325,-1.0,-1.0,-1
2017-02-15 22:00:00-05:00,1.061325,1.06188,1.06132,1.06134,-1.0,-1.0,-1
2017-02-15 23:00:00-05:00,1.06134,1.061675,1.06128,1.06154,-1.0,-1.0,-1
2017-02-16 00:00:00-05:00,1.06154,1.062435,1.061315,1.062095,-1.0,-1.0,-1
2017-02-16 01:00:00-05:00,1.062095,1.062145,1.060635,1.06079,-1.0,-1.0,-1
2017-02-16 02:00:00-05:00,1.06079,1.061255,1.059995,1.061185,-1.0,-1.0,-1
2017-02-16 03:00:00-05:00,1.061185,1.063775,1.06105,1.063505,-1.0,-1.0,-1
2017-02-16 04:00:00-05:00,1.063505,1.064145,1.063015,1.063965,-1.0,-1.0,-1
2017-02-16 05:00:00-05:00,1.063965,1.063995,1.062415,1.06315,-1.0,-1.0,-1
2017-02-16 06:00:00-05:00,1.06315,1.063885,1.062545,1.063385,-1.0,-1.0,-1
2017-02-16 07:00:00-05:00,1.063385,1.064505,1.06302,1.064095,-1.0,-1.0,-1
2017-02-16 08:00:00-05:00,1.064095,1.065575,1.063465,1.063685,-1.0,-1.0,-1
2017-02-16 09:00:00-05:00,1.063685,1.066065,1.06331,1.065875,-1.0,-1.0,-1
2017-02-16 10:00:00-05:00,1.065875,1.067675,1.065505,1.066815,-1.0,-1.0,-1
2017-02-16 11:00:00-05:00,1.066815,1.067945,1.065865,1.065995,-1.0,-1.0,-1
2017-02-16 12:00:00-05:00,1.065995,1.06649,1.064745,1.0653,-1.0,-1.0,-1
2017-02-16 13:00:00-05:00,1.0653,1.066545,1.064975,1.0663,-1.0,-1.0,-1
2017-02-16 14:00:00-05:00,1.0663,1.067665,1.065905,1.06763,-1.0,-1.0,-1
2017-02-16 15:00:00-05:00,1.06763,1.067775,1.06694,1.067365,-1.0,-1.0,-1
2017-02-16 16:00:00-05:00,1.067365,1.06769,1.067135,1.06738,-1.0,-1.0,-1
2017-02-16 17:15:00-05:00,1.067275,1.06743,1.06673,1.066855,-1.0,-1.0,-1
2017-02-16 18:00:00-05:00,1.066855,1.067375,1.066855,1.067125,-1.0,-1.0,-1
2017-02-16 19:00:00-05:00,1.067125,1.067485,1.066125,1.06681,-1.0,-1.0,-1
2017-02-16 20:00:00-05:00,1.06681,1.06746,1.06672,1.067135,-1.0,-1.0,-1
2017-02-16 21:00:00-05:00,1.067135,1.06749,1.06694,1.06724,-1.0,-1.0,-1
2017-02-16 22:00:00-05:00,1.06724,1.067685,1.067035,1.06742,-1.0,-1.0,-1
2017-02-16 23:00:00-05:00,1.06742,1.067475,1.06722,1.067465,-1.0,-1.0,-1
2017-02-17 00:00:00-05:00,1.067465,1.067545,1.066935,1.06715,-1.0,-1.0,-1
2017-02-17 01:00:00-05:00,1.06715,1.06735,1.06653,1.066675,-1.0,-1.0,-1
2017-02-17 02:00:00-05:00,1.066675,1.06734,1.065475,1.065525,-1.0,-1.0,-1
2017-02-17 03:00:00-05:00,1.065525,1.065895,1.064105,1.064835,-1.0,-1.0,-1
2017-02-17 04:00:00-05:00,1.064835,1.06535,1.06373,1.064345,-1.0,-1.0,-1
2017-02-17 05:00:00-05:00,1.064345,1.065245,1.064005,1.064495,-1.0,-1.0,-1
2017-02-17 06:00:00-05:00,1.064495,1.065025,1.06418,1.064675,-1.0,-1.0,-1
2017-02-17 07:00:00-05:00,1.064675,1.06579,1.06448,1.0647,-1.0,-1.0,-1
2017-02-17 08:00:00-05:00,1.0647,1.065835,1.064475,1.065525,-1.0,-1.0,-1
2017-02-17 09:00:00-05:00,1.065525,1.06671,1.064435,1.06463,-1.0,-1.0,-1
2017-02-17 10:00:00-05:00,1.06463,1.06507,1.06237,1.062635,-1.0,-1.0,-1
2017-02-17 11:00:00-05:00,1.062635,1.063385,1.061215,1.061425,-1.0,-1.0,-1
2017-02-17 12:00:00-05:00,1.061425,1.06202,1.061255,1.061435,-1.0,-1.0,-1
2017-02-17 13:00:00-05:00,1.061435,1.06167,1.06073,1.06113,-1.0,-1.0,-1
2017-02-17 14:00:00-05:00,1.06113,1.06143,1.060545,1.060615,-1.0,-1.0,-1
2017-02-17 15:00:00-05:00,1.060615,1.061215,1.06059,1.060835,-1.0,-1.0,-1
2017-02-17 16:00:00-05:00,1.060835,1.061665,1.06072,1.06141,-1.0,-1.0,-1
2017-02-19 17:15:00-05:00,1.061575,1.06254,1.061035,1.062085,-1.0,-1.0,-1
2017-02-19 18:00:00-05:00,1.062085,1.0633,1.06187,1.062525,-1.0,-1.0,-1
2017-02-19 19:00:00-05:00,1.062525,1.062695,1.061525,1.06193,-1.0,-1.0,-1
2017-02-19 20:00:00-05:00,1.06193,1.06202,1.0603,1.06095,-1.0,-1.0,-1
2017-02-19 21:00:00-05:00,1.06095,1.06119,1.06054,1.061065,-1.0,-1.0,-1
2017-02-19 22:00:00-05:00,1.061065,1.06146,1.06093,1.06131,-1.0,-1.0,-1
2017-02-19 23:00:00-05:00,1.06131,1.061855,1.061175,1.061855,-1.0,-1.0,-1
2017-02-20 00:00:00-05:00,1.061855,1.061985,1.061325,1.06143,-1.0,-1.0,-1
2017-02-20 01:00:00-05:00,1.06143,1.061525,1.06047,1.06151,-1.0,-1.0,-1
2017-02-20 02:00:00-05:00,1.06151,1.062715,1.061215,1.06167,-1.0,-1.0,-1
2017-02-20 03:00:00-05:00,1.06167,1.0625,1.06128,1.06225,-1.0,-1.0,-1
2017-02-20 04:00:00-05:00,1.06225,1.062995,1.061985,1.06225,-1.0,-1.0,-1
2017-02-20 05:00:00-05:00,1.06225,1.062495,1.061365,1.06202,-1.0,-1.0,-1
2017-02-20 06:00:00-05:00,1.06202,1.06248,1.061745,1.062365,-1.0,-1.0,-1
2017-02-20 07:00:00-05:00,1.062365,1.06289,1.0607,1.060975,-1.0,-1.0,-1
2017-02-20 08:00:00-05:00,1.060975,1.062245,1.060875,1.062095,-1.0,-1.0,-1
2017-02-20 09:00:00-05:00,1.062095,1.062465,1.06132,1.062255,-1.0,-1.0,-1
2017-02-20 10:00:00-05:00,1.062255,1.062725,1.06176,1.062075,-1.0,-1.0,-1
2017-02-20 11:00:00-05:00,1.062075,1.062485,1.061855,1.061965,-1.0,-1.0,-1
2017-02-20 12:00:00-05:00,1.061965,1.06209,1.060745,1.06098,-1.0,-1.0,-1
2017-02-20 13:00:00-05:00,1.06098,1.061285,1.060865,1.061125,-1.0,-1.0,-1
2017-02-20 14:00:00-05:00,1.061125,1.061795,1.0611,1.061475,-1.0,-1.0,-1
2017-02-20 15:00:00-05:00,1.061475,1.061745,1.06118,1.061485,-1.0,-1.0,-1
2017-02-20 16:00:00-05:00,1.061485,1.06161,1.061015,1.061305,-1.0,-1.0,-1
2017-02-20 17:15:00-05:00,1.0612,1.061545,1.061095,1.06139,-1.0,-1.0,-1
2017-02-20 18:00:00-05:00,1.06139,1.061495,1.060865,1.0609,-1.0,-1.0,-1
2017-02-20 19:00:00-05:00,1.0609,1.06128,1.058605,1.059025,-1.0,-1.0,-1
2017-02-20 20:00:00-05:00,1.059025,1.059095,1.05811,1.058475,-1.0,-1.0,-1
2017-02-20 21:00:00-05:00,1.058475,1.058835,1.057895,1.05824,-1.0,-1.0,-1
2017-02-20 22:00:00-05:00,1.05824,1.05835,1.05783,1.05797,-1.0,-1.0,-1
2017-02-20 23:00:00-05:00,1.05797,1.058295,1.05772,1.05812,-1.0,-1.0,-1
2017-02-21 00:00:00-05:00,1.05812,1.058725,1.058065,1.0585,-1.0,-1.0,-1
2017-02-21 01:00:00-05:00,1.0585,1.05893,1.058405,1.058865,-1.0,-1.0,-1
2017-02-21 02:00:00-05:00,1.058865,1.058895,1.05743,1.05779,-1.0,-1.0,-1
2017-02-21 03:00:00-05:00,1.05779,1.057805,1.055765,1.05652,-1.0,-1.0,-1
2017-02-21 04:00:00-05:00,1.05652,1.056785,1.054195,1.05426,-1.0,-1.0,-1
2017-02-21 05:00:00-05:00,1.05426,1.054555,1.053325,1.053875,-1.0,-1.0,-1
2017-02-21 06:00:00-05:00,1.053875,1.054595,1.053235,1.05429,-1.0,-1.0,-1
2017-02-21 07:00:00-05:00,1.05429,1.05438,1.053125,1.05318,-1.0,-1.0,-1
2017-02-21 08:00:00-05:00,1.05318,1.05411,1.052975,1.053715,-1.0,-1.0,-1
2017-02-21 09:00:00-05:00,1.053715,1.054995,1.052575,1.054175,-1.0,-1.0,-1
2017-02-21 10:00:00-05:00,1.054175,1.054625,1.053235,1.053705,-1.0,-1.0,-1
2017-02-21 11:00:00-05:00,1.053705,1.055215,1.05276,1.055055,-1.0,-1.0,-1
2017-02-21 12:00:00-05:00,1.055055,1.055145,1.0543,1.05439,-1.0,-1.0,-1
2017-02-21 13:00:00-05:00,1.05439,1.054935,1.053895,1.054185,-1.0,-1.0,-1
2017-02-21 14:00:00-05:00,1.054185,1.055175,1.05409,1.054785,-1.0,-1.0,-1
2017-02-21 15:00:00-05:00,1.054785,1.05499,1.05444,1.05449,-1.0,-1.0,-1
2017-02-21 16:00:00-05:00,1.05449,1.054505,1.053415,1.053725,-1.0,-1.0,-1
2017-02-21 17:15:00-05:00,1.053625,1.05437,1.053415,1.053545,-1.0,-1.0,-1
2017-02-21 18:00:00-05:00,1.053545,1.054375,1.05352,1.05412,-1.0,-1.0,-1
2017-02-21 19:00:00-05:00,1.05412,1.054985,1.05409,1.05438,-1.0,-1.0,-1
2017-02-21 20:00:00-05:00,1.05438,1.055645,1.054345,1.054945,-1.0,-1.0,-1
2017-02-21 21:00:00-05:00,1.054945,1.055335,1.054655,1.055245,-1.0,-1.0,-1
2017-02-21 22:00:00-05:00,1.055245,1.05526,1.05442,1.054715,-1.0,-1.0,-1
2017-02-21 23:00:00-05:00,1.054715,1.054755,1.054365,1.054545,-1.0,-1.0,-1
2017-02-22 00:00:00-05:00,1.054545,1.054575,1.05429,1.05446,-1.0,-1.0,-1
2017-02-22 01:00:00-05:00,1.05446,1.054515,1.05199,1.052645,-1.0,-1.0,-1
2017-02-22 02:00:00-05:00,1.052645,1.052885,1.050515,1.050825,-1.0,-1.0,-1
2017-02-22 03:00:00-05:00,1.050825,1.051215,1.049765,1.050215,-1.0,-1.0,-1
2017-02-22 04:00:00-05:00,1.050215,1.05198,1.050155,1.05089,-1.0,-1.0,-1
2017-02-22 05:00:00-05:00,1.05089,1.051085,1.04942,1.050625,-1.0,-1.0,-1
2017-02-22 06:00:00-05:00,1.050625,1.050795,1.049375,1.049925,-1.0,-1.0,-1
2017-02-22 07:00:00-05:00,1.049925,1.051395,1.04956,1.05139,-1.0,-1.0,-1
2017-02-22 08:00:00-05:00,1.05139,1.051715,1.050765,1.05144,-1.0,-1.0,-1
2017-02-22 09:00:00-05:00,1.05144,1.052105,1.050645,1.050725,-1.0,-1.0,-1
2017-02-22 10:00:00-05:00,1.050725,1.05495,1.049615,1.054865,-1.0,-1.0,-1
2017-02-22 11:00:00-05:00,1.054865,1.05597,1.053255,1.05544,-1.0,-1.0,-1
2017-02-22 12:00:00-05:00,1.05544,1.05657,1.054315,1.05465,-1.0,-1.0,-1
2017-02-22 13:00:00-05:00,1.05465,1.054875,1.05341,1.0538,-1.0,-1.0,-1
2017-02-22 14:00:00-05:00,1.0538,1.05725,1.053,1.0571,-1.0,-1.0,-1
2017-02-22 15:00:00-05:00,1.0571,1.057405,1.05661,1.05662,-1.0,-1.0,-1
2017-02-22 16:00:00-05:00,1.05662,1.05703,1.055645,1.055865,-1.0,-1.0,-1
2017-02-22 17:15:00-05:00,1.05575,1.05628,1.05529,1.05567,-1.0,-1.0,-1
2017-02-22 18:00:00-05:00,1.05567,1.055815,1.05453,1.05507,-1.0,-1.0,-1
2017-02-22 19:00:00-05:00,1.05507,1.05534,1.05443,1.055175,-1.0,-1.0,-1
2017-02-22 20:00:00-05:00,1.055175,1.055615,1.05495,1.055265,-1.0,-1.0,-1
2017-02-22 21:00:00-05:00,1.055265,1.055465,1.054785,1.055405,-1.0,-1.0,-1
2017-02-22 22:00:00-05:00,1.055405,1.05671,1.055225,1.056645,-1.0,-1.0,-1
2017-02-22 23:00:00-05:00,1.056645,1.056725,1.056015,1.05624,-1.0,-1.0,-1
2017-02-23 00:00:00-05:00,1.05624,1.057235,1.056195,1.056585,-1.0,-1.0,-1
2017-02-23 01:00:00-05:00,1.056585,1.056745,1.05528,1.0558,-1.0,-1.0,-1
2017-02-23 02:00:00-05:00,1.0558,1.056095,1.053805,1.05543,-1.0,-1.0,-1
2017-02-23 03:00:00-05:00,1.05543,1.056475,1.054975,1.05534,-1.0,-1.0,-1
2017-02-23 04:00:00-05:00,1.05534,1.05593,1.053935,1.054665,-1.0,-1.0,-1
2017-02-23 05:00:00-05:00,1.054665,1.05508,1.05377,1.054615,-1.0,-1.0,-1
2017-02-23 06:00:00-05:00,1.054615,1.05561,1.054025,1.05525,-1.0,-1.0,-1
2017-02-23 07:00:00-05:00,1.05525,1.05696,1.05478,1.05684,-1.0,-1.0,-1
2017-02-23 08:00:00-05:00,1.05684,1.058545,1.056205,1.057955,-1.0,-1.0,-1
2017-02-23 09:00:00-05:00,1.057955,1.058795,1.057135,1.05813,-1.0,-1.0,-1
2017-02-23 10:00:00-05:00,1.05813,1.059535,1.057595,1.05942,-1.0,-1.0,-1
2017-02-23 11:00:00-05:00,1.05942,1.059435,1.05752,1.058545,-1.0,-1.0,-1
2017-02-23 12:00:00-05:00,1.058545,1.058885,1.056385,1.056685,-1.0,-1.0,-1
2017-02-23 13:00:00-05:00,1.056685,1.057365,1.056415,1.05699,-1.0,-1.0,-1
2017-02-23 14:00:00-05:00,1.05699,1.057645,1.0567,1.057245,-1.0,-1.0,-1
2017-02-23 15:00:00-05:00,1.057245,1.058255,1.057245,1.058225,-1.0,-1.0,-1
2017-02-23 16:00:00-05:00,1.058225,1.05859,1.057765,1.0582,-1.0,-1.0,-1
2017-02-23 17:15:00-05:00,1.058175,1.058275,1.05777,1.057785,-1.0,-1.0,-1
2017-02-23 18:00:00-05:00,1.057785,1.058625,1.057785,1.058405,-1.0,-1.0,-1
2017-02-23 19:00:00-05:00,1.058405,1.058505,1.057365,1.057415,-1.0,-1.0,-1
2017-02-23 20:00:00-05:00,1.057415,1.057675,1.0572,1.057465,-1.0,-1.0,-1
2017-02-23 21:00:00-05:00,1.057465,1.057505,1.05697,1.05748,-1.0,-1.0,-1
2017-02-23 22:00:00-05:00,1.05748,1.05827,1.057465,1.05816,-1.0,-1.0,-1
2017-02-23 23:00:00-05:00,1.05816,1.05857,1.05806,1.058105,-1.0,-1.0,-1
2017-02-24 00:00:00-05:00,1.058105,1.05833,1.05771,1.058065,-1.0,-1.0,-1
2017-02-24 01:00:00-05:00,1.058065,1.058965,1.05767,1.058915,-1.0,-1.0,-1
2017-02-24 02:00:00-05:00,1.058915,1.059895,1.05846,1.059565,-1.0,-1.0,-1
2017-02-24 03:00:00-05:00,1.059565,1.060395,1.057415,1.057635,-1.0,-1.0,-1
2017-02-24 04:00:00-05:00,1.057635,1.05955,1.057065,1.059345,-1.0,-1.0,-1
2017-02-24 05:00:00-05:00,1.059345,1.059445,1.058335,1.059255,-1.0,-1.0,-1
2017-02-24 06:00:00-05:00,1.059255,1.061055,1.058885,1.060795,-1.0,-1.0,-1
2017-02-24 07:00:00-05:00,1.060795,1.061795,1.060345,1.06088,-1.0,-1.0,-1
2017-02-24 08:00:00-05:00,1.06088,1.061785,1.06053,1.06138,-1.0,-1.0,-1
2017-02-24 09:00:00-05:00,1.06138,1.06153,1.056565,1.057175,-1.0,-1.0,-1
2017-02-24 10:00:00-05:00,1.057175,1.058995,1.05666,1.056665,-1.0,-1.0,-1
2017-02-24 11:00:00-05:00,1.056665,1.058405,1.05661,1.057995,-1.0,-1.0,-1
2017-02-24 12:00:00-05:00,1.057995,1.059695,1.05657,1.05686,-1.0,-1.0,-1
2017-02-24 13:00:00-05:00,1.05686,1.05775,1.056825,1.057075,-1.0,-1.0,-1
2017-02-24 14:00:00-05:00,1.057075,1.057165,1.055715,1.056445,-1.0,-1.0,-1
2017-02-24 15:00:00-05:00,1.056445,1.056815,1.05576,1.056175,-1.0,-1.0,-1
2017-02-24 16:00:00-05:00,1.056175,1.05628,1.05568,1.05614,-1.0,-1.0,-1
2017-02-26 17:15:00-05:00,1.056375,1.056475,1.055955,1.056015,-1.0,-1.0,-1
2017-02-26 18:00:00-05:00,1.056015,1.056475,1.0552,1.05521,-1.0,-1.0,-1
2017-02-26 19:00:00-05:00,1.05521,1.05675,1.055175,1.056495,-1.0,-1.0,-1
2017-02-26 20:00:00-05:00,1.056495,1.05753,1.056225,1.05716,-1.0,-1.0,-1
2017-02-26 21:00:00-05:00,1.05716,1.05745,1.05654,1.05654,-1.0,-1.0,-1
2017-02-26 22:00:00-05:00,1.05654,1.056745,1.05616,1.056185,-1.0,-1.0,-1
2017-02-26 23:00:00-05:00,1.056185,1.057095,1.056175,1.056645,-1.0,-1.0,-1
2017-02-27 00:00:00-05:00,1.056645,1.056915,1.056315,1.05679,-1.0,-1.0,-1
2017-02-27 01:00:00-05:00,1.05679,1.057005,1.056375,1.05684,-1.0,-1.0,-1
2017-02-27 02:00:00-05:00,1.05684,1.058245,1.056445,1.058155,-1.0,-1.0,-1
2017-02-27 03:00:00-05:00,1.058155,1.058775,1.056685,1.0579,-1.0,-1.0,-1
2017-02-27 04:00:00-05:00,1.0579,1.05879,1.05767,1.05862,-1.0,-1.0,-1
2017-02-27 05:00:00-05:00,1.05862,1.059145,1.05788,1.058245,-1.0,-1.0,-1
2017-02-27 06:00:00-05:00,1.058245,1.058715,1.057805,1.05832,-1.0,-1.0,-1
2017-02-27 07:00:00-05:00,1.05832,1.0587,1.05806,1.05809,-1.0,-1.0,-1
2017-02-27 08:00:00-05:00,1.05809,1.060145,1.05809,1.059885,-1.0,-1.0,-1
2017-02-27 09:00:00-05:00,1.059885,1.06079,1.059325,1.059825,-1.0,-1.0,-1
2017-02-27 10:00:00-05:00,1.059825,1.06144,1.058805,1.06134,-1.0,-1.0,-1
2017-02-27 11:00:00-05:00,1.06134,1.063085,1.061155,1.062535,-1.0,-1.0,-1
2017-02-27 12:00:00-05:00,1.062535,1.06292,1.060345,1.060445,-1.0,-1.0,-1
2017-02-27 13:00:00-05:00,1.060445,1.06071,1.058905,1.05917,-1.0,-1.0,-1
2017-02-27 14:00:00-05:00,1.05917,1.059565,1.058095,1.058855,-1.0,-1.0,-1
2017-02-27 15:00:00-05:00,1.058855,1.05918,1.058425,1.059025,-1.0,-1.0,-1
2017-02-27 16:00:00-05:00,1.059025,1.05908,1.058495,1.058745,-1.0,-1.0,-1
2017-02-27 17:15:00-05:00,1.058695,1.059075,1.05844,1.05871,-1.0,-1.0,-1
2017-02-27 18:00:00-05:00,1.05871,1.05877,1.058065,1.05839,-1.0,-1.0,-1
2017-02-27 19:00:00-05:00,1.05839,1.058585,1.056925,1.057935,-1.0,-1.0,-1
2017-02-27 20:00:00-05:00,1.057935,1.05863,1.05778,1.058375,-1.0,-1.0,-1
2017-02-27 21:00:00-05:00,1.058375,1.05866,1.058295,1.058545,-1.0,-1.0,-1
2017-02-27 22:00:00-05:00,1.058545,1.059065,1.058145,1.05859,-1.0,-1.0,-1
2017-02-27 23:00:00-05:00,1.05859,1.05921,1.05853,1.058855,-1.0,-1.0,-1
2017-02-28 00:00:00-05:00,1.058855,1.05956,1.058665,1.05947,-1.0,-1.0,-1
2017-02-28 01:00:00-05:00,1.05947,1.060375,1.059355,1.059765,-1.0,-1.0,-1
2017-02-28 02:00:00-05:00,1.059765,1.060155,1.05842,1.059485,-1.0,-1.0,-1
2017-02-28 03:00:00-05:00,1.059485,1.059485,1.057635,1.05844,-1.0,-1.0,-1
2017-02-28 04:00:00-05:00,1.05844,1.059425,1.058025,1.058925,-1.0,-1.0,-1
2017-02-28 05:00:00-05:00,1.058925,1.060475,1.058475,1.059575,-1.0,-1.0,-1
2017-02-28 06:00:00-05:00,1.059575,1.060785,1.059375,1.060265,-1.0,-1.0,-1
2017-02-28 07:00:00-05:00,1.060265,1.06059,1.058375,1.058425,-1.0,-1.0,-1
2017-02-28 08:00:00-05:00,1.058425,1.060775,1.05842,1.05953,-1.0,-1.0,-1
2017-02-28 09:00:00-05:00,1.05953,1.06071,1.059155,1.06063,-1.0,-1.0,-1
2017-02-28 10:00:00-05:00,1.06063,1.063025,1.060015,1.062555,-1.0,-1.0,-1
2017-02-28 11:00:00-05:00,1.062555,1.063015,1.06118,1.06175,-1.0,-1.0,-1
2017-02-28 12:00:00-05:00,1.06175,1.06254,1.060485,1.06075,-1.0,-1.0,-1
2017-02-28 13:00:00-05:00,1.06075,1.061075,1.05977,1.06017,-1.0,-1.0,-1
2017-02-28 14:00:00-05:00,1.06017,1.0605,1.059125,1.05922,-1.0,-1.0,-1
2017-02-28 15:00:00-05:00,1.05922,1.05982,1.05865,1.059485,-1.0,-1.0,-1
2017-02-28 16:00:00-05:00,1.059485,1.059485,1.057105,1.05767,-1.0,-1.0,-1
2017-02-28 17:15:00-05:00,1.057725,1.05777,1.05701,1.057305,-1.0,-1.0,-1
2017-02-28 18:00:00-05:00,1.057305,1.057545,1.056685,1.056935,-1.0,-1.0,-1
2017-02-28 19:00:00-05:00,1.056935,1.056945,1.056005,1.056255,-1.0,-1.0,-1
2017-02-28 20:00:00-05:00,1.056255,1.05745,1.055525,1.05722,-1.0,-1.0,-1
2017-02-28 21:00:00-05:00,1.05722,1.05896,1.05613,1.05793,-1.0,-1.0,-1
2017-02-28 22:00:00-05:00,1.05793,1.057945,1.055425,1.055935,-1.0,-1.0,-1
2017-02-28 23:00:00-05:00,1.055935,1.05601,1.05509,1.05526,-1.0,-1.0,-1
2017-03-01 00:00:00-05:00,1.05526,1.05568,1.055165,1.055565,-1.0,-1.0,-1
2017-03-01 01:00:00-05:00,1.055565,1.05605,1.055345,1.05578,-1.0,-1.0,-1
2017-03-01 02:00:00-05:00,1.05578,1.05578,1.05376,1.054035,-1.0,-1.0,-1
2017-03-01 03:00:00-05:00,1.054035,1.05462,1.052575,1.054515,-1.0,-1.0,-1
2017-03-01 04:00:00-05:00,1.054515,1.05473,1.053455,1.053985,-1.0,-1.0,-1
2017-03-01 05:00:00-05:00,1.053985,1.054575,1.053385,1.05455,-1.0,-1.0,-1
2017-03-01 06:00:00-05:00,1.05455,1.0546,1.052645,1.053555,-1.0,-1.0,-1
2017-03-01 07:00:00-05:00,1.053555,1.053645,1.052365,1.05266,-1.0,-1.0,-1
2017-03-01 08:00:00-05:00,1.05266,1.053375,1.051415,1.052535,-1.0,-1.0,-1
2017-03-01 09:00:00-05:00,1.052535,1.053765,1.052015,1.053345,-1.0,-1.0,-1
2017-03-01 10:00:00-05:00,1.053345,1.055995,1.05251,1.055535,-1.0,-1.0,-1
2017-03-01 11:00:00-05:00,1.055535,1.056985,1.054975,1.05637,-1.0,-1.0,-1
2017-03-01 12:00:00-05:00,1.05637,1.05719,1.056215,1.05635,-1.0,-1.0,-1
2017-03-01 13:00:00-05:00,1.05635,1.057125,1.056125,1.05668,-1.0,-1.0,-1
2017-03-01 14:00:00-05:00,1.05668,1.056825,1.05431,1.054425,-1.0,-1.0,-1
2017-03-01 15:00:00-05:00,1.054425,1.05551,1.05429,1.054615,-1.0,-1.0,-1
2017-03-01 16:00:00-05:00,1.054615,1.054795,1.054205,1.054735,-1.0,-1.0,-1
2017-03-01 17:15:00-05:00,1.0551,1.055145,1.054775,1.05511,-1.0,-1.0,-1
2017-03-01 18:00:00-05:00,1.05511,1.05512,1.053475,1.05361,-1.0,-1.0,-1
2017-03-01 19:00:00-05:00,1.05361,1.054315,1.052945,1.054235,-1.0,-1.0,-1
2017-03-01 20:00:00-05:00,1.054235,1.05447,1.053335,1.053445,-1.0,-1.0,-1
2017-03-01 21:00:00-05:00,1.053445,1.053445,1.05282,1.05304,-1.0,-1.0,-1
2017-03-01 22:00:00-05:00,1.05304,1.05347,1.05298,1.05319,-1.0,-1.0,-1
2017-03-01 23:00:00-05:00,1.05319,1.05348,1.05296,1.05328,-1.0,-1.0,-1
2017-03-02 00:00:00-05:00,1.05328,1.053365,1.05306,1.0531,-1.0,-1.0,-1
2017-03-02 01:00:00-05:00,1.0531,1.05364,1.05263,1.05263,-1.0,-1.0,-1
2017-03-02 02:00:00-05:00,1.05263,1.05411,1.05222,1.053955,-1.0,-1.0,-1
2017-03-02 03:00:00-05:00,1.053955,1.054575,1.053125,1.05424,-1.0,-1.0,-1
2017-03-02 04:00:00-05:00,1.05424,1.05439,1.052395,1.05259,-1.0,-1.0,-1
2017-03-02 05:00:00-05:00,1.05259,1.05333,1.052275,1.05277,-1.0,-1.0,-1
2017-03-02 06:00:00-05:00,1.05277,1.053115,1.052055,1.05225,-1.0,-1.0,-1
2017-03-02 07:00:00-05:00,1.05225,1.052275,1.050825,1.05196,-1.0,-1.0,-1
2017-03-02 08:00:00-05:00,1.05196,1.052085,1.050865,1.051405,-1.0,-1.0,-1
2017-03-02 09:00:00-05:00,1.051405,1.051435,1.04991,1.050515,-1.0,-1.0,-1
2017-03-02 10:00:00-05:00,1.050515,1.052835,1.050475,1.052465,-1.0,-1.0,-1
2017-03-02 11:00:00-05:00,1.052465,1.052815,1.051305,1.05139,-1.0,-1.0,-1
2017-03-02 12:00:00-05:00,1.05139,1.051745,1.050505,1.05063,-1.0,-1.0,-1
2017-03-02 13:00:00-05:00,1.05063,1.051175,1.050075,1.05052,-1.0,-1.0,-1
2017-03-02 14:00:00-05:00,1.05052,1.050575,1.049475,1.05016,-1.0,-1.0,-1
2017-03-02 15:00:00-05:00,1.05016,1.050895,1.05,1.050695,-1.0,-1.0,-1
2017-03-02 16:00:00-05:00,1.050695,1.05092,1.050485,1.05068,-1.0,-1.0,-1
2017-03-02 17:15:00-05:00,1.050725,1.05094,1.05044,1.050675,-1.0,-1.0,-1
2017-03-02 18:00:00-05:00,1.050675,1.05081,1.05034,1.050715,-1.0,-1.0,-1
2017-03-02 19:00:00-05:00,1.050715,1.051705,1.050235,1.051545,-1.0,-1.0,-1
2017-03-02 20:00:00-05:00,1.051545,1.051835,1.051195,1.05183,-1.0,-1.0,-1
2017-03-02 21:00:00-05:00,1.05183,1.05233,1.051235,1.05219,-1.0,-1.0,-1
2017-03-02 22:00:00-05:00,1.05219,1.05233,1.05175,1.052105,-1.0,-1.0,-1
2017-03-02 23:00:00-05:00,1.052105,1.052285,1.051735,1.05199,-1.0,-1.0,-1
2017-03-03 00:00:00-05:00,1.05199,1.052085,1.05132,1.051795,-1.0,-1.0,-1
2017-03-03 01:00:00-05:00,1.051795,1.052715,1.0516,1.052625,-1.0,-1.0,-1
2017-03-03 02:00:00-05:00,1.052625,1.05271,1.051775,1.05212,-1.0,-1.0,-1
2017-03-03 03:00:00-05:00,1.05212,1.05218,1.051065,1.0519,-1.0,-1.0,-1
2017-03-03 04:00:00-05:00,1.0519,1.052825,1.05157,1.051685,-1.0,-1.0,-1
2017-03-03 05:00:00-05:00,1.051685,1.05412,1.051575,1.053615,-1.0,-1.0,-1
2017-03-03 06:00:00-05:00,1.053615,1.054685,1.053475,1.053905,-1.0,-1.0,-1
2017-03-03 07:00:00-05:00,1.053905,1.05649,1.053745,1.05575,-1.0,-1.0,-1
2017-03-03 08:00:00-05:00,1.05575,1.057335,1.055435,1.056855,-1.0,-1.0,-1
2017-03-03 09:00:00-05:00,1.056855,1.05702,1.055575,1.05589,-1.0,-1.0,-1
2017-03-03 10:00:00-05:00,1.05589,1.056915,1.05467,1.056265,-1.0,-1.0,-1
2017-03-03 11:00:00-05:00,1.056265,1.056285,1.054425,1.055245,-1.0,-1.0,-1
2017-03-03 12:00:00-05:00,1.055245,1.056395,1.054795,1.056175,-1.0,-1.0,-1
2017-03-03 13:00:00-05:00,1.056175,1.05828,1.05429,1.05826,-1.0,-1.0,-1
2017-03-03 14:00:00-05:00,1.05826,1.060885,1.058045,1.05982,-1.0,-1.0,-1
2017-03-03 15:00:00-05:00,1.05982,1.061755,1.059665,1.06161,-1.0,-1.0,-1
2017-03-03 16:00:00-05:00,1.06161,1.062625,1.0612,1.062525,-1.0,-1.0,-1
2017-03-05 17:15:00-05:00,1.060325,1.061675,1.059825,1.06106,-1.0,-1.0,-1
2017-03-05 18:00:00-05:00,1.06106,1.06218,1.061005,1.06211,-1.0,-1.0,-1
2017-03-05 19:00:00-05:00,1.06211,1.062125,1.06047,1.061235,-1.0,-1.0,-1
2017-03-05 20:00:00-05:00,1.061235,1.06133,1.060565,1.06073,-1.0,-1.0,-1
2017-03-05 21:00:00-05:00,1.06073,1.06127,1.06058,1.060735,-1.0,-1.0,-1
2017-03-05 22:00:00-05:00,1.060735,1.061135,1.06035,1.06054,-1.0,-1.0,-1
2017-03-05 23:00:00-05:00,1.06054,1.06067,1.060055,1.06006,-1.0,-1.0,-1
2017-03-06 00:00:00-05:00,1.06006,1.06052,1.06002,1.06041,-1.0,-1.0,-1
2017-03-06 01:00:00-05:00,1.06041,1.060465,1.05922,1.05993,-1.0,-1.0,-1
2017-03-06 02:00:00-05:00,1.05993,1.06066,1.05965,1.05989,-1.0,-1.0,-1
2017-03-06 03:00:00-05:00,1.05989,1.064005,1.05965,1.062525,-1.0,-1.0,-1
2017-03-06 04:00:00-05:00,1.062525,1.063575,1.059035,1.060215,-1.0,-1.0,-1
2017-03-06 05:00:00-05:00,1.060215,1.06034,1.058485,1.05913,-1.0,-1.0,-1
2017-03-06 06:00:00-05:00,1.05913,1.05944,1.058015,1.058055,-1.0,-1.0,-1
2017-03-06 07:00:00-05:00,1.058055,1.059085,1.057695,1.058825,-1.0,-1.0,-1
2017-03-06 08:00:00-05:00,1.058825,1.060575,1.058645,1.059755,-1.0,-1.0,-1
2017-03-06 09:00:00-05:00,1.059755,1.060485,1.059255,1.059855,-1.0,-1.0,-1
2017-03-06 10:00:00-05:00,1.059855,1.060805,1.059455,1.059825,-1.0,-1.0,-1
2017-03-06 11:00:00-05:00,1.059825,1.059925,1.058115,1.05849,-1.0,-1.0,-1
2017-03-06 12:00:00-05:00,1.05849,1.058865,1.057675,1.057755,-1.0,-1.0,-1
2017-03-06 13:00:00-05:00,1.057755,1.058365,1.057455,1.05825,-1.0,-1.0,-1
2017-03-06 14:00:00-05:00,1.05825,1.058855,1.058225,1.058705,-1.0,-1.0,-1
2017-03-06 15:00:00-05:00,1.058705,1.05904,1.05804,1.058255,-1.0,-1.0,-1
2017-03-06 16:00:00-05:00,1.058255,1.058645,1.0581,1.058215,-1.0,-1.0,-1
2017-03-06 17:15:00-05:00,1.05795,1.0583,1.05776,1.058175,-1.0,-1.0,-1
2017-03-06 18:00:00-05:00,1.058175,1.058175,1.05761,1.05793,-1.0,-1.0,-1
2017-03-06 19:00:00-05:00,1.05793,1.058275,1.057275,1.057485,-1.0,-1.0,-1
2017-03-06 20:00:00-05:00,1.057485,1.058375,1.057305,1.058245,-1.0,-1.0,-1
2017-03-06 21:00:00-05:00,1.058245,1.05871,1.058215,1.05859,-1.0,-1.0,-1
2017-03-06 22:00:00-05:00,1.05859,1.05935,1.05839,1.05894,-1.0,-1.0,-1
2017-03-06 23:00:00-05:00,1.05894,1.05927,1.058145,1.05815,-1.0,-1.0,-1
2017-03-07 00:00:00-05:00,1.05815,1.05875,1.058025,1.05855,-1.0,-1.0,-1
2017-03-07 01:00:00-05:00,1.05855,1.05904,1.058315,1.058555,-1.0,-1.0,-1
2017-03-07 02:00:00-05:00,1.058555,1.05994,1.05824,1.059685,-1.0,-1.0,-1
2017-03-07 03:00:00-05:00,1.059685,1.060265,1.058425,1.058505,-1.0,-1.0,-1
2017-03-07 04:00:00-05:00,1.058505,1.058805,1.056335,1.056365,-1.0,-1.0,-1
2017-03-07 05:00:00-05:00,1.056365,1.057725,1.055815,1.057575,-1.0,-1.0,-1
2017-03-07 06:00:00-05:00,1.057575,1.05794,1.057115,1.057475,-1.0,-1.0,-1
2017-03-07 07:00:00-05:00,1.057475,1.05763,1.05671,1.05692,-1.0,-1.0,-1
2017-03-07 08:00:00-05:00,1.05692,1.058035,1.056325,1.056935,-1.0,-1.0,-1
2017-03-07 09:00:00-05:00,1.056935,1.057275,1.056095,1.05634,-1.0,-1.0,-1
2017-03-07 10:00:00-05:00,1.05634,1.058085,1.056105,1.057965,-1.0,-1.0,-1
2017-03-07 11:00:00-05:00,1.057965,1.058295,1.05709,1.058095,-1.0,-1.0,-1
2017-03-07 12:00:00-05:00,1.058095,1.058885,1.05731,1.057495,-1.0,-1.0,-1
2017-03-07 13:00:00-05:00,1.057495,1.05761,1.05666,1.056695,-1.0,-1.0,-1
2017-03-07 14:00:00-05:00,1.056695,1.056965,1.056525,1.056715,-1.0,-1.0,-1
2017-03-07 15:00:00-05:00,1.056715,1.057325,1.05657,1.05701,-1.0,-1.0,-1
2017-03-07 16:00:00-05:00,1.05701,1.057015,1.056585,1.056655,-1.0,-1.0,-1
2017-03-07 17:15:00-05:00,1.05693,1.05696,1.056385,1.05668,-1.0,-1.0,-1
2017-03-07 18:00:00-05:00,1.05668,1.057015,1.056395,1.05694,-1.0,-1.0,-1
2017-03-07 19:00:00-05:00,1.05694,1.05737,1.05676,1.05711,-1.0,-1.0,-1
2017-03-07 20:00:00-05:00,1.05711,1.05743,1.056675,1.056795,-1.0,-1.0,-1
2017-03-07 21:00:00-05:00,1.056795,1.056975,1.05632,1.05687,-1.0,-1.0,-1
2017-03-07 22:00:00-05:00,1.05687,1.056885,1.0564,1.056635,-1.0,-1.0,-1
2017-03-07 23:00:00-05:00,1.056635,1.056835,1.05599,1.056125,-1.0,-1.0,-1
2017-03-08 00:00:00-05:00,1.056125,1.05639,1.055825,1.056345,-1.0,-1.0,-1
2017-03-08 01:00:00-05:00,1.056345,1.056955,1.056275,1.056565,-1.0,-1.0,-1
2017-03-08 02:00:00-05:00,1.056565,1.057305,1.055605,1.056035,-1.0,-1.0,-1
2017-03-08 03:00:00-05:00,1.056035,1.056395,1.055115,1.055605,-1.0,-1.0,-1
2017-03-08 04:00:00-05:00,1.055605,1.05582,1.054745,1.055595,-1.0,-1.0,-1
2017-03-08 05:00:00-05:00,1.055595,1.056235,1.055195,1.055695,-1.0,-1.0,-1
2017-03-08 06:00:00-05:00,1.055695,1.05622,1.05538,1.056035,-1.0,-1.0,-1
2017-03-08 07:00:00-05:00,1.056035,1.056225,1.054905,1.05579,-1.0,-1.0,-1
2017-03-08 08:00:00-05:00,1.05579,1.055885,1.053495,1.055385,-1.0,-1.0,-1
2017-03-08 09:00:00-05:00,1.055385,1.056255,1.055035,1.055395,-1.0,-1.0,-1
2017-03-08 10:00:00-05:00,1.055395,1.056135,1.055295,1.055645,-1.0,-1.0,-1
2017-03-08 11:00:00-05:00,1.055645,1.055805,1.05435,1.054645,-1.0,-1.0,-1
2017-03-08 12:00:00-05:00,1.054645,1.054855,1.053625,1.053655,-1.0,-1.0,-1
2017-03-08 13:00:00-05:00,1.053655,1.055065,1.05363,1.054855,-1.0,-1.0,-1
2017-03-08 14:00:00-05:00,1.054855,1.055145,1.05427,1.05488,-1.0,-1.0,-1
2017-03-08 15:00:00-05:00,1.05488,1.054985,1.05414,1.05439,-1.0,-1.0,-1
2017-03-08 16:00:00-05:00,1.05439,1.05444,1.05387,1.05403,-1.0,-1.0,-1
2017-03-08 17:15:00-05:00,1.054275,1.054305,1.053865,1.05408,-1.0,-1.0,-1
2017-03-08 18:00:00-05:00,1.05408,1.05478,1.05392,1.05449,-1.0,-1.0,-1
2017-03-08 19:00:00-05:00,1.05449,1.05451,1.05367,1.0538,-1.0,-1.0,-1
2017-03-08 20:00:00-05:00,1.0538,1.054435,1.053675,1.054285,-1.0,-1.0,-1
2017-03-08 21:00:00-05:00,1.054285,1.054285,1.053725,1.053775,-1.0,-1.0,-1
2017-03-08 22:00:00-05:00,1.053775,1.053885,1.053025,1.053065,-1.0,-1.0,-1
2017-03-08 23:00:00-05:00,1.053065,1.05328,1.052905,1.05311,-1.0,-1.0,-1
2017-03-09 00:00:00-05:00,1.05311,1.053285,1.05281,1.05327,-1.0,-1.0,-1
2017-03-09 01:00:00-05:00,1.05327,1.05438,1.05309,1.053705,-1.0,-1.0,-1
2017-03-09 02:00:00-05:00,1.053705,1.05433,1.052505,1.053475,-1.0,-1.0,-1
2017-03-09 03:00:00-05:00,1.053475,1.056305,1.05332,1.05567,-1.0,-1.0,-1
2017-03-09 04:00:00-05:00,1.05567,1.056975,1.054795,1.055875,-1.0,-1.0,-1
2017-03-09 05:00:00-05:00,1.055875,1.056445,1.055495,1.055755,-1.0,-1.0,-1
2017-03-09 06:00:00-05:00,1.055755,1.05655,1.055305,1.056135,-1.0,-1.0,-1
2017-03-09 07:00:00-05:00,1.056135,1.056615,1.05456,1.055795,-1.0,-1.0,-1
2017-03-09 08:00:00-05:00,1.055795,1.05929,1.054225,1.058445,-1.0,-1.0,-1
2017-03-09 09:00:00-05:00,1.058445,1.061525,1.057955,1.059365,-1.0,-1.0,-1
2017-03-09 10:00:00-05:00,1.059365,1.059415,1.057625,1.058085,-1.0,-1.0,-1
2017-03-09 11:00:00-05:00,1.058085,1.058595,1.05666,1.058505,-1.0,-1.0,-1
2017-03-09 12:00:00-05:00,1.058505,1.05877,1.057915,1.057995,-1.0,-1.0,-1
2017-03-09 13:00:00-05:00,1.057995,1.05968,1.05781,1.059105,-1.0,-1.0,-1
2017-03-09 14:00:00-05:00,1.059105,1.05948,1.058375,1.059205,-1.0,-1.0,-1
2017-03-09 15:00:00-05:00,1.059205,1.059535,1.058205,1.058225,-1.0,-1.0,-1
2017-03-09 16:00:00-05:00,1.058225,1.058515,1.057275,1.057685,-1.0,-1.0,-1
2017-03-09 17:15:00-05:00,1.05785,1.05824,1.05735,1.057535,-1.0,-1.0,-1
2017-03-09 18:00:00-05:00,1.057535,1.05798,1.057245,1.05795,-1.0,-1.0,-1
2017-03-09 19:00:00-05:00,1.05795,1.059245,1.057815,1.058815,-1.0,-1.0,-1
2017-03-09 20:00:00-05:00,1.058815,1.05893,1.05839,1.058735,-1.0,-1.0,-1
2017-03-09 21:00:00-05:00,1.058735,1.059595,1.058735,1.059395,-1.0,-1.0,-1
2017-03-09 22:00:00-05:00,1.059395,1.06008,1.059295,1.059515,-1.0,-1.0,-1
2017-03-09 23:00:00-05:00,1.059515,1.059795,1.059325,1.0597,-1.0,-1.0,-1
2017-03-10 00:00:00-05:00,1.0597,1.060275,1.059525,1.05982,-1.0,-1.0,-1
2017-03-10 01:00:00-05:00,1.05982,1.06021,1.059005,1.059045,-1.0,-1.0,-1
2017-03-10 02:00:00-05:00,1.059045,1.059875,1.05881,1.05943,-1.0,-1.0,-1
2017-03-10 03:00:00-05:00,1.05943,1.061875,1.059275,1.061095,-1.0,-1.0,-1
2017-03-10 04:00:00-05:00,1.061095,1.061945,1.060665,1.061365,-1.0,-1.0,-1
2017-03-10 05:00:00-05:00,1.061365,1.06167,1.060905,1.06105,-1.0,-1.0,-1
2017-03-10 06:00:00-05:00,1.06105,1.06122,1.0604,1.060735,-1.0,-1.0,-1
2017-03-10 07:00:00-05:00,1.060735,1.061525,1.06023,1.060335,-1.0,-1.0,-1
2017-03-10 08:00:00-05:00,1.060335,1.06469,1.05985,1.064625,-1.0,-1.0,-1
2017-03-10 09:00:00-05:00,1.064625,1.06518,1.062005,1.06342,-1.0,-1.0,-1
2017-03-10 10:00:00-05:00,1.06342,1.067075,1.062075,1.065705,-1.0,-1.0,-1
2017-03-10 11:00:00-05:00,1.065705,1.067695,1.064865,1.066695,-1.0,-1.0,-1
2017-03-10 12:00:00-05:00,1.066695,1.067745,1.066405,1.06693,-1.0,-1.0,-1
2017-03-10 13:00:00-05:00,1.06693,1.068675,1.066855,1.068035,-1.0,-1.0,-1
2017-03-10 14:00:00-05:00,1.068035,1.069245,1.067965,1.069155,-1.0,-1.0,-1
2017-03-10 15:00:00-05:00,1.069155,1.069925,1.06864,1.06867,-1.0,-1.0,-1
2017-03-10 16:00:00-05:00,1.06867,1.06895,1.06692,1.06722,-1.0,-1.0,-1
2017-03-12 17:15:00-04:00,1.068425,1.068805,1.068175,1.068595,-1.0,-1.0,-1
2017-03-12 18:00:00-04:00,1.068595,1.068705,1.06788,1.067935,-1.0,-1.0,-1
2017-03-12 19:00:00-04:00,1.067935,1.06928,1.067875,1.06896,-1.0,-1.0,-1
2017-03-12 20:00:00-04:00,1.06896,1.069255,1.06825,1.06825,-1.0,-1.0,-1
2017-03-12 21:00:00-04:00,1.06825,1.06873,1.068065,1.068515,-1.0,-1.0,-1
2017-03-12 22:00:00-04:00,1.068515,1.069655,1.06837,1.069485,-1.0,-1.0,-1
2017-03-12 23:00:00-04:00,1.069485,1.07008,1.06946,1.069735,-1.0,-1.0,-1
2017-03-13 00:00:00-04:00,1.069735,1.070075,1.069675,1.06992,-1.0,-1.0,-1
2017-03-13 01:00:00-04:00,1.06992,1.070685,1.069785,1.069795,-1.0,-1.0,-1
2017-03-13 02:00:00-04:00,1.069795,1.071325,1.069695,1.071235,-1.0,-1.0,-1
2017-03-13 03:00:00-04:00,1.071235,1.071445,1.0694,1.06957,-1.0,-1.0,-1
2017-03-13 04:00:00-04:00,1.06957,1.06974,1.067155,1.06744,-1.0,-1.0,-1
2017-03-13 05:00:00-04:00,1.06744,1.067885,1.066475,1.06652,-1.0,-1.0,-1
2017-03-13 06:00:00-04:00,1.06652,1.067465,1.066315,1.067345,-1.0,-1.0,-1
2017-03-13 07:00:00-04:00,1.067345,1.067705,1.06674,1.066775,-1.0,-1.0,-1
2017-03-13 08:00:00-04:00,1.066775,1.067585,1.0659,1.065935,-1.0,-1.0,-1
2017-03-13 09:00:00-04:00,1.065935,1.067055,1.065595,1.06705,-1.0,-1.0,-1
2017-03-13 10:00:00-04:00,1.06705,1.067195,1.065575,1.066595,-1.0,-1.0,-1
2017-03-13 11:00:00-04:00,1.066595,1.067925,1.066405,1.066935,-1.0,-1.0,-1
2017-03-13 12:00:00-04:00,1.066935,1.067335,1.066185,1.066275,-1.0,-1.0,-1
2017-03-13 13:00:00-04:00,1.066275,1.066605,1.065605,1.065915,-1.0,-1.0,-1
2017-03-13 14:00:00-04:00,1.065915,1.06614,1.065335,1.066,-1.0,-1.0,-1
2017-03-13 15:00:00-04:00,1.066,1.066055,1.06535,1.065405,-1.0,-1.0,-1
2017-03-13 16:00:00-04:00,1.065405,1.0655,1.06522,1.065385,-1.0,-1.0,-1
2017-03-13 17:15:00-04:00,1.06535,1.065515,1.06527,1.065385,-1.0,-1.0,-1
2017-03-13 18:00:00-04:00,1.065385,1.06566,1.065205,1.065235,-1.0,-1.0,-1
2017-03-13 19:00:00-04:00,1.065235,1.065315,1.064485,1.065095,-1.0,-1.0,-1
2017-03-13 20:00:00-04:00,1.065095,1.065835,1.065005,1.06563,-1.0,-1.0,-1
2017-03-13 21:00:00-04:00,1.06563,1.065895,1.06521,1.065665,-1.0,-1.0,-1
2017-03-13 22:00:00-04:00,1.065665,1.06578,1.065245,1.065315,-1.0,-1.0,-1
2017-03-13 23:00:00-04:00,1.065315,1.06543,1.065035,1.065405,-1.0,-1.0,-1
2017-03-14 00:00:00-04:00,1.065405,1.065455,1.065125,1.06538,-1.0,-1.0,-1
2017-03-14 01:00:00-04:00,1.06538,1.06601,1.06538,1.065945,-1.0,-1.0,-1
2017-03-14 02:00:00-04:00,1.065945,1.066275,1.064005,1.06456,-1.0,-1.0,-1
2017-03-14 03:00:00-04:00,1.06456,1.06523,1.06375,1.063785,-1.0,-1.0,-1
2017-03-14 04:00:00-04:00,1.063785,1.06483,1.063295,1.064735,-1.0,-1.0,-1
2017-03-14 05:00:00-04:00,1.064735,1.064965,1.06377,1.06395,-1.0,-1.0,-1
2017-03-14 06:00:00-04:00,1.06395,1.064495,1.063535,1.063865,-1.0,-1.0,-1
2017-03-14 07:00:00-04:00,1.063865,1.06395,1.062895,1.06324,-1.0,-1.0,-1
2017-03-14 08:00:00-04:00,1.06324,1.063775,1.062605,1.0629,-1.0,-1.0,-1
2017-03-14 09:00:00-04:00,1.0629,1.0636,1.062715,1.062895,-1.0,-1.0,-1
2017-03-14 10:00:00-04:00,1.062895,1.064315,1.062575,1.063735,-1.0,-1.0,-1
2017-03-14 11:00:00-04:00,1.063735,1.064675,1.063335,1.064515,-1.0,-1.0,-1
2017-03-14 12:00:00-04:00,1.064515,1.064675,1.063655,1.06368,-1.0,-1.0,-1
2017-03-14 13:00:00-04:00,1.06368,1.063685,1.062105,1.062145,-1.0,-1.0,-1
2017-03-14 14:00:00-04:00,1.062145,1.062145,1.060485,1.061105,-1.0,-1.0,-1
2017-03-14 15:00:00-04:00,1.061105,1.06136,1.06027,1.060615,-1.0,-1.0,-1
2017-03-14 16:00:00-04:00,1.060615,1.060745,1.06,1.06041,-1.0,-1.0,-1
2017-03-14 17:15:00-04:00,1.0604,1.0609,1.06037,1.06084,-1.0,-1.0,-1
2017-03-14 18:00:00-04:00,1.06084,1.060955,1.06047,1.06089,-1.0,-1.0,-1
2017-03-14 19:00:00-04:00,1.06089,1.061285,1.06089,1.061215,-1.0,-1.0,-1
2017-03-14 20:00:00-04:00,1.061215,1.06152,1.061105,1.061255,-1.0,-1.0,-1
2017-03-14 21:00:00-04:00,1.061255,1.06191,1.061225,1.06136,-1.0,-1.0,-1
2017-03-14 22:00:00-04:00,1.06136,1.061795,1.06127,1.06167,-1.0,-1.0,-1
2017-03-14 23:00:00-04:00,1.06167,1.061685,1.061225,1.061535,-1.0,-1.0,-1
2017-03-15 00:00:00-04:00,1.061535,1.06184,1.06136,1.06149,-1.0,-1.0,-1
2017-03-15 01:00:00-04:00,1.06149,1.0621,1.061365,1.061995,-1.0,-1.0,-1
2017-03-15 02:00:00-04:00,1.061995,1.062985,1.061675,1.06283,-1.0,-1.0,-1
2017-03-15 03:00:00-04:00,1.06283,1.06394,1.062615,1.063835,-1.0,-1.0,-1
2017-03-15 04:00:00-04:00,1.063835,1.06384,1.062685,1.063225,-1.0,-1.0,-1
2017-03-15 05:00:00-04:00,1.063225,1.063705,1.06226,1.06264,-1.0,-1.0,-1
2017-03-15 06:00:00-04:00,1.06264,1.062965,1.061795,1.06245,-1.0,-1.0,-1
2017-03-15 07:00:00-04:00,1.06245,1.06275,1.06205,1.06232,-1.0,-1.0,-1
2017-03-15 08:00:00-04:00,1.06232,1.06342,1.061925,1.062025,-1.0,-1.0,-1
2017-03-15 09:00:00-04:00,1.062025,1.062545,1.060735,1.06158,-1.0,-1.0,-1
2017-03-15 10:00:00-04:00,1.06158,1.06272,1.061245,1.062575,-1.0,-1.0,-1
2017-03-15 11:00:00-04:00,1.062575,1.063725,1.062475,1.063115,-1.0,-1.0,-1
2017-03-15 12:00:00-04:00,1.063115,1.064475,1.062705,1.06424,-1.0,-1.0,-1
2017-03-15 13:00:00-04:00,1.06424,1.064345,1.06265,1.062725,-1.0,-1.0,-1
2017-03-15 14:00:00-04:00,1.062725,1.071135,1.062225,1.070485,-1.0,-1.0,-1
2017-03-15 15:00:00-04:00,1.070485,1.07188,1.06853,1.070835,-1.0,-1.0,-1
2017-03-15 16:00:00-04:00,1.070835,1.074,1.070585,1.07345,-1.0,-1.0,-1
2017-03-15 17:15:00-04:00,1.072525,1.073725,1.07246,1.07366,-1.0,-1.0,-1
2017-03-15 18:00:00-04:00,1.07366,1.073725,1.072895,1.073015,-1.0,-1.0,-1
2017-03-15 19:00:00-04:00,1.073015,1.073975,1.073015,1.073765,-1.0,-1.0,-1
2017-03-15 20:00:00-04:00,1.073765,1.074655,1.073345,1.073565,-1.0,-1.0,-1
2017-03-15 21:00:00-04:00,1.073565,1.07361,1.07233,1.072525,-1.0,-1.0,-1
2017-03-15 22:00:00-04:00,1.072525,1.07314,1.072225,1.072715,-1.0,-1.0,-1
2017-03-15 23:00:00-04:00,1.072715,1.07285,1.071955,1.072125,-1.0,-1.0,-1
2017-03-16 00:00:00-04:00,1.072125,1.07251,1.072095,1.072355,-1.0,-1.0,-1
2017-03-16 01:00:00-04:00,1.072355,1.073075,1.072355,1.072645,-1.0,-1.0,-1
2017-03-16 02:00:00-04:00,1.072645,1.07408,1.07251,1.072845,-1.0,-1.0,-1
2017-03-16 03:00:00-04:00,1.072845,1.073745,1.072115,1.07257,-1.0,-1.0,-1
2017-03-16 04:00:00-04:00,1.07257,1.072625,1.070575,1.07095,-1.0,-1.0,-1
2017-03-16 05:00:00-04:00,1.07095,1.071775,1.070615,1.071125,-1.0,-1.0,-1
2017-03-16 06:00:00-04:00,1.071125,1.072455,1.071045,1.072425,-1.0,-1.0,-1
2017-03-16 07:00:00-04:00,1.072425,1.073135,1.07229,1.07246,-1.0,-1.0,-1
2017-03-16 08:00:00-04:00,1.07246,1.073555,1.071265,1.073295,-1.0,-1.0,-1
2017-03-16 09:00:00-04:00,1.073295,1.073535,1.07208,1.07261,-1.0,-1.0,-1
2017-03-16 10:00:00-04:00,1.07261,1.074315,1.072435,1.073745,-1.0,-1.0,-1
2017-03-16 11:00:00-04:00,1.073745,1.074115,1.072615,1.073665,-1.0,-1.0,-1
2017-03-16 12:00:00-04:00,1.073665,1.074015,1.07335,1.073775,-1.0,-1.0,-1
2017-03-16 13:00:00-04:00,1.073775,1.073935,1.071235,1.071485,-1.0,-1.0,-1
2017-03-16 14:00:00-04:00,1.071485,1.075025,1.070755,1.07492,-1.0,-1.0,-1
2017-03-16 15:00:00-04:00,1.07492,1.076995,1.074135,1.07691,-1.0,-1.0,-1
2017-03-16 16:00:00-04:00,1.07691,1.07704,1.076345,1.076575,-1.0,-1.0,-1
2017-03-16 17:15:00-04:00,1.0769,1.077445,1.076655,1.077185,-1.0,-1.0,-1
2017-03-16 18:00:00-04:00,1.077185,1.077455,1.07665,1.077155,-1.0,-1.0,-1
2017-03-16 19:00:00-04:00,1.077155,1.077375,1.076875,1.077175,-1.0,-1.0,-1
2017-03-16 20:00:00-04:00,1.077175,1.077375,1.07654,1.076705,-1.0,-1.0,-1
2017-03-16 21:00:00-04:00,1.076705,1.077055,1.076475,1.076985,-1.0,-1.0,-1
2017-03-16 22:00:00-04:00,1.076985,1.077455,1.07697,1.07744,-1.0,-1.0,-1
2017-03-16 23:00:00-04:00,1.07744,1.077465,1.07703,1.077285,-1.0,-1.0,-1
2017-03-17 00:00:00-04:00,1.077285,1.07736,1.07698,1.07714,-1.0,-1.0,-1
2017-03-17 01:00:00-04:00,1.07714,1.07721,1.07669,1.07714,-1.0,-1.0,-1
2017-03-17 02:00:00-04:00,1.07714,1.078175,1.07711,1.078125,-1.0,-1.0,-1
2017-03-17 03:00:00-04:00,1.078125,1.07825,1.07538,1.07538,-1.0,-1.0,-1
2017-03-17 04:00:00-04:00,1.07538,1.077015,1.07536,1.076985,-1.0,-1.0,-1
2017-03-17 05:00:00-04:00,1.076985,1.077995,1.076805,1.077515,-1.0,-1.0,-1
2017-03-17 06:00:00-04:00,1.077515,1.077605,1.07654,1.07674,-1.0,-1.0,-1
2017-03-17 07:00:00-04:00,1.07674,1.076745,1.07321,1.07352,-1.0,-1.0,-1
2017-03-17 08:00:00-04:00,1.07352,1.074495,1.072755,1.07358,-1.0,-1.0,-1
2017-03-17 09:00:00-04:00,1.07358,1.074765,1.07326,1.074285,-1.0,-1.0,-1
2017-03-17 10:00:00-04:00,1.074285,1.07565,1.074265,1.074445,-1.0,-1.0,-1
2017-03-17 11:00:00-04:00,1.074445,1.074805,1.073115,1.074175,-1.0,-1.0,-1
2017-03-17 12:00:00-04:00,1.074175,1.074905,1.073985,1.07404,-1.0,-1.0,-1
2017-03-17 13:00:00-04:00,1.07404,1.075535,1.07398,1.07454,-1.0,-1.0,-1
2017-03-17 14:00:00-04:00,1.07454,1.075235,1.073925,1.07417,-1.0,-1.0,-1
2017-03-17 15:00:00-04:00,1.07417,1.07475,1.073735,1.074225,-1.0,-1.0,-1
2017-03-17 16:00:00-04:00,1.074225,1.074225,1.073355,1.07379,-1.0,-1.0,-1
2017-03-19 17:15:00-04:00,1.073775,1.074525,1.073485,1.07399,-1.0,-1.0,-1
2017-03-19 18:00:00-04:00,1.07399,1.074525,1.073705,1.074195,-1.0,-1.0,-1
2017-03-19 19:00:00-04:00,1.074195,1.07453,1.074095,1.074245,-1.0,-1.0,-1
2017-03-19 20:00:00-04:00,1.074245,1.075355,1.07422,1.075055,-1.0,-1.0,-1
2017-03-19 21:00:00-04:00,1.075055,1.075975,1.07498,1.075775,-1.0,-1.0,-1
2017-03-19 22:00:00-04:00,1.075775,1.076295,1.07573,1.07608,-1.0,-1.0,-1
2017-03-19 23:00:00-04:00,1.07608,1.076295,1.075935,1.076,-1.0,-1.0,-1
2017-03-20 00:00:00-04:00,1.076,1.076495,1.075925,1.076345,-1.0,-1.0,-1
2017-03-20 01:00:00-04:00,1.076345,1.076505,1.07611,1.07644,-1.0,-1.0,-1
2017-03-20 02:00:00-04:00,1.07644,1.077285,1.07571,1.077015,-1.0,-1.0,-1
2017-03-20 03:00:00-04:00,1.077015,1.077735,1.076675,1.076965,-1.0,-1.0,-1
2017-03-20 04:00:00-04:00,1.076965,1.07715,1.075865,1.07641,-1.0,-1.0,-1
2017-03-20 05:00:00-04:00,1.07641,1.076655,1.075195,1.075515,-1.0,-1.0,-1
2017-03-20 06:00:00-04:00,1.075515,1.076235,1.075035,1.075995,-1.0,-1.0,-1
2017-03-20 07:00:00-04:00,1.075995,1.076165,1.07497,1.074975,-1.0,-1.0,-1
2017-03-20 08:00:00-04:00,1.074975,1.07558,1.07439,1.07513,-1.0,-1.0,-1
2017-03-20 09:00:00-04:00,1.07513,1.075995,1.07456,1.07523,-1.0,-1.0,-1
2017-03-20 10:00:00-04:00,1.07523,1.0758,1.07507,1.07536,-1.0,-1.0,-1
2017-03-20 11:00:00-04:00,1.07536,1.075775,1.074725,1.075305,-1.0,-1.0,-1
2017-03-20 12:00:00-04:00,1.075305,1.075585,1.073485,1.073715,-1.0,-1.0,-1
2017-03-20 13:00:00-04:00,1.073715,1.074745,1.072525,1.07282,-1.0,-1.0,-1
2017-03-20 14:00:00-04:00,1.07282,1.073865,1.072815,1.073315,-1.0,-1.0,-1
2017-03-20 15:00:00-04:00,1.073315,1.074555,1.073145,1.07434,-1.0,-1.0,-1
2017-03-20 16:00:00-04:00,1.07434,1.0745,1.073845,1.073955,-1.0,-1.0,-1
2017-03-20 17:15:00-04:00,1.07412,1.0743,1.07366,1.073695,-1.0,-1.0,-1
2017-03-20 18:00:00-04:00,1.073695,1.07394,1.07335,1.07339,-1.0,-1.0,-1
2017-03-20 19:00:00-04:00,1.07339,1.073745,1.07191,1.073695,-1.0,-1.0,-1
2017-03-20 20:00:00-04:00,1.073695,1.076735,1.07355,1.075995,-1.0,-1.0,-1
2017-03-20 21:00:00-04:00,1.075995,1.07699,1.07588,1.07648,-1.0,-1.0,-1
2017-03-20 22:00:00-04:00,1.07648,1.076535,1.075695,1.075815,-1.0,-1.0,-1
2017-03-20 23:00:00-04:00,1.075815,1.076165,1.075255,1.075565,-1.0,-1.0,-1
2017-03-21 00:00:00-04:00,1.075565,1.075845,1.075505,1.0756,-1.0,-1.0,-1
2017-03-21 01:00:00-04:00,1.0756,1.076685,1.07547,1.07607,-1.0,-1.0,-1
2017-03-21 02:00:00-04:00,1.07607,1.07748,1.075955,1.07732,-1.0,-1.0,-1
2017-03-21 03:00:00-04:00,1.07732,1.07879,1.0769,1.07808,-1.0,-1.0,-1
2017-03-21 04:00:00-04:00,1.07808,1.080215,1.078075,1.079575,-1.0,-1.0,-1
2017-03-21 05:00:00-04:00,1.079575,1.080415,1.07889,1.079255,-1.0,-1.0,-1
2017-03-21 06:00:00-04:00,1.079255,1.08027,1.079075,1.08005,-1.0,-1.0,-1
2017-03-21 07:00:00-04:00,1.08005,1.081225,1.07993,1.080895,-1.0,-1.0,-1
2017-03-21 08:00:00-04:00,1.080895,1.08116,1.079325,1.07961,-1.0,-1.0,-1
2017-03-21 09:00:00-04:00,1.07961,1.081615,1.079515,1.081565,-1.0,-1.0,-1
2017-03-21 10:00:00-04:00,1.081565,1.08194,1.080585,1.081315,-1.0,-1.0,-1
2017-03-21 11:00:00-04:00,1.081315,1.081415,1.07936,1.08089,-1.0,-1.0,-1
2017-03-21 12:00:00-04:00,1.08089,1.081855,1.080625,1.08155,-1.0,-1.0,-1
2017-03-21 13:00:00-04:00,1.08155,1.081835,1.08063,1.080895,-1.0,-1.0,-1
2017-03-21 14:00:00-04:00,1.080895,1.08115,1.079555,1.08001,-1.0,-1.0,-1
2017-03-21 15:00:00-04:00,1.08001,1.081385,1.079925,1.081065,-1.0,-1.0,-1
2017-03-21 16:00:00-04:00,1.081065,1.081405,1.08102,1.081095,-1.0,-1.0,-1
2017-03-21 17:15:00-04:00,1.0808,1.081,1.080355,1.08069,-1.0,-1.0,-1
2017-03-21 18:00:00-04:00,1.08069,1.081785,1.080295,1.08126,-1.0,-1.0,-1
2017-03-21 19:00:00-04:00,1.08126,1.08151,1.080855,1.081265,-1.0,-1.0,-1
2017-03-21 20:00:00-04:00,1.081265,1.08129,1.079925,1.07996,-1.0,-1.0,-1
2017-03-21 21:00:00-04:00,1.07996,1.08021,1.079335,1.07974,-1.0,-1.0,-1
2017-03-21 22:00:00-04:00,1.07974,1.079925,1.078875,1.07941,-1.0,-1.0,-1
2017-03-21 23:00:00-04:00,1.07941,1.07948,1.07917,1.07939,-1.0,-1.0,-1
2017-03-22 00:00:00-04:00,1.07939,1.080265,1.07923,1.080125,-1.0,-1.0,-1
2017-03-22 01:00:00-04:00,1.080125,1.08054,1.079885,1.08001,-1.0,-1.0,-1
2017-03-22 02:00:00-04:00,1.08001,1.081865,1.079575,1.081405,-1.0,-1.0,-1
2017-03-22 03:00:00-04:00,1.081405,1.081455,1.079205,1.08022,-1.0,-1.0,-1
2017-03-22 04:00:00-04:00,1.08022,1.08095,1.07843,1.078715,-1.0,-1.0,-1
2017-03-22 05:00:00-04:00,1.078715,1.078785,1.077605,1.078545,-1.0,-1.0,-1
2017-03-22 06:00:00-04:00,1.078545,1.080075,1.078315,1.079565,-1.0,-1.0,-1
2017-03-22 07:00:00-04:00,1.079565,1.07962,1.07852,1.07867,-1.0,-1.0,-1
2017-03-22 08:00:00-04:00,1.07867,1.0803,1.07852,1.080295,-1.0,-1.0,-1
2017-03-22 09:00:00-04:00,1.080295,1.080875,1.07934,1.080015,-1.0,-1.0,-1
2017-03-22 10:00:00-04:00,1.080015,1.08249,1.080015,1.0817,-1.0,-1.0,-1
2017-03-22 11:00:00-04:00,1.0817,1.082145,1.07996,1.080015,-1.0,-1.0,-1
2017-03-22 12:00:00-04:00,1.080015,1.080765,1.079805,1.08058,-1.0,-1.0,-1
2017-03-22 13:00:00-04:00,1.08058,1.081685,1.080575,1.081065,-1.0,-1.0,-1
2017-03-22 14:00:00-04:00,1.081065,1.08119,1.07948,1.07966,-1.0,-1.0,-1
2017-03-22 15:00:00-04:00,1.07966,1.07979,1.079015,1.079525,-1.0,-1.0,-1
2017-03-22 16:00:00-04:00,1.079525,1.080285,1.07945,1.079695,-1.0,-1.0,-1
2017-03-22 17:15:00-04:00,1.07975,1.07975,1.07913,1.079265,-1.0,-1.0,-1
2017-03-22 18:00:00-04:00,1.079265,1.07962,1.079005,1.079375,-1.0,-1.0,-1
2017-03-22 19:00:00-04:00,1.079375,1.079445,1.07893,1.078935,-1.0,-1.0,-1
2017-03-22 20:00:00-04:00,1.078935,1.079515,1.078535,1.07861,-1.0,-1.0,-1
2017-03-22 21:00:00-04:00,1.07861,1.07882,1.07817,1.078535,-1.0,-1.0,-1
2017-03-22 22:00:00-04:00,1.078535,1.078615,1.078225,1.078495,-1.0,-1.0,-1
2017-03-22 23:00:00-04:00,1.078495,1.07922,1.078335,1.07894,-1.0,-1.0,-1
2017-03-23 00:00:00-04:00,1.07894,1.07942,1.07883,1.079245,-1.0,-1.0,-1
2017-03-23 01:00:00-04:00,1.079245,1.079565,1.078905,1.07904,-1.0,-1.0,-1
2017-03-23 02:00:00-04:00,1.07904,1.080495,1.078965,1.07998,-1.0,-1.0,-1
2017-03-23 03:00:00-04:00,1.07998,1.080365,1.07916,1.07944,-1.0,-1.0,-1
2017-03-23 04:00:00-04:00,1.07944,1.07944,1.077005,1.07746,-1.0,-1.0,-1
2017-03-23 05:00:00-04:00,1.07746,1.07854,1.076965,1.07714,-1.0,-1.0,-1
2017-03-23 06:00:00-04:00,1.07714,1.079295,1.07681,1.078815,-1.0,-1.0,-1
2017-03-23 07:00:00-04:00,1.078815,1.079485,1.078285,1.078475,-1.0,-1.0,-1
2017-03-23 08:00:00-04:00,1.078475,1.078775,1.07747,1.078665,-1.0,-1.0,-1
2017-03-23 09:00:00-04:00,1.078665,1.0791,1.07755,1.07852,-1.0,-1.0,-1
2017-03-23 10:00:00-04:00,1.07852,1.079235,1.077665,1.078885,-1.0,-1.0,-1
2017-03-23 11:00:00-04:00,1.078885,1.079385,1.07738,1.078725,-1.0,-1.0,-1
2017-03-23 12:00:00-04:00,1.078725,1.078875,1.078025,1.078785,-1.0,-1.0,-1
2017-03-23 13:00:00-04:00,1.078785,1.079085,1.077635,1.07811,-1.0,-1.0,-1
2017-03-23 14:00:00-04:00,1.07811,1.078585,1.07787,1.078395,-1.0,-1.0,-1
2017-03-23 15:00:00-04:00,1.078395,1.078985,1.078065,1.07843,-1.0,-1.0,-1
2017-03-23 16:00:00-04:00,1.07843,1.078915,1.078325,1.078345,-1.0,-1.0,-1
2017-03-23 17:15:00-04:00,1.0784,1.07846,1.077925,1.07832,-1.0,-1.0,-1
2017-03-23 18:00:00-04:00,1.07832,1.07835,1.07794,1.07824,-1.0,-1.0,-1
2017-03-23 19:00:00-04:00,1.07824,1.07858,1.078075,1.078335,-1.0,-1.0,-1
2017-03-23 20:00:00-04:00,1.078335,1.07859,1.07631,1.076675,-1.0,-1.0,-1
2017-03-23 21:00:00-04:00,1.076675,1.077185,1.076455,1.076765,-1.0,-1.0,-1
2017-03-23 22:00:00-04:00,1.076765,1.07686,1.076025,1.0762,-1.0,-1.0,-1
2017-03-23 23:00:00-04:00,1.0762,1.076915,1.07619,1.076845,-1.0,-1.0,-1
2017-03-24 00:00:00-04:00,1.076845,1.076985,1.076255,1.076415,-1.0,-1.0,-1
2017-03-24 01:00:00-04:00,1.076415,1.0768,1.07611,1.0768,-1.0,-1.0,-1
2017-03-24 02:00:00-04:00,1.0768,1.07691,1.076105,1.076365,-1.0,-1.0,-1
2017-03-24 03:00:00-04:00,1.076365,1.077455,1.07622,1.077295,-1.0,-1.0,-1
2017-03-24 04:00:00-04:00,1.077295,1.08072,1.07726,1.079915,-1.0,-1.0,-1
2017-03-24 05:00:00-04:00,1.079915,1.08054,1.079295,1.080425,-1.0,-1.0,-1
2017-03-24 06:00:00-04:00,1.080425,1.081275,1.080215,1.080405,-1.0,-1.0,-1
2017-03-24 07:00:00-04:00,1.080405,1.080915,1.079785,1.08063,-1.0,-1.0,-1
2017-03-24 08:00:00-04:00,1.08063,1.080815,1.07972,1.080615,-1.0,-1.0,-1
2017-03-24 09:00:00-04:00,1.080615,1.080825,1.079515,1.07982,-1.0,-1.0,-1
2017-03-24 10:00:00-04:00,1.07982,1.08037,1.079075,1.079855,-1.0,-1.0,-1
2017-03-24 11:00:00-04:00,1.079855,1.081245,1.07958,1.080435,-1.0,-1.0,-1
2017-03-24 12:00:00-04:00,1.080435,1.081545,1.079995,1.080745,-1.0,-1.0,-1
2017-03-24 13:00:00-04:00,1.080745,1.08121,1.079995,1.080385,-1.0,-1.0,-1
2017-03-24 14:00:00-04:00,1.080385,1.08072,1.080025,1.080585,-1.0,-1.0,-1
2017-03-24 15:00:00-04:00,1.080585,1.081815,1.07909,1.079325,-1.0,-1.0,-1
2017-03-24 16:00:00-04:00,1.079325,1.080525,1.079275,1.07982,-1.0,-1.0,-1
2017-03-26 17:15:00-04:00,1.083325,1.083625,1.081845,1.08334,-1.0,-1.0,-1
2017-03-26 18:00:00-04:00,1.08334,1.084945,1.08301,1.08483,-1.0,-1.0,-1
2017-03-26 19:00:00-04:00,1.08483,1.084945,1.084405,1.08455,-1.0,-1.0,-1
2017-03-26 20:00:00-04:00,1.08455,1.08482,1.08377,1.08458,-1.0,-1.0,-1
2017-03-26 21:00:00-04:00,1.08458,1.084935,1.083965,1.083975,-1.0,-1.0,-1
2017-03-26 22:00:00-04:00,1.083975,1.084795,1.083945,1.08449,-1.0,-1.0,-1
2017-03-26 23:00:00-04:00,1.08449,1.08498,1.08447,1.08463,-1.0,-1.0,-1
2017-03-27 00:00:00-04:00,1.08463,1.08479,1.084255,1.0844,-1.0,-1.0,-1
2017-03-27 01:00:00-04:00,1.0844,1.085015,1.08436,1.08497,-1.0,-1.0,-1
2017-03-27 02:00:00-04:00,1.08497,1.08695,1.084525,1.08633,-1.0,-1.0,-1
2017-03-27 03:00:00-04:00,1.08633,1.087345,1.08581,1.08654,-1.0,-1.0,-1
2017-03-27 04:00:00-04:00,1.08654,1.087225,1.085755,1.085965,-1.0,-1.0,-1
2017-03-27 05:00:00-04:00,1.085965,1.086965,1.08536,1.08677,-1.0,-1.0,-1
2017-03-27 06:00:00-04:00,1.08677,1.08713,1.086095,1.086555,-1.0,-1.0,-1
2017-03-27 07:00:00-04:00,1.086555,1.088195,1.086375,1.08768,-1.0,-1.0,-1
2017-03-27 08:00:00-04:00,1.08768,1.089645,1.08754,1.089415,-1.0,-1.0,-1
2017-03-27 09:00:00-04:00,1.089415,1.09063,1.087825,1.08795,-1.0,-1.0,-1
2017-03-27 10:00:00-04:00,1.08795,1.088875,1.087645,1.088505,-1.0,-1.0,-1
2017-03-27 11:00:00-04:00,1.088505,1.089125,1.087915,1.08817,-1.0,-1.0,-1
2017-03-27 12:00:00-04:00,1.08817,1.088315,1.086225,1.08639,-1.0,-1.0,-1
2017-03-27 13:00:00-04:00,1.08639,1.087235,1.086345,1.08695,-1.0,-1.0,-1
2017-03-27 14:00:00-04:00,1.08695,1.087295,1.086615,1.086715,-1.0,-1.0,-1
2017-03-27 15:00:00-04:00,1.086715,1.086805,1.08624,1.086505,-1.0,-1.0,-1
2017-03-27 16:00:00-04:00,1.086505,1.086645,1.086135,1.08647,-1.0,-1.0,-1
2017-03-27 17:15:00-04:00,1.086485,1.086555,1.0863,1.086365,-1.0,-1.0,-1
2017-03-27 18:00:00-04:00,1.086365,1.086675,1.08611,1.086485,-1.0,-1.0,-1
2017-03-27 19:00:00-04:00,1.086485,1.086485,1.08586,1.086105,-1.0,-1.0,-1
2017-03-27 20:00:00-04:00,1.086105,1.08686,1.08554,1.085655,-1.0,-1.0,-1
2017-03-27 21:00:00-04:00,1.085655,1.086655,1.085565,1.08645,-1.0,-1.0,-1
2017-03-27 22:00:00-04:00,1.08645,1.08645,1.08589,1.085985,-1.0,-1.0,-1
2017-03-27 23:00:00-04:00,1.085985,1.08653,1.08589,1.086245,-1.0,-1.0,-1
2017-03-28 00:00:00-04:00,1.086245,1.08683,1.08624,1.086605,-1.0,-1.0,-1
2017-03-28 01:00:00-04:00,1.086605,1.08727,1.08622,1.086405,-1.0,-1.0,-1
2017-03-28 02:00:00-04:00,1.086405,1.086425,1.084855,1.085365,-1.0,-1.0,-1
2017-03-28 03:00:00-04:00,1.085365,1.086945,1.085105,1.08589,-1.0,-1.0,-1
2017-03-28 04:00:00-04:00,1.08589,1.086065,1.084555,1.0859,-1.0,-1.0,-1
2017-03-28 05:00:00-04:00,1.0859,1.086485,1.085685,1.085795,-1.0,-1.0,-1
2017-03-28 06:00:00-04:00,1.085795,1.08616,1.085305,1.085405,-1.0,-1.0,-1
2017-03-28 07:00:00-04:00,1.085405,1.08598,1.08492,1.085235,-1.0,-1.0,-1
2017-03-28 08:00:00-04:00,1.085235,1.086745,1.084905,1.085915,-1.0,-1.0,-1
2017-03-28 09:00:00-04:00,1.085915,1.08708,1.085655,1.08682,-1.0,-1.0,-1
2017-03-28 10:00:00-04:00,1.08682,1.08722,1.08578,1.08683,-1.0,-1.0,-1
2017-03-28 11:00:00-04:00,1.08683,1.08694,1.08501,1.085105,-1.0,-1.0,-1
2017-03-28 12:00:00-04:00,1.085105,1.0853,1.08299,1.083345,-1.0,-1.0,-1
2017-03-28 13:00:00-04:00,1.083345,1.08392,1.082075,1.08238,-1.0,-1.0,-1
2017-03-28 14:00:00-04:00,1.08238,1.082385,1.079905,1.08082,-1.0,-1.0,-1
2017-03-28 15:00:00-04:00,1.08082,1.08133,1.080365,1.08133,-1.0,-1.0,-1
2017-03-28 16:00:00-04:00,1.08133,1.081645,1.080885,1.08128,-1.0,-1.0,-1
2017-03-28 17:15:00-04:00,1.081375,1.081505,1.08105,1.08131,-1.0,-1.0,-1
2017-03-28 18:00:00-04:00,1.08131,1.081695,1.081305,1.08146,-1.0,-1.0,-1
2017-03-28 19:00:00-04:00,1.08146,1.08241,1.080835,1.081645,-1.0,-1.0,-1
2017-03-28 20:00:00-04:00,1.081645,1.08211,1.080895,1.08175,-1.0,-1.0,-1
2017-03-28 21:00:00-04:00,1.08175,1.082005,1.081185,1.08161,-1.0,-1.0,-1
2017-03-28 22:00:00-04:00,1.08161,1.08267,1.08146,1.08199,-1.0,-1.0,-1
2017-03-28 23:00:00-04:00,1.08199,1.082,1.081375,1.08161,-1.0,-1.0,-1
2017-03-29 00:00:00-04:00,1.08161,1.08166,1.08125,1.0815,-1.0,-1.0,-1
2017-03-29 01:00:00-04:00,1.0815,1.081505,1.080475,1.08129,-1.0,-1.0,-1
2017-03-29 02:00:00-04:00,1.08129,1.08131,1.078625,1.079425,-1.0,-1.0,-1
2017-03-29 03:00:00-04:00,1.079425,1.080075,1.07773,1.07854,-1.0,-1.0,-1
2017-03-29 04:00:00-04:00,1.07854,1.079445,1.078255,1.07882,-1.0,-1.0,-1
2017-03-29 05:00:00-04:00,1.07882,1.07929,1.07841,1.07909,-1.0,-1.0,-1
2017-03-29 06:00:00-04:00,1.07909,1.079455,1.07867,1.0787,-1.0,-1.0,-1
2017-03-29 07:00:00-04:00,1.0787,1.079325,1.074715,1.07524,-1.0,-1.0,-1
2017-03-29 08:00:00-04:00,1.07524,1.07659,1.073995,1.076375,-1.0,-1.0,-1
2017-03-29 09:00:00-04:00,1.076375,1.07638,1.074405,1.075485,-1.0,-1.0,-1
2017-03-29 10:00:00-04:00,1.075485,1.07627,1.074595,1.074945,-1.0,-1.0,-1
2017-03-29 11:00:00-04:00,1.074945,1.076085,1.07466,1.075555,-1.0,-1.0,-1
2017-03-29 12:00:00-04:00,1.075555,1.075825,1.075105,1.07515,-1.0,-1.0,-1
2017-03-29 13:00:00-04:00,1.07515,1.076585,1.07509,1.075535,-1.0,-1.0,-1
2017-03-29 14:00:00-04:00,1.075535,1.075845,1.074925,1.0758,-1.0,-1.0,-1
2017-03-29 15:00:00-04:00,1.0758,1.077345,1.075715,1.077175,-1.0,-1.0,-1
2017-03-29 16:00:00-04:00,1.077175,1.077215,1.0761,1.076505,-1.0,-1.0,-1
2017-03-29 17:15:00-04:00,1.07656,1.07699,1.076325,1.07674,-1.0,-1.0,-1
2017-03-29 18:00:00-04:00,1.07674,1.07685,1.07637,1.076525,-1.0,-1.0,-1
2017-03-29 19:00:00-04:00,1.076525,1.076525,1.07577,1.075845,-1.0,-1.0,-1
2017-03-29 20:00:00-04:00,1.075845,1.075985,1.075015,1.075145,-1.0,-1.0,-1
2017-03-29 21:00:00-04:00,1.075145,1.07575,1.075015,1.075265,-1.0,-1.0,-1
2017-03-29 22:00:00-04:00,1.075265,1.07541,1.074165,1.07459,-1.0,-1.0,-1
2017-03-29 23:00:00-04:00,1.07459,1.07521,1.07451,1.07517,-1.0,-1.0,-1
2017-03-30 00:00:00-04:00,1.07517,1.07546,1.07509,1.075355,-1.0,-1.0,-1
2017-03-30 01:00:00-04:00,1.075355,1.07566,1.07506,1.075525,-1.0,-1.0,-1
2017-03-30 02:00:00-04:00,1.075525,1.076795,1.075315,1.07617,-1.0,-1.0,-1
2017-03-30 03:00:00-04:00,1.07617,1.076325,1.073515,1.07371,-1.0,-1.0,-1
2017-03-30 04:00:00-04:00,1.07371,1.07408,1.07307,1.073315,-1.0,-1.0,-1
2017-03-30 05:00:00-04:00,1.073315,1.074245,1.07306,1.073775,-1.0,-1.0,-1
2017-03-30 06:00:00-04:00,1.073775,1.074435,1.07331,1.07396,-1.0,-1.0,-1
2017-03-30 07:00:00-04:00,1.07396,1.07472,1.073695,1.073705,-1.0,-1.0,-1
2017-03-30 08:00:00-04:00,1.073705,1.074435,1.072095,1.072195,-1.0,-1.0,-1
2017-03-30 09:00:00-04:00,1.072195,1.07534,1.072165,1.073405,-1.0,-1.0,-1
2017-03-30 10:00:00-04:00,1.073405,1.073895,1.072655,1.07341,-1.0,-1.0,-1
2017-03-30 11:00:00-04:00,1.07341,1.073835,1.072355,1.072595,-1.0,-1.0,-1
2017-03-30 12:00:00-04:00,1.072595,1.072775,1.070245,1.07039,-1.0,-1.0,-1
2017-03-30 13:00:00-04:00,1.07039,1.07039,1.068495,1.06933,-1.0,-1.0,-1
2017-03-30 14:00:00-04:00,1.06933,1.0694,1.068425,1.069025,-1.0,-1.0,-1
2017-03-30 15:00:00-04:00,1.069025,1.069125,1.068015,1.068015,-1.0,-1.0,-1
2017-03-30 16:00:00-04:00,1.068015,1.06843,1.06721,1.06748,-1.0,-1.0,-1
2017-03-30 17:15:00-04:00,1.0678,1.0684,1.067605,1.068175,-1.0,-1.0,-1
2017-03-30 18:00:00-04:00,1.068175,1.06858,1.06797,1.068425,-1.0,-1.0,-1
2017-03-30 19:00:00-04:00,1.068425,1.06881,1.068375,1.068775,-1.0,-1.0,-1
2017-03-30 20:00:00-04:00,1.068775,1.068915,1.06774,1.0682,-1.0,-1.0,-1
2017-03-30 21:00:00-04:00,1.0682,1.0685,1.0679,1.068085,-1.0,-1.0,-1
2017-03-30 22:00:00-04:00,1.068085,1.068325,1.067755,1.06797,-1.0,-1.0,-1
2017-03-30 23:00:00-04:00,1.06797,1.06823,1.067435,1.06757,-1.0,-1.0,-1
2017-03-31 00:00:00-04:00,1.06757,1.067735,1.067225,1.067535,-1.0,-1.0,-1
2017-03-31 01:00:00-04:00,1.067535,1.067895,1.067295,1.06781,-1.0,-1.0,-1
2017-03-31 02:00:00-04:00,1.06781,1.0686,1.0676,1.068335,-1.0,-1.0,-1
2017-03-31 03:00:00-04:00,1.068335,1.069275,1.067455,1.069135,-1.0,-1.0,-1
2017-03-31 04:00:00-04:00,1.069135,1.069755,1.068925,1.06945,-1.0,-1.0,-1
2017-03-31 05:00:00-04:00,1.06945,1.069515,1.067005,1.067075,-1.0,-1.0,-1
2017-03-31 06:00:00-04:00,1.067075,1.068225,1.06705,1.068115,-1.0,-1.0,-1
2017-03-31 07:00:00-04:00,1.068115,1.06911,1.067855,1.068585,-1.0,-1.0,-1
2017-03-31 08:00:00-04:00,1.068585,1.069305,1.06737,1.06781,-1.0,-1.0,-1
2017-03-31 09:00:00-04:00,1.06781,1.069445,1.06737,1.06841,-1.0,-1.0,-1
2017-03-31 10:00:00-04:00,1.06841,1.069685,1.067185,1.069435,-1.0,-1.0,-1
2017-03-31 11:00:00-04:00,1.069435,1.070195,1.068885,1.06974,-1.0,-1.0,-1
2017-03-31 12:00:00-04:00,1.06974,1.07009,1.069085,1.06974,-1.0,-1.0,-1
2017-03-31 13:00:00-04:00,1.06974,1.069795,1.06831,1.06838,-1.0,-1.0,-1
2017-03-31 14:00:00-04:00,1.06838,1.06904,1.067625,1.06831,-1.0,-1.0,-1
2017-03-31 15:00:00-04:00,1.06831,1.068545,1.066455,1.066955,-1.0,-1.0,-1
2017-03-31 16:00:00-04:00,1.066955,1.06719,1.065155,1.06535,-1.0,-1.0,-1
2017-04-02 17:15:00-04:00,1.066325,1.066565,1.065875,1.06609,-1.0,-1.0,-1
2017-04-02 18:00:00-04:00,1.06609,1.0672,1.065965,1.067145,-1.0,-1.0,-1
2017-04-02 19:00:00-04:00,1.067145,1.06738,1.066755,1.06693,-1.0,-1.0,-1
2017-04-02 20:00:00-04:00,1.06693,1.067875,1.06672,1.06731,-1.0,-1.0,-1
2017-04-02 21:00:00-04:00,1.06731,1.067855,1.067275,1.067645,-1.0,-1.0,-1
2017-04-02 22:00:00-04:00,1.067645,1.068095,1.067585,1.06788,-1.0,-1.0,-1
2017-04-02 23:00:00-04:00,1.06788,1.068055,1.06781,1.06789,-1.0,-1.0,-1
2017-04-03 00:00:00-04:00,1.06789,1.068065,1.067675,1.067975,-1.0,-1.0,-1
2017-04-03 01:00:00-04:00,1.067975,1.06811,1.06772,1.067845,-1.0,-1.0,-1
2017-04-03 02:00:00-04:00,1.067845,1.067855,1.066375,1.067035,-1.0,-1.0,-1
2017-04-03 03:00:00-04:00,1.067035,1.06753,1.065905,1.066665,-1.0,-1.0,-1
2017-04-03 04:00:00-04:00,1.066665,1.067415,1.066575,1.06719,-1.0,-1.0,-1
2017-04-03 05:00:00-04:00,1.06719,1.06731,1.065995,1.066275,-1.0,-1.0,-1
2017-04-03 06:00:00-04:00,1.066275,1.066455,1.065295,1.065495,-1.0,-1.0,-1
2017-04-03 07:00:00-04:00,1.065495,1.065965,1.064975,1.065555,-1.0,-1.0,-1
2017-04-03 08:00:00-04:00,1.065555,1.066955,1.065355,1.066255,-1.0,-1.0,-1
2017-04-03 09:00:00-04:00,1.066255,1.06667,1.06573,1.06636,-1.0,-1.0,-1
2017-04-03 10:00:00-04:00,1.06636,1.06798,1.065125,1.06539,-1.0,-1.0,-1
2017-04-03 11:00:00-04:00,1.06539,1.065735,1.064225,1.06547,-1.0,-1.0,-1
2017-04-03 12:00:00-04:00,1.06547,1.066525,1.06544,1.066125,-1.0,-1.0,-1
2017-04-03 13:00:00-04:00,1.066125,1.06711,1.065965,1.066795,-1.0,-1.0,-1
2017-04-03 14:00:00-04:00,1.066795,1.067285,1.06632,1.06664,-1.0,-1.0,-1
2017-04-03 15:00:00-04:00,1.06664,1.06728,1.066255,1.06725,-1.0,-1.0,-1
2017-04-03 16:00:00-04:00,1.06725,1.06763,1.06686,1.06693,-1.0,-1.0,-1
2017-04-03 17:15:00-04:00,1.067,1.067045,1.066725,1.06682,-1.0,-1.0,-1
2017-04-03 18:00:00-04:00,1.06682,1.067045,1.066625,1.066675,-1.0,-1.0,-1
2017-04-03 19:00:00-04:00,1.066675,1.067035,1.066565,1.066975,-1.0,-1.0,-1
2017-04-03 20:00:00-04:00,1.066975,1.067355,1.066725,1.06694,-1.0,-1.0,-1
2017-04-03 21:00:00-04:00,1.06694,1.06719,1.066435,1.06693,-1.0,-1.0,-1
2017-04-03 22:00:00-04:00,1.06693,1.067185,1.066395,1.06641,-1.0,-1.0,-1
2017-04-03 23:00:00-04:00,1.06641,1.066965,1.066325,1.066845,-1.0,-1.0,-1
2017-04-04 00:00:00-04:00,1.066845,1.067135,1.06661,1.0671,-1.0,-1.0,-1
2017-04-04 01:00:00-04:00,1.0671,1.06746,1.066415,1.066485,-1.0,-1.0,-1
2017-04-04 02:00:00-04:00,1.066485,1.0665,1.065245,1.06581,-1.0,-1.0,-1
2017-04-04 03:00:00-04:00,1.06581,1.06599,1.06444,1.065085,-1.0,-1.0,-1
2017-04-04 04:00:00-04:00,1.065085,1.066205,1.065025,1.0661,-1.0,-1.0,-1
2017-04-04 05:00:00-04:00,1.0661,1.066295,1.065,1.065605,-1.0,-1.0,-1
2017-04-04 06:00:00-04:00,1.065605,1.065995,1.063565,1.06422,-1.0,-1.0,-1
2017-04-04 07:00:00-04:00,1.06422,1.06537,1.064185,1.06474,-1.0,-1.0,-1
2017-04-04 08:00:00-04:00,1.06474,1.065875,1.064715,1.065525,-1.0,-1.0,-1
2017-04-04 09:00:00-04:00,1.065525,1.065995,1.064685,1.065235,-1.0,-1.0,-1
2017-04-04 10:00:00-04:00,1.065235,1.06646,1.06482,1.066395,-1.0,-1.0,-1
2017-04-04 11:00:00-04:00,1.066395,1.066755,1.065915,1.066285,-1.0,-1.0,-1
2017-04-04 12:00:00-04:00,1.066285,1.06684,1.065825,1.066055,-1.0,-1.0,-1
2017-04-04 13:00:00-04:00,1.066055,1.066345,1.06483,1.066055,-1.0,-1.0,-1
2017-04-04 14:00:00-04:00,1.066055,1.066905,1.06574,1.066815,-1.0,-1.0,-1
2017-04-04 15:00:00-04:00,1.066815,1.067315,1.066655,1.066735,-1.0,-1.0,-1
2017-04-04 16:00:00-04:00,1.066735,1.06773,1.06659,1.067325,-1.0,-1.0,-1
2017-04-04 17:15:00-04:00,1.067295,1.068285,1.067175,1.06791,-1.0,-1.0,-1
2017-04-04 18:00:00-04:00,1.06791,1.068545,1.067685,1.067925,-1.0,-1.0,-1
2017-04-04 19:00:00-04:00,1.067925,1.06816,1.06763,1.06781,-1.0,-1.0,-1
2017-04-04 20:00:00-04:00,1.06781,1.06834,1.067785,1.06798,-1.0,-1.0,-1
2017-04-04 21:00:00-04:00,1.06798,1.0682,1.067835,1.067965,-1.0,-1.0,-1
2017-04-04 22:00:00-04:00,1.067965,1.068045,1.067705,1.06774,-1.0,-1.0,-1
2017-04-04 23:00:00-04:00,1.06774,1.06786,1.06752,1.067755,-1.0,-1.0,-1
2017-04-05 00:00:00-04:00,1.067755,1.06781,1.06718,1.0674,-1.0,-1.0,-1
2017-04-05 01:00:00-04:00,1.0674,1.067635,1.06722,1.067345,-1.0,-1.0,-1
2017-04-05 02:00:00-04:00,1.067345,1.067875,1.066805,1.067865,-1.0,-1.0,-1
2017-04-05 03:00:00-04:00,1.067865,1.068915,1.067435,1.067545,-1.0,-1.0,-1
2017-04-05 04:00:00-04:00,1.067545,1.06799,1.066975,1.0674,-1.0,-1.0,-1
2017-04-05 05:00:00-04:00,1.0674,1.067405,1.066225,1.06687,-1.0,-1.0,-1
2017-04-05 06:00:00-04:00,1.06687,1.067135,1.0665,1.06702,-1.0,-1.0,-1
2017-04-05 07:00:00-04:00,1.06702,1.06861,1.066435,1.068045,-1.0,-1.0,-1
2017-04-05 08:00:00-04:00,1.068045,1.06824,1.065445,1.066615,-1.0,-1.0,-1
2017-04-05 09:00:00-04:00,1.066615,1.066935,1.065775,1.0664,-1.0,-1.0,-1
2017-04-05 10:00:00-04:00,1.0664,1.0674,1.065665,1.066175,-1.0,-1.0,-1
2017-04-05 11:00:00-04:00,1.066175,1.066985,1.065205,1.065995,-1.0,-1.0,-1
2017-04-05 12:00:00-04:00,1.065995,1.066055,1.064505,1.064695,-1.0,-1.0,-1
2017-04-05 13:00:00-04:00,1.064695,1.065225,1.064565,1.06495,-1.0,-1.0,-1
2017-04-05 14:00:00-04:00,1.06495,1.066965,1.06354,1.066725,-1.0,-1.0,-1
2017-04-05 15:00:00-04:00,1.066725,1.067935,1.0666,1.067835,-1.0,-1.0,-1
2017-04-05 16:00:00-04:00,1.067835,1.068165,1.066225,1.06637,-1.0,-1.0,-1
2017-04-05 17:15:00-04:00,1.066325,1.0672,1.066185,1.066675,-1.0,-1.0,-1
2017-04-05 18:00:00-04:00,1.066675,1.067285,1.066235,1.066905,-1.0,-1.0,-1
2017-04-05 19:00:00-04:00,1.066905,1.067435,1.066675,1.067185,-1.0,-1.0,-1
2017-04-05 20:00:00-04:00,1.067185,1.06843,1.06712,1.067665,-1.0,-1.0,-1
2017-04-05 21:00:00-04:00,1.067665,1.068045,1.067405,1.06777,-1.0,-1.0,-1
2017-04-05 22:00:00-04:00,1.06777,1.06805,1.06735,1.06745,-1.0,-1.0,-1
2017-04-05 23:00:00-04:00,1.06745,1.067585,1.06704,1.06754,-1.0,-1.0,-1
2017-04-06 00:00:00-04:00,1.06754,1.067545,1.06712,1.067475,-1.0,-1.0,-1
2017-04-06 01:00:00-04:00,1.067475,1.067575,1.06716,1.067305,-1.0,-1.0,-1
2017-04-06 02:00:00-04:00,1.067305,1.068055,1.06701,1.06768,-1.0,-1.0,-1
2017-04-06 03:00:00-04:00,1.06768,1.067895,1.062895,1.064615,-1.0,-1.0,-1
2017-04-06 04:00:00-04:00,1.064615,1.065945,1.064355,1.06581,-1.0,-1.0,-1
2017-04-06 05:00:00-04:00,1.06581,1.067085,1.065675,1.066715,-1.0,-1.0,-1
2017-04-06 06:00:00-04:00,1.066715,1.066915,1.066105,1.066385,-1.0,-1.0,-1
2017-04-06 07:00:00-04:00,1.066385,1.067565,1.06535,1.06597,-1.0,-1.0,-1
2017-04-06 08:00:00-04:00,1.06597,1.066875,1.065565,1.06606,-1.0,-1.0,-1
2017-04-06 09:00:00-04:00,1.06606,1.066275,1.065315,1.065475,-1.0,-1.0,-1
2017-04-06 10:00:00-04:00,1.065475,1.066535,1.065445,1.065825,-1.0,-1.0,-1
2017-04-06 11:00:00-04:00,1.065825,1.065885,1.064565,1.06504,-1.0,-1.0,-1
2017-04-06 12:00:00-04:00,1.06504,1.065635,1.06472,1.064975,-1.0,-1.0,-1
2017-04-06 13:00:00-04:00,1.064975,1.06568,1.06383,1.06456,-1.0,-1.0,-1
2017-04-06 14:00:00-04:00,1.06456,1.064975,1.064165,1.0647,-1.0,-1.0,-1
2017-04-06 15:00:00-04:00,1.0647,1.06483,1.064155,1.064175,-1.0,-1.0,-1
2017-04-06 16:00:00-04:00,1.064175,1.06444,1.06401,1.06443,-1.0,-1.0,-1
2017-04-06 17:15:00-04:00,1.0646,1.06472,1.06414,1.064255,-1.0,-1.0,-1
2017-04-06 18:00:00-04:00,1.064255,1.06438,1.064085,1.0643,-1.0,-1.0,-1
2017-04-06 19:00:00-04:00,1.0643,1.06457,1.06418,1.064395,-1.0,-1.0,-1
2017-04-06 20:00:00-04:00,1.064395,1.06477,1.064145,1.064425,-1.0,-1.0,-1
2017-04-06 21:00:00-04:00,1.064425,1.065545,1.063835,1.065305,-1.0,-1.0,-1
2017-04-06 22:00:00-04:00,1.065305,1.06605,1.064265,1.06443,-1.0,-1.0,-1
2017-04-06 23:00:00-04:00,1.06443,1.06465,1.064215,1.064315,-1.0,-1.0,-1
2017-04-07 00:00:00-04:00,1.064315,1.06483,1.06421,1.064775,-1.0,-1.0,-1
2017-04-07 01:00:00-04:00,1.064775,1.06532,1.064345,1.065295,-1.0,-1.0,-1
2017-04-07 02:00:00-04:00,1.065295,1.065415,1.064595,1.06471,-1.0,-1.0,-1
2017-04-07 03:00:00-04:00,1.06471,1.064925,1.063195,1.06364,-1.0,-1.0,-1
2017-04-07 04:00:00-04:00,1.06364,1.064145,1.062935,1.063215,-1.0,-1.0,-1
2017-04-07 05:00:00-04:00,1.063215,1.06404,1.063015,1.06379,-1.0,-1.0,-1
2017-04-07 06:00:00-04:00,1.06379,1.06391,1.06298,1.063005,-1.0,-1.0,-1
2017-04-07 07:00:00-04:00,1.063005,1.06325,1.06231,1.062325,-1.0,-1.0,-1
2017-04-07 08:00:00-04:00,1.062325,1.06662,1.061045,1.062015,-1.0,-1.0,-1
2017-04-07 09:00:00-04:00,1.062015,1.063395,1.061385,1.063025,-1.0,-1.0,-1
2017-04-07 10:00:00-04:00,1.063025,1.06333,1.06128,1.061745,-1.0,-1.0,-1
2017-04-07 11:00:00-04:00,1.061745,1.062135,1.06113,1.06149,-1.0,-1.0,-1
2017-04-07 12:00:00-04:00,1.06149,1.06184,1.05947,1.059875,-1.0,-1.0,-1
2017-04-07 13:00:00-04:00,1.059875,1.06,1.05815,1.058505,-1.0,-1.0,-1
2017-04-07 14:00:00-04:00,1.058505,1.058975,1.05807,1.058895,-1.0,-1.0,-1
2017-04-07 15:00:00-04:00,1.058895,1.059655,1.058705,1.059395,-1.0,-1.0,-1
2017-04-07 16:00:00-04:00,1.059395,1.06028,1.058945,1.059095,-1.0,-1.0,-1
2017-04-09 17:15:00-04:00,1.058725,1.05878,1.05829,1.058375,-1.0,-1.0,-1
2017-04-09 18:00:00-04:00,1.058375,1.058565,1.05783,1.057885,-1.0,-1.0,-1
2017-04-09 19:00:00-04:00,1.057885,1.058275,1.057355,1.058055,-1.0,-1.0,-1
2017-04-09 20:00:00-04:00,1.058055,1.058345,1.05763,1.057715,-1.0,-1.0,-1
2017-04-09 21:00:00-04:00,1.057715,1.058565,1.05761,1.05785,-1.0,-1.0,-1
2017-04-09 22:00:00-04:00,1.05785,1.05791,1.057035,1.057595,-1.0,-1.0,-1
2017-04-09 23:00:00-04:00,1.057595,1.058335,1.05755,1.058205,-1.0,-1.0,-1
2017-04-10 00:00:00-04:00,1.058205,1.058715,1.057955,1.058565,-1.0,-1.0,-1
2017-04-10 01:00:00-04:00,1.058565,1.05936,1.05836,1.05932,-1.0,-1.0,-1
2017-04-10 02:00:00-04:00,1.05932,1.05939,1.058125,1.05828,-1.0,-1.0,-1
2017-04-10 03:00:00-04:00,1.05828,1.058735,1.05812,1.05869,-1.0,-1.0,-1
2017-04-10 04:00:00-04:00,1.05869,1.05895,1.057755,1.058655,-1.0,-1.0,-1
2017-04-10 05:00:00-04:00,1.058655,1.058895,1.057775,1.057925,-1.0,-1.0,-1
2017-04-10 06:00:00-04:00,1.057925,1.05806,1.057515,1.057855,-1.0,-1.0,-1
2017-04-10 07:00:00-04:00,1.057855,1.058395,1.056985,1.05758,-1.0,-1.0,-1
2017-04-10 08:00:00-04:00,1.05758,1.058175,1.057305,1.05754,-1.0,-1.0,-1
2017-04-10 09:00:00-04:00,1.05754,1.05974,1.05754,1.05971,-1.0,-1.0,-1
2017-04-10 10:00:00-04:00,1.05971,1.060375,1.059035,1.059875,-1.0,-1.0,-1
2017-04-10 11:00:00-04:00,1.059875,1.060675,1.059665,1.060525,-1.0,-1.0,-1
2017-04-10 12:00:00-04:00,1.060525,1.06063,1.059825,1.060025,-1.0,-1.0,-1
2017-04-10 13:00:00-04:00,1.060025,1.060175,1.05965,1.059925,-1.0,-1.0,-1
2017-04-10 14:00:00-04:00,1.059925,1.060565,1.05942,1.05943,-1.0,-1.0,-1
2017-04-10 15:00:00-04:00,1.05943,1.05962,1.059135,1.059285,-1.0,-1.0,-1
2017-04-10 16:00:00-04:00,1.059285,1.059715,1.058685,1.05965,-1.0,-1.0,-1
2017-04-10 17:15:00-04:00,1.05955,1.05985,1.05938,1.059425,-1.0,-1.0,-1
2017-04-10 18:00:00-04:00,1.059425,1.059895,1.05921,1.059825,-1.0,-1.0,-1
2017-04-10 19:00:00-04:00,1.059825,1.06005,1.05961,1.05974,-1.0,-1.0,-1
2017-04-10 20:00:00-04:00,1.05974,1.060215,1.059025,1.05916,-1.0,-1.0,-1
2017-04-10 21:00:00-04:00,1.05916,1.05924,1.05856,1.058725,-1.0,-1.0,-1
2017-04-10 22:00:00-04:00,1.058725,1.058815,1.058075,1.05852,-1.0,-1.0,-1
2017-04-10 23:00:00-04:00,1.05852,1.058955,1.058415,1.058415,-1.0,-1.0,-1
2017-04-11 00:00:00-04:00,1.058415,1.059025,1.058295,1.05884,-1.0,-1.0,-1
2017-04-11 01:00:00-04:00,1.05884,1.058955,1.058425,1.0586,-1.0,-1.0,-1
2017-04-11 02:00:00-04:00,1.0586,1.059125,1.05814,1.058995,-1.0,-1.0,-1
2017-04-11 03:00:00-04:00,1.058995,1.05953,1.05787,1.05903,-1.0,-1.0,-1
2017-04-11 04:00:00-04:00,1.05903,1.060525,1.059005,1.06014,-1.0,-1.0,-1
2017-04-11 05:00:00-04:00,1.06014,1.06099,1.059915,1.060705,-1.0,-1.0,-1
2017-04-11 06:00:00-04:00,1.060705,1.062005,1.060585,1.061195,-1.0,-1.0,-1
2017-04-11 07:00:00-04:00,1.061195,1.061715,1.06087,1.061695,-1.0,-1.0,-1
2017-04-11 08:00:00-04:00,1.061695,1.06184,1.060805,1.061225,-1.0,-1.0,-1
2017-04-11 09:00:00-04:00,1.061225,1.06149,1.06087,1.061135,-1.0,-1.0,-1
2017-04-11 10:00:00-04:00,1.061135,1.062995,1.061065,1.062855,-1.0,-1.0,-1
2017-04-11 11:00:00-04:00,1.062855,1.062995,1.06128,1.061365,-1.0,-1.0,-1
2017-04-11 12:00:00-04:00,1.061365,1.061475,1.06053,1.06098,-1.0,-1.0,-1
2017-04-11 13:00:00-04:00,1.06098,1.06109,1.060035,1.060395,-1.0,-1.0,-1
2017-04-11 14:00:00-04:00,1.060395,1.060835,1.06026,1.060785,-1.0,-1.0,-1
2017-04-11 15:00:00-04:00,1.060785,1.0608,1.0605,1.060505,-1.0,-1.0,-1
2017-04-11 16:00:00-04:00,1.060505,1.06072,1.060365,1.06046,-1.0,-1.0,-1
2017-04-11 17:15:00-04:00,1.0603,1.060785,1.060265,1.06057,-1.0,-1.0,-1
2017-04-11 18:00:00-04:00,1.06057,1.060765,1.06037,1.06048,-1.0,-1.0,-1
2017-04-11 19:00:00-04:00,1.06048,1.06113,1.060365,1.06105,-1.0,-1.0,-1
2017-04-11 20:00:00-04:00,1.06105,1.06118,1.060465,1.060855,-1.0,-1.0,-1
2017-04-11 21:00:00-04:00,1.060855,1.061545,1.060515,1.061015,-1.0,-1.0,-1
2017-04-11 22:00:00-04:00,1.061015,1.06107,1.059645,1.060075,-1.0,-1.0,-1
2017-04-11 23:00:00-04:00,1.060075,1.060225,1.059495,1.060205,-1.0,-1.0,-1
2017-04-12 00:00:00-04:00,1.060205,1.060475,1.06008,1.06041,-1.0,-1.0,-1
2017-04-12 01:00:00-04:00,1.06041,1.0612,1.060265,1.0611,-1.0,-1.0,-1
2017-04-12 02:00:00-04:00,1.0611,1.061885,1.060785,1.061525,-1.0,-1.0,-1
2017-04-12 03:00:00-04:00,1.061525,1.062225,1.061415,1.061945,-1.0,-1.0,-1
2017-04-12 04:00:00-04:00,1.061945,1.06208,1.06144,1.06189,-1.0,-1.0,-1
2017-04-12 05:00:00-04:00,1.06189,1.062395,1.06047,1.060525,-1.0,-1.0,-1
2017-04-12 06:00:00-04:00,1.060525,1.06077,1.059985,1.060185,-1.0,-1.0,-1
2017-04-12 07:00:00-04:00,1.060185,1.06044,1.05973,1.06017,-1.0,-1.0,-1
2017-04-12 08:00:00-04:00,1.06017,1.060595,1.059735,1.060045,-1.0,-1.0,-1
2017-04-12 09:00:00-04:00,1.060045,1.061365,1.060015,1.060975,-1.0,-1.0,-1
2017-04-12 10:00:00-04:00,1.060975,1.062125,1.06066,1.061885,-1.0,-1.0,-1
2017-04-12 11:00:00-04:00,1.061885,1.062195,1.061055,1.061065,-1.0,-1.0,-1
2017-04-12 12:00:00-04:00,1.061065,1.061155,1.060175,1.06024,-1.0,-1.0,-1
2017-04-12 13:00:00-04:00,1.06024,1.060625,1.058875,1.059345,-1.0,-1.0,-1
2017-04-12 14:00:00-04:00,1.059345,1.060125,1.05931,1.05957,-1.0,-1.0,-1
2017-04-12 15:00:00-04:00,1.05957,1.067255,1.05957,1.06588,-1.0,-1.0,-1
2017-04-12 16:00:00-04:00,1.06588,1.06751,1.065785,1.066455,-1.0,-1.0,-1
2017-04-12 17:15:00-04:00,1.06727,1.067335,1.066565,1.06687,-1.0,-1.0,-1
2017-04-12 18:00:00-04:00,1.06687,1.06687,1.066045,1.06668,-1.0,-1.0,-1
2017-04-12 19:00:00-04:00,1.06668,1.067185,1.06633,1.067015,-1.0,-1.0,-1
2017-04-12 20:00:00-04:00,1.067015,1.06713,1.06609,1.06658,-1.0,-1.0,-1
2017-04-12 21:00:00-04:00,1.06658,1.06699,1.066005,1.066885,-1.0,-1.0,-1
2017-04-12 22:00:00-04:00,1.066885,1.067755,1.06663,1.06732,-1.0,-1.0,-1
2017-04-12 23:00:00-04:00,1.06732,1.067425,1.066935,1.067205,-1.0,-1.0,-1
2017-04-13 00:00:00-04:00,1.067205,1.067395,1.06694,1.067325,-1.0,-1.0,-1
2017-04-13 01:00:00-04:00,1.067325,1.067325,1.066365,1.06696,-1.0,-1.0,-1
2017-04-13 02:00:00-04:00,1.06696,1.06777,1.06517,1.065215,-1.0,-1.0,-1
2017-04-13 03:00:00-04:00,1.065215,1.065855,1.064245,1.06445,-1.0,-1.0,-1
2017-04-13 04:00:00-04:00,1.06445,1.06509,1.063835,1.064255,-1.0,-1.0,-1
2017-04-13 05:00:00-04:00,1.064255,1.06474,1.06386,1.064245,-1.0,-1.0,-1
2017-04-13 06:00:00-04:00,1.064245,1.064445,1.06342,1.063815,-1.0,-1.0,-1
2017-04-13 07:00:00-04:00,1.063815,1.064125,1.06231,1.062415,-1.0,-1.0,-1
2017-04-13 08:00:00-04:00,1.062415,1.063235,1.062265,1.062805,-1.0,-1.0,-1
2017-04-13 09:00:00-04:00,1.062805,1.063585,1.061075,1.06188,-1.0,-1.0,-1
2017-04-13 10:00:00-04:00,1.06188,1.063005,1.06092,1.062425,-1.0,-1.0,-1
2017-04-13 11:00:00-04:00,1.062425,1.06343,1.062165,1.062995,-1.0,-1.0,-1
2017-04-13 12:00:00-04:00,1.062995,1.063115,1.062165,1.06219,-1.0,-1.0,-1
2017-04-13 13:00:00-04:00,1.06219,1.06267,1.061515,1.06175,-1.0,-1.0,-1
2017-04-13 14:00:00-04:00,1.06175,1.06183,1.06144,1.061445,-1.0,-1.0,-1
2017-04-13 15:00:00-04:00,1.061445,1.06203,1.06121,1.06182,-1.0,-1.0,-1
2017-04-13 16:00:00-04:00,1.06182,1.06192,1.061195,1.06136,-1.0,-1.0,-1
2017-04-13 17:15:00-04:00,1.061425,1.061835,1.06137,1.061625,-1.0,-1.0,-1
2017-04-13 18:00:00-04:00,1.061625,1.061735,1.061365,1.061725,-1.0,-1.0,-1
2017-04-13 19:00:00-04:00,1.061725,1.061725,1.061335,1.06152,-1.0,-1.0,-1
2017-04-13 20:00:00-04:00,1.06152,1.061845,1.060995,1.061385,-1.0,-1.0,-1
2017-04-13 21:00:00-04:00,1.061385,1.062185,1.06122,1.06209,-1.0,-1.0,-1
2017-04-13 22:00:00-04:00,1.06209,1.06245,1.06137,1.061475,-1.0,-1.0,-1
2017-04-13 23:00:00-04:00,1.061475,1.061855,1.061,1.06133,-1.0,-1.0,-1
2017-04-14 00:00:00-04:00,1.06133,1.06172,1.061005,1.06161,-1.0,-1.0,-1
2017-04-14 01:00:00-04:00,1.06161,1.061885,1.06061,1.061245,-1.0,-1.0,-1
2017-04-14 02:00:00-04:00,1.061245,1.061765,1.06071,1.06169,-1.0,-1.0,-1
2017-04-14 03:00:00-04:00,1.06169,1.062145,1.061335,1.062015,-1.0,-1.0,-1
2017-04-14 04:00:00-04:00,1.062015,1.062705,1.062005,1.062305,-1.0,-1.0,-1
2017-04-14 05:00:00-04:00,1.062305,1.062465,1.06205,1.062195,-1.0,-1.0,-1
2017-04-14 06:00:00-04:00,1.062195,1.062385,1.062085,1.06228,-1.0,-1.0,-1
2017-04-14 07:00:00-04:00,1.06228,1.06252,1.061665,1.06172,-1.0,-1.0,-1
2017-04-14 08:00:00-04:00,1.06172,1.06298,1.060905,1.062925,-1.0,-1.0,-1
2017-04-14 09:00:00-04:00,1.062925,1.06297,1.061845,1.062185,-1.0,-1.0,-1
2017-04-14 10:00:00-04:00,1.062185,1.062575,1.06214,1.06257,-1.0,-1.0,-1
2017-04-14 11:00:00-04:00,1.06257,1.062885,1.06221,1.062305,-1.0,-1.0,-1
2017-04-14 12:00:00-04:00,1.062305,1.062785,1.061605,1.06181,-1.0,-1.0,-1
2017-04-14 13:00:00-04:00,1.06181,1.062165,1.061545,1.0618,-1.0,-1.0,-1
2017-04-14 14:00:00-04:00,1.0618,1.0618,1.061335,1.06139,-1.0,-1.0,-1
2017-04-14 15:00:00-04:00,1.06139,1.061395,1.061165,1.06119,-1.0,-1.0,-1
2017-04-14 16:00:00-04:00,1.06119,1.06145,1.06098,1.06124,-1.0,-1.0,-1
2017-04-16 19:00:00-04:00,1.0605,1.061215,1.060425,1.06098,-1.0,-1.0,-1
2017-04-16 20:00:00-04:00,1.06098,1.062255,1.060875,1.062035,-1.0,-1.0,-1
2017-04-16 21:00:00-04:00,1.062035,1.06229,1.06163,1.06209,-1.0,-1.0,-1
2017-04-16 22:00:00-04:00,1.06209,1.062595,1.06203,1.062285,-1.0,-1.0,-1
2017-04-16 23:00:00-04:00,1.062285,1.062305,1.061715,1.061785,-1.0,-1.0,-1
2017-04-17 00:00:00-04:00,1.061785,1.061935,1.06174,1.06189,-1.0,-1.0,-1
2017-04-17 01:00:00-04:00,1.06189,1.061955,1.06155,1.06173,-1.0,-1.0,-1
2017-04-17 02:00:00-04:00,1.06173,1.06272,1.06151,1.062465,-1.0,-1.0,-1
2017-04-17 03:00:00-04:00,1.062465,1.065165,1.06239,1.063815,-1.0,-1.0,-1
2017-04-17 04:00:00-04:00,1.063815,1.064215,1.062485,1.06256,-1.0,-1.0,-1
2017-04-17 05:00:00-04:00,1.06256,1.062835,1.061885,1.06251,-1.0,-1.0,-1
2017-04-17 06:00:00-04:00,1.06251,1.063265,1.06251,1.06306,-1.0,-1.0,-1
2017-04-17 07:00:00-04:00,1.06306,1.0643,1.06306,1.064125,-1.0,-1.0,-1
2017-04-17 08:00:00-04:00,1.064125,1.06488,1.06409,1.06455,-1.0,-1.0,-1
2017-04-17 09:00:00-04:00,1.06455,1.06579,1.06429,1.0655,-1.0,-1.0,-1
2017-04-17 10:00:00-04:00,1.0655,1.066635,1.065495,1.06632,-1.0,-1.0,-1
2017-04-17 11:00:00-04:00,1.06632,1.067045,1.06561,1.066045,-1.0,-1.0,-1
2017-04-17 12:00:00-04:00,1.066045,1.066045,1.065205,1.065405,-1.0,-1.0,-1
2017-04-17 13:00:00-04:00,1.065405,1.065545,1.065125,1.065455,-1.0,-1.0,-1
2017-04-17 14:00:00-04:00,1.065455,1.06575,1.06415,1.06422,-1.0,-1.0,-1
2017-04-17 15:00:00-04:00,1.06422,1.06438,1.063505,1.06398,-1.0,-1.0,-1
2017-04-17 16:00:00-04:00,1.06398,1.064555,1.063905,1.06444,-1.0,-1.0,-1
2017-04-17 17:15:00-04:00,1.06465,1.064995,1.0641,1.06459,-1.0,-1.0,-1
2017-04-17 18:00:00-04:00,1.06459,1.064645,1.06412,1.06415,-1.0,-1.0,-1
2017-04-17 19:00:00-04:00,1.06415,1.064495,1.06382,1.064355,-1.0,-1.0,-1
2017-04-17 20:00:00-04:00,1.064355,1.064395,1.063745,1.064375,-1.0,-1.0,-1
2017-04-17 21:00:00-04:00,1.064375,1.06524,1.06416,1.06524,-1.0,-1.0,-1
2017-04-17 22:00:00-04:00,1.06524,1.065285,1.06475,1.065125,-1.0,-1.0,-1
2017-04-17 23:00:00-04:00,1.065125,1.06527,1.0647,1.064735,-1.0,-1.0,-1
2017-04-18 00:00:00-04:00,1.064735,1.064915,1.064355,1.064365,-1.0,-1.0,-1
2017-04-18 01:00:00-04:00,1.064365,1.065005,1.06421,1.064785,-1.0,-1.0,-1
2017-04-18 02:00:00-04:00,1.064785,1.065185,1.064275,1.064985,-1.0,-1.0,-1
2017-04-18 03:00:00-04:00,1.064985,1.065595,1.064125,1.06504,-1.0,-1.0,-1
2017-04-18 04:00:00-04:00,1.06504,1.065375,1.064565,1.065045,-1.0,-1.0,-1
2017-04-18 05:00:00-04:00,1.065045,1.065985,1.0648,1.065675,-1.0,-1.0,-1
2017-04-18 06:00:00-04:00,1.065675,1.066645,1.064875,1.066425,-1.0,-1.0,-1
2017-04-18 07:00:00-04:00,1.066425,1.06847,1.066425,1.06783,-1.0,-1.0,-1
2017-04-18 08:00:00-04:00,1.06783,1.07,1.067685,1.069665,-1.0,-1.0,-1
2017-04-18 09:00:00-04:00,1.069665,1.069665,1.068305,1.068475,-1.0,-1.0,-1
2017-04-18 10:00:00-04:00,1.068475,1.069975,1.06838,1.069885,-1.0,-1.0,-1
2017-04-18 11:00:00-04:00,1.069885,1.07087,1.069615,1.07056,-1.0,-1.0,-1
2017-04-18 12:00:00-04:00,1.07056,1.070815,1.069635,1.07078,-1.0,-1.0,-1
2017-04-18 13:00:00-04:00,1.07078,1.07328,1.070225,1.07226,-1.0,-1.0,-1
2017-04-18 14:00:00-04:00,1.07226,1.07325,1.071685,1.07308,-1.0,-1.0,-1
2017-04-18 15:00:00-04:00,1.07308,1.07361,1.072875,1.073425,-1.0,-1.0,-1
2017-04-18 16:00:00-04:00,1.073425,1.0735,1.072975,1.073065,-1.0,-1.0,-1
2017-04-18 17:15:00-04:00,1.072825,1.0732,1.07277,1.073025,-1.0,-1.0,-1
2017-04-18 18:00:00-04:00,1.073025,1.073185,1.072855,1.07297,-1.0,-1.0,-1
2017-04-18 19:00:00-04:00,1.07297,1.073545,1.07276,1.072765,-1.0,-1.0,-1
2017-04-18 20:00:00-04:00,1.072765,1.073255,1.07255,1.072595,-1.0,-1.0,-1
2017-04-18 21:00:00-04:00,1.072595,1.07282,1.072265,1.072265,-1.0,-1.0,-1
2017-04-18 22:00:00-04:00,1.072265,1.072515,1.071745,1.072055,-1.0,-1.0,-1
2017-04-18 23:00:00-04:00,1.072055,1.07217,1.071775,1.071985,-1.0,-1.0,-1
2017-04-19 00:00:00-04:00,1.071985,1.072045,1.0717,1.0719,-1.0,-1.0,-1
2017-04-19 01:00:00-04:00,1.0719,1.07237,1.071605,1.071905,-1.0,-1.0,-1
2017-04-19 02:00:00-04:00,1.071905,1.072665,1.071285,1.072375,-1.0,-1.0,-1
2017-04-19 03:00:00-04:00,1.072375,1.073705,1.071905,1.073115,-1.0,-1.0,-1
2017-04-19 04:00:00-04:00,1.073115,1.073135,1.071405,1.07157,-1.0,-1.0,-1
2017-04-19 05:00:00-04:00,1.07157,1.072215,1.070835,1.072195,-1.0,-1.0,-1
2017-04-19 06:00:00-04:00,1.072195,1.07293,1.07216,1.072615,-1.0,-1.0,-1
2017-04-19 07:00:00-04:00,1.072615,1.07299,1.071705,1.071905,-1.0,-1.0,-1
2017-04-19 08:00:00-04:00,1.071905,1.072815,1.071905,1.072,-1.0,-1.0,-1
2017-04-19 09:00:00-04:00,1.072,1.072305,1.070435,1.070515,-1.0,-1.0,-1
2017-04-19 10:00:00-04:00,1.070515,1.072025,1.070445,1.07128,-1.0,-1.0,-1
2017-04-19 11:00:00-04:00,1.07128,1.071885,1.070005,1.070645,-1.0,-1.0,-1
2017-04-19 12:00:00-04:00,1.070645,1.071525,1.070505,1.071045,-1.0,-1.0,-1
2017-04-19 13:00:00-04:00,1.071045,1.07141,1.070935,1.07123,-1.0,-1.0,-1
2017-04-19 14:00:00-04:00,1.07123,1.07229,1.0712,1.072005,-1.0,-1.0,-1
2017-04-19 15:00:00-04:00,1.072005,1.072125,1.070975,1.07163,-1.0,-1.0,-1
2017-04-19 16:00:00-04:00,1.07163,1.07167,1.07078,1.07112,-1.0,-1.0,-1
2017-04-19 17:15:00-04:00,1.07135,1.07137,1.07093,1.071115,-1.0,-1.0,-1
2017-04-19 18:00:00-04:00,1.071115,1.071715,1.07096,1.07155,-1.0,-1.0,-1
2017-04-19 19:00:00-04:00,1.07155,1.071665,1.071185,1.071465,-1.0,-1.0,-1
2017-04-19 20:00:00-04:00,1.071465,1.07188,1.071355,1.071635,-1.0,-1.0,-1
2017-04-19 21:00:00-04:00,1.071635,1.071765,1.070965,1.07103,-1.0,-1.0,-1
2017-04-19 22:00:00-04:00,1.07103,1.071685,1.07101,1.07155,-1.0,-1.0,-1
2017-04-19 23:00:00-04:00,1.07155,1.0722,1.071355,1.072035,-1.0,-1.0,-1
2017-04-20 00:00:00-04:00,1.072035,1.072775,1.071805,1.072735,-1.0,-1.0,-1
2017-04-20 01:00:00-04:00,1.072735,1.07278,1.072475,1.072685,-1.0,-1.0,-1
2017-04-20 02:00:00-04:00,1.072685,1.07478,1.07211,1.07414,-1.0,-1.0,-1
2017-04-20 03:00:00-04:00,1.07414,1.074985,1.073705,1.074855,-1.0,-1.0,-1
2017-04-20 04:00:00-04:00,1.074855,1.077605,1.07481,1.076995,-1.0,-1.0,-1
2017-04-20 05:00:00-04:00,1.076995,1.077765,1.07622,1.076325,-1.0,-1.0,-1
2017-04-20 06:00:00-04:00,1.076325,1.076485,1.075395,1.07554,-1.0,-1.0,-1
2017-04-20 07:00:00-04:00,1.07554,1.07554,1.07422,1.074655,-1.0,-1.0,-1
2017-04-20 08:00:00-04:00,1.074655,1.075195,1.074075,1.075035,-1.0,-1.0,-1
2017-04-20 09:00:00-04:00,1.075035,1.07694,1.07477,1.07657,-1.0,-1.0,-1
2017-04-20 10:00:00-04:00,1.07657,1.07703,1.07521,1.076585,-1.0,-1.0,-1
2017-04-20 11:00:00-04:00,1.076585,1.077695,1.07547,1.075735,-1.0,-1.0,-1
2017-04-20 12:00:00-04:00,1.075735,1.076035,1.074275,1.074555,-1.0,-1.0,-1
2017-04-20 13:00:00-04:00,1.074555,1.074765,1.071525,1.071835,-1.0,-1.0,-1
2017-04-20 14:00:00-04:00,1.071835,1.072345,1.071635,1.072105,-1.0,-1.0,-1
2017-04-20 15:00:00-04:00,1.072105,1.07274,1.071495,1.071825,-1.0,-1.0,-1
2017-04-20 16:00:00-04:00,1.071825,1.07208,1.07149,1.071705,-1.0,-1.0,-1
2017-04-20 17:15:00-04:00,1.07175,1.07187,1.07147,1.071565,-1.0,-1.0,-1
2017-04-20 18:00:00-04:00,1.071565,1.07164,1.07069,1.0715,-1.0,-1.0,-1
2017-04-20 19:00:00-04:00,1.0715,1.071615,1.07117,1.07141,-1.0,-1.0,-1
2017-04-20 20:00:00-04:00,1.07141,1.072085,1.07124,1.071785,-1.0,-1.0,-1
2017-04-20 21:00:00-04:00,1.071785,1.07199,1.07167,1.071765,-1.0,-1.0,-1
2017-04-20 22:00:00-04:00,1.071765,1.07177,1.071335,1.07143,-1.0,-1.0,-1
2017-04-20 23:00:00-04:00,1.07143,1.07199,1.071415,1.07169,-1.0,-1.0,-1
2017-04-21 00:00:00-04:00,1.07169,1.071945,1.07163,1.071645,-1.0,-1.0,-1
2017-04-21 01:00:00-04:00,1.071645,1.07186,1.071485,1.071485,-1.0,-1.0,-1
2017-04-21 02:00:00-04:00,1.071485,1.072845,1.07102,1.07273,-1.0,-1.0,-1
2017-04-21 03:00:00-04:00,1.07273,1.07382,1.07173,1.072175,-1.0,-1.0,-1
2017-04-21 04:00:00-04:00,1.072175,1.07264,1.07167,1.071855,-1.0,-1.0,-1
2017-04-21 05:00:00-04:00,1.071855,1.07199,1.06961,1.07055,-1.0,-1.0,-1
2017-04-21 06:00:00-04:00,1.07055,1.07068,1.06878,1.07009,-1.0,-1.0,-1
2017-04-21 07:00:00-04:00,1.07009,1.07048,1.069115,1.06912,-1.0,-1.0,-1
2017-04-21 08:00:00-04:00,1.06912,1.07041,1.068965,1.0701,-1.0,-1.0,-1
2017-04-21 09:00:00-04:00,1.0701,1.071095,1.069625,1.06985,-1.0,-1.0,-1
2017-04-21 10:00:00-04:00,1.06985,1.07053,1.06861,1.06877,-1.0,-1.0,-1
2017-04-21 11:00:00-04:00,1.06877,1.070075,1.068685,1.06939,-1.0,-1.0,-1
2017-04-21 12:00:00-04:00,1.06939,1.06955,1.068235,1.069255,-1.0,-1.0,-1
2017-04-21 13:00:00-04:00,1.069255,1.070995,1.0692,1.069895,-1.0,-1.0,-1
2017-04-21 14:00:00-04:00,1.069895,1.070005,1.068755,1.06948,-1.0,-1.0,-1
2017-04-21 15:00:00-04:00,1.06948,1.070555,1.06919,1.07031,-1.0,-1.0,-1
2017-04-21 16:00:00-04:00,1.07031,1.073065,1.069895,1.072575,-1.0,-1.0,-1
2017-04-23 17:15:00-04:00,1.0904,1.09054,1.087805,1.08978,-1.0,-1.0,-1
2017-04-23 18:00:00-04:00,1.08978,1.089925,1.087,1.08843,-1.0,-1.0,-1
2017-04-23 19:00:00-04:00,1.08843,1.08904,1.086485,1.08734,-1.0,-1.0,-1
2017-04-23 20:00:00-04:00,1.08734,1.087675,1.083775,1.08505,-1.0,-1.0,-1
2017-04-23 21:00:00-04:00,1.08505,1.085545,1.083665,1.084055,-1.0,-1.0,-1
2017-04-23 22:00:00-04:00,1.084055,1.084065,1.082105,1.08382,-1.0,-1.0,-1
2017-04-23 23:00:00-04:00,1.08382,1.085125,1.08346,1.08442,-1.0,-1.0,-1
2017-04-24 00:00:00-04:00,1.08442,1.086035,1.08417,1.085865,-1.0,-1.0,-1
2017-04-24 01:00:00-04:00,1.085865,1.087745,1.084565,1.08681,-1.0,-1.0,-1
2017-04-24 02:00:00-04:00,1.08681,1.08695,1.083205,1.08431,-1.0,-1.0,-1
2017-04-24 03:00:00-04:00,1.08431,1.08666,1.083305,1.0856,-1.0,-1.0,-1
2017-04-24 04:00:00-04:00,1.0856,1.087545,1.08492,1.08584,-1.0,-1.0,-1
2017-04-24 05:00:00-04:00,1.08584,1.087755,1.0855,1.08708,-1.0,-1.0,-1
2017-04-24 06:00:00-04:00,1.08708,1.087255,1.085145,1.085805,-1.0,-1.0,-1
2017-04-24 07:00:00-04:00,1.085805,1.086325,1.084125,1.084185,-1.0,-1.0,-1
2017-04-24 08:00:00-04:00,1.084185,1.086545,1.084165,1.085745,-1.0,-1.0,-1
2017-04-24 09:00:00-04:00,1.085745,1.08738,1.085675,1.086555,-1.0,-1.0,-1
2017-04-24 10:00:00-04:00,1.086555,1.087055,1.08552,1.086025,-1.0,-1.0,-1
2017-04-24 11:00:00-04:00,1.086025,1.086825,1.084745,1.084805,-1.0,-1.0,-1
2017-04-24 12:00:00-04:00,1.084805,1.085405,1.08353,1.084145,-1.0,-1.0,-1
2017-04-24 13:00:00-04:00,1.084145,1.084995,1.084115,1.084845,-1.0,-1.0,-1
2017-04-24 14:00:00-04:00,1.084845,1.0859,1.084615,1.08584,-1.0,-1.0,-1
2017-04-24 15:00:00-04:00,1.08584,1.08697,1.085505,1.0868,-1.0,-1.0,-1
2017-04-24 16:00:00-04:00,1.0868,1.086995,1.08648,1.08675,-1.0,-1.0,-1
2017-04-24 17:15:00-04:00,1.08677,1.08693,1.08639,1.086485,-1.0,-1.0,-1
2017-04-24 18:00:00-04:00,1.086485,1.08694,1.08648,1.086755,-1.0,-1.0,-1
2017-04-24 19:00:00-04:00,1.086755,1.08677,1.086325,1.08652,-1.0,-1.0,-1
2017-04-24 20:00:00-04:00,1.08652,1.087055,1.086235,1.086255,-1.0,-1.0,-1
2017-04-24 21:00:00-04:00,1.086255,1.086525,1.085415,1.085505,-1.0,-1.0,-1
2017-04-24 22:00:00-04:00,1.085505,1.08619,1.085145,1.08619,-1.0,-1.0,-1
2017-04-24 23:00:00-04:00,1.08619,1.086365,1.086005,1.08601,-1.0,-1.0,-1
2017-04-25 00:00:00-04:00,1.08601,1.086585,1.085695,1.08634,-1.0,-1.0,-1
2017-04-25 01:00:00-04:00,1.08634,1.087225,1.08632,1.08651,-1.0,-1.0,-1
2017-04-25 02:00:00-04:00,1.08651,1.088825,1.08634,1.088275,-1.0,-1.0,-1
2017-04-25 03:00:00-04:00,1.088275,1.089355,1.087495,1.088575,-1.0,-1.0,-1
2017-04-25 04:00:00-04:00,1.088575,1.089445,1.088375,1.089255,-1.0,-1.0,-1
2017-04-25 05:00:00-04:00,1.089255,1.089895,1.088205,1.088305,-1.0,-1.0,-1
2017-04-25 06:00:00-04:00,1.088305,1.088475,1.08707,1.08789,-1.0,-1.0,-1
2017-04-25 07:00:00-04:00,1.08789,1.088795,1.087665,1.08879,-1.0,-1.0,-1
2017-04-25 08:00:00-04:00,1.08879,1.089625,1.08862,1.088905,-1.0,-1.0,-1
2017-04-25 09:00:00-04:00,1.088905,1.09022,1.087965,1.090055,-1.0,-1.0,-1
2017-04-25 10:00:00-04:00,1.090055,1.09327,1.089025,1.092805,-1.0,-1.0,-1
2017-04-25 11:00:00-04:00,1.092805,1.094145,1.09196,1.09409,-1.0,-1.0,-1
2017-04-25 12:00:00-04:00,1.09409,1.094995,1.09384,1.09493,-1.0,-1.0,-1
2017-04-25 13:00:00-04:00,1.09493,1.094995,1.093325,1.093545,-1.0,-1.0,-1
2017-04-25 14:00:00-04:00,1.093545,1.094115,1.093075,1.093775,-1.0,-1.0,-1
2017-04-25 15:00:00-04:00,1.093775,1.093805,1.09256,1.09376,-1.0,-1.0,-1
2017-04-25 16:00:00-04:00,1.09376,1.093765,1.092545,1.092595,-1.0,-1.0,-1
2017-04-25 17:15:00-04:00,1.0927,1.093245,1.092505,1.0928,-1.0,-1.0,-1
2017-04-25 18:00:00-04:00,1.0928,1.093135,1.09275,1.092965,-1.0,-1.0,-1
2017-04-25 19:00:00-04:00,1.092965,1.093065,1.09236,1.09278,-1.0,-1.0,-1
2017-04-25 20:00:00-04:00,1.09278,1.09451,1.092735,1.093795,-1.0,-1.0,-1
2017-04-25 21:00:00-04:00,1.093795,1.094065,1.09308,1.093755,-1.0,-1.0,-1
2017-04-25 22:00:00-04:00,1.093755,1.094075,1.09334,1.0939,-1.0,-1.0,-1
2017-04-25 23:00:00-04:00,1.0939,1.094005,1.093535,1.093665,-1.0,-1.0,-1
2017-04-26 00:00:00-04:00,1.093665,1.09476,1.093615,1.094045,-1.0,-1.0,-1
2017-04-26 01:00:00-04:00,1.094045,1.09499,1.094045,1.09461,-1.0,-1.0,-1
2017-04-26 02:00:00-04:00,1.09461,1.095095,1.092215,1.09251,-1.0,-1.0,-1
2017-04-26 03:00:00-04:00,1.09251,1.093265,1.090485,1.091375,-1.0,-1.0,-1
2017-04-26 04:00:00-04:00,1.091375,1.091845,1.089575,1.09028,-1.0,-1.0,-1
2017-04-26 05:00:00-04:00,1.09028,1.09076,1.08923,1.090075,-1.0,-1.0,-1
2017-04-26 06:00:00-04:00,1.090075,1.09008,1.08821,1.089225,-1.0,-1.0,-1
2017-04-26 07:00:00-04:00,1.089225,1.089825,1.089145,1.08935,-1.0,-1.0,-1
2017-04-26 08:00:00-04:00,1.08935,1.08975,1.08812,1.08871,-1.0,-1.0,-1
2017-04-26 09:00:00-04:00,1.08871,1.089095,1.087365,1.088985,-1.0,-1.0,-1
2017-04-26 10:00:00-04:00,1.088985,1.089545,1.087605,1.087625,-1.0,-1.0,-1
2017-04-26 11:00:00-04:00,1.087625,1.08844,1.085585,1.087225,-1.0,-1.0,-1
2017-04-26 12:00:00-04:00,1.087225,1.08789,1.086665,1.08756,-1.0,-1.0,-1
2017-04-26 13:00:00-04:00,1.08756,1.089815,1.086135,1.089805,-1.0,-1.0,-1
2017-04-26 14:00:00-04:00,1.089805,1.091265,1.088845,1.089755,-1.0,-1.0,-1
2017-04-26 15:00:00-04:00,1.089755,1.09107,1.089265,1.09072,-1.0,-1.0,-1
2017-04-26 16:00:00-04:00,1.09072,1.090945,1.090315,1.09037,-1.0,-1.0,-1
2017-04-26 17:15:00-04:00,1.090475,1.090825,1.090175,1.09052,-1.0,-1.0,-1
2017-04-26 18:00:00-04:00,1.09052,1.090885,1.09017,1.090865,-1.0,-1.0,-1
2017-04-26 19:00:00-04:00,1.090865,1.091015,1.09066,1.09085,-1.0,-1.0,-1
2017-04-26 20:00:00-04:00,1.09085,1.09159,1.090635,1.09067,-1.0,-1.0,-1
2017-04-26 21:00:00-04:00,1.09067,1.091075,1.090415,1.090945,-1.0,-1.0,-1
2017-04-26 22:00:00-04:00,1.090945,1.09213,1.090945,1.091035,-1.0,-1.0,-1
2017-04-26 23:00:00-04:00,1.091035,1.0916,1.090835,1.09087,-1.0,-1.0,-1
2017-04-27 00:00:00-04:00,1.09087,1.09099,1.09034,1.090535,-1.0,-1.0,-1
2017-04-27 01:00:00-04:00,1.090535,1.09077,1.089965,1.090015,-1.0,-1.0,-1
2017-04-27 02:00:00-04:00,1.090015,1.090735,1.089615,1.090665,-1.0,-1.0,-1
2017-04-27 03:00:00-04:00,1.090665,1.091835,1.09025,1.09055,-1.0,-1.0,-1
2017-04-27 04:00:00-04:00,1.09055,1.09203,1.09035,1.09076,-1.0,-1.0,-1
2017-04-27 05:00:00-04:00,1.09076,1.090995,1.089195,1.08963,-1.0,-1.0,-1
2017-04-27 06:00:00-04:00,1.08963,1.090765,1.089525,1.08984,-1.0,-1.0,-1
2017-04-27 07:00:00-04:00,1.08984,1.090165,1.088005,1.08869,-1.0,-1.0,-1
2017-04-27 08:00:00-04:00,1.08869,1.093325,1.08802,1.08956,-1.0,-1.0,-1
2017-04-27 09:00:00-04:00,1.08956,1.089665,1.08527,1.086215,-1.0,-1.0,-1
2017-04-27 10:00:00-04:00,1.086215,1.087225,1.085165,1.086495,-1.0,-1.0,-1
2017-04-27 11:00:00-04:00,1.086495,1.087225,1.086085,1.08636,-1.0,-1.0,-1
2017-04-27 12:00:00-04:00,1.08636,1.088005,1.08581,1.087565,-1.0,-1.0,-1
2017-04-27 13:00:00-04:00,1.087565,1.088745,1.08739,1.088125,-1.0,-1.0,-1
2017-04-27 14:00:00-04:00,1.088125,1.088525,1.08774,1.088145,-1.0,-1.0,-1
2017-04-27 15:00:00-04:00,1.088145,1.08844,1.087245,1.08748,-1.0,-1.0,-1
2017-04-27 16:00:00-04:00,1.08748,1.088005,1.087005,1.087365,-1.0,-1.0,-1
2017-04-27 17:15:00-04:00,1.087225,1.087515,1.087175,1.087375,-1.0,-1.0,-1
2017-04-27 18:00:00-04:00,1.087375,1.087575,1.086965,1.08704,-1.0,-1.0,-1
2017-04-27 19:00:00-04:00,1.08704,1.0872,1.086075,1.086525,-1.0,-1.0,-1
2017-04-27 20:00:00-04:00,1.086525,1.086845,1.086055,1.086065,-1.0,-1.0,-1
2017-04-27 21:00:00-04:00,1.086065,1.087095,1.08573,1.08678,-1.0,-1.0,-1
2017-04-27 22:00:00-04:00,1.08678,1.087235,1.086715,1.08684,-1.0,-1.0,-1
2017-04-27 23:00:00-04:00,1.08684,1.08686,1.086645,1.086695,-1.0,-1.0,-1
2017-04-28 00:00:00-04:00,1.086695,1.086815,1.086325,1.086455,-1.0,-1.0,-1
2017-04-28 01:00:00-04:00,1.086455,1.086595,1.085705,1.086275,-1.0,-1.0,-1
2017-04-28 02:00:00-04:00,1.086275,1.0885,1.08627,1.08801,-1.0,-1.0,-1
2017-04-28 03:00:00-04:00,1.08801,1.088995,1.088,1.088545,-1.0,-1.0,-1
2017-04-28 04:00:00-04:00,1.088545,1.09023,1.088335,1.09023,-1.0,-1.0,-1
2017-04-28 05:00:00-04:00,1.09023,1.094755,1.09023,1.093775,-1.0,-1.0,-1
2017-04-28 06:00:00-04:00,1.093775,1.094525,1.09344,1.09385,-1.0,-1.0,-1
2017-04-28 07:00:00-04:00,1.09385,1.09397,1.092655,1.093455,-1.0,-1.0,-1
2017-04-28 08:00:00-04:00,1.093455,1.09348,1.090685,1.091225,-1.0,-1.0,-1
2017-04-28 09:00:00-04:00,1.091225,1.091995,1.090065,1.09178,-1.0,-1.0,-1
2017-04-28 10:00:00-04:00,1.09178,1.09217,1.088345,1.089145,-1.0,-1.0,-1
2017-04-28 11:00:00-04:00,1.089145,1.090215,1.088815,1.08944,-1.0,-1.0,-1
2017-04-28 12:00:00-04:00,1.08944,1.090115,1.08852,1.090085,-1.0,-1.0,-1
2017-04-28 13:00:00-04:00,1.090085,1.090615,1.08989,1.09017,-1.0,-1.0,-1
2017-04-28 14:00:00-04:00,1.09017,1.090365,1.089325,1.089495,-1.0,-1.0,-1
2017-04-28 15:00:00-04:00,1.089495,1.090015,1.08919,1.089325,-1.0,-1.0,-1
2017-04-28 16:00:00-04:00,1.089325,1.090075,1.088955,1.08959,-1.0,-1.0,-1
2017-04-30 17:15:00-04:00,1.089475,1.090405,1.089175,1.08976,-1.0,-1.0,-1
2017-04-30 18:00:00-04:00,1.08976,1.09033,1.089545,1.090275,-1.0,-1.0,-1
2017-04-30 19:00:00-04:00,1.090275,1.091135,1.090265,1.09058,-1.0,-1.0,-1
2017-04-30 20:00:00-04:00,1.09058,1.09079,1.08994,1.089945,-1.0,-1.0,-1
2017-04-30 21:00:00-04:00,1.089945,1.090075,1.088915,1.089285,-1.0,-1.0,-1
2017-04-30 22:00:00-04:00,1.089285,1.089695,1.089225,1.089385,-1.0,-1.0,-1
2017-04-30 23:00:00-04:00,1.089385,1.08948,1.089135,1.08933,-1.0,-1.0,-1
2017-05-01 00:00:00-04:00,1.08933,1.08937,1.089015,1.089085,-1.0,-1.0,-1
2017-05-01 01:00:00-04:00,1.089085,1.089235,1.08861,1.08871,-1.0,-1.0,-1
2017-05-01 02:00:00-04:00,1.08871,1.08905,1.088465,1.08872,-1.0,-1.0,-1
2017-05-01 03:00:00-04:00,1.08872,1.0895,1.088425,1.089035,-1.0,-1.0,-1
2017-05-01 04:00:00-04:00,1.089035,1.08993,1.089015,1.08986,-1.0,-1.0,-1
2017-05-01 05:00:00-04:00,1.08986,1.08994,1.089545,1.089895,-1.0,-1.0,-1
2017-05-01 06:00:00-04:00,1.089895,1.09014,1.08975,1.08988,-1.0,-1.0,-1
2017-05-01 07:00:00-04:00,1.08988,1.090575,1.08964,1.090545,-1.0,-1.0,-1
2017-05-01 08:00:00-04:00,1.090545,1.092215,1.090375,1.09169,-1.0,-1.0,-1
2017-05-01 09:00:00-04:00,1.09169,1.091775,1.09059,1.090945,-1.0,-1.0,-1
2017-05-01 10:00:00-04:00,1.090945,1.09239,1.090945,1.09146,-1.0,-1.0,-1
2017-05-01 11:00:00-04:00,1.09146,1.091865,1.09081,1.091135,-1.0,-1.0,-1
2017-05-01 12:00:00-04:00,1.091135,1.091565,1.090135,1.09041,-1.0,-1.0,-1
2017-05-01 13:00:00-04:00,1.09041,1.09077,1.08985,1.09049,-1.0,-1.0,-1
2017-05-01 14:00:00-04:00,1.09049,1.09081,1.09033,1.090515,-1.0,-1.0,-1
2017-05-01 15:00:00-04:00,1.090515,1.090795,1.08979,1.08983,-1.0,-1.0,-1
2017-05-01 16:00:00-04:00,1.08983,1.0901,1.08964,1.089895,-1.0,-1.0,-1
2017-05-01 17:15:00-04:00,1.090125,1.090215,1.08978,1.0898,-1.0,-1.0,-1
2017-05-01 18:00:00-04:00,1.0898,1.091155,1.089795,1.09115,-1.0,-1.0,-1
2017-05-01 19:00:00-04:00,1.09115,1.09128,1.090455,1.09086,-1.0,-1.0,-1
2017-05-01 20:00:00-04:00,1.09086,1.09127,1.09046,1.090715,-1.0,-1.0,-1
2017-05-01 21:00:00-04:00,1.090715,1.091175,1.09066,1.09082,-1.0,-1.0,-1
2017-05-01 22:00:00-04:00,1.09082,1.091185,1.090515,1.091125,-1.0,-1.0,-1
2017-05-01 23:00:00-04:00,1.091125,1.09175,1.09112,1.09154,-1.0,-1.0,-1
2017-05-02 00:00:00-04:00,1.09154,1.091585,1.091215,1.09128,-1.0,-1.0,-1
2017-05-02 01:00:00-04:00,1.09128,1.09256,1.09124,1.091865,-1.0,-1.0,-1
2017-05-02 02:00:00-04:00,1.091865,1.09228,1.090835,1.091775,-1.0,-1.0,-1
2017-05-02 03:00:00-04:00,1.091775,1.09199,1.09072,1.090765,-1.0,-1.0,-1
2017-05-02 04:00:00-04:00,1.090765,1.09184,1.090505,1.091495,-1.0,-1.0,-1
2017-05-02 05:00:00-04:00,1.091495,1.092145,1.09087,1.09182,-1.0,-1.0,-1
2017-05-02 06:00:00-04:00,1.09182,1.091965,1.090905,1.09168,-1.0,-1.0,-1
2017-05-02 07:00:00-04:00,1.09168,1.091825,1.090455,1.09052,-1.0,-1.0,-1
2017-05-02 08:00:00-04:00,1.09052,1.09159,1.09043,1.09078,-1.0,-1.0,-1
2017-05-02 09:00:00-04:00,1.09078,1.091315,1.09045,1.090915,-1.0,-1.0,-1
2017-05-02 10:00:00-04:00,1.090915,1.091015,1.088825,1.090145,-1.0,-1.0,-1
2017-05-02 11:00:00-04:00,1.090145,1.09128,1.08984,1.09096,-1.0,-1.0,-1
2017-05-02 12:00:00-04:00,1.09096,1.091775,1.090425,1.090625,-1.0,-1.0,-1
2017-05-02 13:00:00-04:00,1.090625,1.091915,1.09037,1.091895,-1.0,-1.0,-1
2017-05-02 14:00:00-04:00,1.091895,1.093035,1.091585,1.09266,-1.0,-1.0,-1
2017-05-02 15:00:00-04:00,1.09266,1.09296,1.0922,1.092595,-1.0,-1.0,-1
2017-05-02 16:00:00-04:00,1.092595,1.093325,1.09243,1.09298,-1.0,-1.0,-1
2017-05-02 17:15:00-04:00,1.09295,1.093055,1.092675,1.092885,-1.0,-1.0,-1
2017-05-02 18:00:00-04:00,1.092885,1.093205,1.092595,1.093075,-1.0,-1.0,-1
2017-05-02 19:00:00-04:00,1.093075,1.093615,1.092755,1.09348,-1.0,-1.0,-1
2017-05-02 20:00:00-04:00,1.09348,1.09368,1.09307,1.093325,-1.0,-1.0,-1
2017-05-02 21:00:00-04:00,1.093325,1.0937,1.09324,1.093365,-1.0,-1.0,-1
2017-05-02 22:00:00-04:00,1.093365,1.093495,1.09317,1.093435,-1.0,-1.0,-1
2017-05-02 23:00:00-04:00,1.093435,1.09351,1.092925,1.09294,-1.0,-1.0,-1
2017-05-03 00:00:00-04:00,1.09294,1.093445,1.092905,1.09344,-1.0,-1.0,-1
2017-05-03 01:00:00-04:00,1.09344,1.093525,1.09243,1.092475,-1.0,-1.0,-1
2017-05-03 02:00:00-04:00,1.092475,1.092675,1.09161,1.092175,-1.0,-1.0,-1
2017-05-03 03:00:00-04:00,1.092175,1.092175,1.091075,1.091905,-1.0,-1.0,-1
2017-05-03 04:00:00-04:00,1.091905,1.092255,1.090805,1.091225,-1.0,-1.0,-1
2017-05-03 05:00:00-04:00,1.091225,1.0915,1.09064,1.09098,-1.0,-1.0,-1
2017-05-03 06:00:00-04:00,1.09098,1.091525,1.090785,1.091005,-1.0,-1.0,-1
2017-05-03 07:00:00-04:00,1.091005,1.09151,1.090675,1.09142,-1.0,-1.0,-1
2017-05-03 08:00:00-04:00,1.09142,1.092275,1.091105,1.09151,-1.0,-1.0,-1
2017-05-03 09:00:00-04:00,1.09151,1.09216,1.090975,1.09108,-1.0,-1.0,-1
2017-05-03 10:00:00-04:00,1.09108,1.091515,1.090395,1.09079,-1.0,-1.0,-1
2017-05-03 11:00:00-04:00,1.09079,1.09196,1.090685,1.09191,-1.0,-1.0,-1
2017-05-03 12:00:00-04:00,1.09191,1.092355,1.09151,1.091715,-1.0,-1.0,-1
2017-05-03 13:00:00-04:00,1.091715,1.0921,1.091145,1.091375,-1.0,-1.0,-1
2017-05-03 14:00:00-04:00,1.091375,1.09275,1.089305,1.09039,-1.0,-1.0,-1
2017-05-03 15:00:00-04:00,1.09039,1.0907,1.088695,1.089525,-1.0,-1.0,-1
2017-05-03 16:00:00-04:00,1.089525,1.08957,1.08827,1.088545,-1.0,-1.0,-1
2017-05-03 17:15:00-04:00,1.088525,1.088895,1.08834,1.088435,-1.0,-1.0,-1
2017-05-03 18:00:00-04:00,1.088435,1.089135,1.088155,1.08891,-1.0,-1.0,-1
2017-05-03 19:00:00-04:00,1.08891,1.089075,1.088575,1.088825,-1.0,-1.0,-1
2017-05-03 20:00:00-04:00,1.088825,1.089485,1.08855,1.088665,-1.0,-1.0,-1
2017-05-03 21:00:00-04:00,1.088665,1.089495,1.088485,1.089305,-1.0,-1.0,-1
2017-05-03 22:00:00-04:00,1.089305,1.08949,1.08892,1.089175,-1.0,-1.0,-1
2017-05-03 23:00:00-04:00,1.089175,1.0897,1.08903,1.089665,-1.0,-1.0,-1
2017-05-04 00:00:00-04:00,1.089665,1.089705,1.089345,1.089625,-1.0,-1.0,-1
2017-05-04 01:00:00-04:00,1.089625,1.089625,1.08923,1.089355,-1.0,-1.0,-1
2017-05-04 02:00:00-04:00,1.089355,1.089765,1.087505,1.08833,-1.0,-1.0,-1
2017-05-04 03:00:00-04:00,1.08833,1.09178,1.08817,1.0912,-1.0,-1.0,-1
2017-05-04 04:00:00-04:00,1.0912,1.092475,1.091045,1.09187,-1.0,-1.0,-1
2017-05-04 05:00:00-04:00,1.09187,1.093585,1.09174,1.093295,-1.0,-1.0,-1
2017-05-04 06:00:00-04:00,1.093295,1.094135,1.092845,1.093075,-1.0,-1.0,-1
2017-05-04 07:00:00-04:00,1.093075,1.093485,1.09239,1.09243,-1.0,-1.0,-1
2017-05-04 08:00:00-04:00,1.09243,1.09364,1.091845,1.093465,-1.0,-1.0,-1
2017-05-04 09:00:00-04:00,1.093465,1.093885,1.09249,1.09372,-1.0,-1.0,-1
2017-05-04 10:00:00-04:00,1.09372,1.095285,1.09311,1.094515,-1.0,-1.0,-1
2017-05-04 11:00:00-04:00,1.094515,1.096895,1.093545,1.096675,-1.0,-1.0,-1
2017-05-04 12:00:00-04:00,1.096675,1.09791,1.09652,1.097365,-1.0,-1.0,-1
2017-05-04 13:00:00-04:00,1.097365,1.097685,1.096615,1.096775,-1.0,-1.0,-1
2017-05-04 14:00:00-04:00,1.096775,1.09791,1.09662,1.097765,-1.0,-1.0,-1
2017-05-04 15:00:00-04:00,1.097765,1.09854,1.097715,1.09848,-1.0,-1.0,-1
2017-05-04 16:00:00-04:00,1.09848,1.098735,1.098185,1.098455,-1.0,-1.0,-1
2017-05-04 17:15:00-04:00,1.09815,1.09826,1.097835,1.09792,-1.0,-1.0,-1
2017-05-04 18:00:00-04:00,1.09792,1.098205,1.09785,1.09806,-1.0,-1.0,-1
2017-05-04 19:00:00-04:00,1.09806,1.09818,1.097975,1.09806,-1.0,-1.0,-1
2017-05-04 20:00:00-04:00,1.09806,1.098215,1.097555,1.09795,-1.0,-1.0,-1
2017-05-04 21:00:00-04:00,1.09795,1.09795,1.09731,1.097495,-1.0,-1.0,-1
2017-05-04 22:00:00-04:00,1.097495,1.097885,1.097305,1.09782,-1.0,-1.0,-1
2017-05-04 23:00:00-04:00,1.09782,1.09864,1.09781,1.0984,-1.0,-1.0,-1
2017-05-05 00:00:00-04:00,1.0984,1.098995,1.0983,1.09835,-1.0,-1.0,-1
2017-05-05 01:00:00-04:00,1.09835,1.09879,1.0979,1.09791,-1.0,-1.0,-1
2017-05-05 02:00:00-04:00,1.09791,1.098375,1.09698,1.09704,-1.0,-1.0,-1
2017-05-05 03:00:00-04:00,1.09704,1.098345,1.096575,1.097435,-1.0,-1.0,-1
2017-05-05 04:00:00-04:00,1.097435,1.097775,1.09567,1.095835,-1.0,-1.0,-1
2017-05-05 05:00:00-04:00,1.095835,1.096635,1.095615,1.095725,-1.0,-1.0,-1
2017-05-05 06:00:00-04:00,1.095725,1.09634,1.095355,1.095925,-1.0,-1.0,-1
2017-05-05 07:00:00-04:00,1.095925,1.09643,1.095535,1.095725,-1.0,-1.0,-1
2017-05-05 08:00:00-04:00,1.095725,1.099185,1.094845,1.097885,-1.0,-1.0,-1
2017-05-05 09:00:00-04:00,1.097885,1.09827,1.096555,1.098095,-1.0,-1.0,-1
2017-05-05 10:00:00-04:00,1.098095,1.099265,1.097785,1.098435,-1.0,-1.0,-1
2017-05-05 11:00:00-04:00,1.098435,1.099895,1.0981,1.09951,-1.0,-1.0,-1
2017-05-05 12:00:00-04:00,1.09951,1.099885,1.098445,1.099035,-1.0,-1.0,-1
2017-05-05 13:00:00-04:00,1.099035,1.09937,1.098465,1.099105,-1.0,-1.0,-1
2017-05-05 14:00:00-04:00,1.099105,1.099225,1.098395,1.09888,-1.0,-1.0,-1
2017-05-05 15:00:00-04:00,1.09888,1.09985,1.09854,1.09977,-1.0,-1.0,-1
2017-05-05 16:00:00-04:00,1.09977,1.099975,1.09924,1.09982,-1.0,-1.0,-1
2017-05-07 17:15:00-04:00,1.100705,1.10155,1.100405,1.10131,-1.0,-1.0,-1
2017-05-07 18:00:00-04:00,1.10131,1.10143,1.098545,1.09932,-1.0,-1.0,-1
2017-05-07 19:00:00-04:00,1.09932,1.099595,1.09635,1.0965,-1.0,-1.0,-1
2017-05-07 20:00:00-04:00,1.0965,1.097425,1.09572,1.096685,-1.0,-1.0,-1
2017-05-07 21:00:00-04:00,1.096685,1.09765,1.09636,1.097445,-1.0,-1.0,-1
2017-05-07 22:00:00-04:00,1.097445,1.098275,1.097175,1.09754,-1.0,-1.0,-1
2017-05-07 23:00:00-04:00,1.09754,1.0976,1.09657,1.097135,-1.0,-1.0,-1
2017-05-08 00:00:00-04:00,1.097135,1.097305,1.09616,1.09725,-1.0,-1.0,-1
2017-05-08 01:00:00-04:00,1.09725,1.099495,1.097085,1.09943,-1.0,-1.0,-1
2017-05-08 02:00:00-04:00,1.09943,1.099685,1.09744,1.098395,-1.0,-1.0,-1
2017-05-08 03:00:00-04:00,1.098395,1.09858,1.095405,1.095635,-1.0,-1.0,-1
2017-05-08 04:00:00-04:00,1.095635,1.096535,1.095125,1.095635,-1.0,-1.0,-1
2017-05-08 05:00:00-04:00,1.095635,1.095665,1.09353,1.093825,-1.0,-1.0,-1
2017-05-08 06:00:00-04:00,1.093825,1.095755,1.093655,1.09504,-1.0,-1.0,-1
2017-05-08 07:00:00-04:00,1.09504,1.095655,1.093815,1.093825,-1.0,-1.0,-1
2017-05-08 08:00:00-04:00,1.093825,1.095085,1.093115,1.094705,-1.0,-1.0,-1
2017-05-08 09:00:00-04:00,1.094705,1.095285,1.093915,1.094345,-1.0,-1.0,-1
2017-05-08 10:00:00-04:00,1.094345,1.094835,1.092915,1.093115,-1.0,-1.0,-1
2017-05-08 11:00:00-04:00,1.093115,1.093345,1.091655,1.092815,-1.0,-1.0,-1
2017-05-08 12:00:00-04:00,1.092815,1.093645,1.09246,1.093225,-1.0,-1.0,-1
2017-05-08 13:00:00-04:00,1.093225,1.093705,1.092495,1.09285,-1.0,-1.0,-1
2017-05-08 14:00:00-04:00,1.09285,1.093535,1.092635,1.093335,-1.0,-1.0,-1
2017-05-08 15:00:00-04:00,1.093335,1.093335,1.09274,1.09302,-1.0,-1.0,-1
2017-05-08 16:00:00-04:00,1.09302,1.093035,1.092145,1.092385,-1.0,-1.0,-1
2017-05-08 17:15:00-04:00,1.092495,1.092565,1.092115,1.092215,-1.0,-1.0,-1
2017-05-08 18:00:00-04:00,1.092215,1.09268,1.09189,1.092575,-1.0,-1.0,-1
2017-05-08 19:00:00-04:00,1.092575,1.09314,1.09249,1.092665,-1.0,-1.0,-1
2017-05-08 20:00:00-04:00,1.092665,1.09326,1.092185,1.092505,-1.0,-1.0,-1
2017-05-08 21:00:00-04:00,1.092505,1.093145,1.092,1.092825,-1.0,-1.0,-1
2017-05-08 22:00:00-04:00,1.092825,1.093085,1.09265,1.092715,-1.0,-1.0,-1
2017-05-08 23:00:00-04:00,1.092715,1.093355,1.092655,1.09292,-1.0,-1.0,-1
2017-05-09 00:00:00-04:00,1.09292,1.09318,1.09285,1.09306,-1.0,-1.0,-1
2017-05-09 01:00:00-04:00,1.09306,1.09318,1.09231,1.092335,-1.0,-1.0,-1
2017-05-09 02:00:00-04:00,1.092335,1.092495,1.090255,1.090645,-1.0,-1.0,-1
2017-05-09 03:00:00-04:00,1.090645,1.09242,1.09055,1.092385,-1.0,-1.0,-1
2017-05-09 04:00:00-04:00,1.092385,1.09262,1.090585,1.090635,-1.0,-1.0,-1
2017-05-09 05:00:00-04:00,1.090635,1.090935,1.08923,1.09056,-1.0,-1.0,-1
2017-05-09 06:00:00-04:00,1.09056,1.090635,1.08861,1.089625,-1.0,-1.0,-1
2017-05-09 07:00:00-04:00,1.089625,1.090195,1.088005,1.088625,-1.0,-1.0,-1
2017-05-09 08:00:00-04:00,1.088625,1.089025,1.087405,1.08842,-1.0,-1.0,-1
2017-05-09 09:00:00-04:00,1.08842,1.089935,1.088295,1.089655,-1.0,-1.0,-1
2017-05-09 10:00:00-04:00,1.089655,1.090665,1.08897,1.089015,-1.0,-1.0,-1
2017-05-09 11:00:00-04:00,1.089015,1.089235,1.08716,1.08744,-1.0,-1.0,-1
2017-05-09 12:00:00-04:00,1.08744,1.089965,1.087325,1.08958,-1.0,-1.0,-1
2017-05-09 13:00:00-04:00,1.08958,1.089695,1.087815,1.088485,-1.0,-1.0,-1
2017-05-09 14:00:00-04:00,1.088485,1.0885,1.086345,1.08682,-1.0,-1.0,-1
2017-05-09 15:00:00-04:00,1.08682,1.08781,1.08662,1.087375,-1.0,-1.0,-1
2017-05-09 16:00:00-04:00,1.087375,1.08778,1.08703,1.087475,-1.0,-1.0,-1
2017-05-09 17:15:00-04:00,1.087575,1.08783,1.087565,1.08783,-1.0,-1.0,-1
2017-05-09 18:00:00-04:00,1.08783,1.088795,1.08763,1.08823,-1.0,-1.0,-1
2017-05-09 19:00:00-04:00,1.08823,1.0891,1.08819,1.088625,-1.0,-1.0,-1
2017-05-09 20:00:00-04:00,1.088625,1.089705,1.088225,1.089485,-1.0,-1.0,-1
2017-05-09 21:00:00-04:00,1.089485,1.08982,1.08931,1.08949,-1.0,-1.0,-1
2017-05-09 22:00:00-04:00,1.08949,1.089665,1.08923,1.08931,-1.0,-1.0,-1
2017-05-09 23:00:00-04:00,1.08931,1.089705,1.08918,1.089365,-1.0,-1.0,-1
2017-05-10 00:00:00-04:00,1.089365,1.089755,1.089125,1.08914,-1.0,-1.0,-1
2017-05-10 01:00:00-04:00,1.08914,1.089655,1.088705,1.089145,-1.0,-1.0,-1
2017-05-10 02:00:00-04:00,1.089145,1.08943,1.088355,1.08879,-1.0,-1.0,-1
2017-05-10 03:00:00-04:00,1.08879,1.08981,1.08876,1.08912,-1.0,-1.0,-1
2017-05-10 04:00:00-04:00,1.08912,1.08941,1.087025,1.0871,-1.0,-1.0,-1
2017-05-10 05:00:00-04:00,1.0871,1.087385,1.085895,1.08677,-1.0,-1.0,-1
2017-05-10 06:00:00-04:00,1.08677,1.087235,1.08628,1.08687,-1.0,-1.0,-1
2017-05-10 07:00:00-04:00,1.08687,1.08797,1.086045,1.08766,-1.0,-1.0,-1
2017-05-10 08:00:00-04:00,1.08766,1.088285,1.087225,1.088,-1.0,-1.0,-1
2017-05-10 09:00:00-04:00,1.088,1.088245,1.08633,1.08714,-1.0,-1.0,-1
2017-05-10 10:00:00-04:00,1.08714,1.08765,1.086305,1.086975,-1.0,-1.0,-1
2017-05-10 11:00:00-04:00,1.086975,1.08738,1.086255,1.087215,-1.0,-1.0,-1
2017-05-10 12:00:00-04:00,1.087215,1.087495,1.086655,1.08677,-1.0,-1.0,-1
2017-05-10 13:00:00-04:00,1.08677,1.08703,1.08551,1.08586,-1.0,-1.0,-1
2017-05-10 14:00:00-04:00,1.08586,1.08622,1.085335,1.08612,-1.0,-1.0,-1
2017-05-10 15:00:00-04:00,1.08612,1.08689,1.086065,1.086605,-1.0,-1.0,-1
2017-05-10 16:00:00-04:00,1.086605,1.086825,1.086545,1.08674,-1.0,-1.0,-1
2017-05-10 17:15:00-04:00,1.086625,1.086895,1.086275,1.08677,-1.0,-1.0,-1
2017-05-10 18:00:00-04:00,1.08677,1.08695,1.08654,1.086675,-1.0,-1.0,-1
2017-05-10 19:00:00-04:00,1.086675,1.08694,1.08645,1.08673,-1.0,-1.0,-1
2017-05-10 20:00:00-04:00,1.08673,1.087605,1.08636,1.087395,-1.0,-1.0,-1
2017-05-10 21:00:00-04:00,1.087395,1.08778,1.087055,1.087165,-1.0,-1.0,-1
2017-05-10 22:00:00-04:00,1.087165,1.087985,1.087115,1.08777,-1.0,-1.0,-1
2017-05-10 23:00:00-04:00,1.08777,1.087775,1.08725,1.08725,-1.0,-1.0,-1
2017-05-11 00:00:00-04:00,1.08725,1.08728,1.086985,1.087025,-1.0,-1.0,-1
2017-05-11 01:00:00-04:00,1.087025,1.087625,1.08645,1.087575,-1.0,-1.0,-1
2017-05-11 02:00:00-04:00,1.087575,1.08864,1.08716,1.08789,-1.0,-1.0,-1
2017-05-11 03:00:00-04:00,1.08789,1.089315,1.087175,1.088705,-1.0,-1.0,-1
2017-05-11 04:00:00-04:00,1.088705,1.088865,1.087795,1.08785,-1.0,-1.0,-1
2017-05-11 05:00:00-04:00,1.08785,1.087865,1.08684,1.08701,-1.0,-1.0,-1
2017-05-11 06:00:00-04:00,1.08701,1.087435,1.086725,1.087015,-1.0,-1.0,-1
2017-05-11 07:00:00-04:00,1.087015,1.087585,1.08561,1.08567,-1.0,-1.0,-1
2017-05-11 08:00:00-04:00,1.08567,1.086185,1.08391,1.08521,-1.0,-1.0,-1
2017-05-11 09:00:00-04:00,1.08521,1.087125,1.085175,1.08679,-1.0,-1.0,-1
2017-05-11 10:00:00-04:00,1.08679,1.087295,1.08648,1.086705,-1.0,-1.0,-1
2017-05-11 11:00:00-04:00,1.086705,1.087575,1.086565,1.086915,-1.0,-1.0,-1
2017-05-11 12:00:00-04:00,1.086915,1.08716,1.08638,1.086695,-1.0,-1.0,-1
2017-05-11 13:00:00-04:00,1.086695,1.0875,1.086615,1.087035,-1.0,-1.0,-1
2017-05-11 14:00:00-04:00,1.087035,1.087135,1.086555,1.086655,-1.0,-1.0,-1
2017-05-11 15:00:00-04:00,1.086655,1.08674,1.08598,1.08634,-1.0,-1.0,-1
2017-05-11 16:00:00-04:00,1.08634,1.08674,1.08598,1.086085,-1.0,-1.0,-1
2017-05-11 17:15:00-04:00,1.0861,1.08652,1.08594,1.08621,-1.0,-1.0,-1
2017-05-11 18:00:00-04:00,1.08621,1.086535,1.086,1.08639,-1.0,-1.0,-1
2017-05-11 19:00:00-04:00,1.08639,1.086775,1.086365,1.08645,-1.0,-1.0,-1
2017-05-11 20:00:00-04:00,1.08645,1.086685,1.08602,1.086505,-1.0,-1.0,-1
2017-05-11 21:00:00-04:00,1.086505,1.08712,1.086455,1.087035,-1.0,-1.0,-1
2017-05-11 22:00:00-04:00,1.087035,1.087385,1.086995,1.08718,-1.0,-1.0,-1
2017-05-11 23:00:00-04:00,1.08718,1.087245,1.086945,1.086955,-1.0,-1.0,-1
2017-05-12 00:00:00-04:00,1.086955,1.087165,1.08668,1.08712,-1.0,-1.0,-1
2017-05-12 01:00:00-04:00,1.08712,1.08727,1.086905,1.08716,-1.0,-1.0,-1
2017-05-12 02:00:00-04:00,1.08716,1.087225,1.085975,1.08599,-1.0,-1.0,-1
2017-05-12 03:00:00-04:00,1.08599,1.086745,1.085575,1.086335,-1.0,-1.0,-1
2017-05-12 04:00:00-04:00,1.086335,1.087335,1.08612,1.08658,-1.0,-1.0,-1
2017-05-12 05:00:00-04:00,1.08658,1.08768,1.086315,1.08729,-1.0,-1.0,-1
2017-05-12 06:00:00-04:00,1.08729,1.08782,1.08696,1.087615,-1.0,-1.0,-1
2017-05-12 07:00:00-04:00,1.087615,1.087795,1.087005,1.087065,-1.0,-1.0,-1
2017-05-12 08:00:00-04:00,1.087065,1.091275,1.08704,1.09061,-1.0,-1.0,-1
2017-05-12 09:00:00-04:00,1.09061,1.09256,1.090605,1.092245,-1.0,-1.0,-1
2017-05-12 10:00:00-04:00,1.092245,1.092795,1.09151,1.09213,-1.0,-1.0,-1
2017-05-12 11:00:00-04:00,1.09213,1.093445,1.09171,1.09256,-1.0,-1.0,-1
2017-05-12 12:00:00-04:00,1.09256,1.092875,1.09149,1.09189,-1.0,-1.0,-1
2017-05-12 13:00:00-04:00,1.09189,1.092335,1.09177,1.092285,-1.0,-1.0,-1
2017-05-12 14:00:00-04:00,1.092285,1.092765,1.09191,1.092425,-1.0,-1.0,-1
2017-05-12 15:00:00-04:00,1.092425,1.09312,1.09226,1.09297,-1.0,-1.0,-1
2017-05-12 16:00:00-04:00,1.09297,1.093315,1.092725,1.093095,-1.0,-1.0,-1
2017-05-14 17:15:00-04:00,1.093425,1.09353,1.092925,1.093305,-1.0,-1.0,-1
2017-05-14 18:00:00-04:00,1.093305,1.09339,1.09236,1.092595,-1.0,-1.0,-1
2017-05-14 19:00:00-04:00,1.092595,1.092835,1.09228,1.092805,-1.0,-1.0,-1
2017-05-14 20:00:00-04:00,1.092805,1.093365,1.09237,1.092455,-1.0,-1.0,-1
2017-05-14 21:00:00-04:00,1.092455,1.092875,1.09227,1.092745,-1.0,-1.0,-1
2017-05-14 22:00:00-04:00,1.092745,1.093135,1.09259,1.092735,-1.0,-1.0,-1
2017-05-14 23:00:00-04:00,1.092735,1.09305,1.09263,1.092935,-1.0,-1.0,-1
2017-05-15 00:00:00-04:00,1.092935,1.09314,1.09273,1.09302,-1.0,-1.0,-1
2017-05-15 01:00:00-04:00,1.09302,1.093355,1.092915,1.092935,-1.0,-1.0,-1
2017-05-15 02:00:00-04:00,1.092935,1.09428,1.092605,1.093565,-1.0,-1.0,-1
2017-05-15 03:00:00-04:00,1.093565,1.094735,1.093385,1.09416,-1.0,-1.0,-1
2017-05-15 04:00:00-04:00,1.09416,1.094995,1.09382,1.09453,-1.0,-1.0,-1
2017-05-15 05:00:00-04:00,1.09453,1.096015,1.094495,1.095415,-1.0,-1.0,-1
2017-05-15 06:00:00-04:00,1.095415,1.097015,1.09524,1.096985,-1.0,-1.0,-1
2017-05-15 07:00:00-04:00,1.096985,1.097345,1.096415,1.0966,-1.0,-1.0,-1
2017-05-15 08:00:00-04:00,1.0966,1.09823,1.096555,1.097845,-1.0,-1.0,-1
2017-05-15 09:00:00-04:00,1.097845,1.098955,1.097615,1.097935,-1.0,-1.0,-1
2017-05-15 10:00:00-04:00,1.097935,1.098595,1.09726,1.097815,-1.0,-1.0,-1
2017-05-15 11:00:00-04:00,1.097815,1.098635,1.097655,1.097915,-1.0,-1.0,-1
2017-05-15 12:00:00-04:00,1.097915,1.098095,1.09707,1.097415,-1.0,-1.0,-1
2017-05-15 13:00:00-04:00,1.097415,1.097795,1.096635,1.09696,-1.0,-1.0,-1
2017-05-15 14:00:00-04:00,1.09696,1.09785,1.096585,1.0978,-1.0,-1.0,-1
2017-05-15 15:00:00-04:00,1.0978,1.09799,1.097475,1.09777,-1.0,-1.0,-1
2017-05-15 16:00:00-04:00,1.09777,1.097825,1.097475,1.097515,-1.0,-1.0,-1
2017-05-15 17:15:00-04:00,1.097725,1.097985,1.09747,1.097695,-1.0,-1.0,-1
2017-05-15 18:00:00-04:00,1.097695,1.09833,1.097685,1.098105,-1.0,-1.0,-1
2017-05-15 19:00:00-04:00,1.098105,1.098345,1.09787,1.09801,-1.0,-1.0,-1
2017-05-15 20:00:00-04:00,1.09801,1.098585,1.097925,1.098335,-1.0,-1.0,-1
2017-05-15 21:00:00-04:00,1.098335,1.098995,1.098065,1.0987,-1.0,-1.0,-1
2017-05-15 22:00:00-04:00,1.0987,1.098845,1.098335,1.098845,-1.0,-1.0,-1
2017-05-15 23:00:00-04:00,1.098845,1.098915,1.098655,1.098905,-1.0,-1.0,-1
2017-05-16 00:00:00-04:00,1.098905,1.099385,1.098725,1.09919,-1.0,-1.0,-1
2017-05-16 01:00:00-04:00,1.09919,1.100055,1.09914,1.099225,-1.0,-1.0,-1
2017-05-16 02:00:00-04:00,1.099225,1.101795,1.09915,1.10141,-1.0,-1.0,-1
2017-05-16 03:00:00-04:00,1.10141,1.103645,1.10117,1.102895,-1.0,-1.0,-1
2017-05-16 04:00:00-04:00,1.102895,1.104975,1.1028,1.104555,-1.0,-1.0,-1
2017-05-16 05:00:00-04:00,1.104555,1.10476,1.10301,1.104445,-1.0,-1.0,-1
2017-05-16 06:00:00-04:00,1.104445,1.105895,1.104025,1.105345,-1.0,-1.0,-1
2017-05-16 07:00:00-04:00,1.105345,1.106595,1.105065,1.105275,-1.0,-1.0,-1
2017-05-16 08:00:00-04:00,1.105275,1.108895,1.105235,1.107775,-1.0,-1.0,-1
2017-05-16 09:00:00-04:00,1.107775,1.107865,1.106495,1.106755,-1.0,-1.0,-1
2017-05-16 10:00:00-04:00,1.106755,1.108625,1.106665,1.108215,-1.0,-1.0,-1
2017-05-16 11:00:00-04:00,1.108215,1.108395,1.106395,1.107165,-1.0,-1.0,-1
2017-05-16 12:00:00-04:00,1.107165,1.108115,1.10678,1.10757,-1.0,-1.0,-1
2017-05-16 13:00:00-04:00,1.10757,1.10924,1.107535,1.108985,-1.0,-1.0,-1
2017-05-16 14:00:00-04:00,1.108985,1.109735,1.108985,1.109505,-1.0,-1.0,-1
2017-05-16 15:00:00-04:00,1.109505,1.109695,1.108455,1.108485,-1.0,-1.0,-1
2017-05-16 16:00:00-04:00,1.108485,1.10898,1.108055,1.108275,-1.0,-1.0,-1
2017-05-16 17:15:00-04:00,1.108525,1.10865,1.108015,1.10808,-1.0,-1.0,-1
2017-05-16 18:00:00-04:00,1.10808,1.10953,1.10808,1.1095,-1.0,-1.0,-1
2017-05-16 19:00:00-04:00,1.1095,1.109685,1.108955,1.109345,-1.0,-1.0,-1
2017-05-16 20:00:00-04:00,1.109345,1.109795,1.10866,1.10957,-1.0,-1.0,-1
2017-05-16 21:00:00-04:00,1.10957,1.109895,1.109425,1.10974,-1.0,-1.0,-1
2017-05-16 22:00:00-04:00,1.10974,1.111385,1.109585,1.111035,-1.0,-1.0,-1
2017-05-16 23:00:00-04:00,1.111035,1.1117,1.11098,1.111305,-1.0,-1.0,-1
2017-05-17 00:00:00-04:00,1.111305,1.11165,1.110405,1.11061,-1.0,-1.0,-1
2017-05-17 01:00:00-04:00,1.11061,1.11121,1.10966,1.11088,-1.0,-1.0,-1
2017-05-17 02:00:00-04:00,1.11088,1.112255,1.11036,1.110875,-1.0,-1.0,-1
2017-05-17 03:00:00-04:00,1.110875,1.11179,1.108165,1.10889,-1.0,-1.0,-1
2017-05-17 04:00:00-04:00,1.10889,1.10999,1.108445,1.10854,-1.0,-1.0,-1
2017-05-17 05:00:00-04:00,1.10854,1.110035,1.108485,1.10957,-1.0,-1.0,-1
2017-05-17 06:00:00-04:00,1.10957,1.111315,1.109415,1.110895,-1.0,-1.0,-1
2017-05-17 07:00:00-04:00,1.110895,1.111335,1.110115,1.111195,-1.0,-1.0,-1
2017-05-17 08:00:00-04:00,1.111195,1.112445,1.111135,1.11232,-1.0,-1.0,-1
2017-05-17 09:00:00-04:00,1.11232,1.112595,1.110175,1.112595,-1.0,-1.0,-1
2017-05-17 10:00:00-04:00,1.112595,1.11471,1.11252,1.114685,-1.0,-1.0,-1
2017-05-17 11:00:00-04:00,1.114685,1.11504,1.11302,1.113295,-1.0,-1.0,-1
2017-05-17 12:00:00-04:00,1.113295,1.11442,1.11322,1.113805,-1.0,-1.0,-1
2017-05-17 13:00:00-04:00,1.113805,1.115495,1.113755,1.115475,-1.0,-1.0,-1
2017-05-17 14:00:00-04:00,1.115475,1.115815,1.114585,1.114755,-1.0,-1.0,-1
2017-05-17 15:00:00-04:00,1.114755,1.11572,1.11442,1.11528,-1.0,-1.0,-1
2017-05-17 16:00:00-04:00,1.11528,1.116225,1.115075,1.11591,-1.0,-1.0,-1
2017-05-17 17:15:00-04:00,1.115975,1.117055,1.115875,1.11654,-1.0,-1.0,-1
2017-05-17 18:00:00-04:00,1.11654,1.116895,1.11612,1.11617,-1.0,-1.0,-1
2017-05-17 19:00:00-04:00,1.11617,1.116405,1.115095,1.11543,-1.0,-1.0,-1
2017-05-17 20:00:00-04:00,1.11543,1.116595,1.115085,1.116465,-1.0,-1.0,-1
2017-05-17 21:00:00-04:00,1.116465,1.117195,1.115345,1.11549,-1.0,-1.0,-1
2017-05-17 22:00:00-04:00,1.11549,1.115815,1.11509,1.115595,-1.0,-1.0,-1
2017-05-17 23:00:00-04:00,1.115595,1.11614,1.11549,1.11612,-1.0,-1.0,-1
2017-05-18 00:00:00-04:00,1.11612,1.116195,1.113905,1.11442,-1.0,-1.0,-1
2017-05-18 01:00:00-04:00,1.11442,1.114575,1.11381,1.11389,-1.0,-1.0,-1
2017-05-18 02:00:00-04:00,1.11389,1.114585,1.11214,1.113045,-1.0,-1.0,-1
2017-05-18 03:00:00-04:00,1.113045,1.11455,1.112985,1.11332,-1.0,-1.0,-1
2017-05-18 04:00:00-04:00,1.11332,1.114525,1.11271,1.11272,-1.0,-1.0,-1
2017-05-18 05:00:00-04:00,1.11272,1.11403,1.110765,1.111995,-1.0,-1.0,-1
2017-05-18 06:00:00-04:00,1.111995,1.113765,1.111775,1.113625,-1.0,-1.0,-1
2017-05-18 07:00:00-04:00,1.113625,1.113985,1.111155,1.112075,-1.0,-1.0,-1
2017-05-18 08:00:00-04:00,1.112075,1.11368,1.11041,1.11088,-1.0,-1.0,-1
2017-05-18 09:00:00-04:00,1.11088,1.11184,1.110485,1.111325,-1.0,-1.0,-1
2017-05-18 10:00:00-04:00,1.111325,1.11284,1.11082,1.112675,-1.0,-1.0,-1
2017-05-18 11:00:00-04:00,1.112675,1.113425,1.112055,1.11296,-1.0,-1.0,-1
2017-05-18 12:00:00-04:00,1.11296,1.1138,1.112265,1.112555,-1.0,-1.0,-1
2017-05-18 13:00:00-04:00,1.112555,1.11304,1.10837,1.10894,-1.0,-1.0,-1
2017-05-18 14:00:00-04:00,1.10894,1.11052,1.107575,1.11029,-1.0,-1.0,-1
2017-05-18 15:00:00-04:00,1.11029,1.111415,1.109295,1.1113,-1.0,-1.0,-1
2017-05-18 16:00:00-04:00,1.1113,1.111305,1.11019,1.11022,-1.0,-1.0,-1
2017-05-18 17:15:00-04:00,1.110225,1.11038,1.10972,1.11012,-1.0,-1.0,-1
2017-05-18 18:00:00-04:00,1.11012,1.11113,1.109875,1.11079,-1.0,-1.0,-1
2017-05-18 19:00:00-04:00,1.11079,1.11148,1.11077,1.11103,-1.0,-1.0,-1
2017-05-18 20:00:00-04:00,1.11103,1.11117,1.110625,1.110905,-1.0,-1.0,-1
2017-05-18 21:00:00-04:00,1.110905,1.11139,1.110505,1.11074,-1.0,-1.0,-1
2017-05-18 22:00:00-04:00,1.11074,1.11074,1.10995,1.110255,-1.0,-1.0,-1
2017-05-18 23:00:00-04:00,1.110255,1.11106,1.110235,1.110905,-1.0,-1.0,-1
2017-05-19 00:00:00-04:00,1.110905,1.11136,1.11073,1.111185,-1.0,-1.0,-1
2017-05-19 01:00:00-04:00,1.111185,1.11147,1.11094,1.11138,-1.0,-1.0,-1
2017-05-19 02:00:00-04:00,1.11138,1.11269,1.11092,1.112275,-1.0,-1.0,-1
2017-05-19 03:00:00-04:00,1.112275,1.11436,1.112225,1.113895,-1.0,-1.0,-1
2017-05-19 04:00:00-04:00,1.113895,1.116095,1.11355,1.114935,-1.0,-1.0,-1
2017-05-19 05:00:00-04:00,1.114935,1.116545,1.11468,1.11585,-1.0,-1.0,-1
2017-05-19 06:00:00-04:00,1.11585,1.116795,1.115595,1.116335,-1.0,-1.0,-1
2017-05-19 07:00:00-04:00,1.116335,1.118375,1.11607,1.117795,-1.0,-1.0,-1
2017-05-19 08:00:00-04:00,1.117795,1.118595,1.117485,1.117935,-1.0,-1.0,-1
2017-05-19 09:00:00-04:00,1.117935,1.119685,1.117815,1.118885,-1.0,-1.0,-1
2017-05-19 10:00:00-04:00,1.118885,1.119705,1.118415,1.119545,-1.0,-1.0,-1
2017-05-19 11:00:00-04:00,1.119545,1.119695,1.11873,1.11893,-1.0,-1.0,-1
2017-05-19 12:00:00-04:00,1.11893,1.119575,1.118525,1.11908,-1.0,-1.0,-1
2017-05-19 13:00:00-04:00,1.11908,1.121195,1.11899,1.121065,-1.0,-1.0,-1
2017-05-19 14:00:00-04:00,1.121065,1.121095,1.120435,1.12044,-1.0,-1.0,-1
2017-05-19 15:00:00-04:00,1.12044,1.121145,1.119855,1.12043,-1.0,-1.0,-1
2017-05-19 16:00:00-04:00,1.12043,1.120855,1.120195,1.1207,-1.0,-1.0,-1
2017-05-21 17:15:00-04:00,1.1207,1.121005,1.120015,1.120145,-1.0,-1.0,-1
2017-05-21 18:00:00-04:00,1.120145,1.12077,1.12003,1.12067,-1.0,-1.0,-1
2017-05-21 19:00:00-04:00,1.12067,1.121005,1.120095,1.120335,-1.0,-1.0,-1
2017-05-21 20:00:00-04:00,1.120335,1.120335,1.118655,1.118665,-1.0,-1.0,-1
2017-05-21 21:00:00-04:00,1.118665,1.119395,1.11826,1.119305,-1.0,-1.0,-1
2017-05-21 22:00:00-04:00,1.119305,1.119335,1.118345,1.119195,-1.0,-1.0,-1
2017-05-21 23:00:00-04:00,1.119195,1.119615,1.11905,1.11918,-1.0,-1.0,-1
2017-05-22 00:00:00-04:00,1.11918,1.119425,1.118835,1.11886,-1.0,-1.0,-1
2017-05-22 01:00:00-04:00,1.11886,1.11941,1.118505,1.119395,-1.0,-1.0,-1
2017-05-22 02:00:00-04:00,1.119395,1.12011,1.118025,1.118465,-1.0,-1.0,-1
2017-05-22 03:00:00-04:00,1.118465,1.119395,1.116405,1.11718,-1.0,-1.0,-1
2017-05-22 04:00:00-04:00,1.11718,1.117885,1.11615,1.11681,-1.0,-1.0,-1
2017-05-22 05:00:00-04:00,1.11681,1.120675,1.11659,1.120115,-1.0,-1.0,-1
2017-05-22 06:00:00-04:00,1.120115,1.123665,1.1201,1.12276,-1.0,-1.0,-1
2017-05-22 07:00:00-04:00,1.12276,1.124625,1.122655,1.123485,-1.0,-1.0,-1
2017-05-22 08:00:00-04:00,1.123485,1.124995,1.123375,1.124535,-1.0,-1.0,-1
2017-05-22 09:00:00-04:00,1.124535,1.125885,1.124075,1.125745,-1.0,-1.0,-1
2017-05-22 10:00:00-04:00,1.125745,1.12636,1.124375,1.124665,-1.0,-1.0,-1
2017-05-22 11:00:00-04:00,1.124665,1.125175,1.122845,1.123495,-1.0,-1.0,-1
2017-05-22 12:00:00-04:00,1.123495,1.12377,1.122915,1.12338,-1.0,-1.0,-1
2017-05-22 13:00:00-04:00,1.12338,1.12443,1.12329,1.12419,-1.0,-1.0,-1
2017-05-22 14:00:00-04:00,1.12419,1.12435,1.12343,1.12358,-1.0,-1.0,-1
2017-05-22 15:00:00-04:00,1.12358,1.12379,1.122925,1.123735,-1.0,-1.0,-1
2017-05-22 16:00:00-04:00,1.123735,1.12423,1.123615,1.12374,-1.0,-1.0,-1
2017-05-22 17:15:00-04:00,1.12421,1.12421,1.123685,1.1237,-1.0,-1.0,-1
2017-05-22 18:00:00-04:00,1.1237,1.124255,1.123035,1.123875,-1.0,-1.0,-1
2017-05-22 19:00:00-04:00,1.123875,1.124415,1.12365,1.12374,-1.0,-1.0,-1
2017-05-22 20:00:00-04:00,1.12374,1.124725,1.123665,1.123955,-1.0,-1.0,-1
2017-05-22 21:00:00-04:00,1.123955,1.125165,1.12392,1.124945,-1.0,-1.0,-1
2017-05-22 22:00:00-04:00,1.124945,1.12541,1.124725,1.12517,-1.0,-1.0,-1
2017-05-22 23:00:00-04:00,1.12517,1.125175,1.12439,1.12457,-1.0,-1.0,-1
2017-05-23 00:00:00-04:00,1.12457,1.12534,1.124245,1.12505,-1.0,-1.0,-1
2017-05-23 01:00:00-04:00,1.12505,1.125125,1.12436,1.124455,-1.0,-1.0,-1
2017-05-23 02:00:00-04:00,1.124455,1.12456,1.12221,1.1225,-1.0,-1.0,-1
2017-05-23 03:00:00-04:00,1.1225,1.126845,1.122295,1.12526,-1.0,-1.0,-1
2017-05-23 04:00:00-04:00,1.12526,1.126,1.124125,1.12485,-1.0,-1.0,-1
2017-05-23 05:00:00-04:00,1.12485,1.126285,1.124515,1.125835,-1.0,-1.0,-1
2017-05-23 06:00:00-04:00,1.125835,1.12605,1.123765,1.123875,-1.0,-1.0,-1
2017-05-23 07:00:00-04:00,1.123875,1.124005,1.121625,1.121765,-1.0,-1.0,-1
2017-05-23 08:00:00-04:00,1.121765,1.123855,1.121125,1.123385,-1.0,-1.0,-1
2017-05-23 09:00:00-04:00,1.123385,1.124365,1.122535,1.122575,-1.0,-1.0,-1
2017-05-23 10:00:00-04:00,1.122575,1.123325,1.121315,1.122865,-1.0,-1.0,-1
2017-05-23 11:00:00-04:00,1.122865,1.124955,1.119335,1.119695,-1.0,-1.0,-1
2017-05-23 12:00:00-04:00,1.119695,1.120745,1.118215,1.11924,-1.0,-1.0,-1
2017-05-23 13:00:00-04:00,1.11924,1.120905,1.1189,1.11965,-1.0,-1.0,-1
2017-05-23 14:00:00-04:00,1.11965,1.119895,1.11767,1.118495,-1.0,-1.0,-1
2017-05-23 15:00:00-04:00,1.118495,1.118535,1.117505,1.118285,-1.0,-1.0,-1
2017-05-23 16:00:00-04:00,1.118285,1.118545,1.11773,1.118315,-1.0,-1.0,-1
2017-05-23 17:15:00-04:00,1.118375,1.11852,1.118015,1.11849,-1.0,-1.0,-1
2017-05-23 18:00:00-04:00,1.11849,1.11895,1.11838,1.118745,-1.0,-1.0,-1
2017-05-23 19:00:00-04:00,1.118745,1.11875,1.117735,1.1179,-1.0,-1.0,-1
2017-05-23 20:00:00-04:00,1.1179,1.11919,1.117815,1.118685,-1.0,-1.0,-1
2017-05-23 21:00:00-04:00,1.118685,1.119115,1.118045,1.118545,-1.0,-1.0,-1
2017-05-23 22:00:00-04:00,1.118545,1.11901,1.118445,1.11855,-1.0,-1.0,-1
2017-05-23 23:00:00-04:00,1.11855,1.118585,1.11779,1.118065,-1.0,-1.0,-1
2017-05-24 00:00:00-04:00,1.118065,1.11825,1.11784,1.117995,-1.0,-1.0,-1
2017-05-24 01:00:00-04:00,1.117995,1.1181,1.117305,1.117805,-1.0,-1.0,-1
2017-05-24 02:00:00-04:00,1.117805,1.118325,1.117125,1.11776,-1.0,-1.0,-1
2017-05-24 03:00:00-04:00,1.11776,1.11849,1.11701,1.117585,-1.0,-1.0,-1
2017-05-24 04:00:00-04:00,1.117585,1.11969,1.117355,1.11855,-1.0,-1.0,-1
2017-05-24 05:00:00-04:00,1.11855,1.118895,1.11753,1.117635,-1.0,-1.0,-1
2017-05-24 06:00:00-04:00,1.117635,1.11931,1.117495,1.11909,-1.0,-1.0,-1
2017-05-24 07:00:00-04:00,1.11909,1.119255,1.117865,1.118775,-1.0,-1.0,-1
2017-05-24 08:00:00-04:00,1.118775,1.120245,1.118505,1.119805,-1.0,-1.0,-1
2017-05-24 09:00:00-04:00,1.119805,1.12048,1.118215,1.118705,-1.0,-1.0,-1
2017-05-24 10:00:00-04:00,1.118705,1.119675,1.11813,1.118395,-1.0,-1.0,-1
2017-05-24 11:00:00-04:00,1.118395,1.118745,1.116855,1.117475,-1.0,-1.0,-1
2017-05-24 12:00:00-04:00,1.117475,1.118225,1.117375,1.117755,-1.0,-1.0,-1
2017-05-24 13:00:00-04:00,1.117755,1.11899,1.11758,1.11874,-1.0,-1.0,-1
2017-05-24 14:00:00-04:00,1.11874,1.121685,1.117945,1.119725,-1.0,-1.0,-1
2017-05-24 15:00:00-04:00,1.119725,1.12175,1.119375,1.121525,-1.0,-1.0,-1
2017-05-24 16:00:00-04:00,1.121525,1.122025,1.12121,1.121885,-1.0,-1.0,-1
2017-05-24 17:15:00-04:00,1.12187,1.121925,1.1212,1.12141,-1.0,-1.0,-1
2017-05-24 18:00:00-04:00,1.12141,1.122365,1.121085,1.121725,-1.0,-1.0,-1
2017-05-24 19:00:00-04:00,1.121725,1.12336,1.121725,1.12307,-1.0,-1.0,-1
2017-05-24 20:00:00-04:00,1.12307,1.1231,1.122045,1.12232,-1.0,-1.0,-1
2017-05-24 21:00:00-04:00,1.12232,1.123115,1.12186,1.122375,-1.0,-1.0,-1
2017-05-24 22:00:00-04:00,1.122375,1.12401,1.122265,1.123915,-1.0,-1.0,-1
2017-05-24 23:00:00-04:00,1.123915,1.12446,1.123825,1.123895,-1.0,-1.0,-1
2017-05-25 00:00:00-04:00,1.123895,1.124365,1.12364,1.12409,-1.0,-1.0,-1
2017-05-25 01:00:00-04:00,1.12409,1.12449,1.123445,1.124375,-1.0,-1.0,-1
2017-05-25 02:00:00-04:00,1.124375,1.124395,1.12267,1.12298,-1.0,-1.0,-1
2017-05-25 03:00:00-04:00,1.12298,1.124495,1.12254,1.124335,-1.0,-1.0,-1
2017-05-25 04:00:00-04:00,1.124335,1.125045,1.1235,1.124215,-1.0,-1.0,-1
2017-05-25 05:00:00-04:00,1.124215,1.124215,1.1218,1.122505,-1.0,-1.0,-1
2017-05-25 06:00:00-04:00,1.122505,1.122505,1.120885,1.1217,-1.0,-1.0,-1
2017-05-25 07:00:00-04:00,1.1217,1.12189,1.12061,1.121405,-1.0,-1.0,-1
2017-05-25 08:00:00-04:00,1.121405,1.12157,1.11936,1.12028,-1.0,-1.0,-1
2017-05-25 09:00:00-04:00,1.12028,1.12155,1.120055,1.121425,-1.0,-1.0,-1
2017-05-25 10:00:00-04:00,1.121425,1.122275,1.120505,1.12132,-1.0,-1.0,-1
2017-05-25 11:00:00-04:00,1.12132,1.122345,1.121155,1.121755,-1.0,-1.0,-1
2017-05-25 12:00:00-04:00,1.121755,1.12262,1.1215,1.1218,-1.0,-1.0,-1
2017-05-25 13:00:00-04:00,1.1218,1.122095,1.12008,1.12082,-1.0,-1.0,-1
2017-05-25 14:00:00-04:00,1.12082,1.120825,1.119835,1.120475,-1.0,-1.0,-1
2017-05-25 15:00:00-04:00,1.120475,1.12141,1.120285,1.121105,-1.0,-1.0,-1
2017-05-25 16:00:00-04:00,1.121105,1.12117,1.12039,1.12106,-1.0,-1.0,-1
2017-05-25 17:15:00-04:00,1.121175,1.121175,1.12089,1.12094,-1.0,-1.0,-1
2017-05-25 18:00:00-04:00,1.12094,1.121625,1.12083,1.12128,-1.0,-1.0,-1
2017-05-25 19:00:00-04:00,1.12128,1.121305,1.12079,1.121015,-1.0,-1.0,-1
2017-05-25 20:00:00-04:00,1.121015,1.12124,1.119665,1.1206,-1.0,-1.0,-1
2017-05-25 21:00:00-04:00,1.1206,1.1208,1.118705,1.11887,-1.0,-1.0,-1
2017-05-25 22:00:00-04:00,1.11887,1.11992,1.11851,1.119905,-1.0,-1.0,-1
2017-05-25 23:00:00-04:00,1.119905,1.12057,1.1199,1.12013,-1.0,-1.0,-1
2017-05-26 00:00:00-04:00,1.12013,1.12025,1.11973,1.12004,-1.0,-1.0,-1
2017-05-26 01:00:00-04:00,1.12004,1.120405,1.11912,1.119505,-1.0,-1.0,-1
2017-05-26 02:00:00-04:00,1.119505,1.121305,1.11912,1.121135,-1.0,-1.0,-1
2017-05-26 03:00:00-04:00,1.121135,1.122445,1.120785,1.121885,-1.0,-1.0,-1
2017-05-26 04:00:00-04:00,1.121885,1.123475,1.12175,1.12241,-1.0,-1.0,-1
2017-05-26 05:00:00-04:00,1.12241,1.122535,1.12114,1.121745,-1.0,-1.0,-1
2017-05-26 06:00:00-04:00,1.121745,1.122685,1.121365,1.122185,-1.0,-1.0,-1
2017-05-26 07:00:00-04:00,1.122185,1.122315,1.119075,1.119105,-1.0,-1.0,-1
2017-05-26 08:00:00-04:00,1.119105,1.12001,1.117805,1.118025,-1.0,-1.0,-1
2017-05-26 09:00:00-04:00,1.118025,1.118135,1.116075,1.11678,-1.0,-1.0,-1
2017-05-26 10:00:00-04:00,1.11678,1.11876,1.11648,1.118495,-1.0,-1.0,-1
2017-05-26 11:00:00-04:00,1.118495,1.118655,1.11661,1.116905,-1.0,-1.0,-1
2017-05-26 12:00:00-04:00,1.116905,1.117975,1.11615,1.117745,-1.0,-1.0,-1
2017-05-26 13:00:00-04:00,1.117745,1.11832,1.11758,1.117675,-1.0,-1.0,-1
2017-05-26 14:00:00-04:00,1.117675,1.117795,1.11732,1.117625,-1.0,-1.0,-1
2017-05-26 15:00:00-04:00,1.117625,1.11787,1.116885,1.117115,-1.0,-1.0,-1
2017-05-26 16:00:00-04:00,1.117115,1.118565,1.11678,1.1183,-1.0,-1.0,-1
2017-05-28 17:15:00-04:00,1.117645,1.11768,1.11735,1.117635,-1.0,-1.0,-1
2017-05-28 18:00:00-04:00,1.117635,1.11827,1.117585,1.118265,-1.0,-1.0,-1
2017-05-28 19:00:00-04:00,1.118265,1.1185,1.117275,1.117585,-1.0,-1.0,-1
2017-05-28 20:00:00-04:00,1.117585,1.117585,1.11618,1.11724,-1.0,-1.0,-1
2017-05-28 21:00:00-04:00,1.11724,1.117345,1.116525,1.116735,-1.0,-1.0,-1
2017-05-28 22:00:00-04:00,1.116735,1.116935,1.11635,1.116395,-1.0,-1.0,-1
2017-05-28 23:00:00-04:00,1.116395,1.116505,1.11627,1.116475,-1.0,-1.0,-1
2017-05-29 00:00:00-04:00,1.116475,1.11662,1.116255,1.116365,-1.0,-1.0,-1
2017-05-29 01:00:00-04:00,1.116365,1.117345,1.116355,1.11655,-1.0,-1.0,-1
2017-05-29 02:00:00-04:00,1.11655,1.117725,1.116535,1.117135,-1.0,-1.0,-1
2017-05-29 03:00:00-04:00,1.117135,1.118225,1.116635,1.117895,-1.0,-1.0,-1
2017-05-29 04:00:00-04:00,1.117895,1.11898,1.11772,1.118355,-1.0,-1.0,-1
2017-05-29 05:00:00-04:00,1.118355,1.118835,1.11774,1.118725,-1.0,-1.0,-1
2017-05-29 06:00:00-04:00,1.118725,1.118725,1.1181,1.1184,-1.0,-1.0,-1
2017-05-29 07:00:00-04:00,1.1184,1.118845,1.118335,1.118685,-1.0,-1.0,-1
2017-05-29 08:00:00-04:00,1.118685,1.11899,1.1184,1.118495,-1.0,-1.0,-1
2017-05-29 09:00:00-04:00,1.118495,1.118855,1.116995,1.117155,-1.0,-1.0,-1
2017-05-29 10:00:00-04:00,1.117155,1.11793,1.116725,1.117615,-1.0,-1.0,-1
2017-05-29 11:00:00-04:00,1.117615,1.11831,1.117615,1.117975,-1.0,-1.0,-1
2017-05-29 12:00:00-04:00,1.117975,1.1182,1.11737,1.11739,-1.0,-1.0,-1
2017-05-29 13:00:00-04:00,1.11739,1.117675,1.11692,1.11708,-1.0,-1.0,-1
2017-05-29 14:00:00-04:00,1.11708,1.117145,1.116835,1.117075,-1.0,-1.0,-1
2017-05-29 15:00:00-04:00,1.117075,1.11732,1.11697,1.11716,-1.0,-1.0,-1
2017-05-29 16:00:00-04:00,1.11716,1.117235,1.11626,1.116475,-1.0,-1.0,-1
2017-05-29 17:15:00-04:00,1.116325,1.116425,1.115125,1.115225,-1.0,-1.0,-1
2017-05-29 18:00:00-04:00,1.115225,1.115335,1.113525,1.11386,-1.0,-1.0,-1
2017-05-29 19:00:00-04:00,1.11386,1.113985,1.112755,1.112905,-1.0,-1.0,-1
2017-05-29 20:00:00-04:00,1.112905,1.113775,1.11281,1.113375,-1.0,-1.0,-1
2017-05-29 21:00:00-04:00,1.113375,1.113375,1.112205,1.112375,-1.0,-1.0,-1
2017-05-29 22:00:00-04:00,1.112375,1.112995,1.112225,1.112935,-1.0,-1.0,-1
2017-05-29 23:00:00-04:00,1.112935,1.113085,1.11255,1.11255,-1.0,-1.0,-1
2017-05-30 00:00:00-04:00,1.11255,1.112935,1.11232,1.112765,-1.0,-1.0,-1
2017-05-30 01:00:00-04:00,1.112765,1.113205,1.111565,1.111625,-1.0,-1.0,-1
2017-05-30 02:00:00-04:00,1.111625,1.113125,1.110945,1.11309,-1.0,-1.0,-1
2017-05-30 03:00:00-04:00,1.11309,1.11451,1.112705,1.11407,-1.0,-1.0,-1
2017-05-30 04:00:00-04:00,1.11407,1.114925,1.113885,1.11402,-1.0,-1.0,-1
2017-05-30 05:00:00-04:00,1.11402,1.116705,1.113675,1.116495,-1.0,-1.0,-1
2017-05-30 06:00:00-04:00,1.116495,1.116855,1.11532,1.115385,-1.0,-1.0,-1
2017-05-30 07:00:00-04:00,1.115385,1.119405,1.11463,1.11741,-1.0,-1.0,-1
2017-05-30 08:00:00-04:00,1.11741,1.117635,1.11544,1.116255,-1.0,-1.0,-1
2017-05-30 09:00:00-04:00,1.116255,1.119195,1.11623,1.11909,-1.0,-1.0,-1
2017-05-30 10:00:00-04:00,1.11909,1.120565,1.117495,1.11775,-1.0,-1.0,-1
2017-05-30 11:00:00-04:00,1.11775,1.118945,1.117595,1.118245,-1.0,-1.0,-1
2017-05-30 12:00:00-04:00,1.118245,1.1184,1.117195,1.11746,-1.0,-1.0,-1
2017-05-30 13:00:00-04:00,1.11746,1.118395,1.117445,1.11804,-1.0,-1.0,-1
2017-05-30 14:00:00-04:00,1.11804,1.11901,1.117905,1.11886,-1.0,-1.0,-1
2017-05-30 15:00:00-04:00,1.11886,1.119355,1.11841,1.118855,-1.0,-1.0,-1
2017-05-30 16:00:00-04:00,1.118855,1.11968,1.118485,1.118595,-1.0,-1.0,-1
2017-05-30 17:15:00-04:00,1.118875,1.118935,1.117765,1.118,-1.0,-1.0,-1
2017-05-30 18:00:00-04:00,1.118,1.118095,1.117315,1.117345,-1.0,-1.0,-1
2017-05-30 19:00:00-04:00,1.117345,1.11739,1.11702,1.117295,-1.0,-1.0,-1
2017-05-30 20:00:00-04:00,1.117295,1.1182,1.11694,1.11712,-1.0,-1.0,-1
2017-05-30 21:00:00-04:00,1.11712,1.118015,1.117065,1.1175,-1.0,-1.0,-1
2017-05-30 22:00:00-04:00,1.1175,1.117965,1.117065,1.117575,-1.0,-1.0,-1
2017-05-30 23:00:00-04:00,1.117575,1.117855,1.11735,1.11765,-1.0,-1.0,-1
2017-05-31 00:00:00-04:00,1.11765,1.11785,1.11718,1.11728,-1.0,-1.0,-1
2017-05-31 01:00:00-04:00,1.11728,1.117595,1.11646,1.116805,-1.0,-1.0,-1
2017-05-31 02:00:00-04:00,1.116805,1.118985,1.116475,1.118815,-1.0,-1.0,-1
2017-05-31 03:00:00-04:00,1.118815,1.11971,1.117965,1.1185,-1.0,-1.0,-1
2017-05-31 04:00:00-04:00,1.1185,1.11857,1.11699,1.11746,-1.0,-1.0,-1
2017-05-31 05:00:00-04:00,1.11746,1.119265,1.11711,1.119065,-1.0,-1.0,-1
2017-05-31 06:00:00-04:00,1.119065,1.12183,1.118515,1.121265,-1.0,-1.0,-1
2017-05-31 07:00:00-04:00,1.121265,1.122875,1.121265,1.122155,-1.0,-1.0,-1
2017-05-31 08:00:00-04:00,1.122155,1.122505,1.121105,1.122225,-1.0,-1.0,-1
2017-05-31 09:00:00-04:00,1.122225,1.124225,1.121735,1.123345,-1.0,-1.0,-1
2017-05-31 10:00:00-04:00,1.123345,1.124655,1.12211,1.12458,-1.0,-1.0,-1
2017-05-31 11:00:00-04:00,1.12458,1.125235,1.123045,1.123685,-1.0,-1.0,-1
2017-05-31 12:00:00-04:00,1.123685,1.12382,1.122815,1.123695,-1.0,-1.0,-1
2017-05-31 13:00:00-04:00,1.123695,1.124255,1.12281,1.123925,-1.0,-1.0,-1
2017-05-31 14:00:00-04:00,1.123925,1.124735,1.123475,1.124565,-1.0,-1.0,-1
2017-05-31 15:00:00-04:00,1.124565,1.124715,1.12302,1.12336,-1.0,-1.0,-1
2017-05-31 16:00:00-04:00,1.12336,1.124435,1.123215,1.124345,-1.0,-1.0,-1
2017-05-31 17:15:00-04:00,1.124275,1.124625,1.12413,1.12433,-1.0,-1.0,-1
2017-05-31 18:00:00-04:00,1.12433,1.12434,1.12359,1.12387,-1.0,-1.0,-1
2017-05-31 19:00:00-04:00,1.12387,1.124495,1.12387,1.123915,-1.0,-1.0,-1
2017-05-31 20:00:00-04:00,1.123915,1.12425,1.123345,1.12346,-1.0,-1.0,-1
2017-05-31 21:00:00-04:00,1.12346,1.125545,1.12337,1.124695,-1.0,-1.0,-1
2017-05-31 22:00:00-04:00,1.124695,1.12568,1.124165,1.12422,-1.0,-1.0,-1
2017-05-31 23:00:00-04:00,1.12422,1.124925,1.123755,1.124675,-1.0,-1.0,-1
2017-06-01 00:00:00-04:00,1.124675,1.12478,1.12434,1.12467,-1.0,-1.0,-1
2017-06-01 01:00:00-04:00,1.12467,1.124815,1.123765,1.123785,-1.0,-1.0,-1
2017-06-01 02:00:00-04:00,1.123785,1.124895,1.12276,1.124385,-1.0,-1.0,-1
2017-06-01 03:00:00-04:00,1.124385,1.124595,1.12291,1.123265,-1.0,-1.0,-1
2017-06-01 04:00:00-04:00,1.123265,1.123795,1.122305,1.122635,-1.0,-1.0,-1
2017-06-01 05:00:00-04:00,1.122635,1.12371,1.122235,1.123565,-1.0,-1.0,-1
2017-06-01 06:00:00-04:00,1.123565,1.123675,1.12242,1.122775,-1.0,-1.0,-1
2017-06-01 07:00:00-04:00,1.122775,1.122825,1.121685,1.121835,-1.0,-1.0,-1
2017-06-01 08:00:00-04:00,1.121835,1.12248,1.120225,1.12148,-1.0,-1.0,-1
2017-06-01 09:00:00-04:00,1.12148,1.122605,1.121325,1.12223,-1.0,-1.0,-1
2017-06-01 10:00:00-04:00,1.12223,1.123455,1.121605,1.122555,-1.0,-1.0,-1
2017-06-01 11:00:00-04:00,1.122555,1.122585,1.120905,1.12134,-1.0,-1.0,-1
2017-06-01 12:00:00-04:00,1.12134,1.12175,1.120625,1.12097,-1.0,-1.0,-1
2017-06-01 13:00:00-04:00,1.12097,1.12134,1.12068,1.1211,-1.0,-1.0,-1
2017-06-01 14:00:00-04:00,1.1211,1.12195,1.120665,1.12147,-1.0,-1.0,-1
2017-06-01 15:00:00-04:00,1.12147,1.12181,1.121115,1.12144,-1.0,-1.0,-1
2017-06-01 16:00:00-04:00,1.12144,1.12164,1.121025,1.12127,-1.0,-1.0,-1
2017-06-01 17:15:00-04:00,1.12145,1.12164,1.121225,1.1214,-1.0,-1.0,-1
2017-06-01 18:00:00-04:00,1.1214,1.121975,1.12136,1.12191,-1.0,-1.0,-1
2017-06-01 19:00:00-04:00,1.12191,1.12191,1.121235,1.1213,-1.0,-1.0,-1
2017-06-01 20:00:00-04:00,1.1213,1.121815,1.12121,1.12167,-1.0,-1.0,-1
2017-06-01 21:00:00-04:00,1.12167,1.122215,1.12157,1.12171,-1.0,-1.0,-1
2017-06-01 22:00:00-04:00,1.12171,1.122035,1.12158,1.121695,-1.0,-1.0,-1
2017-06-01 23:00:00-04:00,1.121695,1.1219,1.12153,1.121855,-1.0,-1.0,-1
2017-06-02 00:00:00-04:00,1.121855,1.122005,1.121675,1.12196,-1.0,-1.0,-1
2017-06-02 01:00:00-04:00,1.12196,1.12206,1.121575,1.12177,-1.0,-1.0,-1
2017-06-02 02:00:00-04:00,1.12177,1.122175,1.121605,1.12185,-1.0,-1.0,-1
2017-06-02 03:00:00-04:00,1.12185,1.12283,1.12151,1.12153,-1.0,-1.0,-1
2017-06-02 04:00:00-04:00,1.12153,1.122695,1.121465,1.12212,-1.0,-1.0,-1
2017-06-02 05:00:00-04:00,1.12212,1.122385,1.121685,1.122125,-1.0,-1.0,-1
2017-06-02 06:00:00-04:00,1.122125,1.122425,1.12155,1.12185,-1.0,-1.0,-1
2017-06-02 07:00:00-04:00,1.12185,1.122035,1.120505,1.1206,-1.0,-1.0,-1
2017-06-02 08:00:00-04:00,1.1206,1.128265,1.12054,1.12697,-1.0,-1.0,-1
2017-06-02 09:00:00-04:00,1.12697,1.127735,1.125485,1.127595,-1.0,-1.0,-1
2017-06-02 10:00:00-04:00,1.127595,1.127955,1.12563,1.12754,-1.0,-1.0,-1
2017-06-02 11:00:00-04:00,1.12754,1.128145,1.126725,1.126975,-1.0,-1.0,-1
2017-06-02 12:00:00-04:00,1.126975,1.127665,1.126575,1.126985,-1.0,-1.0,-1
2017-06-02 13:00:00-04:00,1.126985,1.127655,1.126695,1.12759,-1.0,-1.0,-1
2017-06-02 14:00:00-04:00,1.12759,1.12797,1.1274,1.127685,-1.0,-1.0,-1
2017-06-02 15:00:00-04:00,1.127685,1.128525,1.127505,1.12821,-1.0,-1.0,-1
2017-06-02 16:00:00-04:00,1.12821,1.12849,1.128005,1.12837,-1.0,-1.0,-1
2017-06-04 17:15:00-04:00,1.12755,1.12825,1.127525,1.12779,-1.0,-1.0,-1
2017-06-04 18:00:00-04:00,1.12779,1.12844,1.127355,1.127915,-1.0,-1.0,-1
2017-06-04 19:00:00-04:00,1.127915,1.128115,1.127605,1.127755,-1.0,-1.0,-1
2017-06-04 20:00:00-04:00,1.127755,1.12784,1.126895,1.127255,-1.0,-1.0,-1
2017-06-04 21:00:00-04:00,1.127255,1.127725,1.126875,1.126955,-1.0,-1.0,-1
2017-06-04 22:00:00-04:00,1.126955,1.127385,1.126495,1.12737,-1.0,-1.0,-1
2017-06-04 23:00:00-04:00,1.12737,1.127495,1.126695,1.12708,-1.0,-1.0,-1
2017-06-05 00:00:00-04:00,1.12708,1.12712,1.126295,1.126635,-1.0,-1.0,-1
2017-06-05 01:00:00-04:00,1.126635,1.126695,1.12614,1.12648,-1.0,-1.0,-1
2017-06-05 02:00:00-04:00,1.12648,1.127005,1.12624,1.12636,-1.0,-1.0,-1
2017-06-05 03:00:00-04:00,1.12636,1.127875,1.12601,1.12654,-1.0,-1.0,-1
2017-06-05 04:00:00-04:00,1.12654,1.127235,1.126295,1.127205,-1.0,-1.0,-1
2017-06-05 05:00:00-04:00,1.127205,1.127205,1.126185,1.126485,-1.0,-1.0,-1
2017-06-05 06:00:00-04:00,1.126485,1.126715,1.123525,1.124295,-1.0,-1.0,-1
2017-06-05 07:00:00-04:00,1.124295,1.12475,1.123655,1.12469,-1.0,-1.0,-1
2017-06-05 08:00:00-04:00,1.12469,1.12516,1.124065,1.124195,-1.0,-1.0,-1
2017-06-05 09:00:00-04:00,1.124195,1.125575,1.12343,1.12495,-1.0,-1.0,-1
2017-06-05 10:00:00-04:00,1.12495,1.125545,1.12426,1.12504,-1.0,-1.0,-1
2017-06-05 11:00:00-04:00,1.12504,1.125505,1.124735,1.124985,-1.0,-1.0,-1
2017-06-05 12:00:00-04:00,1.124985,1.12549,1.12478,1.125305,-1.0,-1.0,-1
2017-06-05 13:00:00-04:00,1.125305,1.126445,1.125305,1.125745,-1.0,-1.0,-1
2017-06-05 14:00:00-04:00,1.125745,1.12579,1.125095,1.12573,-1.0,-1.0,-1
2017-06-05 15:00:00-04:00,1.12573,1.125785,1.12527,1.125545,-1.0,-1.0,-1
2017-06-05 16:00:00-04:00,1.125545,1.125915,1.125375,1.12544,-1.0,-1.0,-1
2017-06-05 17:15:00-04:00,1.125675,1.125925,1.125375,1.125455,-1.0,-1.0,-1
2017-06-05 18:00:00-04:00,1.125455,1.125995,1.12541,1.12583,-1.0,-1.0,-1
2017-06-05 19:00:00-04:00,1.12583,1.12596,1.125515,1.125745,-1.0,-1.0,-1
2017-06-05 20:00:00-04:00,1.125745,1.12657,1.12572,1.126235,-1.0,-1.0,-1
2017-06-05 21:00:00-04:00,1.126235,1.12728,1.12623,1.127245,-1.0,-1.0,-1
2017-06-05 22:00:00-04:00,1.127245,1.1275,1.12704,1.127235,-1.0,-1.0,-1
2017-06-05 23:00:00-04:00,1.127235,1.12742,1.12683,1.126865,-1.0,-1.0,-1
2017-06-06 00:00:00-04:00,1.126865,1.126885,1.12654,1.12681,-1.0,-1.0,-1
2017-06-06 01:00:00-04:00,1.12681,1.127785,1.126595,1.127335,-1.0,-1.0,-1
2017-06-06 02:00:00-04:00,1.127335,1.12766,1.126585,1.12695,-1.0,-1.0,-1
2017-06-06 03:00:00-04:00,1.12695,1.127025,1.12425,1.12499,-1.0,-1.0,-1
2017-06-06 04:00:00-04:00,1.12499,1.125725,1.124755,1.125185,-1.0,-1.0,-1
2017-06-06 05:00:00-04:00,1.125185,1.125325,1.12443,1.124865,-1.0,-1.0,-1
2017-06-06 06:00:00-04:00,1.124865,1.12531,1.12439,1.125015,-1.0,-1.0,-1
2017-06-06 07:00:00-04:00,1.125015,1.125965,1.124045,1.12484,-1.0,-1.0,-1
2017-06-06 08:00:00-04:00,1.12484,1.1258,1.12474,1.125535,-1.0,-1.0,-1
2017-06-06 09:00:00-04:00,1.125535,1.127585,1.125395,1.12677,-1.0,-1.0,-1
2017-06-06 10:00:00-04:00,1.12677,1.127675,1.126105,1.126585,-1.0,-1.0,-1
2017-06-06 11:00:00-04:00,1.126585,1.127295,1.12625,1.1266,-1.0,-1.0,-1
2017-06-06 12:00:00-04:00,1.1266,1.127195,1.126445,1.12699,-1.0,-1.0,-1
2017-06-06 13:00:00-04:00,1.12699,1.128415,1.12699,1.12821,-1.0,-1.0,-1
2017-06-06 14:00:00-04:00,1.12821,1.12821,1.1268,1.126915,-1.0,-1.0,-1
2017-06-06 15:00:00-04:00,1.126915,1.12787,1.126905,1.127815,-1.0,-1.0,-1
2017-06-06 16:00:00-04:00,1.127815,1.127855,1.127205,1.127715,-1.0,-1.0,-1
2017-06-06 17:15:00-04:00,1.127675,1.128115,1.12765,1.12782,-1.0,-1.0,-1
2017-06-06 18:00:00-04:00,1.12782,1.128195,1.12774,1.127805,-1.0,-1.0,-1
2017-06-06 19:00:00-04:00,1.127805,1.127845,1.12701,1.127035,-1.0,-1.0,-1
2017-06-06 20:00:00-04:00,1.127035,1.127665,1.126785,1.12726,-1.0,-1.0,-1
2017-06-06 21:00:00-04:00,1.12726,1.12738,1.126765,1.12696,-1.0,-1.0,-1
2017-06-06 22:00:00-04:00,1.12696,1.126965,1.126205,1.126525,-1.0,-1.0,-1
2017-06-06 23:00:00-04:00,1.126525,1.126575,1.126245,1.126465,-1.0,-1.0,-1
2017-06-07 00:00:00-04:00,1.126465,1.126575,1.126015,1.12647,-1.0,-1.0,-1
2017-06-07 01:00:00-04:00,1.12647,1.126835,1.12642,1.126535,-1.0,-1.0,-1
2017-06-07 02:00:00-04:00,1.126535,1.127715,1.12631,1.127245,-1.0,-1.0,-1
2017-06-07 03:00:00-04:00,1.127245,1.127315,1.124605,1.1254,-1.0,-1.0,-1
2017-06-07 04:00:00-04:00,1.1254,1.126805,1.125305,1.126245,-1.0,-1.0,-1
2017-06-07 05:00:00-04:00,1.126245,1.127705,1.12623,1.127005,-1.0,-1.0,-1
2017-06-07 06:00:00-04:00,1.127005,1.127075,1.120525,1.121225,-1.0,-1.0,-1
2017-06-07 07:00:00-04:00,1.121225,1.122715,1.120405,1.121565,-1.0,-1.0,-1
2017-06-07 08:00:00-04:00,1.121565,1.123375,1.12134,1.122995,-1.0,-1.0,-1
2017-06-07 09:00:00-04:00,1.122995,1.12634,1.122475,1.126155,-1.0,-1.0,-1
2017-06-07 10:00:00-04:00,1.126155,1.128285,1.12587,1.126285,-1.0,-1.0,-1
2017-06-07 11:00:00-04:00,1.126285,1.126375,1.12302,1.123755,-1.0,-1.0,-1
2017-06-07 12:00:00-04:00,1.123755,1.12657,1.122305,1.12648,-1.0,-1.0,-1
2017-06-07 13:00:00-04:00,1.12648,1.127225,1.126275,1.12654,-1.0,-1.0,-1
2017-06-07 14:00:00-04:00,1.12654,1.126805,1.125205,1.125355,-1.0,-1.0,-1
2017-06-07 15:00:00-04:00,1.125355,1.12677,1.12516,1.126765,-1.0,-1.0,-1
2017-06-07 16:00:00-04:00,1.126765,1.12689,1.125615,1.1258,-1.0,-1.0,-1
2017-06-07 17:15:00-04:00,1.125895,1.126275,1.125765,1.125925,-1.0,-1.0,-1
2017-06-07 18:00:00-04:00,1.125925,1.12616,1.12548,1.125815,-1.0,-1.0,-1
2017-06-07 19:00:00-04:00,1.125815,1.1261,1.12547,1.125575,-1.0,-1.0,-1
2017-06-07 20:00:00-04:00,1.125575,1.125745,1.124795,1.12507,-1.0,-1.0,-1
2017-06-07 21:00:00-04:00,1.12507,1.125705,1.124725,1.12551,-1.0,-1.0,-1
2017-06-07 22:00:00-04:00,1.12551,1.12614,1.12537,1.126135,-1.0,-1.0,-1
2017-06-07 23:00:00-04:00,1.126135,1.126145,1.125305,1.12539,-1.0,-1.0,-1
2017-06-08 00:00:00-04:00,1.12539,1.12584,1.12504,1.12574,-1.0,-1.0,-1
2017-06-08 01:00:00-04:00,1.12574,1.12636,1.125225,1.126335,-1.0,-1.0,-1
2017-06-08 02:00:00-04:00,1.126335,1.126935,1.12506,1.125245,-1.0,-1.0,-1
2017-06-08 03:00:00-04:00,1.125245,1.126485,1.125005,1.125975,-1.0,-1.0,-1
2017-06-08 04:00:00-04:00,1.125975,1.126335,1.124325,1.12492,-1.0,-1.0,-1
2017-06-08 05:00:00-04:00,1.12492,1.125395,1.123025,1.12331,-1.0,-1.0,-1
2017-06-08 06:00:00-04:00,1.12331,1.123755,1.123065,1.12347,-1.0,-1.0,-1
2017-06-08 07:00:00-04:00,1.12347,1.1263,1.121775,1.12248,-1.0,-1.0,-1
2017-06-08 08:00:00-04:00,1.12248,1.12509,1.119465,1.12262,-1.0,-1.0,-1
2017-06-08 09:00:00-04:00,1.12262,1.123005,1.12076,1.12188,-1.0,-1.0,-1
2017-06-08 10:00:00-04:00,1.12188,1.122385,1.119585,1.122115,-1.0,-1.0,-1
2017-06-08 11:00:00-04:00,1.122115,1.122425,1.12131,1.121675,-1.0,-1.0,-1
2017-06-08 12:00:00-04:00,1.121675,1.122005,1.12072,1.12116,-1.0,-1.0,-1
2017-06-08 13:00:00-04:00,1.12116,1.12139,1.120165,1.12118,-1.0,-1.0,-1
2017-06-08 14:00:00-04:00,1.12118,1.122875,1.12089,1.12224,-1.0,-1.0,-1
2017-06-08 15:00:00-04:00,1.12224,1.122585,1.12096,1.121745,-1.0,-1.0,-1
2017-06-08 16:00:00-04:00,1.121745,1.121845,1.121175,1.12143,-1.0,-1.0,-1
2017-06-08 17:15:00-04:00,1.121475,1.122375,1.11997,1.120495,-1.0,-1.0,-1
2017-06-08 18:00:00-04:00,1.120495,1.121445,1.120225,1.12035,-1.0,-1.0,-1
2017-06-08 19:00:00-04:00,1.12035,1.120375,1.11802,1.118855,-1.0,-1.0,-1
2017-06-08 20:00:00-04:00,1.118855,1.1195,1.11794,1.118255,-1.0,-1.0,-1
2017-06-08 21:00:00-04:00,1.118255,1.120125,1.118075,1.11992,-1.0,-1.0,-1
2017-06-08 22:00:00-04:00,1.11992,1.120045,1.119025,1.119595,-1.0,-1.0,-1
2017-06-08 23:00:00-04:00,1.119595,1.120635,1.119175,1.120045,-1.0,-1.0,-1
2017-06-09 00:00:00-04:00,1.120045,1.12146,1.119875,1.120425,-1.0,-1.0,-1
2017-06-09 01:00:00-04:00,1.120425,1.12135,1.120135,1.12038,-1.0,-1.0,-1
2017-06-09 02:00:00-04:00,1.12038,1.12158,1.118645,1.118925,-1.0,-1.0,-1
2017-06-09 03:00:00-04:00,1.118925,1.119915,1.118535,1.118985,-1.0,-1.0,-1
2017-06-09 04:00:00-04:00,1.118985,1.11934,1.11697,1.117625,-1.0,-1.0,-1
2017-06-09 05:00:00-04:00,1.117625,1.118745,1.117295,1.1173,-1.0,-1.0,-1
2017-06-09 06:00:00-04:00,1.1173,1.118525,1.117295,1.118095,-1.0,-1.0,-1
2017-06-09 07:00:00-04:00,1.118095,1.118355,1.11749,1.11793,-1.0,-1.0,-1
2017-06-09 08:00:00-04:00,1.11793,1.118025,1.1167,1.116885,-1.0,-1.0,-1
2017-06-09 09:00:00-04:00,1.116885,1.118155,1.116635,1.117445,-1.0,-1.0,-1
2017-06-09 10:00:00-04:00,1.117445,1.1189,1.117405,1.118335,-1.0,-1.0,-1
2017-06-09 11:00:00-04:00,1.118335,1.119295,1.11825,1.11891,-1.0,-1.0,-1
2017-06-09 12:00:00-04:00,1.11891,1.120085,1.118715,1.11978,-1.0,-1.0,-1
2017-06-09 13:00:00-04:00,1.11978,1.120405,1.11939,1.11943,-1.0,-1.0,-1
2017-06-09 14:00:00-04:00,1.11943,1.11993,1.119095,1.119635,-1.0,-1.0,-1
2017-06-09 15:00:00-04:00,1.119635,1.11997,1.11925,1.11954,-1.0,-1.0,-1
2017-06-09 16:00:00-04:00,1.11954,1.119805,1.11934,1.1196,-1.0,-1.0,-1
2017-06-11 17:15:00-04:00,1.12065,1.120685,1.120465,1.12053,-1.0,-1.0,-1
2017-06-11 18:00:00-04:00,1.12053,1.12098,1.120265,1.12039,-1.0,-1.0,-1
2017-06-11 19:00:00-04:00,1.12039,1.120615,1.119715,1.120185,-1.0,-1.0,-1
2017-06-11 20:00:00-04:00,1.120185,1.1208,1.11993,1.1205,-1.0,-1.0,-1
2017-06-11 21:00:00-04:00,1.1205,1.120785,1.119765,1.119775,-1.0,-1.0,-1
2017-06-11 22:00:00-04:00,1.119775,1.121195,1.119765,1.121035,-1.0,-1.0,-1
2017-06-11 23:00:00-04:00,1.121035,1.121045,1.1204,1.12066,-1.0,-1.0,-1
2017-06-12 00:00:00-04:00,1.12066,1.120855,1.120215,1.12066,-1.0,-1.0,-1
2017-06-12 01:00:00-04:00,1.12066,1.121685,1.120645,1.12124,-1.0,-1.0,-1
2017-06-12 02:00:00-04:00,1.12124,1.12167,1.120885,1.121105,-1.0,-1.0,-1
2017-06-12 03:00:00-04:00,1.121105,1.122385,1.12043,1.122105,-1.0,-1.0,-1
2017-06-12 04:00:00-04:00,1.122105,1.122765,1.12153,1.122555,-1.0,-1.0,-1
2017-06-12 05:00:00-04:00,1.122555,1.122635,1.121585,1.12167,-1.0,-1.0,-1
2017-06-12 06:00:00-04:00,1.12167,1.122675,1.1208,1.121665,-1.0,-1.0,-1
2017-06-12 07:00:00-04:00,1.121665,1.12322,1.12145,1.121885,-1.0,-1.0,-1
2017-06-12 08:00:00-04:00,1.121885,1.1225,1.121355,1.121475,-1.0,-1.0,-1
2017-06-12 09:00:00-04:00,1.121475,1.122005,1.120325,1.120865,-1.0,-1.0,-1
2017-06-12 10:00:00-04:00,1.120865,1.12106,1.1192,1.1203,-1.0,-1.0,-1
2017-06-12 11:00:00-04:00,1.1203,1.12054,1.11972,1.120305,-1.0,-1.0,-1
2017-06-12 12:00:00-04:00,1.120305,1.120515,1.119645,1.119805,-1.0,-1.0,-1
2017-06-12 13:00:00-04:00,1.119805,1.120675,1.119605,1.1204,-1.0,-1.0,-1
2017-06-12 14:00:00-04:00,1.1204,1.120855,1.119865,1.120795,-1.0,-1.0,-1
2017-06-12 15:00:00-04:00,1.120795,1.121,1.120075,1.120455,-1.0,-1.0,-1
2017-06-12 16:00:00-04:00,1.120455,1.12081,1.120155,1.120285,-1.0,-1.0,-1
2017-06-12 17:15:00-04:00,1.1205,1.12081,1.12031,1.120565,-1.0,-1.0,-1
2017-06-12 18:00:00-04:00,1.120565,1.120575,1.12013,1.120195,-1.0,-1.0,-1
2017-06-12 19:00:00-04:00,1.120195,1.12022,1.119545,1.11976,-1.0,-1.0,-1
2017-06-12 20:00:00-04:00,1.11976,1.12012,1.11935,1.11945,-1.0,-1.0,-1
2017-06-12 21:00:00-04:00,1.11945,1.119645,1.11901,1.119245,-1.0,-1.0,-1
2017-06-12 22:00:00-04:00,1.119245,1.119895,1.119125,1.11964,-1.0,-1.0,-1
2017-06-12 23:00:00-04:00,1.11964,1.11966,1.118925,1.11903,-1.0,-1.0,-1
2017-06-13 00:00:00-04:00,1.11903,1.119385,1.119025,1.119315,-1.0,-1.0,-1
2017-06-13 01:00:00-04:00,1.119315,1.11937,1.118535,1.118755,-1.0,-1.0,-1
2017-06-13 02:00:00-04:00,1.118755,1.119855,1.11854,1.11942,-1.0,-1.0,-1
2017-06-13 03:00:00-04:00,1.11942,1.121825,1.11899,1.121725,-1.0,-1.0,-1
2017-06-13 04:00:00-04:00,1.121725,1.122495,1.1209,1.121255,-1.0,-1.0,-1
2017-06-13 05:00:00-04:00,1.121255,1.121735,1.1204,1.120745,-1.0,-1.0,-1
2017-06-13 06:00:00-04:00,1.120745,1.12124,1.12006,1.120665,-1.0,-1.0,-1
2017-06-13 07:00:00-04:00,1.120665,1.122035,1.12021,1.12177,-1.0,-1.0,-1
2017-06-13 08:00:00-04:00,1.12177,1.122005,1.120655,1.120715,-1.0,-1.0,-1
2017-06-13 09:00:00-04:00,1.120715,1.1211,1.12009,1.120805,-1.0,-1.0,-1
2017-06-13 10:00:00-04:00,1.120805,1.121885,1.120595,1.120655,-1.0,-1.0,-1
2017-06-13 11:00:00-04:00,1.120655,1.12118,1.119225,1.119335,-1.0,-1.0,-1
2017-06-13 12:00:00-04:00,1.119335,1.12031,1.119215,1.120185,-1.0,-1.0,-1
2017-06-13 13:00:00-04:00,1.120185,1.120715,1.120145,1.120205,-1.0,-1.0,-1
2017-06-13 14:00:00-04:00,1.120205,1.121275,1.120205,1.12114,-1.0,-1.0,-1
2017-06-13 15:00:00-04:00,1.12114,1.121185,1.120645,1.1207,-1.0,-1.0,-1
2017-06-13 16:00:00-04:00,1.1207,1.121175,1.12064,1.12108,-1.0,-1.0,-1
2017-06-13 17:15:00-04:00,1.12095,1.121495,1.120685,1.120855,-1.0,-1.0,-1
2017-06-13 18:00:00-04:00,1.120855,1.121165,1.12066,1.12085,-1.0,-1.0,-1
2017-06-13 19:00:00-04:00,1.12085,1.121125,1.120695,1.12093,-1.0,-1.0,-1
2017-06-13 20:00:00-04:00,1.12093,1.12155,1.120725,1.121385,-1.0,-1.0,-1
2017-06-13 21:00:00-04:00,1.121385,1.121755,1.121225,1.12157,-1.0,-1.0,-1
2017-06-13 22:00:00-04:00,1.12157,1.121975,1.121145,1.121245,-1.0,-1.0,-1
2017-06-13 23:00:00-04:00,1.121245,1.1217,1.12121,1.121505,-1.0,-1.0,-1
2017-06-14 00:00:00-04:00,1.121505,1.12162,1.121275,1.121505,-1.0,-1.0,-1
2017-06-14 01:00:00-04:00,1.121505,1.12197,1.121455,1.121965,-1.0,-1.0,-1
2017-06-14 02:00:00-04:00,1.121965,1.122545,1.121265,1.122155,-1.0,-1.0,-1
2017-06-14 03:00:00-04:00,1.122155,1.122155,1.120805,1.12092,-1.0,-1.0,-1
2017-06-14 04:00:00-04:00,1.12092,1.121595,1.120555,1.12077,-1.0,-1.0,-1
2017-06-14 05:00:00-04:00,1.12077,1.121585,1.120285,1.120635,-1.0,-1.0,-1
2017-06-14 06:00:00-04:00,1.120635,1.120825,1.120145,1.12048,-1.0,-1.0,-1
2017-06-14 07:00:00-04:00,1.12048,1.12079,1.119765,1.120125,-1.0,-1.0,-1
2017-06-14 08:00:00-04:00,1.120125,1.126785,1.11992,1.1263,-1.0,-1.0,-1
2017-06-14 09:00:00-04:00,1.1263,1.12788,1.126205,1.12719,-1.0,-1.0,-1
2017-06-14 10:00:00-04:00,1.12719,1.129595,1.127015,1.12792,-1.0,-1.0,-1
2017-06-14 11:00:00-04:00,1.12792,1.12859,1.127235,1.127655,-1.0,-1.0,-1
2017-06-14 12:00:00-04:00,1.127655,1.127975,1.126555,1.12732,-1.0,-1.0,-1
2017-06-14 13:00:00-04:00,1.12732,1.127465,1.126305,1.12707,-1.0,-1.0,-1
2017-06-14 14:00:00-04:00,1.12707,1.128925,1.12077,1.12154,-1.0,-1.0,-1
2017-06-14 15:00:00-04:00,1.12154,1.12234,1.119305,1.12185,-1.0,-1.0,-1
2017-06-14 16:00:00-04:00,1.12185,1.122335,1.12141,1.121775,-1.0,-1.0,-1
2017-06-14 17:15:00-04:00,1.1218,1.12206,1.12152,1.12171,-1.0,-1.0,-1
2017-06-14 18:00:00-04:00,1.12171,1.121895,1.12056,1.12099,-1.0,-1.0,-1
2017-06-14 19:00:00-04:00,1.12099,1.12162,1.120955,1.1213,-1.0,-1.0,-1
2017-06-14 20:00:00-04:00,1.1213,1.122225,1.12099,1.12187,-1.0,-1.0,-1
2017-06-14 21:00:00-04:00,1.12187,1.12288,1.121725,1.12202,-1.0,-1.0,-1
2017-06-14 22:00:00-04:00,1.12202,1.122395,1.12165,1.12167,-1.0,-1.0,-1
2017-06-14 23:00:00-04:00,1.12167,1.12238,1.121505,1.122325,-1.0,-1.0,-1
2017-06-15 00:00:00-04:00,1.122325,1.122445,1.122015,1.122145,-1.0,-1.0,-1
2017-06-15 01:00:00-04:00,1.122145,1.122185,1.121425,1.121805,-1.0,-1.0,-1
2017-06-15 02:00:00-04:00,1.121805,1.12206,1.120585,1.121265,-1.0,-1.0,-1
2017-06-15 03:00:00-04:00,1.121265,1.121265,1.117955,1.119405,-1.0,-1.0,-1
2017-06-15 04:00:00-04:00,1.119405,1.11942,1.117525,1.117985,-1.0,-1.0,-1
2017-06-15 05:00:00-04:00,1.117985,1.118525,1.115605,1.116035,-1.0,-1.0,-1
2017-06-15 06:00:00-04:00,1.116035,1.116965,1.11585,1.11664,-1.0,-1.0,-1
2017-06-15 07:00:00-04:00,1.11664,1.117235,1.115355,1.116245,-1.0,-1.0,-1
2017-06-15 08:00:00-04:00,1.116245,1.116885,1.114925,1.11521,-1.0,-1.0,-1
2017-06-15 09:00:00-04:00,1.11521,1.11556,1.114335,1.114785,-1.0,-1.0,-1
2017-06-15 10:00:00-04:00,1.114785,1.115225,1.11322,1.114865,-1.0,-1.0,-1
2017-06-15 11:00:00-04:00,1.114865,1.1158,1.114865,1.11512,-1.0,-1.0,-1
2017-06-15 12:00:00-04:00,1.11512,1.11516,1.113955,1.114825,-1.0,-1.0,-1
2017-06-15 13:00:00-04:00,1.114825,1.115015,1.11422,1.114295,-1.0,-1.0,-1
2017-06-15 14:00:00-04:00,1.114295,1.11548,1.114295,1.11538,-1.0,-1.0,-1
2017-06-15 15:00:00-04:00,1.11538,1.115805,1.114395,1.114555,-1.0,-1.0,-1
2017-06-15 16:00:00-04:00,1.114555,1.11504,1.11425,1.114535,-1.0,-1.0,-1
2017-06-15 17:15:00-04:00,1.114625,1.11508,1.114415,1.114645,-1.0,-1.0,-1
2017-06-15 18:00:00-04:00,1.114645,1.11508,1.11451,1.114635,-1.0,-1.0,-1
2017-06-15 19:00:00-04:00,1.114635,1.11499,1.11447,1.11489,-1.0,-1.0,-1
2017-06-15 20:00:00-04:00,1.11489,1.115565,1.114535,1.115385,-1.0,-1.0,-1
2017-06-15 21:00:00-04:00,1.115385,1.115545,1.11513,1.11533,-1.0,-1.0,-1
2017-06-15 22:00:00-04:00,1.11533,1.11535,1.114565,1.1151,-1.0,-1.0,-1
2017-06-15 23:00:00-04:00,1.1151,1.11511,1.1146,1.114605,-1.0,-1.0,-1
2017-06-16 00:00:00-04:00,1.114605,1.11468,1.114175,1.114425,-1.0,-1.0,-1
2017-06-16 01:00:00-04:00,1.114425,1.114645,1.113835,1.11423,-1.0,-1.0,-1
2017-06-16 02:00:00-04:00,1.11423,1.115925,1.113955,1.115395,-1.0,-1.0,-1
2017-06-16 03:00:00-04:00,1.115395,1.116725,1.115175,1.1167,-1.0,-1.0,-1
2017-06-16 04:00:00-04:00,1.1167,1.11752,1.116515,1.11732,-1.0,-1.0,-1
2017-06-16 05:00:00-04:00,1.11732,1.118395,1.116985,1.11703,-1.0,-1.0,-1
2017-06-16 06:00:00-04:00,1.11703,1.118175,1.117025,1.11779,-1.0,-1.0,-1
2017-06-16 07:00:00-04:00,1.11779,1.118125,1.115735,1.11599,-1.0,-1.0,-1
2017-06-16 08:00:00-04:00,1.11599,1.11831,1.11599,1.117255,-1.0,-1.0,-1
2017-06-16 09:00:00-04:00,1.117255,1.117715,1.11653,1.11765,-1.0,-1.0,-1
2017-06-16 10:00:00-04:00,1.11765,1.119995,1.117415,1.119885,-1.0,-1.0,-1
2017-06-16 11:00:00-04:00,1.119885,1.119995,1.118685,1.11931,-1.0,-1.0,-1
2017-06-16 12:00:00-04:00,1.11931,1.11934,1.118625,1.118865,-1.0,-1.0,-1
2017-06-16 13:00:00-04:00,1.118865,1.119545,1.11876,1.119545,-1.0,-1.0,-1
2017-06-16 14:00:00-04:00,1.119545,1.11992,1.119295,1.119385,-1.0,-1.0,-1
2017-06-16 15:00:00-04:00,1.119385,1.120135,1.119375,1.120045,-1.0,-1.0,-1
2017-06-16 16:00:00-04:00,1.120045,1.120165,1.119245,1.119705,-1.0,-1.0,-1
2017-06-18 17:15:00-04:00,1.12075,1.120975,1.11984,1.11984,-1.0,-1.0,-1
2017-06-18 18:00:00-04:00,1.11984,1.12042,1.11956,1.12039,-1.0,-1.0,-1
2017-06-18 19:00:00-04:00,1.12039,1.120665,1.120135,1.120405,-1.0,-1.0,-1
2017-06-18 20:00:00-04:00,1.120405,1.12053,1.11896,1.119075,-1.0,-1.0,-1
2017-06-18 21:00:00-04:00,1.119075,1.119955,1.119015,1.119765,-1.0,-1.0,-1
2017-06-18 22:00:00-04:00,1.119765,1.12004,1.11956,1.11973,-1.0,-1.0,-1
2017-06-18 23:00:00-04:00,1.11973,1.11991,1.119515,1.11978,-1.0,-1.0,-1
2017-06-19 00:00:00-04:00,1.11978,1.11987,1.11935,1.11936,-1.0,-1.0,-1
2017-06-19 01:00:00-04:00,1.11936,1.11967,1.119265,1.119305,-1.0,-1.0,-1
2017-06-19 02:00:00-04:00,1.119305,1.120815,1.119055,1.120465,-1.0,-1.0,-1
2017-06-19 03:00:00-04:00,1.120465,1.120475,1.118255,1.119445,-1.0,-1.0,-1
2017-06-19 04:00:00-04:00,1.119445,1.11982,1.119065,1.119515,-1.0,-1.0,-1
2017-06-19 05:00:00-04:00,1.119515,1.120175,1.118785,1.119255,-1.0,-1.0,-1
2017-06-19 06:00:00-04:00,1.119255,1.12068,1.119175,1.12065,-1.0,-1.0,-1
2017-06-19 07:00:00-04:00,1.12065,1.121285,1.11907,1.119105,-1.0,-1.0,-1
2017-06-19 08:00:00-04:00,1.119105,1.11999,1.11771,1.118195,-1.0,-1.0,-1
2017-06-19 09:00:00-04:00,1.118195,1.118465,1.117305,1.117695,-1.0,-1.0,-1
2017-06-19 10:00:00-04:00,1.117695,1.117975,1.116555,1.11661,-1.0,-1.0,-1
2017-06-19 11:00:00-04:00,1.11661,1.11712,1.115915,1.115985,-1.0,-1.0,-1
2017-06-19 12:00:00-04:00,1.115985,1.11636,1.115575,1.11589,-1.0,-1.0,-1
2017-06-19 13:00:00-04:00,1.11589,1.116,1.11471,1.115165,-1.0,-1.0,-1
2017-06-19 14:00:00-04:00,1.115165,1.11536,1.11433,1.11484,-1.0,-1.0,-1
2017-06-19 15:00:00-04:00,1.11484,1.11495,1.11452,1.11486,-1.0,-1.0,-1
2017-06-19 16:00:00-04:00,1.11486,1.11504,1.114725,1.114865,-1.0,-1.0,-1
2017-06-19 17:15:00-04:00,1.115085,1.11528,1.11472,1.115,-1.0,-1.0,-1
2017-06-19 18:00:00-04:00,1.115,1.11533,1.11469,1.11519,-1.0,-1.0,-1
2017-06-19 19:00:00-04:00,1.11519,1.1152,1.114105,1.11447,-1.0,-1.0,-1
2017-06-19 20:00:00-04:00,1.11447,1.114915,1.114365,1.11449,-1.0,-1.0,-1
2017-06-19 21:00:00-04:00,1.11449,1.11562,1.11449,1.115545,-1.0,-1.0,-1
2017-06-19 22:00:00-04:00,1.115545,1.115805,1.115345,1.115635,-1.0,-1.0,-1
2017-06-19 23:00:00-04:00,1.115635,1.11587,1.11536,1.1156,-1.0,-1.0,-1
2017-06-20 00:00:00-04:00,1.1156,1.115625,1.115345,1.115565,-1.0,-1.0,-1
2017-06-20 01:00:00-04:00,1.115565,1.116025,1.115385,1.115895,-1.0,-1.0,-1
2017-06-20 02:00:00-04:00,1.115895,1.116495,1.115175,1.11527,-1.0,-1.0,-1
2017-06-20 03:00:00-04:00,1.11527,1.11627,1.11428,1.116225,-1.0,-1.0,-1
2017-06-20 04:00:00-04:00,1.116225,1.116245,1.114975,1.11583,-1.0,-1.0,-1
2017-06-20 05:00:00-04:00,1.11583,1.116005,1.11519,1.115965,-1.0,-1.0,-1
2017-06-20 06:00:00-04:00,1.115965,1.1165,1.11521,1.115285,-1.0,-1.0,-1
2017-06-20 07:00:00-04:00,1.115285,1.115335,1.114125,1.11483,-1.0,-1.0,-1
2017-06-20 08:00:00-04:00,1.11483,1.116295,1.114825,1.11507,-1.0,-1.0,-1
2017-06-20 09:00:00-04:00,1.11507,1.115365,1.113455,1.113635,-1.0,-1.0,-1
2017-06-20 10:00:00-04:00,1.113635,1.114565,1.112575,1.112665,-1.0,-1.0,-1
2017-06-20 11:00:00-04:00,1.112665,1.112785,1.111985,1.112375,-1.0,-1.0,-1
2017-06-20 12:00:00-04:00,1.112375,1.11285,1.111905,1.11247,-1.0,-1.0,-1
2017-06-20 13:00:00-04:00,1.11247,1.11266,1.11202,1.11253,-1.0,-1.0,-1
2017-06-20 14:00:00-04:00,1.11253,1.113145,1.112345,1.11285,-1.0,-1.0,-1
2017-06-20 15:00:00-04:00,1.11285,1.113275,1.11254,1.11258,-1.0,-1.0,-1
2017-06-20 16:00:00-04:00,1.11258,1.11346,1.11258,1.11342,-1.0,-1.0,-1
2017-06-20 17:15:00-04:00,1.113475,1.113525,1.113175,1.11345,-1.0,-1.0,-1
2017-06-20 18:00:00-04:00,1.11345,1.113555,1.113185,1.113515,-1.0,-1.0,-1
2017-06-20 19:00:00-04:00,1.113515,1.11372,1.113365,1.113645,-1.0,-1.0,-1
2017-06-20 20:00:00-04:00,1.113645,1.11368,1.11328,1.113565,-1.0,-1.0,-1
2017-06-20 21:00:00-04:00,1.113565,1.11367,1.11336,1.113465,-1.0,-1.0,-1
2017-06-20 22:00:00-04:00,1.113465,1.113635,1.113375,1.11346,-1.0,-1.0,-1
2017-06-20 23:00:00-04:00,1.11346,1.113835,1.11339,1.113605,-1.0,-1.0,-1
2017-06-21 00:00:00-04:00,1.113605,1.113745,1.113275,1.113355,-1.0,-1.0,-1
2017-06-21 01:00:00-04:00,1.113355,1.11345,1.112825,1.11301,-1.0,-1.0,-1
2017-06-21 02:00:00-04:00,1.11301,1.113665,1.11285,1.11314,-1.0,-1.0,-1
2017-06-21 03:00:00-04:00,1.11314,1.11369,1.11297,1.11319,-1.0,-1.0,-1
2017-06-21 04:00:00-04:00,1.11319,1.11459,1.11275,1.114275,-1.0,-1.0,-1
2017-06-21 05:00:00-04:00,1.114275,1.115005,1.113755,1.11446,-1.0,-1.0,-1
2017-06-21 06:00:00-04:00,1.11446,1.114995,1.11416,1.114965,-1.0,-1.0,-1
2017-06-21 07:00:00-04:00,1.114965,1.115585,1.11398,1.114155,-1.0,-1.0,-1
2017-06-21 08:00:00-04:00,1.114155,1.115305,1.11402,1.114795,-1.0,-1.0,-1
2017-06-21 09:00:00-04:00,1.114795,1.114875,1.113015,1.11396,-1.0,-1.0,-1
2017-06-21 10:00:00-04:00,1.11396,1.114775,1.11346,1.114195,-1.0,-1.0,-1
2017-06-21 11:00:00-04:00,1.114195,1.114755,1.113825,1.114295,-1.0,-1.0,-1
2017-06-21 12:00:00-04:00,1.114295,1.114765,1.11409,1.114735,-1.0,-1.0,-1
2017-06-21 13:00:00-04:00,1.114735,1.115285,1.114465,1.11513,-1.0,-1.0,-1
2017-06-21 14:00:00-04:00,1.11513,1.116635,1.115035,1.116245,-1.0,-1.0,-1
2017-06-21 15:00:00-04:00,1.116245,1.116865,1.11617,1.116565,-1.0,-1.0,-1
2017-06-21 16:00:00-04:00,1.116565,1.11692,1.11621,1.11682,-1.0,-1.0,-1
2017-06-21 17:15:00-04:00,1.116525,1.116875,1.11643,1.11683,-1.0,-1.0,-1
2017-06-21 18:00:00-04:00,1.11683,1.116835,1.116535,1.11668,-1.0,-1.0,-1
2017-06-21 19:00:00-04:00,1.11668,1.116845,1.116465,1.11668,-1.0,-1.0,-1
2017-06-21 20:00:00-04:00,1.11668,1.117145,1.116045,1.116335,-1.0,-1.0,-1
2017-06-21 21:00:00-04:00,1.116335,1.116655,1.116225,1.116525,-1.0,-1.0,-1
2017-06-21 22:00:00-04:00,1.116525,1.117165,1.116425,1.116785,-1.0,-1.0,-1
2017-06-21 23:00:00-04:00,1.116785,1.117075,1.116745,1.116855,-1.0,-1.0,-1
2017-06-22 00:00:00-04:00,1.116855,1.11715,1.116775,1.11709,-1.0,-1.0,-1
2017-06-22 01:00:00-04:00,1.11709,1.11762,1.116875,1.11762,-1.0,-1.0,-1
2017-06-22 02:00:00-04:00,1.11762,1.117795,1.11682,1.117185,-1.0,-1.0,-1
2017-06-22 03:00:00-04:00,1.117185,1.117205,1.115455,1.116235,-1.0,-1.0,-1
2017-06-22 04:00:00-04:00,1.116235,1.116885,1.115805,1.11681,-1.0,-1.0,-1
2017-06-22 05:00:00-04:00,1.11681,1.117455,1.11648,1.116525,-1.0,-1.0,-1
2017-06-22 06:00:00-04:00,1.116525,1.11677,1.116035,1.116555,-1.0,-1.0,-1
2017-06-22 07:00:00-04:00,1.116555,1.116655,1.115695,1.11655,-1.0,-1.0,-1
2017-06-22 08:00:00-04:00,1.11655,1.117245,1.11589,1.116105,-1.0,-1.0,-1
2017-06-22 09:00:00-04:00,1.116105,1.116405,1.115265,1.115985,-1.0,-1.0,-1
2017-06-22 10:00:00-04:00,1.115985,1.116265,1.115085,1.115685,-1.0,-1.0,-1
2017-06-22 11:00:00-04:00,1.115685,1.116105,1.114545,1.11469,-1.0,-1.0,-1
2017-06-22 12:00:00-04:00,1.11469,1.115615,1.114685,1.115565,-1.0,-1.0,-1
2017-06-22 13:00:00-04:00,1.115565,1.11576,1.113945,1.11433,-1.0,-1.0,-1
2017-06-22 14:00:00-04:00,1.11433,1.115045,1.11415,1.11469,-1.0,-1.0,-1
2017-06-22 15:00:00-04:00,1.11469,1.115525,1.114645,1.11516,-1.0,-1.0,-1
2017-06-22 16:00:00-04:00,1.11516,1.11541,1.114925,1.11527,-1.0,-1.0,-1
2017-06-22 17:15:00-04:00,1.115175,1.11529,1.11513,1.11518,-1.0,-1.0,-1
2017-06-22 18:00:00-04:00,1.11518,1.115245,1.114945,1.114985,-1.0,-1.0,-1
2017-06-22 19:00:00-04:00,1.114985,1.115085,1.11472,1.11497,-1.0,-1.0,-1
2017-06-22 20:00:00-04:00,1.11497,1.115135,1.114515,1.114945,-1.0,-1.0,-1
2017-06-22 21:00:00-04:00,1.114945,1.116,1.114685,1.116,-1.0,-1.0,-1
2017-06-22 22:00:00-04:00,1.116,1.116005,1.11547,1.115865,-1.0,-1.0,-1
2017-06-22 23:00:00-04:00,1.115865,1.11633,1.115765,1.116295,-1.0,-1.0,-1
2017-06-23 00:00:00-04:00,1.116295,1.116405,1.116145,1.116175,-1.0,-1.0,-1
2017-06-23 01:00:00-04:00,1.116175,1.11684,1.116175,1.1164,-1.0,-1.0,-1
2017-06-23 02:00:00-04:00,1.1164,1.117535,1.11635,1.11729,-1.0,-1.0,-1
2017-06-23 03:00:00-04:00,1.11729,1.117995,1.116865,1.11759,-1.0,-1.0,-1
2017-06-23 04:00:00-04:00,1.11759,1.118795,1.11711,1.11715,-1.0,-1.0,-1
2017-06-23 05:00:00-04:00,1.11715,1.11723,1.116165,1.11704,-1.0,-1.0,-1
2017-06-23 06:00:00-04:00,1.11704,1.117655,1.116455,1.116645,-1.0,-1.0,-1
2017-06-23 07:00:00-04:00,1.116645,1.117435,1.116215,1.11732,-1.0,-1.0,-1
2017-06-23 08:00:00-04:00,1.11732,1.118035,1.117035,1.117625,-1.0,-1.0,-1
2017-06-23 09:00:00-04:00,1.117625,1.119625,1.117525,1.119595,-1.0,-1.0,-1
2017-06-23 10:00:00-04:00,1.119595,1.120905,1.118555,1.119995,-1.0,-1.0,-1
2017-06-23 11:00:00-04:00,1.119995,1.12041,1.119595,1.119625,-1.0,-1.0,-1
2017-06-23 12:00:00-04:00,1.119625,1.119965,1.119285,1.11971,-1.0,-1.0,-1
2017-06-23 13:00:00-04:00,1.11971,1.119935,1.119495,1.119805,-1.0,-1.0,-1
2017-06-23 14:00:00-04:00,1.119805,1.120235,1.119675,1.11969,-1.0,-1.0,-1
2017-06-23 15:00:00-04:00,1.11969,1.11995,1.119585,1.119735,-1.0,-1.0,-1
2017-06-23 16:00:00-04:00,1.119735,1.119815,1.11924,1.119425,-1.0,-1.0,-1
2017-06-25 17:15:00-04:00,1.1194,1.119835,1.119155,1.11941,-1.0,-1.0,-1
2017-06-25 18:00:00-04:00,1.11941,1.119875,1.11934,1.119665,-1.0,-1.0,-1
2017-06-25 19:00:00-04:00,1.119665,1.119995,1.11958,1.119985,-1.0,-1.0,-1
2017-06-25 20:00:00-04:00,1.119985,1.120035,1.11951,1.119645,-1.0,-1.0,-1
2017-06-25 21:00:00-04:00,1.119645,1.119685,1.118995,1.119025,-1.0,-1.0,-1
2017-06-25 22:00:00-04:00,1.119025,1.11969,1.119015,1.119515,-1.0,-1.0,-1
2017-06-25 23:00:00-04:00,1.119515,1.11978,1.11901,1.119655,-1.0,-1.0,-1
2017-06-26 00:00:00-04:00,1.119655,1.119655,1.119055,1.119165,-1.0,-1.0,-1
2017-06-26 01:00:00-04:00,1.119165,1.119375,1.118875,1.11927,-1.0,-1.0,-1
2017-06-26 02:00:00-04:00,1.11927,1.11952,1.118475,1.119195,-1.0,-1.0,-1
2017-06-26 03:00:00-04:00,1.119195,1.120795,1.118985,1.1201,-1.0,-1.0,-1
2017-06-26 04:00:00-04:00,1.1201,1.12019,1.11819,1.118585,-1.0,-1.0,-1
2017-06-26 05:00:00-04:00,1.118585,1.118725,1.117575,1.117745,-1.0,-1.0,-1
2017-06-26 06:00:00-04:00,1.117745,1.118745,1.117655,1.117975,-1.0,-1.0,-1
2017-06-26 07:00:00-04:00,1.117975,1.11851,1.117175,1.118155,-1.0,-1.0,-1
2017-06-26 08:00:00-04:00,1.118155,1.12199,1.11815,1.121125,-1.0,-1.0,-1
2017-06-26 09:00:00-04:00,1.121125,1.12159,1.12027,1.120285,-1.0,-1.0,-1
2017-06-26 10:00:00-04:00,1.120285,1.121855,1.12,1.120305,-1.0,-1.0,-1
2017-06-26 11:00:00-04:00,1.120305,1.120495,1.118885,1.119625,-1.0,-1.0,-1
2017-06-26 12:00:00-04:00,1.119625,1.1198,1.1182,1.118755,-1.0,-1.0,-1
2017-06-26 13:00:00-04:00,1.118755,1.11946,1.11872,1.11916,-1.0,-1.0,-1
2017-06-26 14:00:00-04:00,1.11916,1.119435,1.117545,1.1181,-1.0,-1.0,-1
2017-06-26 15:00:00-04:00,1.1181,1.118195,1.117725,1.11803,-1.0,-1.0,-1
2017-06-26 16:00:00-04:00,1.11803,1.118335,1.11793,1.118255,-1.0,-1.0,-1
2017-06-26 17:15:00-04:00,1.118375,1.11848,1.118105,1.118315,-1.0,-1.0,-1
2017-06-26 18:00:00-04:00,1.118315,1.118405,1.11802,1.118065,-1.0,-1.0,-1
2017-06-26 19:00:00-04:00,1.118065,1.118365,1.117905,1.118295,-1.0,-1.0,-1
2017-06-26 20:00:00-04:00,1.118295,1.118545,1.118025,1.118415,-1.0,-1.0,-1
2017-06-26 21:00:00-04:00,1.118415,1.11869,1.118105,1.118285,-1.0,-1.0,-1
2017-06-26 22:00:00-04:00,1.118285,1.11898,1.11806,1.11877,-1.0,-1.0,-1
2017-06-26 23:00:00-04:00,1.11877,1.119255,1.11872,1.11911,-1.0,-1.0,-1
2017-06-27 00:00:00-04:00,1.11911,1.119115,1.11881,1.119025,-1.0,-1.0,-1
2017-06-27 01:00:00-04:00,1.119025,1.11966,1.118995,1.11957,-1.0,-1.0,-1
2017-06-27 02:00:00-04:00,1.11957,1.120395,1.118825,1.119115,-1.0,-1.0,-1
2017-06-27 03:00:00-04:00,1.119115,1.119305,1.118245,1.118725,-1.0,-1.0,-1
2017-06-27 04:00:00-04:00,1.118725,1.125505,1.118685,1.124905,-1.0,-1.0,-1
2017-06-27 05:00:00-04:00,1.124905,1.12653,1.12441,1.125435,-1.0,-1.0,-1
2017-06-27 06:00:00-04:00,1.125435,1.126625,1.124675,1.126185,-1.0,-1.0,-1
2017-06-27 07:00:00-04:00,1.126185,1.127485,1.126065,1.12689,-1.0,-1.0,-1
2017-06-27 08:00:00-04:00,1.12689,1.128405,1.126875,1.127685,-1.0,-1.0,-1
2017-06-27 09:00:00-04:00,1.127685,1.130495,1.127675,1.12888,-1.0,-1.0,-1
2017-06-27 10:00:00-04:00,1.12888,1.128995,1.127465,1.128625,-1.0,-1.0,-1
2017-06-27 11:00:00-04:00,1.128625,1.133225,1.128405,1.13266,-1.0,-1.0,-1
2017-06-27 12:00:00-04:00,1.13266,1.133515,1.130615,1.131185,-1.0,-1.0,-1
2017-06-27 13:00:00-04:00,1.131185,1.133825,1.13065,1.133225,-1.0,-1.0,-1
2017-06-27 14:00:00-04:00,1.133225,1.134785,1.133145,1.134655,-1.0,-1.0,-1
2017-06-27 15:00:00-04:00,1.134655,1.13494,1.134415,1.13488,-1.0,-1.0,-1
2017-06-27 16:00:00-04:00,1.13488,1.13488,1.133665,1.133875,-1.0,-1.0,-1
2017-06-27 17:15:00-04:00,1.1335,1.134085,1.13297,1.13349,-1.0,-1.0,-1
2017-06-27 18:00:00-04:00,1.13349,1.13447,1.133485,1.13431,-1.0,-1.0,-1
2017-06-27 19:00:00-04:00,1.13431,1.134345,1.133585,1.133705,-1.0,-1.0,-1
2017-06-27 20:00:00-04:00,1.133705,1.134385,1.133605,1.133985,-1.0,-1.0,-1
2017-06-27 21:00:00-04:00,1.133985,1.135565,1.13371,1.13514,-1.0,-1.0,-1
2017-06-27 22:00:00-04:00,1.13514,1.1354,1.134695,1.135145,-1.0,-1.0,-1
2017-06-27 23:00:00-04:00,1.135145,1.13516,1.134755,1.13488,-1.0,-1.0,-1
2017-06-28 00:00:00-04:00,1.13488,1.135345,1.134655,1.134685,-1.0,-1.0,-1
2017-06-28 01:00:00-04:00,1.134685,1.13666,1.134545,1.13627,-1.0,-1.0,-1
2017-06-28 02:00:00-04:00,1.13627,1.137895,1.135245,1.135325,-1.0,-1.0,-1
2017-06-28 03:00:00-04:00,1.135325,1.138835,1.13522,1.137835,-1.0,-1.0,-1
2017-06-28 04:00:00-04:00,1.137835,1.138645,1.136015,1.136055,-1.0,-1.0,-1
2017-06-28 05:00:00-04:00,1.136055,1.136405,1.13536,1.13609,-1.0,-1.0,-1
2017-06-28 06:00:00-04:00,1.13609,1.137185,1.135515,1.135865,-1.0,-1.0,-1
2017-06-28 07:00:00-04:00,1.135865,1.137655,1.135575,1.13749,-1.0,-1.0,-1
2017-06-28 08:00:00-04:00,1.13749,1.138035,1.129185,1.133145,-1.0,-1.0,-1
2017-06-28 09:00:00-04:00,1.133145,1.137355,1.132835,1.13656,-1.0,-1.0,-1
2017-06-28 10:00:00-04:00,1.13656,1.139085,1.136155,1.136305,-1.0,-1.0,-1
2017-06-28 11:00:00-04:00,1.136305,1.136605,1.13494,1.13648,-1.0,-1.0,-1
2017-06-28 12:00:00-04:00,1.13648,1.138155,1.13631,1.137805,-1.0,-1.0,-1
2017-06-28 13:00:00-04:00,1.137805,1.138195,1.137365,1.13769,-1.0,-1.0,-1
2017-06-28 14:00:00-04:00,1.13769,1.138405,1.137605,1.13801,-1.0,-1.0,-1
2017-06-28 15:00:00-04:00,1.13801,1.13853,1.137615,1.138185,-1.0,-1.0,-1
2017-06-28 16:00:00-04:00,1.138185,1.13819,1.137595,1.137765,-1.0,-1.0,-1
2017-06-28 17:15:00-04:00,1.137825,1.13806,1.13751,1.137595,-1.0,-1.0,-1
2017-06-28 18:00:00-04:00,1.137595,1.13801,1.13746,1.137765,-1.0,-1.0,-1
2017-06-28 19:00:00-04:00,1.137765,1.138555,1.137745,1.137825,-1.0,-1.0,-1
2017-06-28 20:00:00-04:00,1.137825,1.138965,1.137675,1.13871,-1.0,-1.0,-1
2017-06-28 21:00:00-04:00,1.13871,1.14085,1.138515,1.140545,-1.0,-1.0,-1
2017-06-28 22:00:00-04:00,1.140545,1.14194,1.140305,1.14053,-1.0,-1.0,-1
2017-06-28 23:00:00-04:00,1.14053,1.141005,1.14016,1.140585,-1.0,-1.0,-1
2017-06-29 00:00:00-04:00,1.140585,1.140785,1.13949,1.140185,-1.0,-1.0,-1
2017-06-29 01:00:00-04:00,1.140185,1.140805,1.13953,1.140745,-1.0,-1.0,-1
2017-06-29 02:00:00-04:00,1.140745,1.14154,1.13999,1.140625,-1.0,-1.0,-1
2017-06-29 03:00:00-04:00,1.140625,1.143275,1.140625,1.14268,-1.0,-1.0,-1
2017-06-29 04:00:00-04:00,1.14268,1.143505,1.141515,1.142575,-1.0,-1.0,-1
2017-06-29 05:00:00-04:00,1.142575,1.14266,1.139835,1.14137,-1.0,-1.0,-1
2017-06-29 06:00:00-04:00,1.14137,1.14161,1.13997,1.140605,-1.0,-1.0,-1
2017-06-29 07:00:00-04:00,1.140605,1.140755,1.13921,1.140625,-1.0,-1.0,-1
2017-06-29 08:00:00-04:00,1.140625,1.14176,1.138815,1.140065,-1.0,-1.0,-1
2017-06-29 09:00:00-04:00,1.140065,1.141575,1.13953,1.139985,-1.0,-1.0,-1
2017-06-29 10:00:00-04:00,1.139985,1.142825,1.139935,1.142425,-1.0,-1.0,-1
2017-06-29 11:00:00-04:00,1.142425,1.14322,1.142005,1.142075,-1.0,-1.0,-1
2017-06-29 12:00:00-04:00,1.142075,1.14316,1.14164,1.142985,-1.0,-1.0,-1
2017-06-29 13:00:00-04:00,1.142985,1.144495,1.142775,1.14424,-1.0,-1.0,-1
2017-06-29 14:00:00-04:00,1.14424,1.144515,1.142925,1.143275,-1.0,-1.0,-1
2017-06-29 15:00:00-04:00,1.143275,1.144545,1.143195,1.14395,-1.0,-1.0,-1
2017-06-29 16:00:00-04:00,1.14395,1.14428,1.143565,1.14408,-1.0,-1.0,-1
2017-06-29 17:15:00-04:00,1.144175,1.14432,1.14394,1.14409,-1.0,-1.0,-1
2017-06-29 18:00:00-04:00,1.14409,1.14454,1.14409,1.144255,-1.0,-1.0,-1
2017-06-29 19:00:00-04:00,1.144255,1.14428,1.143945,1.14396,-1.0,-1.0,-1
2017-06-29 20:00:00-04:00,1.14396,1.14431,1.14269,1.14286,-1.0,-1.0,-1
2017-06-29 21:00:00-04:00,1.14286,1.14444,1.14278,1.144095,-1.0,-1.0,-1
2017-06-29 22:00:00-04:00,1.144095,1.14444,1.14356,1.143615,-1.0,-1.0,-1
2017-06-29 23:00:00-04:00,1.143615,1.144345,1.14356,1.144055,-1.0,-1.0,-1
2017-06-30 00:00:00-04:00,1.144055,1.144275,1.143755,1.14404,-1.0,-1.0,-1
2017-06-30 01:00:00-04:00,1.14404,1.144145,1.14275,1.14301,-1.0,-1.0,-1
2017-06-30 02:00:00-04:00,1.14301,1.144135,1.142245,1.142335,-1.0,-1.0,-1
2017-06-30 03:00:00-04:00,1.142335,1.142985,1.14021,1.141215,-1.0,-1.0,-1
2017-06-30 04:00:00-04:00,1.141215,1.14157,1.139555,1.14032,-1.0,-1.0,-1
2017-06-30 05:00:00-04:00,1.14032,1.141025,1.13922,1.140975,-1.0,-1.0,-1
2017-06-30 06:00:00-04:00,1.140975,1.141185,1.13986,1.140265,-1.0,-1.0,-1
2017-06-30 07:00:00-04:00,1.140265,1.141285,1.140235,1.1404,-1.0,-1.0,-1
2017-06-30 08:00:00-04:00,1.1404,1.142135,1.140395,1.141285,-1.0,-1.0,-1
2017-06-30 09:00:00-04:00,1.141285,1.142375,1.1412,1.141965,-1.0,-1.0,-1
2017-06-30 10:00:00-04:00,1.141965,1.142775,1.139555,1.140435,-1.0,-1.0,-1
2017-06-30 11:00:00-04:00,1.140435,1.14166,1.140425,1.141115,-1.0,-1.0,-1
2017-06-30 12:00:00-04:00,1.141115,1.141635,1.14063,1.141275,-1.0,-1.0,-1
2017-06-30 13:00:00-04:00,1.141275,1.14172,1.14109,1.141485,-1.0,-1.0,-1
2017-06-30 14:00:00-04:00,1.141485,1.14227,1.140855,1.141935,-1.0,-1.0,-1
2017-06-30 15:00:00-04:00,1.141935,1.14234,1.141505,1.14216,-1.0,-1.0,-1
2017-06-30 16:00:00-04:00,1.14216,1.14269,1.14186,1.142645,-1.0,-1.0,-1
2017-07-02 17:15:00-04:00,1.1418,1.142525,1.141715,1.142215,-1.0,-1.0,-1
2017-07-02 18:00:00-04:00,1.142215,1.14271,1.14207,1.142495,-1.0,-1.0,-1
2017-07-02 19:00:00-04:00,1.142495,1.14258,1.142105,1.142345,-1.0,-1.0,-1
2017-07-02 20:00:00-04:00,1.142345,1.142505,1.141585,1.141735,-1.0,-1.0,-1
2017-07-02 21:00:00-04:00,1.141735,1.142035,1.14147,1.14164,-1.0,-1.0,-1
2017-07-02 22:00:00-04:00,1.14164,1.14199,1.141225,1.141375,-1.0,-1.0,-1
2017-07-02 23:00:00-04:00,1.141375,1.14168,1.140415,1.14044,-1.0,-1.0,-1
2017-07-03 00:00:00-04:00,1.14044,1.14159,1.140385,1.141315,-1.0,-1.0,-1
2017-07-03 01:00:00-04:00,1.141315,1.14154,1.140765,1.14078,-1.0,-1.0,-1
2017-07-03 02:00:00-04:00,1.14078,1.141415,1.140345,1.14119,-1.0,-1.0,-1
2017-07-03 03:00:00-04:00,1.14119,1.14119,1.13926,1.139475,-1.0,-1.0,-1
2017-07-03 04:00:00-04:00,1.139475,1.139495,1.13771,1.137895,-1.0,-1.0,-1
2017-07-03 05:00:00-04:00,1.137895,1.138585,1.137285,1.137305,-1.0,-1.0,-1
2017-07-03 06:00:00-04:00,1.137305,1.137945,1.13707,1.137495,-1.0,-1.0,-1
2017-07-03 07:00:00-04:00,1.137495,1.137755,1.136125,1.136465,-1.0,-1.0,-1
2017-07-03 08:00:00-04:00,1.136465,1.137585,1.136205,1.136795,-1.0,-1.0,-1
2017-07-03 09:00:00-04:00,1.136795,1.137305,1.135805,1.13723,-1.0,-1.0,-1
2017-07-03 10:00:00-04:00,1.13723,1.137375,1.135975,1.136805,-1.0,-1.0,-1
2017-07-03 11:00:00-04:00,1.136805,1.136985,1.13561,1.13668,-1.0,-1.0,-1
2017-07-03 12:00:00-04:00,1.13668,1.137215,1.13551,1.135735,-1.0,-1.0,-1
2017-07-03 13:00:00-04:00,1.135735,1.136865,1.13566,1.13612,-1.0,-1.0,-1
2017-07-03 14:00:00-04:00,1.13612,1.13612,1.13566,1.13584,-1.0,-1.0,-1
2017-07-03 15:00:00-04:00,1.13584,1.13631,1.13577,1.1363,-1.0,-1.0,-1
2017-07-03 16:00:00-04:00,1.1363,1.136695,1.136245,1.136425,-1.0,-1.0,-1
2017-07-03 17:15:00-04:00,1.13637,1.136595,1.135975,1.136405,-1.0,-1.0,-1
2017-07-03 18:00:00-04:00,1.136405,1.137085,1.13634,1.136715,-1.0,-1.0,-1
2017-07-03 19:00:00-04:00,1.136715,1.137345,1.13671,1.13725,-1.0,-1.0,-1
2017-07-03 20:00:00-04:00,1.13725,1.13771,1.137095,1.137395,-1.0,-1.0,-1
2017-07-03 21:00:00-04:00,1.137395,1.137435,1.136745,1.136895,-1.0,-1.0,-1
2017-07-03 22:00:00-04:00,1.136895,1.13702,1.136385,1.13662,-1.0,-1.0,-1
2017-07-03 23:00:00-04:00,1.13662,1.137405,1.136545,1.137265,-1.0,-1.0,-1
2017-07-04 00:00:00-04:00,1.137265,1.137425,1.136855,1.137215,-1.0,-1.0,-1
2017-07-04 01:00:00-04:00,1.137215,1.137275,1.133615,1.13484,-1.0,-1.0,-1
2017-07-04 02:00:00-04:00,1.13484,1.13727,1.13435,1.13725,-1.0,-1.0,-1
2017-07-04 03:00:00-04:00,1.13725,1.13746,1.135635,1.136175,-1.0,-1.0,-1
2017-07-04 04:00:00-04:00,1.136175,1.13637,1.134725,1.135395,-1.0,-1.0,-1
2017-07-04 05:00:00-04:00,1.135395,1.135445,1.13423,1.134995,-1.0,-1.0,-1
2017-07-04 06:00:00-04:00,1.134995,1.13529,1.134665,1.135165,-1.0,-1.0,-1
2017-07-04 07:00:00-04:00,1.135165,1.135165,1.134185,1.13505,-1.0,-1.0,-1
2017-07-04 08:00:00-04:00,1.13505,1.135565,1.133995,1.134285,-1.0,-1.0,-1
2017-07-04 09:00:00-04:00,1.134285,1.134815,1.13382,1.134465,-1.0,-1.0,-1
2017-07-04 10:00:00-04:00,1.134465,1.135415,1.134165,1.135175,-1.0,-1.0,-1
2017-07-04 11:00:00-04:00,1.135175,1.13529,1.13454,1.134765,-1.0,-1.0,-1
2017-07-04 12:00:00-04:00,1.134765,1.135195,1.134315,1.1351,-1.0,-1.0,-1
2017-07-04 13:00:00-04:00,1.1351,1.135375,1.13466,1.135135,-1.0,-1.0,-1
2017-07-04 14:00:00-04:00,1.135135,1.135305,1.134805,1.13505,-1.0,-1.0,-1
2017-07-04 15:00:00-04:00,1.13505,1.13514,1.13454,1.134635,-1.0,-1.0,-1
2017-07-04 16:00:00-04:00,1.134635,1.135095,1.13438,1.13465,-1.0,-1.0,-1
2017-07-04 17:15:00-04:00,1.134575,1.13496,1.134535,1.134705,-1.0,-1.0,-1
2017-07-04 18:00:00-04:00,1.134705,1.13558,1.134515,1.13533,-1.0,-1.0,-1
2017-07-04 19:00:00-04:00,1.13533,1.1361,1.13516,1.135945,-1.0,-1.0,-1
2017-07-04 20:00:00-04:00,1.135945,1.13645,1.135445,1.13589,-1.0,-1.0,-1
2017-07-04 21:00:00-04:00,1.13589,1.136795,1.13555,1.136705,-1.0,-1.0,-1
2017-07-04 22:00:00-04:00,1.136705,1.13687,1.136105,1.13627,-1.0,-1.0,-1
2017-07-04 23:00:00-04:00,1.13627,1.13628,1.13568,1.13589,-1.0,-1.0,-1
2017-07-05 00:00:00-04:00,1.13589,1.135895,1.13532,1.135445,-1.0,-1.0,-1
2017-07-05 01:00:00-04:00,1.135445,1.13573,1.13496,1.135335,-1.0,-1.0,-1
2017-07-05 02:00:00-04:00,1.135335,1.136695,1.135335,1.136015,-1.0,-1.0,-1
2017-07-05 03:00:00-04:00,1.136015,1.136805,1.135805,1.13632,-1.0,-1.0,-1
2017-07-05 04:00:00-04:00,1.13632,1.13648,1.134065,1.134185,-1.0,-1.0,-1
2017-07-05 05:00:00-04:00,1.134185,1.13443,1.131765,1.132405,-1.0,-1.0,-1
2017-07-05 06:00:00-04:00,1.132405,1.132755,1.13124,1.13212,-1.0,-1.0,-1
2017-07-05 07:00:00-04:00,1.13212,1.133705,1.131945,1.133225,-1.0,-1.0,-1
2017-07-05 08:00:00-04:00,1.133225,1.133485,1.131825,1.13206,-1.0,-1.0,-1
2017-07-05 09:00:00-04:00,1.13206,1.13305,1.131805,1.132995,-1.0,-1.0,-1
2017-07-05 10:00:00-04:00,1.132995,1.133695,1.13255,1.132915,-1.0,-1.0,-1
2017-07-05 11:00:00-04:00,1.132915,1.134425,1.132755,1.13356,-1.0,-1.0,-1
2017-07-05 12:00:00-04:00,1.13356,1.13408,1.132955,1.133835,-1.0,-1.0,-1
2017-07-05 13:00:00-04:00,1.133835,1.134375,1.133515,1.134095,-1.0,-1.0,-1
2017-07-05 14:00:00-04:00,1.134095,1.13574,1.132265,1.134115,-1.0,-1.0,-1
2017-07-05 15:00:00-04:00,1.134115,1.13518,1.13382,1.134205,-1.0,-1.0,-1
2017-07-05 16:00:00-04:00,1.134205,1.135245,1.134175,1.135235,-1.0,-1.0,-1
2017-07-05 17:15:00-04:00,1.135155,1.13523,1.13482,1.1351,-1.0,-1.0,-1
2017-07-05 18:00:00-04:00,1.1351,1.13549,1.13505,1.13532,-1.0,-1.0,-1
2017-07-05 19:00:00-04:00,1.13532,1.1354,1.134625,1.134655,-1.0,-1.0,-1
2017-07-05 20:00:00-04:00,1.134655,1.134665,1.133555,1.134185,-1.0,-1.0,-1
2017-07-05 21:00:00-04:00,1.134185,1.134485,1.133015,1.133205,-1.0,-1.0,-1
2017-07-05 22:00:00-04:00,1.133205,1.133985,1.133005,1.13376,-1.0,-1.0,-1
2017-07-05 23:00:00-04:00,1.13376,1.134285,1.13373,1.13382,-1.0,-1.0,-1
2017-07-06 00:00:00-04:00,1.13382,1.13396,1.133685,1.133905,-1.0,-1.0,-1
2017-07-06 01:00:00-04:00,1.133905,1.13422,1.13375,1.133795,-1.0,-1.0,-1
2017-07-06 02:00:00-04:00,1.133795,1.1342,1.13311,1.13419,-1.0,-1.0,-1
2017-07-06 03:00:00-04:00,1.13419,1.135735,1.134155,1.13519,-1.0,-1.0,-1
2017-07-06 04:00:00-04:00,1.13519,1.13548,1.134395,1.134895,-1.0,-1.0,-1
2017-07-06 05:00:00-04:00,1.134895,1.137025,1.134435,1.136415,-1.0,-1.0,-1
2017-07-06 06:00:00-04:00,1.136415,1.137395,1.13575,1.13658,-1.0,-1.0,-1
2017-07-06 07:00:00-04:00,1.13658,1.13876,1.136115,1.138665,-1.0,-1.0,-1
2017-07-06 08:00:00-04:00,1.138665,1.139775,1.13791,1.13905,-1.0,-1.0,-1
2017-07-06 09:00:00-04:00,1.13905,1.1402,1.138155,1.14,-1.0,-1.0,-1
2017-07-06 10:00:00-04:00,1.14,1.140605,1.139295,1.140535,-1.0,-1.0,-1
2017-07-06 11:00:00-04:00,1.140535,1.14071,1.139825,1.140675,-1.0,-1.0,-1
2017-07-06 12:00:00-04:00,1.140675,1.14198,1.14067,1.141955,-1.0,-1.0,-1
2017-07-06 13:00:00-04:00,1.141955,1.142465,1.14157,1.142335,-1.0,-1.0,-1
2017-07-06 14:00:00-04:00,1.142335,1.1424,1.141905,1.14225,-1.0,-1.0,-1
2017-07-06 15:00:00-04:00,1.14225,1.142345,1.14177,1.14199,-1.0,-1.0,-1
2017-07-06 16:00:00-04:00,1.14199,1.142495,1.141825,1.142335,-1.0,-1.0,-1
2017-07-06 17:15:00-04:00,1.142325,1.142445,1.14183,1.142205,-1.0,-1.0,-1
2017-07-06 18:00:00-04:00,1.142205,1.14244,1.14186,1.142225,-1.0,-1.0,-1
2017-07-06 19:00:00-04:00,1.142225,1.14257,1.141925,1.142135,-1.0,-1.0,-1
2017-07-06 20:00:00-04:00,1.142135,1.14221,1.141345,1.141555,-1.0,-1.0,-1
2017-07-06 21:00:00-04:00,1.141555,1.14242,1.141015,1.14119,-1.0,-1.0,-1
2017-07-06 22:00:00-04:00,1.14119,1.14143,1.140845,1.141395,-1.0,-1.0,-1
2017-07-06 23:00:00-04:00,1.141395,1.141635,1.14117,1.141375,-1.0,-1.0,-1
2017-07-07 00:00:00-04:00,1.141375,1.142025,1.14132,1.14151,-1.0,-1.0,-1
2017-07-07 01:00:00-04:00,1.14151,1.14187,1.140715,1.140785,-1.0,-1.0,-1
2017-07-07 02:00:00-04:00,1.140785,1.141925,1.14071,1.14148,-1.0,-1.0,-1
2017-07-07 03:00:00-04:00,1.14148,1.142775,1.14129,1.14196,-1.0,-1.0,-1
2017-07-07 04:00:00-04:00,1.14196,1.14248,1.141205,1.142185,-1.0,-1.0,-1
2017-07-07 05:00:00-04:00,1.142185,1.142535,1.14128,1.14146,-1.0,-1.0,-1
2017-07-07 06:00:00-04:00,1.14146,1.141585,1.140605,1.141155,-1.0,-1.0,-1
2017-07-07 07:00:00-04:00,1.141155,1.141965,1.140725,1.14079,-1.0,-1.0,-1
2017-07-07 08:00:00-04:00,1.14079,1.144005,1.138665,1.140185,-1.0,-1.0,-1
2017-07-07 09:00:00-04:00,1.140185,1.140495,1.13807,1.139775,-1.0,-1.0,-1
2017-07-07 10:00:00-04:00,1.139775,1.14016,1.137975,1.139195,-1.0,-1.0,-1
2017-07-07 11:00:00-04:00,1.139195,1.139615,1.13865,1.13961,-1.0,-1.0,-1
2017-07-07 12:00:00-04:00,1.13961,1.140875,1.139595,1.140825,-1.0,-1.0,-1
2017-07-07 13:00:00-04:00,1.140825,1.141095,1.140125,1.1404,-1.0,-1.0,-1
2017-07-07 14:00:00-04:00,1.1404,1.140595,1.140095,1.14031,-1.0,-1.0,-1
2017-07-07 15:00:00-04:00,1.14031,1.14081,1.14018,1.140485,-1.0,-1.0,-1
2017-07-07 16:00:00-04:00,1.140485,1.14049,1.139765,1.140375,-1.0,-1.0,-1
2017-07-09 17:15:00-04:00,1.139525,1.141005,1.139325,1.13994,-1.0,-1.0,-1
2017-07-09 18:00:00-04:00,1.13994,1.140235,1.13981,1.140015,-1.0,-1.0,-1
2017-07-09 19:00:00-04:00,1.140015,1.140395,1.13995,1.140355,-1.0,-1.0,-1
2017-07-09 20:00:00-04:00,1.140355,1.14038,1.139795,1.140065,-1.0,-1.0,-1
2017-07-09 21:00:00-04:00,1.140065,1.140845,1.139945,1.140805,-1.0,-1.0,-1
2017-07-09 22:00:00-04:00,1.140805,1.14085,1.140445,1.14052,-1.0,-1.0,-1
2017-07-09 23:00:00-04:00,1.14052,1.140625,1.14018,1.14048,-1.0,-1.0,-1
2017-07-10 00:00:00-04:00,1.14048,1.140575,1.140055,1.1404,-1.0,-1.0,-1
2017-07-10 01:00:00-04:00,1.1404,1.140935,1.140195,1.140935,-1.0,-1.0,-1
2017-07-10 02:00:00-04:00,1.140935,1.140995,1.139705,1.13988,-1.0,-1.0,-1
2017-07-10 03:00:00-04:00,1.13988,1.141825,1.13967,1.1416,-1.0,-1.0,-1
2017-07-10 04:00:00-04:00,1.1416,1.14168,1.139265,1.13959,-1.0,-1.0,-1
2017-07-10 05:00:00-04:00,1.13959,1.139795,1.13822,1.13854,-1.0,-1.0,-1
2017-07-10 06:00:00-04:00,1.13854,1.139395,1.1383,1.139115,-1.0,-1.0,-1
2017-07-10 07:00:00-04:00,1.139115,1.13926,1.138175,1.138855,-1.0,-1.0,-1
2017-07-10 08:00:00-04:00,1.138855,1.139385,1.13829,1.139205,-1.0,-1.0,-1
2017-07-10 09:00:00-04:00,1.139205,1.1394,1.138505,1.139175,-1.0,-1.0,-1
2017-07-10 10:00:00-04:00,1.139175,1.139605,1.13868,1.138805,-1.0,-1.0,-1
2017-07-10 11:00:00-04:00,1.138805,1.139595,1.138475,1.139545,-1.0,-1.0,-1
2017-07-10 12:00:00-04:00,1.139545,1.140195,1.139455,1.13957,-1.0,-1.0,-1
2017-07-10 13:00:00-04:00,1.13957,1.140735,1.139565,1.140595,-1.0,-1.0,-1
2017-07-10 14:00:00-04:00,1.140595,1.140795,1.140245,1.140315,-1.0,-1.0,-1
2017-07-10 15:00:00-04:00,1.140315,1.140365,1.13979,1.140015,-1.0,-1.0,-1
2017-07-10 16:00:00-04:00,1.140015,1.14006,1.13979,1.13994,-1.0,-1.0,-1
2017-07-10 17:15:00-04:00,1.139845,1.13998,1.13956,1.13975,-1.0,-1.0,-1
2017-07-10 18:00:00-04:00,1.13975,1.13984,1.13937,1.139665,-1.0,-1.0,-1
2017-07-10 19:00:00-04:00,1.139665,1.13981,1.139555,1.139645,-1.0,-1.0,-1
2017-07-10 20:00:00-04:00,1.139645,1.139795,1.13928,1.139505,-1.0,-1.0,-1
2017-07-10 21:00:00-04:00,1.139505,1.13976,1.139235,1.139335,-1.0,-1.0,-1
2017-07-10 22:00:00-04:00,1.139335,1.13962,1.139255,1.139345,-1.0,-1.0,-1
2017-07-10 23:00:00-04:00,1.139345,1.139525,1.13923,1.139455,-1.0,-1.0,-1
2017-07-11 00:00:00-04:00,1.139455,1.13948,1.13872,1.138855,-1.0,-1.0,-1
2017-07-11 01:00:00-04:00,1.138855,1.138875,1.138305,1.138335,-1.0,-1.0,-1
2017-07-11 02:00:00-04:00,1.138335,1.139195,1.138285,1.13908,-1.0,-1.0,-1
2017-07-11 03:00:00-04:00,1.13908,1.139915,1.138525,1.139035,-1.0,-1.0,-1
2017-07-11 04:00:00-04:00,1.139035,1.139995,1.139015,1.139615,-1.0,-1.0,-1
2017-07-11 05:00:00-04:00,1.139615,1.139615,1.13917,1.13952,-1.0,-1.0,-1
2017-07-11 06:00:00-04:00,1.13952,1.139765,1.139015,1.139585,-1.0,-1.0,-1
2017-07-11 07:00:00-04:00,1.139585,1.139895,1.139395,1.139435,-1.0,-1.0,-1
2017-07-11 08:00:00-04:00,1.139435,1.14141,1.139425,1.14019,-1.0,-1.0,-1
2017-07-11 09:00:00-04:00,1.14019,1.140945,1.139355,1.14081,-1.0,-1.0,-1
2017-07-11 10:00:00-04:00,1.14081,1.142485,1.13953,1.14193,-1.0,-1.0,-1
2017-07-11 11:00:00-04:00,1.14193,1.143345,1.14146,1.143005,-1.0,-1.0,-1
2017-07-11 12:00:00-04:00,1.143005,1.144805,1.142855,1.143955,-1.0,-1.0,-1
2017-07-11 13:00:00-04:00,1.143955,1.147695,1.143955,1.14666,-1.0,-1.0,-1
2017-07-11 14:00:00-04:00,1.14666,1.14798,1.146605,1.14765,-1.0,-1.0,-1
2017-07-11 15:00:00-04:00,1.14765,1.147655,1.146245,1.14637,-1.0,-1.0,-1
2017-07-11 16:00:00-04:00,1.14637,1.14675,1.146075,1.146665,-1.0,-1.0,-1
2017-07-11 17:15:00-04:00,1.1466,1.146675,1.146305,1.146475,-1.0,-1.0,-1
2017-07-11 18:00:00-04:00,1.146475,1.147185,1.14629,1.146985,-1.0,-1.0,-1
2017-07-11 19:00:00-04:00,1.146985,1.147425,1.146625,1.147405,-1.0,-1.0,-1
2017-07-11 20:00:00-04:00,1.147405,1.147825,1.14719,1.147645,-1.0,-1.0,-1
2017-07-11 21:00:00-04:00,1.147645,1.14792,1.147065,1.14716,-1.0,-1.0,-1
2017-07-11 22:00:00-04:00,1.14716,1.148395,1.147035,1.148155,-1.0,-1.0,-1
2017-07-11 23:00:00-04:00,1.148155,1.1482,1.147335,1.148065,-1.0,-1.0,-1
2017-07-12 00:00:00-04:00,1.148065,1.14888,1.147485,1.148565,-1.0,-1.0,-1
2017-07-12 01:00:00-04:00,1.148565,1.14896,1.146985,1.147255,-1.0,-1.0,-1
2017-07-12 02:00:00-04:00,1.147255,1.147665,1.14558,1.145895,-1.0,-1.0,-1
2017-07-12 03:00:00-04:00,1.145895,1.146445,1.144705,1.144835,-1.0,-1.0,-1
2017-07-12 04:00:00-04:00,1.144835,1.146345,1.144235,1.145745,-1.0,-1.0,-1
2017-07-12 05:00:00-04:00,1.145745,1.146095,1.144355,1.145465,-1.0,-1.0,-1
2017-07-12 06:00:00-04:00,1.145465,1.146085,1.144895,1.14532,-1.0,-1.0,-1
2017-07-12 07:00:00-04:00,1.14532,1.146195,1.145115,1.14536,-1.0,-1.0,-1
2017-07-12 08:00:00-04:00,1.14536,1.147975,1.14267,1.14675,-1.0,-1.0,-1
2017-07-12 09:00:00-04:00,1.14675,1.146905,1.140975,1.141405,-1.0,-1.0,-1
2017-07-12 10:00:00-04:00,1.141405,1.14198,1.13917,1.14188,-1.0,-1.0,-1
2017-07-12 11:00:00-04:00,1.14188,1.14275,1.14084,1.141025,-1.0,-1.0,-1
2017-07-12 12:00:00-04:00,1.141025,1.142215,1.140915,1.14208,-1.0,-1.0,-1
2017-07-12 13:00:00-04:00,1.14208,1.142405,1.141205,1.141875,-1.0,-1.0,-1
2017-07-12 14:00:00-04:00,1.141875,1.142535,1.14138,1.14151,-1.0,-1.0,-1
2017-07-12 15:00:00-04:00,1.14151,1.14225,1.14125,1.142045,-1.0,-1.0,-1
2017-07-12 16:00:00-04:00,1.142045,1.142055,1.141075,1.14119,-1.0,-1.0,-1
2017-07-12 17:15:00-04:00,1.141275,1.141765,1.141205,1.14126,-1.0,-1.0,-1
2017-07-12 18:00:00-04:00,1.14126,1.14183,1.14119,1.14159,-1.0,-1.0,-1
2017-07-12 19:00:00-04:00,1.14159,1.141985,1.141385,1.141845,-1.0,-1.0,-1
2017-07-12 20:00:00-04:00,1.141845,1.142995,1.14169,1.142965,-1.0,-1.0,-1
2017-07-12 21:00:00-04:00,1.142965,1.143695,1.14295,1.14345,-1.0,-1.0,-1
2017-07-12 22:00:00-04:00,1.14345,1.14381,1.14321,1.143705,-1.0,-1.0,-1
2017-07-12 23:00:00-04:00,1.143705,1.14392,1.14339,1.14341,-1.0,-1.0,-1
2017-07-13 00:00:00-04:00,1.14341,1.143875,1.143375,1.143775,-1.0,-1.0,-1
2017-07-13 01:00:00-04:00,1.143775,1.144965,1.143545,1.144715,-1.0,-1.0,-1
2017-07-13 02:00:00-04:00,1.144715,1.145595,1.144355,1.144675,-1.0,-1.0,-1
2017-07-13 03:00:00-04:00,1.144675,1.145285,1.141305,1.14216,-1.0,-1.0,-1
2017-07-13 04:00:00-04:00,1.14216,1.142315,1.139575,1.140355,-1.0,-1.0,-1
2017-07-13 05:00:00-04:00,1.140355,1.140825,1.13856,1.13961,-1.0,-1.0,-1
2017-07-13 06:00:00-04:00,1.13961,1.140545,1.137575,1.138825,-1.0,-1.0,-1
2017-07-13 07:00:00-04:00,1.138825,1.14129,1.137055,1.14105,-1.0,-1.0,-1
2017-07-13 08:00:00-04:00,1.14105,1.141945,1.140225,1.141635,-1.0,-1.0,-1
2017-07-13 09:00:00-04:00,1.141635,1.141795,1.13983,1.139895,-1.0,-1.0,-1
2017-07-13 10:00:00-04:00,1.139895,1.141495,1.139045,1.140385,-1.0,-1.0,-1
2017-07-13 11:00:00-04:00,1.140385,1.140795,1.138385,1.138385,-1.0,-1.0,-1
2017-07-13 12:00:00-04:00,1.138385,1.139195,1.13826,1.139065,-1.0,-1.0,-1
2017-07-13 13:00:00-04:00,1.139065,1.139955,1.13892,1.13975,-1.0,-1.0,-1
2017-07-13 14:00:00-04:00,1.13975,1.140655,1.139645,1.14041,-1.0,-1.0,-1
2017-07-13 15:00:00-04:00,1.14041,1.14069,1.140215,1.140685,-1.0,-1.0,-1
2017-07-13 16:00:00-04:00,1.140685,1.140685,1.13961,1.13979,-1.0,-1.0,-1
2017-07-13 17:15:00-04:00,1.140075,1.140115,1.13976,1.14005,-1.0,-1.0,-1
2017-07-13 18:00:00-04:00,1.14005,1.14018,1.139525,1.139565,-1.0,-1.0,-1
2017-07-13 19:00:00-04:00,1.139565,1.14052,1.13956,1.140455,-1.0,-1.0,-1
2017-07-13 20:00:00-04:00,1.140455,1.140455,1.139155,1.140175,-1.0,-1.0,-1
2017-07-13 21:00:00-04:00,1.140175,1.140715,1.139705,1.14018,-1.0,-1.0,-1
2017-07-13 22:00:00-04:00,1.14018,1.140855,1.140025,1.14084,-1.0,-1.0,-1
2017-07-13 23:00:00-04:00,1.14084,1.14106,1.140635,1.141055,-1.0,-1.0,-1
2017-07-14 00:00:00-04:00,1.141055,1.141095,1.140095,1.140105,-1.0,-1.0,-1
2017-07-14 01:00:00-04:00,1.140105,1.141265,1.140075,1.140985,-1.0,-1.0,-1
2017-07-14 02:00:00-04:00,1.140985,1.141815,1.140435,1.141585,-1.0,-1.0,-1
2017-07-14 03:00:00-04:00,1.141585,1.1424,1.140905,1.141675,-1.0,-1.0,-1
2017-07-14 04:00:00-04:00,1.141675,1.142045,1.14076,1.14078,-1.0,-1.0,-1
2017-07-14 05:00:00-04:00,1.14078,1.141805,1.140745,1.14146,-1.0,-1.0,-1
2017-07-14 06:00:00-04:00,1.14146,1.141835,1.14114,1.141435,-1.0,-1.0,-1
2017-07-14 07:00:00-04:00,1.141435,1.14195,1.1411,1.141685,-1.0,-1.0,-1
2017-07-14 08:00:00-04:00,1.141685,1.146845,1.141355,1.14616,-1.0,-1.0,-1
2017-07-14 09:00:00-04:00,1.14616,1.146325,1.143615,1.14591,-1.0,-1.0,-1
2017-07-14 10:00:00-04:00,1.14591,1.146365,1.143565,1.144445,-1.0,-1.0,-1
2017-07-14 11:00:00-04:00,1.144445,1.14607,1.144445,1.145165,-1.0,-1.0,-1
2017-07-14 12:00:00-04:00,1.145165,1.146025,1.144985,1.145935,-1.0,-1.0,-1
2017-07-14 13:00:00-04:00,1.145935,1.146895,1.145715,1.146725,-1.0,-1.0,-1
2017-07-14 14:00:00-04:00,1.146725,1.146905,1.146245,1.14659,-1.0,-1.0,-1
2017-07-14 15:00:00-04:00,1.14659,1.14714,1.146465,1.14708,-1.0,-1.0,-1
2017-07-14 16:00:00-04:00,1.14708,1.147205,1.146595,1.14686,-1.0,-1.0,-1
2017-07-16 17:15:00-04:00,1.147075,1.1473,1.14671,1.14703,-1.0,-1.0,-1
2017-07-16 18:00:00-04:00,1.14703,1.147445,1.14667,1.147035,-1.0,-1.0,-1
2017-07-16 19:00:00-04:00,1.147035,1.147495,1.146985,1.147415,-1.0,-1.0,-1
2017-07-16 20:00:00-04:00,1.147415,1.147465,1.146395,1.146495,-1.0,-1.0,-1
2017-07-16 21:00:00-04:00,1.146495,1.146755,1.14603,1.146175,-1.0,-1.0,-1
2017-07-16 22:00:00-04:00,1.146175,1.146515,1.14569,1.146125,-1.0,-1.0,-1
2017-07-16 23:00:00-04:00,1.146125,1.146595,1.145955,1.14635,-1.0,-1.0,-1
2017-07-17 00:00:00-04:00,1.14635,1.146365,1.145845,1.14614,-1.0,-1.0,-1
2017-07-17 01:00:00-04:00,1.14614,1.14635,1.145695,1.14614,-1.0,-1.0,-1
2017-07-17 02:00:00-04:00,1.14614,1.146245,1.144675,1.145375,-1.0,-1.0,-1
2017-07-17 03:00:00-04:00,1.145375,1.145785,1.14348,1.144075,-1.0,-1.0,-1
2017-07-17 04:00:00-04:00,1.144075,1.14515,1.143945,1.14483,-1.0,-1.0,-1
2017-07-17 05:00:00-04:00,1.14483,1.146025,1.144515,1.145935,-1.0,-1.0,-1
2017-07-17 06:00:00-04:00,1.145935,1.14647,1.145535,1.145905,-1.0,-1.0,-1
2017-07-17 07:00:00-04:00,1.145905,1.14705,1.145905,1.146375,-1.0,-1.0,-1
2017-07-17 08:00:00-04:00,1.146375,1.147105,1.146065,1.14681,-1.0,-1.0,-1
2017-07-17 09:00:00-04:00,1.14681,1.146815,1.14611,1.146725,-1.0,-1.0,-1
2017-07-17 10:00:00-04:00,1.146725,1.148715,1.146605,1.1471,-1.0,-1.0,-1
2017-07-17 11:00:00-04:00,1.1471,1.147725,1.146375,1.14693,-1.0,-1.0,-1
2017-07-17 12:00:00-04:00,1.14693,1.147605,1.146865,1.147225,-1.0,-1.0,-1
2017-07-17 13:00:00-04:00,1.147225,1.148095,1.147225,1.147795,-1.0,-1.0,-1
2017-07-17 14:00:00-04:00,1.147795,1.148105,1.1476,1.14806,-1.0,-1.0,-1
2017-07-17 15:00:00-04:00,1.14806,1.148475,1.147605,1.148245,-1.0,-1.0,-1
2017-07-17 16:00:00-04:00,1.148245,1.148325,1.14778,1.14782,-1.0,-1.0,-1
2017-07-17 17:15:00-04:00,1.147775,1.148095,1.14756,1.147865,-1.0,-1.0,-1
2017-07-17 18:00:00-04:00,1.147865,1.148005,1.14756,1.147695,-1.0,-1.0,-1
2017-07-17 19:00:00-04:00,1.147695,1.14794,1.147335,1.14734,-1.0,-1.0,-1
2017-07-17 20:00:00-04:00,1.14734,1.148715,1.14716,1.148515,-1.0,-1.0,-1
2017-07-17 21:00:00-04:00,1.148515,1.15322,1.14851,1.152945,-1.0,-1.0,-1
2017-07-17 22:00:00-04:00,1.152945,1.15381,1.15254,1.152905,-1.0,-1.0,-1
2017-07-17 23:00:00-04:00,1.152905,1.153555,1.152625,1.152785,-1.0,-1.0,-1
2017-07-18 00:00:00-04:00,1.152785,1.15304,1.152335,1.152775,-1.0,-1.0,-1
2017-07-18 01:00:00-04:00,1.152775,1.15352,1.15187,1.152235,-1.0,-1.0,-1
2017-07-18 02:00:00-04:00,1.152235,1.153145,1.151305,1.152675,-1.0,-1.0,-1
2017-07-18 03:00:00-04:00,1.152675,1.152975,1.151115,1.152865,-1.0,-1.0,-1
2017-07-18 04:00:00-04:00,1.152865,1.153225,1.151705,1.152565,-1.0,-1.0,-1
2017-07-18 05:00:00-04:00,1.152565,1.15601,1.151925,1.155205,-1.0,-1.0,-1
2017-07-18 06:00:00-04:00,1.155205,1.15643,1.154975,1.155765,-1.0,-1.0,-1
2017-07-18 07:00:00-04:00,1.155765,1.156005,1.154515,1.154995,-1.0,-1.0,-1
2017-07-18 08:00:00-04:00,1.154995,1.156825,1.154505,1.155605,-1.0,-1.0,-1
2017-07-18 09:00:00-04:00,1.155605,1.158165,1.155415,1.157965,-1.0,-1.0,-1
2017-07-18 10:00:00-04:00,1.157965,1.158325,1.157275,1.158065,-1.0,-1.0,-1
2017-07-18 11:00:00-04:00,1.158065,1.158245,1.156825,1.157795,-1.0,-1.0,-1
2017-07-18 12:00:00-04:00,1.157795,1.15813,1.155835,1.156315,-1.0,-1.0,-1
2017-07-18 13:00:00-04:00,1.156315,1.156455,1.155305,1.15625,-1.0,-1.0,-1
2017-07-18 14:00:00-04:00,1.15625,1.156575,1.155595,1.156105,-1.0,-1.0,-1
2017-07-18 15:00:00-04:00,1.156105,1.156205,1.15521,1.15574,-1.0,-1.0,-1
2017-07-18 16:00:00-04:00,1.15574,1.155855,1.15531,1.155375,-1.0,-1.0,-1
2017-07-18 17:15:00-04:00,1.155435,1.155645,1.155325,1.15538,-1.0,-1.0,-1
2017-07-18 18:00:00-04:00,1.15538,1.15555,1.155035,1.155065,-1.0,-1.0,-1
2017-07-18 19:00:00-04:00,1.155065,1.15526,1.154775,1.154795,-1.0,-1.0,-1
2017-07-18 20:00:00-04:00,1.154795,1.155355,1.154315,1.154485,-1.0,-1.0,-1
2017-07-18 21:00:00-04:00,1.154485,1.154525,1.15412,1.154205,-1.0,-1.0,-1
2017-07-18 22:00:00-04:00,1.154205,1.154445,1.153865,1.1539,-1.0,-1.0,-1
2017-07-18 23:00:00-04:00,1.1539,1.154015,1.153635,1.1539,-1.0,-1.0,-1
2017-07-19 00:00:00-04:00,1.1539,1.153985,1.153695,1.153775,-1.0,-1.0,-1
2017-07-19 01:00:00-04:00,1.153775,1.153795,1.15313,1.153275,-1.0,-1.0,-1
2017-07-19 02:00:00-04:00,1.153275,1.154785,1.152905,1.15296,-1.0,-1.0,-1
2017-07-19 03:00:00-04:00,1.15296,1.153925,1.151905,1.152025,-1.0,-1.0,-1
2017-07-19 04:00:00-04:00,1.152025,1.152785,1.151465,1.15267,-1.0,-1.0,-1
2017-07-19 05:00:00-04:00,1.15267,1.153785,1.152665,1.15299,-1.0,-1.0,-1
2017-07-19 06:00:00-04:00,1.15299,1.153775,1.152365,1.152545,-1.0,-1.0,-1
2017-07-19 07:00:00-04:00,1.152545,1.15308,1.152105,1.15299,-1.0,-1.0,-1
2017-07-19 08:00:00-04:00,1.15299,1.15386,1.15239,1.15256,-1.0,-1.0,-1
2017-07-19 09:00:00-04:00,1.15256,1.153665,1.15235,1.152385,-1.0,-1.0,-1
2017-07-19 10:00:00-04:00,1.152385,1.152885,1.151,1.15179,-1.0,-1.0,-1
2017-07-19 11:00:00-04:00,1.15179,1.152975,1.151305,1.151785,-1.0,-1.0,-1
2017-07-19 12:00:00-04:00,1.151785,1.152295,1.151415,1.152135,-1.0,-1.0,-1
2017-07-19 13:00:00-04:00,1.152135,1.152325,1.151685,1.151715,-1.0,-1.0,-1
2017-07-19 14:00:00-04:00,1.151715,1.151945,1.151335,1.151815,-1.0,-1.0,-1
2017-07-19 15:00:00-04:00,1.151815,1.15195,1.151465,1.151755,-1.0,-1.0,-1
2017-07-19 16:00:00-04:00,1.151755,1.151815,1.1513,1.15153,-1.0,-1.0,-1
2017-07-19 17:15:00-04:00,1.151375,1.151885,1.151325,1.151765,-1.0,-1.0,-1
2017-07-19 18:00:00-04:00,1.151765,1.152845,1.151745,1.15275,-1.0,-1.0,-1
2017-07-19 19:00:00-04:00,1.15275,1.153295,1.152745,1.152885,-1.0,-1.0,-1
2017-07-19 20:00:00-04:00,1.152885,1.152915,1.152275,1.152305,-1.0,-1.0,-1
2017-07-19 21:00:00-04:00,1.152305,1.152655,1.15127,1.15165,-1.0,-1.0,-1
2017-07-19 22:00:00-04:00,1.15165,1.15256,1.15144,1.15235,-1.0,-1.0,-1
2017-07-19 23:00:00-04:00,1.15235,1.152735,1.15051,1.150675,-1.0,-1.0,-1
2017-07-20 00:00:00-04:00,1.150675,1.151215,1.150655,1.15121,-1.0,-1.0,-1
2017-07-20 01:00:00-04:00,1.15121,1.151245,1.15044,1.151145,-1.0,-1.0,-1
2017-07-20 02:00:00-04:00,1.151145,1.152535,1.150885,1.152275,-1.0,-1.0,-1
2017-07-20 03:00:00-04:00,1.152275,1.152295,1.150025,1.15003,-1.0,-1.0,-1
2017-07-20 04:00:00-04:00,1.15003,1.150705,1.149605,1.150475,-1.0,-1.0,-1
2017-07-20 05:00:00-04:00,1.150475,1.150745,1.149685,1.15037,-1.0,-1.0,-1
2017-07-20 06:00:00-04:00,1.15037,1.151235,1.150065,1.150625,-1.0,-1.0,-1
2017-07-20 07:00:00-04:00,1.150625,1.151335,1.147985,1.148495,-1.0,-1.0,-1
2017-07-20 08:00:00-04:00,1.148495,1.15707,1.147945,1.156195,-1.0,-1.0,-1
2017-07-20 09:00:00-04:00,1.156195,1.157395,1.154135,1.156195,-1.0,-1.0,-1
2017-07-20 10:00:00-04:00,1.156195,1.165865,1.15618,1.16346,-1.0,-1.0,-1
2017-07-20 11:00:00-04:00,1.16346,1.164715,1.16274,1.16336,-1.0,-1.0,-1
2017-07-20 12:00:00-04:00,1.16336,1.163985,1.162715,1.16347,-1.0,-1.0,-1
2017-07-20 13:00:00-04:00,1.16347,1.163785,1.161835,1.16292,-1.0,-1.0,-1
2017-07-20 14:00:00-04:00,1.16292,1.162965,1.161785,1.162475,-1.0,-1.0,-1
2017-07-20 15:00:00-04:00,1.162475,1.163075,1.162105,1.162855,-1.0,-1.0,-1
2017-07-20 16:00:00-04:00,1.162855,1.163395,1.16241,1.16317,-1.0,-1.0,-1
2017-07-20 17:15:00-04:00,1.16325,1.163515,1.16298,1.163265,-1.0,-1.0,-1
2017-07-20 18:00:00-04:00,1.163265,1.16358,1.162485,1.162755,-1.0,-1.0,-1
2017-07-20 19:00:00-04:00,1.162755,1.163205,1.162635,1.162855,-1.0,-1.0,-1
2017-07-20 20:00:00-04:00,1.162855,1.162995,1.16191,1.16266,-1.0,-1.0,-1
2017-07-20 21:00:00-04:00,1.16266,1.16302,1.162325,1.162885,-1.0,-1.0,-1
2017-07-20 22:00:00-04:00,1.162885,1.16366,1.16243,1.162505,-1.0,-1.0,-1
2017-07-20 23:00:00-04:00,1.162505,1.162965,1.162355,1.162825,-1.0,-1.0,-1
2017-07-21 00:00:00-04:00,1.162825,1.163055,1.16253,1.16288,-1.0,-1.0,-1
2017-07-21 01:00:00-04:00,1.16288,1.164015,1.16284,1.164005,-1.0,-1.0,-1
2017-07-21 02:00:00-04:00,1.164005,1.167695,1.163675,1.166275,-1.0,-1.0,-1
2017-07-21 03:00:00-04:00,1.166275,1.16738,1.16378,1.16388,-1.0,-1.0,-1
2017-07-21 04:00:00-04:00,1.16388,1.165135,1.16362,1.16494,-1.0,-1.0,-1
2017-07-21 05:00:00-04:00,1.16494,1.16586,1.163865,1.164665,-1.0,-1.0,-1
2017-07-21 06:00:00-04:00,1.164665,1.16521,1.163805,1.164435,-1.0,-1.0,-1
2017-07-21 07:00:00-04:00,1.164435,1.165145,1.164015,1.164175,-1.0,-1.0,-1
2017-07-21 08:00:00-04:00,1.164175,1.164785,1.16354,1.163995,-1.0,-1.0,-1
2017-07-21 09:00:00-04:00,1.163995,1.16523,1.163575,1.164665,-1.0,-1.0,-1
2017-07-21 10:00:00-04:00,1.164665,1.166695,1.16451,1.165475,-1.0,-1.0,-1
2017-07-21 11:00:00-04:00,1.165475,1.165795,1.164845,1.165485,-1.0,-1.0,-1
2017-07-21 12:00:00-04:00,1.165485,1.167035,1.165365,1.166605,-1.0,-1.0,-1
2017-07-21 13:00:00-04:00,1.166605,1.16829,1.166565,1.167605,-1.0,-1.0,-1
2017-07-21 14:00:00-04:00,1.167605,1.168095,1.16726,1.167835,-1.0,-1.0,-1
2017-07-21 15:00:00-04:00,1.167835,1.16791,1.16647,1.166885,-1.0,-1.0,-1
2017-07-21 16:00:00-04:00,1.166885,1.16707,1.166145,1.16632,-1.0,-1.0,-1
2017-07-23 17:15:00-04:00,1.16665,1.16708,1.16626,1.16679,-1.0,-1.0,-1
2017-07-23 18:00:00-04:00,1.16679,1.167445,1.1666,1.167275,-1.0,-1.0,-1
2017-07-23 19:00:00-04:00,1.167275,1.16819,1.16715,1.16814,-1.0,-1.0,-1
2017-07-23 20:00:00-04:00,1.16814,1.168445,1.166755,1.167095,-1.0,-1.0,-1
2017-07-23 21:00:00-04:00,1.167095,1.16713,1.166315,1.166905,-1.0,-1.0,-1
2017-07-23 22:00:00-04:00,1.166905,1.167035,1.166765,1.166805,-1.0,-1.0,-1
2017-07-23 23:00:00-04:00,1.166805,1.167545,1.1668,1.167175,-1.0,-1.0,-1
2017-07-24 00:00:00-04:00,1.167175,1.167425,1.166965,1.16709,-1.0,-1.0,-1
2017-07-24 01:00:00-04:00,1.16709,1.16753,1.166825,1.16701,-1.0,-1.0,-1
2017-07-24 02:00:00-04:00,1.16701,1.16721,1.164225,1.164605,-1.0,-1.0,-1
2017-07-24 03:00:00-04:00,1.164605,1.166145,1.163035,1.163965,-1.0,-1.0,-1
2017-07-24 04:00:00-04:00,1.163965,1.16543,1.16391,1.16529,-1.0,-1.0,-1
2017-07-24 05:00:00-04:00,1.16529,1.165745,1.164865,1.165705,-1.0,-1.0,-1
2017-07-24 06:00:00-04:00,1.165705,1.165985,1.16458,1.16489,-1.0,-1.0,-1
2017-07-24 07:00:00-04:00,1.16489,1.165245,1.16423,1.164485,-1.0,-1.0,-1
2017-07-24 08:00:00-04:00,1.164485,1.16577,1.16433,1.16558,-1.0,-1.0,-1
2017-07-24 09:00:00-04:00,1.16558,1.165615,1.163345,1.163835,-1.0,-1.0,-1
2017-07-24 10:00:00-04:00,1.163835,1.165035,1.16344,1.164355,-1.0,-1.0,-1
2017-07-24 11:00:00-04:00,1.164355,1.164795,1.163715,1.164245,-1.0,-1.0,-1
2017-07-24 12:00:00-04:00,1.164245,1.164405,1.162565,1.16381,-1.0,-1.0,-1
2017-07-24 13:00:00-04:00,1.16381,1.164085,1.163015,1.164045,-1.0,-1.0,-1
2017-07-24 14:00:00-04:00,1.164045,1.164355,1.163705,1.16433,-1.0,-1.0,-1
2017-07-24 15:00:00-04:00,1.16433,1.16475,1.164265,1.164365,-1.0,-1.0,-1
2017-07-24 16:00:00-04:00,1.164365,1.16439,1.164005,1.164345,-1.0,-1.0,-1
2017-07-24 17:15:00-04:00,1.164325,1.164465,1.16336,1.1637,-1.0,-1.0,-1
2017-07-24 18:00:00-04:00,1.1637,1.16395,1.16355,1.16376,-1.0,-1.0,-1
2017-07-24 19:00:00-04:00,1.16376,1.16405,1.163605,1.16386,-1.0,-1.0,-1
2017-07-24 20:00:00-04:00,1.16386,1.164035,1.16309,1.16379,-1.0,-1.0,-1
2017-07-24 21:00:00-04:00,1.16379,1.16427,1.1635,1.1641,-1.0,-1.0,-1
2017-07-24 22:00:00-04:00,1.1641,1.165715,1.163895,1.165335,-1.0,-1.0,-1
2017-07-24 23:00:00-04:00,1.165335,1.165655,1.165185,1.16565,-1.0,-1.0,-1
2017-07-25 00:00:00-04:00,1.16565,1.166365,1.16562,1.16619,-1.0,-1.0,-1
2017-07-25 01:00:00-04:00,1.16619,1.166365,1.165235,1.16632,-1.0,-1.0,-1
2017-07-25 02:00:00-04:00,1.16632,1.16691,1.165775,1.16615,-1.0,-1.0,-1
2017-07-25 03:00:00-04:00,1.16615,1.16621,1.164315,1.16513,-1.0,-1.0,-1
2017-07-25 04:00:00-04:00,1.16513,1.166795,1.16492,1.165385,-1.0,-1.0,-1
2017-07-25 05:00:00-04:00,1.165385,1.165845,1.16489,1.165475,-1.0,-1.0,-1
2017-07-25 06:00:00-04:00,1.165475,1.16564,1.16472,1.165115,-1.0,-1.0,-1
2017-07-25 07:00:00-04:00,1.165115,1.166695,1.164985,1.166685,-1.0,-1.0,-1
2017-07-25 08:00:00-04:00,1.166685,1.16992,1.166675,1.168875,-1.0,-1.0,-1
2017-07-25 09:00:00-04:00,1.168875,1.17122,1.168055,1.169615,-1.0,-1.0,-1
2017-07-25 10:00:00-04:00,1.169615,1.1697,1.165715,1.166115,-1.0,-1.0,-1
2017-07-25 11:00:00-04:00,1.166115,1.167095,1.164575,1.165475,-1.0,-1.0,-1
2017-07-25 12:00:00-04:00,1.165475,1.16586,1.164955,1.165355,-1.0,-1.0,-1
2017-07-25 13:00:00-04:00,1.165355,1.166135,1.165215,1.165795,-1.0,-1.0,-1
2017-07-25 14:00:00-04:00,1.165795,1.165905,1.164505,1.165035,-1.0,-1.0,-1
2017-07-25 15:00:00-04:00,1.165035,1.16534,1.16442,1.164745,-1.0,-1.0,-1
2017-07-25 16:00:00-04:00,1.164745,1.16493,1.16424,1.164685,-1.0,-1.0,-1
2017-07-25 17:15:00-04:00,1.164725,1.16489,1.164595,1.164775,-1.0,-1.0,-1
2017-07-25 18:00:00-04:00,1.164775,1.16486,1.164605,1.16464,-1.0,-1.0,-1
2017-07-25 19:00:00-04:00,1.16464,1.164735,1.16434,1.16445,-1.0,-1.0,-1
2017-07-25 20:00:00-04:00,1.16445,1.16453,1.1638,1.16415,-1.0,-1.0,-1
2017-07-25 21:00:00-04:00,1.16415,1.164755,1.163885,1.164615,-1.0,-1.0,-1
2017-07-25 22:00:00-04:00,1.164615,1.165435,1.1645,1.165245,-1.0,-1.0,-1
2017-07-25 23:00:00-04:00,1.165245,1.165365,1.16419,1.164385,-1.0,-1.0,-1
2017-07-26 00:00:00-04:00,1.164385,1.164925,1.163795,1.16384,-1.0,-1.0,-1
2017-07-26 01:00:00-04:00,1.16384,1.16415,1.163355,1.16391,-1.0,-1.0,-1
2017-07-26 02:00:00-04:00,1.16391,1.16437,1.162085,1.163765,-1.0,-1.0,-1
2017-07-26 03:00:00-04:00,1.163765,1.16457,1.16255,1.162985,-1.0,-1.0,-1
2017-07-26 04:00:00-04:00,1.162985,1.163375,1.161255,1.162325,-1.0,-1.0,-1
2017-07-26 05:00:00-04:00,1.162325,1.163295,1.161895,1.163245,-1.0,-1.0,-1
2017-07-26 06:00:00-04:00,1.163245,1.165155,1.163085,1.16423,-1.0,-1.0,-1
2017-07-26 07:00:00-04:00,1.16423,1.165005,1.163785,1.16429,-1.0,-1.0,-1
2017-07-26 08:00:00-04:00,1.16429,1.16484,1.16384,1.164105,-1.0,-1.0,-1
2017-07-26 09:00:00-04:00,1.164105,1.16558,1.163175,1.163345,-1.0,-1.0,-1
2017-07-26 10:00:00-04:00,1.163345,1.163935,1.162205,1.163015,-1.0,-1.0,-1
2017-07-26 11:00:00-04:00,1.163015,1.163975,1.162635,1.163225,-1.0,-1.0,-1
2017-07-26 12:00:00-04:00,1.163225,1.16376,1.162555,1.162665,-1.0,-1.0,-1
2017-07-26 13:00:00-04:00,1.162665,1.165345,1.16266,1.1648,-1.0,-1.0,-1
2017-07-26 14:00:00-04:00,1.1648,1.170775,1.16285,1.17043,-1.0,-1.0,-1
2017-07-26 15:00:00-04:00,1.17043,1.174025,1.17043,1.172185,-1.0,-1.0,-1
2017-07-26 16:00:00-04:00,1.172185,1.174025,1.172045,1.173425,-1.0,-1.0,-1
2017-07-26 17:15:00-04:00,1.173325,1.17481,1.173315,1.17468,-1.0,-1.0,-1
2017-07-26 18:00:00-04:00,1.17468,1.174795,1.17328,1.173465,-1.0,-1.0,-1
2017-07-26 19:00:00-04:00,1.173465,1.173475,1.172685,1.173155,-1.0,-1.0,-1
2017-07-26 20:00:00-04:00,1.173155,1.17394,1.172525,1.172965,-1.0,-1.0,-1
2017-07-26 21:00:00-04:00,1.172965,1.174255,1.172135,1.174015,-1.0,-1.0,-1
2017-07-26 22:00:00-04:00,1.174015,1.17464,1.17372,1.174615,-1.0,-1.0,-1
2017-07-26 23:00:00-04:00,1.174615,1.177685,1.174225,1.17563,-1.0,-1.0,-1
2017-07-27 00:00:00-04:00,1.17563,1.176225,1.174575,1.17491,-1.0,-1.0,-1
2017-07-27 01:00:00-04:00,1.17491,1.17516,1.1735,1.17394,-1.0,-1.0,-1
2017-07-27 02:00:00-04:00,1.17394,1.174775,1.17272,1.17294,-1.0,-1.0,-1
2017-07-27 03:00:00-04:00,1.17294,1.173385,1.171475,1.17238,-1.0,-1.0,-1
2017-07-27 04:00:00-04:00,1.17238,1.17309,1.171215,1.172835,-1.0,-1.0,-1
2017-07-27 05:00:00-04:00,1.172835,1.17336,1.171765,1.17201,-1.0,-1.0,-1
2017-07-27 06:00:00-04:00,1.17201,1.172145,1.17031,1.170485,-1.0,-1.0,-1
2017-07-27 07:00:00-04:00,1.170485,1.17131,1.168715,1.16933,-1.0,-1.0,-1
2017-07-27 08:00:00-04:00,1.16933,1.17055,1.168965,1.169675,-1.0,-1.0,-1
2017-07-27 09:00:00-04:00,1.169675,1.17051,1.16903,1.17049,-1.0,-1.0,-1
2017-07-27 10:00:00-04:00,1.17049,1.170635,1.166275,1.16656,-1.0,-1.0,-1
2017-07-27 11:00:00-04:00,1.16656,1.16786,1.165425,1.16551,-1.0,-1.0,-1
2017-07-27 12:00:00-04:00,1.16551,1.16689,1.16501,1.16645,-1.0,-1.0,-1
2017-07-27 13:00:00-04:00,1.16645,1.167965,1.165955,1.167485,-1.0,-1.0,-1
2017-07-27 14:00:00-04:00,1.167485,1.168885,1.166565,1.168315,-1.0,-1.0,-1
2017-07-27 15:00:00-04:00,1.168315,1.168405,1.167205,1.16762,-1.0,-1.0,-1
2017-07-27 16:00:00-04:00,1.16762,1.167925,1.1671,1.167655,-1.0,-1.0,-1
2017-07-27 17:15:00-04:00,1.16775,1.1679,1.167315,1.167525,-1.0,-1.0,-1
2017-07-27 18:00:00-04:00,1.167525,1.168865,1.16752,1.168415,-1.0,-1.0,-1
2017-07-27 19:00:00-04:00,1.168415,1.169155,1.16813,1.169,-1.0,-1.0,-1
2017-07-27 20:00:00-04:00,1.169,1.169245,1.167125,1.16761,-1.0,-1.0,-1
2017-07-27 21:00:00-04:00,1.16761,1.168455,1.16711,1.168455,-1.0,-1.0,-1
2017-07-27 22:00:00-04:00,1.168455,1.16929,1.168055,1.16929,-1.0,-1.0,-1
2017-07-27 23:00:00-04:00,1.16929,1.169395,1.168325,1.168345,-1.0,-1.0,-1
2017-07-28 00:00:00-04:00,1.168345,1.16884,1.168165,1.16853,-1.0,-1.0,-1
2017-07-28 01:00:00-04:00,1.16853,1.169615,1.168525,1.1694,-1.0,-1.0,-1
2017-07-28 02:00:00-04:00,1.1694,1.17013,1.168745,1.16971,-1.0,-1.0,-1
2017-07-28 03:00:00-04:00,1.16971,1.171545,1.169145,1.16966,-1.0,-1.0,-1
2017-07-28 04:00:00-04:00,1.16966,1.170765,1.169655,1.17061,-1.0,-1.0,-1
2017-07-28 05:00:00-04:00,1.17061,1.171805,1.17054,1.171605,-1.0,-1.0,-1
2017-07-28 06:00:00-04:00,1.171605,1.172185,1.170445,1.17069,-1.0,-1.0,-1
2017-07-28 07:00:00-04:00,1.17069,1.172375,1.170445,1.171885,-1.0,-1.0,-1
2017-07-28 08:00:00-04:00,1.171885,1.17531,1.171485,1.171625,-1.0,-1.0,-1
2017-07-28 09:00:00-04:00,1.171625,1.173285,1.17151,1.172795,-1.0,-1.0,-1
2017-07-28 10:00:00-04:00,1.172795,1.175405,1.172705,1.17473,-1.0,-1.0,-1
2017-07-28 11:00:00-04:00,1.17473,1.176415,1.17414,1.175515,-1.0,-1.0,-1
2017-07-28 12:00:00-04:00,1.175515,1.175625,1.173815,1.17406,-1.0,-1.0,-1
2017-07-28 13:00:00-04:00,1.17406,1.175035,1.17406,1.174695,-1.0,-1.0,-1
2017-07-28 14:00:00-04:00,1.174695,1.176245,1.17433,1.17615,-1.0,-1.0,-1
2017-07-28 15:00:00-04:00,1.17615,1.176245,1.17529,1.17587,-1.0,-1.0,-1
2017-07-28 16:00:00-04:00,1.17587,1.175955,1.174705,1.17541,-1.0,-1.0,-1
2017-07-30 17:15:00-04:00,1.17555,1.176925,1.174975,1.17548,-1.0,-1.0,-1
2017-07-30 18:00:00-04:00,1.17548,1.176205,1.174965,1.17599,-1.0,-1.0,-1
2017-07-30 19:00:00-04:00,1.17599,1.17601,1.174555,1.174695,-1.0,-1.0,-1
2017-07-30 20:00:00-04:00,1.174695,1.17535,1.173455,1.17428,-1.0,-1.0,-1
2017-07-30 21:00:00-04:00,1.17428,1.17461,1.17377,1.17396,-1.0,-1.0,-1
2017-07-30 22:00:00-04:00,1.17396,1.174375,1.173515,1.173545,-1.0,-1.0,-1
2017-07-30 23:00:00-04:00,1.173545,1.17376,1.17315,1.17324,-1.0,-1.0,-1
2017-07-31 00:00:00-04:00,1.17324,1.173695,1.173135,1.173645,-1.0,-1.0,-1
2017-07-31 01:00:00-04:00,1.173645,1.174765,1.173145,1.174575,-1.0,-1.0,-1
2017-07-31 02:00:00-04:00,1.174575,1.17471,1.172455,1.17376,-1.0,-1.0,-1
2017-07-31 03:00:00-04:00,1.17376,1.173845,1.172325,1.172485,-1.0,-1.0,-1
2017-07-31 04:00:00-04:00,1.172485,1.173425,1.172355,1.17325,-1.0,-1.0,-1
2017-07-31 05:00:00-04:00,1.17325,1.174455,1.172775,1.17341,-1.0,-1.0,-1
2017-07-31 06:00:00-04:00,1.17341,1.173765,1.17299,1.173155,-1.0,-1.0,-1
2017-07-31 07:00:00-04:00,1.173155,1.173495,1.172555,1.17279,-1.0,-1.0,-1
2017-07-31 08:00:00-04:00,1.17279,1.17353,1.17233,1.173375,-1.0,-1.0,-1
2017-07-31 09:00:00-04:00,1.173375,1.175165,1.17315,1.17489,-1.0,-1.0,-1
2017-07-31 10:00:00-04:00,1.17489,1.17907,1.17461,1.178925,-1.0,-1.0,-1
2017-07-31 11:00:00-04:00,1.178925,1.18304,1.178365,1.18257,-1.0,-1.0,-1
2017-07-31 12:00:00-04:00,1.18257,1.183235,1.180555,1.181075,-1.0,-1.0,-1
2017-07-31 13:00:00-04:00,1.181075,1.18274,1.180815,1.181415,-1.0,-1.0,-1
2017-07-31 14:00:00-04:00,1.181415,1.183545,1.18132,1.18306,-1.0,-1.0,-1
2017-07-31 15:00:00-04:00,1.18306,1.184505,1.18289,1.183655,-1.0,-1.0,-1
2017-07-31 16:00:00-04:00,1.183655,1.184575,1.183095,1.18416,-1.0,-1.0,-1
2017-07-31 17:15:00-04:00,1.184395,1.184455,1.183575,1.18358,-1.0,-1.0,-1
2017-07-31 18:00:00-04:00,1.18358,1.183675,1.18292,1.183115,-1.0,-1.0,-1
2017-07-31 19:00:00-04:00,1.183115,1.18324,1.18205,1.182095,-1.0,-1.0,-1
2017-07-31 20:00:00-04:00,1.182095,1.183005,1.181985,1.18272,-1.0,-1.0,-1
2017-07-31 21:00:00-04:00,1.18272,1.183095,1.181975,1.18298,-1.0,-1.0,-1
2017-07-31 22:00:00-04:00,1.18298,1.183405,1.182635,1.182785,-1.0,-1.0,-1
2017-07-31 23:00:00-04:00,1.182785,1.182785,1.182285,1.18263,-1.0,-1.0,-1
2017-08-01 00:00:00-04:00,1.18263,1.183395,1.182445,1.18309,-1.0,-1.0,-1
2017-08-01 01:00:00-04:00,1.18309,1.183345,1.181965,1.18204,-1.0,-1.0,-1
2017-08-01 02:00:00-04:00,1.18204,1.18307,1.181155,1.1821,-1.0,-1.0,-1
2017-08-01 03:00:00-04:00,1.1821,1.18228,1.18113,1.18193,-1.0,-1.0,-1
2017-08-01 04:00:00-04:00,1.18193,1.18334,1.181515,1.182165,-1.0,-1.0,-1
2017-08-01 05:00:00-04:00,1.182165,1.182395,1.180725,1.181455,-1.0,-1.0,-1
2017-08-01 06:00:00-04:00,1.181455,1.181775,1.180475,1.181195,-1.0,-1.0,-1
2017-08-01 07:00:00-04:00,1.181195,1.18228,1.180925,1.18104,-1.0,-1.0,-1
2017-08-01 08:00:00-04:00,1.18104,1.181955,1.180635,1.18175,-1.0,-1.0,-1
2017-08-01 09:00:00-04:00,1.18175,1.18289,1.180705,1.18252,-1.0,-1.0,-1
2017-08-01 10:00:00-04:00,1.18252,1.183905,1.178505,1.180985,-1.0,-1.0,-1
2017-08-01 11:00:00-04:00,1.180985,1.181425,1.179155,1.179855,-1.0,-1.0,-1
2017-08-01 12:00:00-04:00,1.179855,1.180585,1.179655,1.180475,-1.0,-1.0,-1
2017-08-01 13:00:00-04:00,1.180475,1.183745,1.180425,1.18172,-1.0,-1.0,-1
2017-08-01 14:00:00-04:00,1.18172,1.182005,1.179865,1.180345,-1.0,-1.0,-1
2017-08-01 15:00:00-04:00,1.180345,1.180515,1.1799,1.18003,-1.0,-1.0,-1
2017-08-01 16:00:00-04:00,1.18003,1.180335,1.179915,1.18017,-1.0,-1.0,-1
2017-08-01 17:15:00-04:00,1.1804,1.180885,1.179955,1.180585,-1.0,-1.0,-1
2017-08-01 18:00:00-04:00,1.180585,1.181325,1.180445,1.180545,-1.0,-1.0,-1
2017-08-01 19:00:00-04:00,1.180545,1.181295,1.180265,1.181135,-1.0,-1.0,-1
2017-08-01 20:00:00-04:00,1.181135,1.181785,1.180665,1.181325,-1.0,-1.0,-1
2017-08-01 21:00:00-04:00,1.181325,1.18142,1.17938,1.18002,-1.0,-1.0,-1
2017-08-01 22:00:00-04:00,1.18002,1.180895,1.17975,1.180815,-1.0,-1.0,-1
2017-08-01 23:00:00-04:00,1.180815,1.18172,1.18035,1.181115,-1.0,-1.0,-1
2017-08-02 00:00:00-04:00,1.181115,1.182885,1.181045,1.1825,-1.0,-1.0,-1
2017-08-02 01:00:00-04:00,1.1825,1.183025,1.18211,1.18236,-1.0,-1.0,-1
2017-08-02 02:00:00-04:00,1.18236,1.184385,1.18173,1.18397,-1.0,-1.0,-1
2017-08-02 03:00:00-04:00,1.18397,1.18409,1.182485,1.183355,-1.0,-1.0,-1
2017-08-02 04:00:00-04:00,1.183355,1.186845,1.18304,1.185465,-1.0,-1.0,-1
2017-08-02 05:00:00-04:00,1.185465,1.185925,1.18377,1.183785,-1.0,-1.0,-1
2017-08-02 06:00:00-04:00,1.183785,1.18385,1.183015,1.18327,-1.0,-1.0,-1
2017-08-02 07:00:00-04:00,1.18327,1.183765,1.18219,1.18272,-1.0,-1.0,-1
2017-08-02 08:00:00-04:00,1.18272,1.183875,1.181835,1.18247,-1.0,-1.0,-1
2017-08-02 09:00:00-04:00,1.18247,1.183415,1.182305,1.18331,-1.0,-1.0,-1
2017-08-02 10:00:00-04:00,1.18331,1.185825,1.182555,1.185665,-1.0,-1.0,-1
2017-08-02 11:00:00-04:00,1.185665,1.187165,1.185505,1.186065,-1.0,-1.0,-1
2017-08-02 12:00:00-04:00,1.186065,1.187125,1.186015,1.1868,-1.0,-1.0,-1
2017-08-02 13:00:00-04:00,1.1868,1.191055,1.186765,1.188335,-1.0,-1.0,-1
2017-08-02 14:00:00-04:00,1.188335,1.18834,1.185665,1.18596,-1.0,-1.0,-1
2017-08-02 15:00:00-04:00,1.18596,1.186115,1.185,1.185395,-1.0,-1.0,-1
2017-08-02 16:00:00-04:00,1.185395,1.185755,1.1853,1.1856,-1.0,-1.0,-1
2017-08-02 17:15:00-04:00,1.185675,1.186005,1.185395,1.18551,-1.0,-1.0,-1
2017-08-02 18:00:00-04:00,1.18551,1.18581,1.18502,1.18517,-1.0,-1.0,-1
2017-08-02 19:00:00-04:00,1.18517,1.18534,1.184605,1.185165,-1.0,-1.0,-1
2017-08-02 20:00:00-04:00,1.185165,1.18523,1.18359,1.183595,-1.0,-1.0,-1
2017-08-02 21:00:00-04:00,1.183595,1.184735,1.183585,1.18368,-1.0,-1.0,-1
2017-08-02 22:00:00-04:00,1.18368,1.184395,1.183415,1.184355,-1.0,-1.0,-1
2017-08-02 23:00:00-04:00,1.184355,1.18489,1.184145,1.18415,-1.0,-1.0,-1
2017-08-03 00:00:00-04:00,1.18415,1.184795,1.18415,1.18464,-1.0,-1.0,-1
2017-08-03 01:00:00-04:00,1.18464,1.185705,1.184405,1.184435,-1.0,-1.0,-1
2017-08-03 02:00:00-04:00,1.184435,1.18535,1.183765,1.185135,-1.0,-1.0,-1
2017-08-03 03:00:00-04:00,1.185135,1.185695,1.18371,1.184145,-1.0,-1.0,-1
2017-08-03 04:00:00-04:00,1.184145,1.184345,1.183065,1.184335,-1.0,-1.0,-1
2017-08-03 05:00:00-04:00,1.184335,1.185055,1.184145,1.184525,-1.0,-1.0,-1
2017-08-03 06:00:00-04:00,1.184525,1.184755,1.183365,1.18379,-1.0,-1.0,-1
2017-08-03 07:00:00-04:00,1.18379,1.18585,1.183395,1.18534,-1.0,-1.0,-1
2017-08-03 08:00:00-04:00,1.18534,1.187425,1.18479,1.185945,-1.0,-1.0,-1
2017-08-03 09:00:00-04:00,1.185945,1.185945,1.184295,1.185015,-1.0,-1.0,-1
2017-08-03 10:00:00-04:00,1.185015,1.189305,1.184555,1.18787,-1.0,-1.0,-1
2017-08-03 11:00:00-04:00,1.18787,1.188905,1.187345,1.187925,-1.0,-1.0,-1
2017-08-03 12:00:00-04:00,1.187925,1.188445,1.186755,1.186925,-1.0,-1.0,-1
2017-08-03 13:00:00-04:00,1.186925,1.187225,1.186055,1.18719,-1.0,-1.0,-1
2017-08-03 14:00:00-04:00,1.18719,1.187775,1.186415,1.18673,-1.0,-1.0,-1
2017-08-03 15:00:00-04:00,1.18673,1.188885,1.186235,1.18754,-1.0,-1.0,-1
2017-08-03 16:00:00-04:00,1.18754,1.18813,1.186715,1.186955,-1.0,-1.0,-1
2017-08-03 17:15:00-04:00,1.18695,1.187455,1.186935,1.187065,-1.0,-1.0,-1
2017-08-03 18:00:00-04:00,1.187065,1.188055,1.18706,1.18774,-1.0,-1.0,-1
2017-08-03 19:00:00-04:00,1.18774,1.188555,1.187455,1.18824,-1.0,-1.0,-1
2017-08-03 20:00:00-04:00,1.18824,1.188555,1.18761,1.187685,-1.0,-1.0,-1
2017-08-03 21:00:00-04:00,1.187685,1.187955,1.18711,1.187715,-1.0,-1.0,-1
2017-08-03 22:00:00-04:00,1.187715,1.188005,1.1872,1.187485,-1.0,-1.0,-1
2017-08-03 23:00:00-04:00,1.187485,1.18794,1.187435,1.187935,-1.0,-1.0,-1
2017-08-04 00:00:00-04:00,1.187935,1.188865,1.18774,1.187995,-1.0,-1.0,-1
2017-08-04 01:00:00-04:00,1.187995,1.188715,1.187765,1.18844,-1.0,-1.0,-1
2017-08-04 02:00:00-04:00,1.18844,1.188545,1.187365,1.188515,-1.0,-1.0,-1
2017-08-04 03:00:00-04:00,1.188515,1.188945,1.187615,1.188235,-1.0,-1.0,-1
2017-08-04 04:00:00-04:00,1.188235,1.188795,1.188055,1.18823,-1.0,-1.0,-1
2017-08-04 05:00:00-04:00,1.18823,1.18851,1.187745,1.18824,-1.0,-1.0,-1
2017-08-04 06:00:00-04:00,1.18824,1.188295,1.186995,1.187045,-1.0,-1.0,-1
2017-08-04 07:00:00-04:00,1.187045,1.1877,1.18631,1.187695,-1.0,-1.0,-1
2017-08-04 08:00:00-04:00,1.187695,1.187715,1.18254,1.182995,-1.0,-1.0,-1
2017-08-04 09:00:00-04:00,1.182995,1.184595,1.17915,1.179335,-1.0,-1.0,-1
2017-08-04 10:00:00-04:00,1.179335,1.179345,1.172825,1.175005,-1.0,-1.0,-1
2017-08-04 11:00:00-04:00,1.175005,1.176485,1.174515,1.17536,-1.0,-1.0,-1
2017-08-04 12:00:00-04:00,1.17536,1.17587,1.173635,1.175415,-1.0,-1.0,-1
2017-08-04 13:00:00-04:00,1.175415,1.176405,1.174995,1.175455,-1.0,-1.0,-1
2017-08-04 14:00:00-04:00,1.175455,1.17674,1.175165,1.17643,-1.0,-1.0,-1
2017-08-04 15:00:00-04:00,1.17643,1.178165,1.17643,1.17806,-1.0,-1.0,-1
2017-08-04 16:00:00-04:00,1.17806,1.178325,1.17694,1.177275,-1.0,-1.0,-1
2017-08-06 17:15:00-04:00,1.177375,1.17767,1.177115,1.177635,-1.0,-1.0,-1
2017-08-06 18:00:00-04:00,1.177635,1.179295,1.177225,1.178625,-1.0,-1.0,-1
2017-08-06 19:00:00-04:00,1.178625,1.17921,1.177685,1.177715,-1.0,-1.0,-1
2017-08-06 20:00:00-04:00,1.177715,1.17925,1.177675,1.178605,-1.0,-1.0,-1
2017-08-06 21:00:00-04:00,1.178605,1.179325,1.178435,1.179285,-1.0,-1.0,-1
2017-08-06 22:00:00-04:00,1.179285,1.18005,1.17917,1.179355,-1.0,-1.0,-1
2017-08-06 23:00:00-04:00,1.179355,1.180195,1.17931,1.179855,-1.0,-1.0,-1
2017-08-07 00:00:00-04:00,1.179855,1.180055,1.179505,1.17951,-1.0,-1.0,-1
2017-08-07 01:00:00-04:00,1.17951,1.179655,1.17837,1.178475,-1.0,-1.0,-1
2017-08-07 02:00:00-04:00,1.178475,1.179295,1.178115,1.178525,-1.0,-1.0,-1
2017-08-07 03:00:00-04:00,1.178525,1.1814,1.177815,1.180995,-1.0,-1.0,-1
2017-08-07 04:00:00-04:00,1.180995,1.181195,1.17961,1.179845,-1.0,-1.0,-1
2017-08-07 05:00:00-04:00,1.179845,1.180545,1.179005,1.180245,-1.0,-1.0,-1
2017-08-07 06:00:00-04:00,1.180245,1.180495,1.179505,1.17979,-1.0,-1.0,-1
2017-08-07 07:00:00-04:00,1.17979,1.18085,1.1794,1.180245,-1.0,-1.0,-1
2017-08-07 08:00:00-04:00,1.180245,1.18046,1.178625,1.178675,-1.0,-1.0,-1
2017-08-07 09:00:00-04:00,1.178675,1.179455,1.178295,1.179195,-1.0,-1.0,-1
2017-08-07 10:00:00-04:00,1.179195,1.179865,1.17832,1.17947,-1.0,-1.0,-1
2017-08-07 11:00:00-04:00,1.17947,1.179615,1.178575,1.178745,-1.0,-1.0,-1
2017-08-07 12:00:00-04:00,1.178745,1.179045,1.178135,1.178875,-1.0,-1.0,-1
2017-08-07 13:00:00-04:00,1.178875,1.17967,1.178875,1.179135,-1.0,-1.0,-1
2017-08-07 14:00:00-04:00,1.179135,1.179525,1.17876,1.179445,-1.0,-1.0,-1
2017-08-07 15:00:00-04:00,1.179445,1.179675,1.178905,1.17942,-1.0,-1.0,-1
2017-08-07 16:00:00-04:00,1.17942,1.179705,1.17922,1.17955,-1.0,-1.0,-1
2017-08-07 17:15:00-04:00,1.179575,1.17978,1.179345,1.179545,-1.0,-1.0,-1
2017-08-07 18:00:00-04:00,1.179545,1.18013,1.17914,1.179225,-1.0,-1.0,-1
2017-08-07 19:00:00-04:00,1.179225,1.180215,1.179225,1.179985,-1.0,-1.0,-1
2017-08-07 20:00:00-04:00,1.179985,1.18052,1.179815,1.180235,-1.0,-1.0,-1
2017-08-07 21:00:00-04:00,1.180235,1.182425,1.180225,1.181605,-1.0,-1.0,-1
2017-08-07 22:00:00-04:00,1.181605,1.181775,1.180675,1.181325,-1.0,-1.0,-1
2017-08-07 23:00:00-04:00,1.181325,1.181665,1.18067,1.180725,-1.0,-1.0,-1
2017-08-08 00:00:00-04:00,1.180725,1.18154,1.180705,1.181145,-1.0,-1.0,-1
2017-08-08 01:00:00-04:00,1.181145,1.181515,1.1805,1.180825,-1.0,-1.0,-1
2017-08-08 02:00:00-04:00,1.180825,1.181315,1.18018,1.18053,-1.0,-1.0,-1
2017-08-08 03:00:00-04:00,1.18053,1.181805,1.180275,1.180745,-1.0,-1.0,-1
2017-08-08 04:00:00-04:00,1.180745,1.181575,1.18055,1.180825,-1.0,-1.0,-1
2017-08-08 05:00:00-04:00,1.180825,1.181445,1.180665,1.181075,-1.0,-1.0,-1
2017-08-08 06:00:00-04:00,1.181075,1.18184,1.180765,1.181565,-1.0,-1.0,-1
2017-08-08 07:00:00-04:00,1.181565,1.181695,1.180565,1.180865,-1.0,-1.0,-1
2017-08-08 08:00:00-04:00,1.180865,1.18176,1.180695,1.181475,-1.0,-1.0,-1
2017-08-08 09:00:00-04:00,1.181475,1.1816,1.180675,1.181025,-1.0,-1.0,-1
2017-08-08 10:00:00-04:00,1.181025,1.181225,1.17324,1.173865,-1.0,-1.0,-1
2017-08-08 11:00:00-04:00,1.173865,1.17511,1.171535,1.172455,-1.0,-1.0,-1
2017-08-08 12:00:00-04:00,1.172455,1.17543,1.172145,1.17525,-1.0,-1.0,-1
2017-08-08 13:00:00-04:00,1.17525,1.176985,1.175035,1.176365,-1.0,-1.0,-1
2017-08-08 14:00:00-04:00,1.176365,1.176425,1.175075,1.17522,-1.0,-1.0,-1
2017-08-08 15:00:00-04:00,1.17522,1.17532,1.17403,1.174915,-1.0,-1.0,-1
2017-08-08 16:00:00-04:00,1.174915,1.175925,1.174705,1.17525,-1.0,-1.0,-1
2017-08-08 17:15:00-04:00,1.175125,1.17555,1.17466,1.17502,-1.0,-1.0,-1
2017-08-08 18:00:00-04:00,1.17502,1.176235,1.174385,1.17595,-1.0,-1.0,-1
2017-08-08 19:00:00-04:00,1.17595,1.17639,1.175215,1.17543,-1.0,-1.0,-1
2017-08-08 20:00:00-04:00,1.17543,1.175535,1.17336,1.174325,-1.0,-1.0,-1
2017-08-08 21:00:00-04:00,1.174325,1.174955,1.17291,1.173595,-1.0,-1.0,-1
2017-08-08 22:00:00-04:00,1.173595,1.174125,1.171915,1.17343,-1.0,-1.0,-1
2017-08-08 23:00:00-04:00,1.17343,1.17361,1.17281,1.17332,-1.0,-1.0,-1
2017-08-09 00:00:00-04:00,1.17332,1.173975,1.17324,1.173765,-1.0,-1.0,-1
2017-08-09 01:00:00-04:00,1.173765,1.174505,1.17358,1.17411,-1.0,-1.0,-1
2017-08-09 02:00:00-04:00,1.17411,1.175495,1.173505,1.174505,-1.0,-1.0,-1
2017-08-09 03:00:00-04:00,1.174505,1.176225,1.173605,1.17429,-1.0,-1.0,-1
2017-08-09 04:00:00-04:00,1.17429,1.17431,1.172215,1.173195,-1.0,-1.0,-1
2017-08-09 05:00:00-04:00,1.173195,1.175315,1.17299,1.17403,-1.0,-1.0,-1
2017-08-09 06:00:00-04:00,1.17403,1.175205,1.17327,1.173635,-1.0,-1.0,-1
2017-08-09 07:00:00-04:00,1.173635,1.1742,1.173195,1.173955,-1.0,-1.0,-1
2017-08-09 08:00:00-04:00,1.173955,1.17475,1.172575,1.17452,-1.0,-1.0,-1
2017-08-09 09:00:00-04:00,1.17452,1.1746,1.1689,1.17115,-1.0,-1.0,-1
2017-08-09 10:00:00-04:00,1.17115,1.174965,1.17086,1.174335,-1.0,-1.0,-1
2017-08-09 11:00:00-04:00,1.174335,1.174865,1.173025,1.174815,-1.0,-1.0,-1
2017-08-09 12:00:00-04:00,1.174815,1.17499,1.173585,1.174455,-1.0,-1.0,-1
2017-08-09 13:00:00-04:00,1.174455,1.17589,1.17397,1.17523,-1.0,-1.0,-1
2017-08-09 14:00:00-04:00,1.17523,1.17618,1.175045,1.175195,-1.0,-1.0,-1
2017-08-09 15:00:00-04:00,1.175195,1.17565,1.174975,1.175595,-1.0,-1.0,-1
2017-08-09 16:00:00-04:00,1.175595,1.176095,1.17534,1.1759,-1.0,-1.0,-1
2017-08-09 17:15:00-04:00,1.175855,1.17615,1.17585,1.176005,-1.0,-1.0,-1
2017-08-09 18:00:00-04:00,1.176005,1.177075,1.175695,1.176275,-1.0,-1.0,-1
2017-08-09 19:00:00-04:00,1.176275,1.176365,1.17579,1.176345,-1.0,-1.0,-1
2017-08-09 20:00:00-04:00,1.176345,1.176385,1.175165,1.175705,-1.0,-1.0,-1
2017-08-09 21:00:00-04:00,1.175705,1.176235,1.174765,1.175365,-1.0,-1.0,-1
2017-08-09 22:00:00-04:00,1.175365,1.17549,1.17415,1.174825,-1.0,-1.0,-1
2017-08-09 23:00:00-04:00,1.174825,1.174895,1.173305,1.173885,-1.0,-1.0,-1
2017-08-10 00:00:00-04:00,1.173885,1.173955,1.173235,1.173595,-1.0,-1.0,-1
2017-08-10 01:00:00-04:00,1.173595,1.173885,1.17267,1.173395,-1.0,-1.0,-1
2017-08-10 02:00:00-04:00,1.173395,1.174085,1.172995,1.17319,-1.0,-1.0,-1
2017-08-10 03:00:00-04:00,1.17319,1.17358,1.17155,1.17206,-1.0,-1.0,-1
2017-08-10 04:00:00-04:00,1.17206,1.173515,1.171965,1.172295,-1.0,-1.0,-1
2017-08-10 05:00:00-04:00,1.172295,1.172345,1.170815,1.17114,-1.0,-1.0,-1
2017-08-10 06:00:00-04:00,1.17114,1.17254,1.170425,1.172375,-1.0,-1.0,-1
2017-08-10 07:00:00-04:00,1.172375,1.172555,1.171335,1.172555,-1.0,-1.0,-1
2017-08-10 08:00:00-04:00,1.172555,1.17481,1.172455,1.174145,-1.0,-1.0,-1
2017-08-10 09:00:00-04:00,1.174145,1.17491,1.173055,1.173635,-1.0,-1.0,-1
2017-08-10 10:00:00-04:00,1.173635,1.175915,1.171785,1.174995,-1.0,-1.0,-1
2017-08-10 11:00:00-04:00,1.174995,1.175785,1.17411,1.175085,-1.0,-1.0,-1
2017-08-10 12:00:00-04:00,1.175085,1.176205,1.174855,1.17564,-1.0,-1.0,-1
2017-08-10 13:00:00-04:00,1.17564,1.176015,1.17517,1.17556,-1.0,-1.0,-1
2017-08-10 14:00:00-04:00,1.17556,1.17749,1.17526,1.177005,-1.0,-1.0,-1
2017-08-10 15:00:00-04:00,1.177005,1.178525,1.17695,1.177365,-1.0,-1.0,-1
2017-08-10 16:00:00-04:00,1.177365,1.177965,1.17716,1.177225,-1.0,-1.0,-1
2017-08-10 17:15:00-04:00,1.176925,1.17741,1.17674,1.1772,-1.0,-1.0,-1
2017-08-10 18:00:00-04:00,1.1772,1.177215,1.17652,1.17657,-1.0,-1.0,-1
2017-08-10 19:00:00-04:00,1.17657,1.177075,1.17637,1.177025,-1.0,-1.0,-1
2017-08-10 20:00:00-04:00,1.177025,1.17769,1.17679,1.177225,-1.0,-1.0,-1
2017-08-10 21:00:00-04:00,1.177225,1.177585,1.17652,1.17702,-1.0,-1.0,-1
2017-08-10 22:00:00-04:00,1.17702,1.177025,1.17616,1.17688,-1.0,-1.0,-1
2017-08-10 23:00:00-04:00,1.17688,1.177595,1.17669,1.177535,-1.0,-1.0,-1
2017-08-11 00:00:00-04:00,1.177535,1.177645,1.17719,1.177455,-1.0,-1.0,-1
2017-08-11 01:00:00-04:00,1.177455,1.17794,1.176405,1.176435,-1.0,-1.0,-1
2017-08-11 02:00:00-04:00,1.176435,1.17696,1.175535,1.175965,-1.0,-1.0,-1
2017-08-11 03:00:00-04:00,1.175965,1.176145,1.174975,1.175345,-1.0,-1.0,-1
2017-08-11 04:00:00-04:00,1.175345,1.17649,1.175095,1.175545,-1.0,-1.0,-1
2017-08-11 05:00:00-04:00,1.175545,1.17583,1.174865,1.175825,-1.0,-1.0,-1
2017-08-11 06:00:00-04:00,1.175825,1.177405,1.17555,1.17599,-1.0,-1.0,-1
2017-08-11 07:00:00-04:00,1.17599,1.177245,1.17578,1.175865,-1.0,-1.0,-1
2017-08-11 08:00:00-04:00,1.175865,1.18355,1.175395,1.181625,-1.0,-1.0,-1
2017-08-11 09:00:00-04:00,1.181625,1.183,1.17772,1.179845,-1.0,-1.0,-1
2017-08-11 10:00:00-04:00,1.179845,1.180985,1.17866,1.17926,-1.0,-1.0,-1
2017-08-11 11:00:00-04:00,1.17926,1.18108,1.178625,1.18105,-1.0,-1.0,-1
2017-08-11 12:00:00-04:00,1.18105,1.182215,1.180545,1.18206,-1.0,-1.0,-1
2017-08-11 13:00:00-04:00,1.18206,1.184735,1.18206,1.18373,-1.0,-1.0,-1
2017-08-11 14:00:00-04:00,1.18373,1.18394,1.182065,1.182335,-1.0,-1.0,-1
2017-08-11 15:00:00-04:00,1.182335,1.18293,1.182025,1.182485,-1.0,-1.0,-1
2017-08-11 16:00:00-04:00,1.182485,1.18253,1.182025,1.182025,-1.0,-1.0,-1
2017-08-13 17:15:00-04:00,1.18285,1.183095,1.18208,1.182405,-1.0,-1.0,-1
2017-08-13 18:00:00-04:00,1.182405,1.182455,1.18189,1.182175,-1.0,-1.0,-1
2017-08-13 19:00:00-04:00,1.182175,1.182665,1.1819,1.182535,-1.0,-1.0,-1
2017-08-13 20:00:00-04:00,1.182535,1.182925,1.18186,1.181925,-1.0,-1.0,-1
2017-08-13 21:00:00-04:00,1.181925,1.183475,1.1817,1.183055,-1.0,-1.0,-1
2017-08-13 22:00:00-04:00,1.183055,1.18339,1.182715,1.18274,-1.0,-1.0,-1
2017-08-13 23:00:00-04:00,1.18274,1.18315,1.182485,1.182705,-1.0,-1.0,-1
2017-08-14 00:00:00-04:00,1.182705,1.182745,1.181775,1.181855,-1.0,-1.0,-1
2017-08-14 01:00:00-04:00,1.181855,1.18214,1.18097,1.18196,-1.0,-1.0,-1
2017-08-14 02:00:00-04:00,1.18196,1.18329,1.181015,1.183065,-1.0,-1.0,-1
2017-08-14 03:00:00-04:00,1.183065,1.18385,1.180055,1.180805,-1.0,-1.0,-1
2017-08-14 04:00:00-04:00,1.180805,1.180975,1.17921,1.180355,-1.0,-1.0,-1
2017-08-14 05:00:00-04:00,1.180355,1.180725,1.17969,1.179815,-1.0,-1.0,-1
2017-08-14 06:00:00-04:00,1.179815,1.180415,1.17914,1.179905,-1.0,-1.0,-1
2017-08-14 07:00:00-04:00,1.179905,1.179995,1.178715,1.17924,-1.0,-1.0,-1
2017-08-14 08:00:00-04:00,1.17924,1.18,1.17915,1.179555,-1.0,-1.0,-1
2017-08-14 09:00:00-04:00,1.179555,1.180205,1.17847,1.17911,-1.0,-1.0,-1
2017-08-14 10:00:00-04:00,1.17911,1.179115,1.17698,1.17823,-1.0,-1.0,-1
2017-08-14 11:00:00-04:00,1.17823,1.178825,1.177445,1.17859,-1.0,-1.0,-1
2017-08-14 12:00:00-04:00,1.17859,1.17961,1.177535,1.179315,-1.0,-1.0,-1
2017-08-14 13:00:00-04:00,1.179315,1.17951,1.17721,1.177345,-1.0,-1.0,-1
2017-08-14 14:00:00-04:00,1.177345,1.178615,1.17732,1.17832,-1.0,-1.0,-1
2017-08-14 15:00:00-04:00,1.17832,1.178895,1.178175,1.178495,-1.0,-1.0,-1
2017-08-14 16:00:00-04:00,1.178495,1.17884,1.177815,1.178075,-1.0,-1.0,-1
2017-08-14 17:15:00-04:00,1.177905,1.17802,1.17759,1.177635,-1.0,-1.0,-1
2017-08-14 18:00:00-04:00,1.177635,1.17806,1.177555,1.177855,-1.0,-1.0,-1
2017-08-14 19:00:00-04:00,1.177855,1.17805,1.176825,1.177575,-1.0,-1.0,-1
2017-08-14 20:00:00-04:00,1.177575,1.178985,1.177515,1.17813,-1.0,-1.0,-1
2017-08-14 21:00:00-04:00,1.17813,1.179285,1.178125,1.178555,-1.0,-1.0,-1
2017-08-14 22:00:00-04:00,1.178555,1.178605,1.178155,1.1783,-1.0,-1.0,-1
2017-08-14 23:00:00-04:00,1.1783,1.17844,1.178015,1.17822,-1.0,-1.0,-1
2017-08-15 00:00:00-04:00,1.17822,1.178625,1.17768,1.17775,-1.0,-1.0,-1
2017-08-15 01:00:00-04:00,1.17775,1.177965,1.176015,1.176065,-1.0,-1.0,-1
2017-08-15 02:00:00-04:00,1.176065,1.176405,1.17359,1.17432,-1.0,-1.0,-1
2017-08-15 03:00:00-04:00,1.17432,1.174735,1.172085,1.174645,-1.0,-1.0,-1
2017-08-15 04:00:00-04:00,1.174645,1.17694,1.174405,1.175655,-1.0,-1.0,-1
2017-08-15 05:00:00-04:00,1.175655,1.176345,1.174955,1.17499,-1.0,-1.0,-1
2017-08-15 06:00:00-04:00,1.17499,1.175255,1.17389,1.174995,-1.0,-1.0,-1
2017-08-15 07:00:00-04:00,1.174995,1.175775,1.173395,1.173975,-1.0,-1.0,-1
2017-08-15 08:00:00-04:00,1.173975,1.174505,1.168735,1.1692,-1.0,-1.0,-1
2017-08-15 09:00:00-04:00,1.1692,1.17244,1.16902,1.170725,-1.0,-1.0,-1
2017-08-15 10:00:00-04:00,1.170725,1.171955,1.170115,1.17189,-1.0,-1.0,-1
2017-08-15 11:00:00-04:00,1.17189,1.173895,1.171435,1.17361,-1.0,-1.0,-1
2017-08-15 12:00:00-04:00,1.17361,1.173825,1.172955,1.17373,-1.0,-1.0,-1
2017-08-15 13:00:00-04:00,1.17373,1.17433,1.17367,1.173855,-1.0,-1.0,-1
2017-08-15 14:00:00-04:00,1.173855,1.1739,1.17271,1.173385,-1.0,-1.0,-1
2017-08-15 15:00:00-04:00,1.173385,1.17405,1.173265,1.17394,-1.0,-1.0,-1
2017-08-15 16:00:00-04:00,1.17394,1.17401,1.17325,1.17353,-1.0,-1.0,-1
2017-08-15 17:15:00-04:00,1.173485,1.173765,1.1734,1.17354,-1.0,-1.0,-1
2017-08-15 18:00:00-04:00,1.17354,1.173905,1.17297,1.17376,-1.0,-1.0,-1
2017-08-15 19:00:00-04:00,1.17376,1.174345,1.17369,1.17404,-1.0,-1.0,-1
2017-08-15 20:00:00-04:00,1.17404,1.174565,1.173635,1.173795,-1.0,-1.0,-1
2017-08-15 21:00:00-04:00,1.173795,1.17421,1.17342,1.17388,-1.0,-1.0,-1
2017-08-15 22:00:00-04:00,1.17388,1.17417,1.173605,1.17364,-1.0,-1.0,-1
2017-08-15 23:00:00-04:00,1.17364,1.17402,1.173595,1.17395,-1.0,-1.0,-1
2017-08-16 00:00:00-04:00,1.17395,1.17437,1.17379,1.174255,-1.0,-1.0,-1
2017-08-16 01:00:00-04:00,1.174255,1.17475,1.173745,1.174125,-1.0,-1.0,-1
2017-08-16 02:00:00-04:00,1.174125,1.17418,1.17241,1.17307,-1.0,-1.0,-1
2017-08-16 03:00:00-04:00,1.17307,1.175815,1.171415,1.171565,-1.0,-1.0,-1
2017-08-16 04:00:00-04:00,1.171565,1.173915,1.16914,1.172605,-1.0,-1.0,-1
2017-08-16 05:00:00-04:00,1.172605,1.17398,1.17227,1.17236,-1.0,-1.0,-1
2017-08-16 06:00:00-04:00,1.17236,1.172415,1.169565,1.17017,-1.0,-1.0,-1
2017-08-16 07:00:00-04:00,1.17017,1.171525,1.169835,1.17116,-1.0,-1.0,-1
2017-08-16 08:00:00-04:00,1.17116,1.172085,1.17016,1.170325,-1.0,-1.0,-1
2017-08-16 09:00:00-04:00,1.170325,1.170675,1.16811,1.16949,-1.0,-1.0,-1
2017-08-16 10:00:00-04:00,1.16949,1.171645,1.16934,1.170285,-1.0,-1.0,-1
2017-08-16 11:00:00-04:00,1.170285,1.17095,1.169335,1.17017,-1.0,-1.0,-1
2017-08-16 12:00:00-04:00,1.17017,1.17045,1.16911,1.17017,-1.0,-1.0,-1
2017-08-16 13:00:00-04:00,1.17017,1.174285,1.170065,1.17337,-1.0,-1.0,-1
2017-08-16 14:00:00-04:00,1.17337,1.177885,1.173075,1.17684,-1.0,-1.0,-1
2017-08-16 15:00:00-04:00,1.17684,1.177345,1.176215,1.17694,-1.0,-1.0,-1
2017-08-16 16:00:00-04:00,1.17694,1.177175,1.17661,1.176725,-1.0,-1.0,-1
2017-08-16 17:15:00-04:00,1.176775,1.17724,1.17663,1.177145,-1.0,-1.0,-1
2017-08-16 18:00:00-04:00,1.177145,1.177955,1.177055,1.177755,-1.0,-1.0,-1
2017-08-16 19:00:00-04:00,1.177755,1.17794,1.177,1.17739,-1.0,-1.0,-1
2017-08-16 20:00:00-04:00,1.17739,1.17748,1.1765,1.176795,-1.0,-1.0,-1
2017-08-16 21:00:00-04:00,1.176795,1.178895,1.176705,1.17887,-1.0,-1.0,-1
2017-08-16 22:00:00-04:00,1.17887,1.178995,1.177765,1.17825,-1.0,-1.0,-1
2017-08-16 23:00:00-04:00,1.17825,1.178325,1.177455,1.17776,-1.0,-1.0,-1
2017-08-17 00:00:00-04:00,1.17776,1.17821,1.17775,1.17793,-1.0,-1.0,-1
2017-08-17 01:00:00-04:00,1.17793,1.17898,1.17758,1.1779,-1.0,-1.0,-1
2017-08-17 02:00:00-04:00,1.1779,1.178025,1.176305,1.176335,-1.0,-1.0,-1
2017-08-17 03:00:00-04:00,1.176335,1.176595,1.17511,1.175605,-1.0,-1.0,-1
2017-08-17 04:00:00-04:00,1.175605,1.175605,1.173005,1.173335,-1.0,-1.0,-1
2017-08-17 05:00:00-04:00,1.173335,1.173755,1.170375,1.17067,-1.0,-1.0,-1
2017-08-17 06:00:00-04:00,1.17067,1.17087,1.169015,1.16976,-1.0,-1.0,-1
2017-08-17 07:00:00-04:00,1.16976,1.171415,1.166225,1.16996,-1.0,-1.0,-1
2017-08-17 08:00:00-04:00,1.16996,1.170425,1.168175,1.16935,-1.0,-1.0,-1
2017-08-17 09:00:00-04:00,1.16935,1.172885,1.169255,1.17275,-1.0,-1.0,-1
2017-08-17 10:00:00-04:00,1.17275,1.17476,1.171475,1.17452,-1.0,-1.0,-1
2017-08-17 11:00:00-04:00,1.17452,1.174565,1.1732,1.173535,-1.0,-1.0,-1
2017-08-17 12:00:00-04:00,1.173535,1.1754,1.173235,1.17412,-1.0,-1.0,-1
2017-08-17 13:00:00-04:00,1.17412,1.175185,1.173885,1.17413,-1.0,-1.0,-1
2017-08-17 14:00:00-04:00,1.17413,1.175165,1.17397,1.17399,-1.0,-1.0,-1
2017-08-17 15:00:00-04:00,1.17399,1.174715,1.172705,1.17279,-1.0,-1.0,-1
2017-08-17 16:00:00-04:00,1.17279,1.173335,1.171815,1.172285,-1.0,-1.0,-1
2017-08-17 17:15:00-04:00,1.172145,1.17291,1.17205,1.1726,-1.0,-1.0,-1
2017-08-17 18:00:00-04:00,1.1726,1.1731,1.17244,1.17268,-1.0,-1.0,-1
2017-08-17 19:00:00-04:00,1.17268,1.173,1.170855,1.17159,-1.0,-1.0,-1
2017-08-17 20:00:00-04:00,1.17159,1.173005,1.17102,1.172805,-1.0,-1.0,-1
2017-08-17 21:00:00-04:00,1.172805,1.17352,1.172365,1.173275,-1.0,-1.0,-1
2017-08-17 22:00:00-04:00,1.173275,1.173655,1.172915,1.17292,-1.0,-1.0,-1
2017-08-17 23:00:00-04:00,1.17292,1.17359,1.17291,1.173065,-1.0,-1.0,-1
2017-08-18 00:00:00-04:00,1.173065,1.17398,1.17302,1.17373,-1.0,-1.0,-1
2017-08-18 01:00:00-04:00,1.17373,1.174085,1.173265,1.173265,-1.0,-1.0,-1
2017-08-18 02:00:00-04:00,1.173265,1.17414,1.172545,1.173755,-1.0,-1.0,-1
2017-08-18 03:00:00-04:00,1.173755,1.17589,1.172125,1.172675,-1.0,-1.0,-1
2017-08-18 04:00:00-04:00,1.172675,1.174905,1.172365,1.17473,-1.0,-1.0,-1
2017-08-18 05:00:00-04:00,1.17473,1.17747,1.173475,1.173475,-1.0,-1.0,-1
2017-08-18 06:00:00-04:00,1.173475,1.175295,1.173415,1.174865,-1.0,-1.0,-1
2017-08-18 07:00:00-04:00,1.174865,1.175115,1.173135,1.173475,-1.0,-1.0,-1
2017-08-18 08:00:00-04:00,1.173475,1.174995,1.17342,1.174865,-1.0,-1.0,-1
2017-08-18 09:00:00-04:00,1.174865,1.175495,1.173615,1.17425,-1.0,-1.0,-1
2017-08-18 10:00:00-04:00,1.17425,1.17613,1.17371,1.174925,-1.0,-1.0,-1
2017-08-18 11:00:00-04:00,1.174925,1.17552,1.172945,1.174785,-1.0,-1.0,-1
2017-08-18 12:00:00-04:00,1.174785,1.175525,1.174315,1.174945,-1.0,-1.0,-1
2017-08-18 13:00:00-04:00,1.174945,1.175425,1.174075,1.17531,-1.0,-1.0,-1
2017-08-18 14:00:00-04:00,1.17531,1.176085,1.17517,1.175865,-1.0,-1.0,-1
2017-08-18 15:00:00-04:00,1.175865,1.176755,1.17584,1.17633,-1.0,-1.0,-1
2017-08-18 16:00:00-04:00,1.17633,1.17659,1.175865,1.17597,-1.0,-1.0,-1
2017-08-20 17:15:00-04:00,1.175675,1.176125,1.175675,1.175835,-1.0,-1.0,-1
2017-08-20 18:00:00-04:00,1.175835,1.175985,1.17535,1.17539,-1.0,-1.0,-1
2017-08-20 19:00:00-04:00,1.17539,1.175725,1.175015,1.17563,-1.0,-1.0,-1
2017-08-20 20:00:00-04:00,1.17563,1.175745,1.175075,1.175155,-1.0,-1.0,-1
2017-08-20 21:00:00-04:00,1.175155,1.17596,1.17511,1.17583,-1.0,-1.0,-1
2017-08-20 22:00:00-04:00,1.17583,1.176295,1.17566,1.175975,-1.0,-1.0,-1
2017-08-20 23:00:00-04:00,1.175975,1.17598,1.17516,1.175465,-1.0,-1.0,-1
2017-08-21 00:00:00-04:00,1.175465,1.17583,1.17512,1.17512,-1.0,-1.0,-1
2017-08-21 01:00:00-04:00,1.17512,1.175545,1.174505,1.1746,-1.0,-1.0,-1
2017-08-21 02:00:00-04:00,1.1746,1.174825,1.1735,1.17381,-1.0,-1.0,-1
2017-08-21 03:00:00-04:00,1.17381,1.17421,1.173115,1.174005,-1.0,-1.0,-1
2017-08-21 04:00:00-04:00,1.174005,1.174965,1.173865,1.174095,-1.0,-1.0,-1
2017-08-21 05:00:00-04:00,1.174095,1.174545,1.173675,1.173975,-1.0,-1.0,-1
2017-08-21 06:00:00-04:00,1.173975,1.17584,1.17375,1.17582,-1.0,-1.0,-1
2017-08-21 07:00:00-04:00,1.17582,1.176975,1.175725,1.176445,-1.0,-1.0,-1
2017-08-21 08:00:00-04:00,1.176445,1.17832,1.175925,1.17801,-1.0,-1.0,-1
2017-08-21 09:00:00-04:00,1.17801,1.178995,1.177715,1.178835,-1.0,-1.0,-1
2017-08-21 10:00:00-04:00,1.178835,1.181975,1.17883,1.181485,-1.0,-1.0,-1
2017-08-21 11:00:00-04:00,1.181485,1.18251,1.18111,1.181275,-1.0,-1.0,-1
2017-08-21 12:00:00-04:00,1.181275,1.18243,1.180945,1.1824,-1.0,-1.0,-1
2017-08-21 13:00:00-04:00,1.1824,1.182815,1.18163,1.181885,-1.0,-1.0,-1
2017-08-21 14:00:00-04:00,1.181885,1.18227,1.180955,1.181255,-1.0,-1.0,-1
2017-08-21 15:00:00-04:00,1.181255,1.181335,1.180735,1.18096,-1.0,-1.0,-1
2017-08-21 16:00:00-04:00,1.18096,1.18175,1.180735,1.181385,-1.0,-1.0,-1
2017-08-21 17:15:00-04:00,1.181345,1.18169,1.18118,1.18136,-1.0,-1.0,-1
2017-08-21 18:00:00-04:00,1.18136,1.18177,1.180865,1.180945,-1.0,-1.0,-1
2017-08-21 19:00:00-04:00,1.180945,1.181545,1.18082,1.181145,-1.0,-1.0,-1
2017-08-21 20:00:00-04:00,1.181145,1.181755,1.181045,1.181435,-1.0,-1.0,-1
2017-08-21 21:00:00-04:00,1.181435,1.18245,1.18115,1.18128,-1.0,-1.0,-1
2017-08-21 22:00:00-04:00,1.18128,1.181345,1.18043,1.180545,-1.0,-1.0,-1
2017-08-21 23:00:00-04:00,1.180545,1.180865,1.180305,1.18084,-1.0,-1.0,-1
2017-08-22 00:00:00-04:00,1.18084,1.18101,1.180615,1.18068,-1.0,-1.0,-1
2017-08-22 01:00:00-04:00,1.18068,1.180715,1.179595,1.180195,-1.0,-1.0,-1
2017-08-22 02:00:00-04:00,1.180195,1.180665,1.17906,1.179065,-1.0,-1.0,-1
2017-08-22 03:00:00-04:00,1.179065,1.179405,1.17841,1.17933,-1.0,-1.0,-1
2017-08-22 04:00:00-04:00,1.17933,1.17933,1.176575,1.177185,-1.0,-1.0,-1
2017-08-22 05:00:00-04:00,1.177185,1.17721,1.17551,1.17555,-1.0,-1.0,-1
2017-08-22 06:00:00-04:00,1.17555,1.175885,1.17452,1.175345,-1.0,-1.0,-1
2017-08-22 07:00:00-04:00,1.175345,1.176935,1.174765,1.17683,-1.0,-1.0,-1
2017-08-22 08:00:00-04:00,1.17683,1.177295,1.17534,1.176165,-1.0,-1.0,-1
2017-08-22 09:00:00-04:00,1.176165,1.176885,1.175145,1.17539,-1.0,-1.0,-1
2017-08-22 10:00:00-04:00,1.17539,1.176675,1.17502,1.17628,-1.0,-1.0,-1
2017-08-22 11:00:00-04:00,1.17628,1.17719,1.17614,1.176195,-1.0,-1.0,-1
2017-08-22 12:00:00-04:00,1.176195,1.177095,1.17602,1.17641,-1.0,-1.0,-1
2017-08-22 13:00:00-04:00,1.17641,1.176485,1.175255,1.17532,-1.0,-1.0,-1
2017-08-22 14:00:00-04:00,1.17532,1.175475,1.174815,1.175155,-1.0,-1.0,-1
2017-08-22 15:00:00-04:00,1.175155,1.176095,1.17498,1.176005,-1.0,-1.0,-1
2017-08-22 16:00:00-04:00,1.176005,1.176395,1.175755,1.17619,-1.0,-1.0,-1
2017-08-22 17:15:00-04:00,1.176275,1.17653,1.175965,1.1765,-1.0,-1.0,-1
2017-08-22 18:00:00-04:00,1.1765,1.17662,1.176,1.176465,-1.0,-1.0,-1
2017-08-22 19:00:00-04:00,1.176465,1.176625,1.17608,1.176175,-1.0,-1.0,-1
2017-08-22 20:00:00-04:00,1.176175,1.17618,1.17491,1.17495,-1.0,-1.0,-1
2017-08-22 21:00:00-04:00,1.17495,1.175895,1.174785,1.17578,-1.0,-1.0,-1
2017-08-22 22:00:00-04:00,1.17578,1.176475,1.175395,1.176465,-1.0,-1.0,-1
2017-08-22 23:00:00-04:00,1.176465,1.17661,1.1759,1.17605,-1.0,-1.0,-1
2017-08-23 00:00:00-04:00,1.17605,1.17619,1.175695,1.175805,-1.0,-1.0,-1
2017-08-23 01:00:00-04:00,1.175805,1.17617,1.175725,1.17587,-1.0,-1.0,-1
2017-08-23 02:00:00-04:00,1.17587,1.176015,1.17511,1.17567,-1.0,-1.0,-1
2017-08-23 03:00:00-04:00,1.17567,1.178395,1.17402,1.17814,-1.0,-1.0,-1
2017-08-23 04:00:00-04:00,1.17814,1.179235,1.177535,1.179005,-1.0,-1.0,-1
2017-08-23 05:00:00-04:00,1.179005,1.179415,1.17759,1.17793,-1.0,-1.0,-1
2017-08-23 06:00:00-04:00,1.17793,1.17853,1.177675,1.178165,-1.0,-1.0,-1
2017-08-23 07:00:00-04:00,1.178165,1.180085,1.178165,1.17998,-1.0,-1.0,-1
2017-08-23 08:00:00-04:00,1.17998,1.18079,1.179225,1.179495,-1.0,-1.0,-1
2017-08-23 09:00:00-04:00,1.179495,1.179885,1.17869,1.179795,-1.0,-1.0,-1
2017-08-23 10:00:00-04:00,1.179795,1.181995,1.179785,1.181575,-1.0,-1.0,-1
2017-08-23 11:00:00-04:00,1.181575,1.181685,1.179985,1.180155,-1.0,-1.0,-1
2017-08-23 12:00:00-04:00,1.180155,1.18049,1.179785,1.18012,-1.0,-1.0,-1
2017-08-23 13:00:00-04:00,1.18012,1.18162,1.18012,1.181225,-1.0,-1.0,-1
2017-08-23 14:00:00-04:00,1.181225,1.18233,1.180695,1.18201,-1.0,-1.0,-1
2017-08-23 15:00:00-04:00,1.18201,1.18232,1.181535,1.181775,-1.0,-1.0,-1
2017-08-23 16:00:00-04:00,1.181775,1.182005,1.18059,1.18072,-1.0,-1.0,-1
2017-08-23 17:15:00-04:00,1.18095,1.181175,1.18076,1.180955,-1.0,-1.0,-1
2017-08-23 18:00:00-04:00,1.180955,1.181335,1.18077,1.18116,-1.0,-1.0,-1
2017-08-23 19:00:00-04:00,1.18116,1.1818,1.18115,1.181575,-1.0,-1.0,-1
2017-08-23 20:00:00-04:00,1.181575,1.181725,1.18078,1.180925,-1.0,-1.0,-1
2017-08-23 21:00:00-04:00,1.180925,1.18097,1.18006,1.18013,-1.0,-1.0,-1
2017-08-23 22:00:00-04:00,1.18013,1.180665,1.179435,1.180555,-1.0,-1.0,-1
2017-08-23 23:00:00-04:00,1.180555,1.180555,1.17967,1.18024,-1.0,-1.0,-1
2017-08-24 00:00:00-04:00,1.18024,1.18035,1.17988,1.18024,-1.0,-1.0,-1
2017-08-24 01:00:00-04:00,1.18024,1.1808,1.180075,1.180515,-1.0,-1.0,-1
2017-08-24 02:00:00-04:00,1.180515,1.180635,1.178765,1.17913,-1.0,-1.0,-1
2017-08-24 03:00:00-04:00,1.17913,1.179715,1.17879,1.17932,-1.0,-1.0,-1
2017-08-24 04:00:00-04:00,1.17932,1.17987,1.178415,1.178735,-1.0,-1.0,-1
2017-08-24 05:00:00-04:00,1.178735,1.179635,1.17858,1.179125,-1.0,-1.0,-1
2017-08-24 06:00:00-04:00,1.179125,1.17926,1.178475,1.179185,-1.0,-1.0,-1
2017-08-24 07:00:00-04:00,1.179185,1.181025,1.179045,1.180725,-1.0,-1.0,-1
2017-08-24 08:00:00-04:00,1.180725,1.181025,1.179435,1.17993,-1.0,-1.0,-1
2017-08-24 09:00:00-04:00,1.17993,1.180525,1.179145,1.180085,-1.0,-1.0,-1
2017-08-24 10:00:00-04:00,1.180085,1.180595,1.178765,1.180465,-1.0,-1.0,-1
2017-08-24 11:00:00-04:00,1.180465,1.18074,1.179835,1.180125,-1.0,-1.0,-1
2017-08-24 12:00:00-04:00,1.180125,1.181035,1.179805,1.180445,-1.0,-1.0,-1
2017-08-24 13:00:00-04:00,1.180445,1.18148,1.180435,1.181165,-1.0,-1.0,-1
2017-08-24 14:00:00-04:00,1.181165,1.18137,1.180225,1.180535,-1.0,-1.0,-1
2017-08-24 15:00:00-04:00,1.180535,1.180605,1.179755,1.180135,-1.0,-1.0,-1
2017-08-24 16:00:00-04:00,1.180135,1.18032,1.17987,1.179915,-1.0,-1.0,-1
2017-08-24 17:15:00-04:00,1.180175,1.180175,1.17984,1.18002,-1.0,-1.0,-1
2017-08-24 18:00:00-04:00,1.18002,1.18038,1.18002,1.180365,-1.0,-1.0,-1
2017-08-24 19:00:00-04:00,1.180365,1.180405,1.179615,1.179765,-1.0,-1.0,-1
2017-08-24 20:00:00-04:00,1.179765,1.17995,1.179255,1.179655,-1.0,-1.0,-1
2017-08-24 21:00:00-04:00,1.179655,1.179795,1.17877,1.17899,-1.0,-1.0,-1
2017-08-24 22:00:00-04:00,1.17899,1.179525,1.17883,1.179445,-1.0,-1.0,-1
2017-08-24 23:00:00-04:00,1.179445,1.180015,1.179245,1.179695,-1.0,-1.0,-1
2017-08-25 00:00:00-04:00,1.179695,1.17985,1.179505,1.1798,-1.0,-1.0,-1
2017-08-25 01:00:00-04:00,1.1798,1.18003,1.179445,1.1797,-1.0,-1.0,-1
2017-08-25 02:00:00-04:00,1.1797,1.179725,1.178905,1.179145,-1.0,-1.0,-1
2017-08-25 03:00:00-04:00,1.179145,1.179155,1.177325,1.178055,-1.0,-1.0,-1
2017-08-25 04:00:00-04:00,1.178055,1.180145,1.17801,1.179635,-1.0,-1.0,-1
2017-08-25 05:00:00-04:00,1.179635,1.180495,1.179555,1.18043,-1.0,-1.0,-1
2017-08-25 06:00:00-04:00,1.18043,1.182825,1.18023,1.18173,-1.0,-1.0,-1
2017-08-25 07:00:00-04:00,1.18173,1.182315,1.181315,1.181535,-1.0,-1.0,-1
2017-08-25 08:00:00-04:00,1.181535,1.181635,1.180015,1.180545,-1.0,-1.0,-1
2017-08-25 09:00:00-04:00,1.180545,1.181475,1.178555,1.179765,-1.0,-1.0,-1
2017-08-25 10:00:00-04:00,1.179765,1.18749,1.17934,1.1871,-1.0,-1.0,-1
2017-08-25 11:00:00-04:00,1.1871,1.188435,1.186855,1.187295,-1.0,-1.0,-1
2017-08-25 12:00:00-04:00,1.187295,1.18869,1.187265,1.18869,-1.0,-1.0,-1
2017-08-25 13:00:00-04:00,1.18869,1.18898,1.188105,1.18826,-1.0,-1.0,-1
2017-08-25 14:00:00-04:00,1.18826,1.188295,1.187225,1.187945,-1.0,-1.0,-1
2017-08-25 15:00:00-04:00,1.187945,1.194165,1.186475,1.19246,-1.0,-1.0,-1
2017-08-25 16:00:00-04:00,1.19246,1.19346,1.191705,1.19299,-1.0,-1.0,-1
2017-08-27 17:15:00-04:00,1.19438,1.194655,1.193175,1.19444,-1.0,-1.0,-1
2017-08-27 18:00:00-04:00,1.19444,1.19584,1.194045,1.19521,-1.0,-1.0,-1
2017-08-27 19:00:00-04:00,1.19521,1.19597,1.194965,1.195105,-1.0,-1.0,-1
2017-08-27 20:00:00-04:00,1.195105,1.195175,1.19221,1.192975,-1.0,-1.0,-1
2017-08-27 21:00:00-04:00,1.192975,1.19305,1.192165,1.19267,-1.0,-1.0,-1
2017-08-27 22:00:00-04:00,1.19267,1.19273,1.192035,1.192535,-1.0,-1.0,-1
2017-08-27 23:00:00-04:00,1.192535,1.192545,1.192105,1.19216,-1.0,-1.0,-1
2017-08-28 00:00:00-04:00,1.19216,1.19235,1.19203,1.19205,-1.0,-1.0,-1
2017-08-28 01:00:00-04:00,1.19205,1.193485,1.191705,1.193415,-1.0,-1.0,-1
2017-08-28 02:00:00-04:00,1.193415,1.193735,1.192455,1.193255,-1.0,-1.0,-1
2017-08-28 03:00:00-04:00,1.193255,1.19425,1.19213,1.19255,-1.0,-1.0,-1
2017-08-28 04:00:00-04:00,1.19255,1.193745,1.191975,1.193085,-1.0,-1.0,-1
2017-08-28 05:00:00-04:00,1.193085,1.19369,1.192855,1.19334,-1.0,-1.0,-1
2017-08-28 06:00:00-04:00,1.19334,1.194025,1.19326,1.19368,-1.0,-1.0,-1
2017-08-28 07:00:00-04:00,1.19368,1.193725,1.192425,1.192535,-1.0,-1.0,-1
2017-08-28 08:00:00-04:00,1.192535,1.193855,1.19219,1.193485,-1.0,-1.0,-1
2017-08-28 09:00:00-04:00,1.193485,1.193995,1.192615,1.1936,-1.0,-1.0,-1
2017-08-28 10:00:00-04:00,1.1936,1.19578,1.19354,1.19548,-1.0,-1.0,-1
2017-08-28 11:00:00-04:00,1.19548,1.197565,1.19521,1.197195,-1.0,-1.0,-1
2017-08-28 12:00:00-04:00,1.197195,1.198365,1.197195,1.19766,-1.0,-1.0,-1
2017-08-28 13:00:00-04:00,1.19766,1.19807,1.197335,1.19775,-1.0,-1.0,-1
2017-08-28 14:00:00-04:00,1.19775,1.19838,1.197725,1.197905,-1.0,-1.0,-1
2017-08-28 15:00:00-04:00,1.197905,1.19798,1.19727,1.19738,-1.0,-1.0,-1
2017-08-28 16:00:00-04:00,1.19738,1.1979,1.197375,1.197895,-1.0,-1.0,-1
2017-08-28 17:15:00-04:00,1.19795,1.19813,1.197305,1.19781,-1.0,-1.0,-1
2017-08-28 18:00:00-04:00,1.19781,1.198615,1.196255,1.196795,-1.0,-1.0,-1
2017-08-28 19:00:00-04:00,1.196795,1.19697,1.19556,1.196405,-1.0,-1.0,-1
2017-08-28 20:00:00-04:00,1.196405,1.19728,1.196235,1.19649,-1.0,-1.0,-1
2017-08-28 21:00:00-04:00,1.19649,1.19726,1.19624,1.196855,-1.0,-1.0,-1
2017-08-28 22:00:00-04:00,1.196855,1.197155,1.196525,1.196985,-1.0,-1.0,-1
2017-08-28 23:00:00-04:00,1.196985,1.197295,1.196635,1.1969,-1.0,-1.0,-1
2017-08-29 00:00:00-04:00,1.1969,1.197715,1.196875,1.19746,-1.0,-1.0,-1
2017-08-29 01:00:00-04:00,1.19746,1.198215,1.197175,1.198195,-1.0,-1.0,-1
2017-08-29 02:00:00-04:00,1.198195,1.201835,1.19737,1.201665,-1.0,-1.0,-1
2017-08-29 03:00:00-04:00,1.201665,1.204735,1.20112,1.204705,-1.0,-1.0,-1
2017-08-29 04:00:00-04:00,1.204705,1.207045,1.204135,1.20602,-1.0,-1.0,-1
2017-08-29 05:00:00-04:00,1.20602,1.206655,1.203735,1.203935,-1.0,-1.0,-1
2017-08-29 06:00:00-04:00,1.203935,1.205375,1.203185,1.203495,-1.0,-1.0,-1
2017-08-29 07:00:00-04:00,1.203495,1.20474,1.203265,1.20423,-1.0,-1.0,-1
2017-08-29 08:00:00-04:00,1.20423,1.205935,1.202815,1.202905,-1.0,-1.0,-1
2017-08-29 09:00:00-04:00,1.202905,1.203435,1.202005,1.20254,-1.0,-1.0,-1
2017-08-29 10:00:00-04:00,1.20254,1.202775,1.200915,1.202585,-1.0,-1.0,-1
2017-08-29 11:00:00-04:00,1.202585,1.203815,1.201675,1.202495,-1.0,-1.0,-1
2017-08-29 12:00:00-04:00,1.202495,1.202515,1.20106,1.20159,-1.0,-1.0,-1
2017-08-29 13:00:00-04:00,1.20159,1.202035,1.199565,1.2001,-1.0,-1.0,-1
2017-08-29 14:00:00-04:00,1.2001,1.20018,1.19818,1.19914,-1.0,-1.0,-1
2017-08-29 15:00:00-04:00,1.19914,1.199695,1.196735,1.196845,-1.0,-1.0,-1
2017-08-29 16:00:00-04:00,1.196845,1.19795,1.194655,1.197235,-1.0,-1.0,-1
2017-08-29 17:15:00-04:00,1.19725,1.19733,1.196425,1.19683,-1.0,-1.0,-1
2017-08-29 18:00:00-04:00,1.19683,1.197795,1.196715,1.197455,-1.0,-1.0,-1
2017-08-29 19:00:00-04:00,1.197455,1.19759,1.196315,1.196995,-1.0,-1.0,-1
2017-08-29 20:00:00-04:00,1.196995,1.197905,1.196685,1.197475,-1.0,-1.0,-1
2017-08-29 21:00:00-04:00,1.197475,1.1978,1.19668,1.197515,-1.0,-1.0,-1
2017-08-29 22:00:00-04:00,1.197515,1.1979,1.19739,1.197675,-1.0,-1.0,-1
2017-08-29 23:00:00-04:00,1.197675,1.19832,1.19757,1.19825,-1.0,-1.0,-1
2017-08-30 00:00:00-04:00,1.19825,1.198435,1.19728,1.197365,-1.0,-1.0,-1
2017-08-30 01:00:00-04:00,1.197365,1.19749,1.196425,1.1965,-1.0,-1.0,-1
2017-08-30 02:00:00-04:00,1.1965,1.196825,1.194145,1.195515,-1.0,-1.0,-1
2017-08-30 03:00:00-04:00,1.195515,1.196905,1.193835,1.195655,-1.0,-1.0,-1
2017-08-30 04:00:00-04:00,1.195655,1.195705,1.194045,1.194415,-1.0,-1.0,-1
2017-08-30 05:00:00-04:00,1.194415,1.19545,1.193905,1.1951,-1.0,-1.0,-1
2017-08-30 06:00:00-04:00,1.1951,1.19527,1.19422,1.194845,-1.0,-1.0,-1
2017-08-30 07:00:00-04:00,1.194845,1.195,1.192415,1.192715,-1.0,-1.0,-1
2017-08-30 08:00:00-04:00,1.192715,1.193165,1.189395,1.19185,-1.0,-1.0,-1
2017-08-30 09:00:00-04:00,1.19185,1.193795,1.19084,1.191285,-1.0,-1.0,-1
2017-08-30 10:00:00-04:00,1.191285,1.192045,1.189525,1.191235,-1.0,-1.0,-1
2017-08-30 11:00:00-04:00,1.191235,1.19288,1.18994,1.192665,-1.0,-1.0,-1
2017-08-30 12:00:00-04:00,1.192665,1.19267,1.189835,1.190445,-1.0,-1.0,-1
2017-08-30 13:00:00-04:00,1.190445,1.19045,1.189145,1.189855,-1.0,-1.0,-1
2017-08-30 14:00:00-04:00,1.189855,1.190145,1.18828,1.189035,-1.0,-1.0,-1
2017-08-30 15:00:00-04:00,1.189035,1.189475,1.188635,1.18901,-1.0,-1.0,-1
2017-08-30 16:00:00-04:00,1.18901,1.18901,1.18808,1.18836,-1.0,-1.0,-1
2017-08-30 17:15:00-04:00,1.188525,1.189565,1.188525,1.189405,-1.0,-1.0,-1
2017-08-30 18:00:00-04:00,1.189405,1.189685,1.188885,1.189625,-1.0,-1.0,-1
2017-08-30 19:00:00-04:00,1.189625,1.18968,1.188825,1.18908,-1.0,-1.0,-1
2017-08-30 20:00:00-04:00,1.18908,1.189685,1.18864,1.18932,-1.0,-1.0,-1
2017-08-30 21:00:00-04:00,1.18932,1.189725,1.187145,1.187765,-1.0,-1.0,-1
2017-08-30 22:00:00-04:00,1.187765,1.188285,1.18737,1.18778,-1.0,-1.0,-1
2017-08-30 23:00:00-04:00,1.18778,1.188095,1.18715,1.18744,-1.0,-1.0,-1
2017-08-31 00:00:00-04:00,1.18744,1.18822,1.187375,1.187885,-1.0,-1.0,-1
2017-08-31 01:00:00-04:00,1.187885,1.188085,1.187065,1.187335,-1.0,-1.0,-1
2017-08-31 02:00:00-04:00,1.187335,1.189545,1.186705,1.18907,-1.0,-1.0,-1
2017-08-31 03:00:00-04:00,1.18907,1.190355,1.18838,1.18913,-1.0,-1.0,-1
2017-08-31 04:00:00-04:00,1.18913,1.18973,1.18809,1.1897,-1.0,-1.0,-1
2017-08-31 05:00:00-04:00,1.1897,1.190575,1.18711,1.187755,-1.0,-1.0,-1
2017-08-31 06:00:00-04:00,1.187755,1.187915,1.184415,1.186055,-1.0,-1.0,-1
2017-08-31 07:00:00-04:00,1.186055,1.18623,1.183415,1.183765,-1.0,-1.0,-1
2017-08-31 08:00:00-04:00,1.183765,1.1853,1.18231,1.18433,-1.0,-1.0,-1
2017-08-31 09:00:00-04:00,1.18433,1.18602,1.183575,1.185385,-1.0,-1.0,-1
2017-08-31 10:00:00-04:00,1.185385,1.18979,1.18493,1.188995,-1.0,-1.0,-1
2017-08-31 11:00:00-04:00,1.188995,1.190855,1.18727,1.189315,-1.0,-1.0,-1
2017-08-31 12:00:00-04:00,1.189315,1.189565,1.187045,1.188065,-1.0,-1.0,-1
2017-08-31 13:00:00-04:00,1.188065,1.189435,1.187875,1.189185,-1.0,-1.0,-1
2017-08-31 14:00:00-04:00,1.189185,1.190975,1.189,1.19035,-1.0,-1.0,-1
2017-08-31 15:00:00-04:00,1.19035,1.190635,1.189475,1.19052,-1.0,-1.0,-1
2017-08-31 16:00:00-04:00,1.19052,1.191275,1.1903,1.190975,-1.0,-1.0,-1
2017-08-31 17:15:00-04:00,1.19123,1.192135,1.190915,1.19208,-1.0,-1.0,-1
2017-08-31 18:00:00-04:00,1.19208,1.192295,1.191185,1.191315,-1.0,-1.0,-1
2017-08-31 19:00:00-04:00,1.191315,1.19149,1.1908,1.19093,-1.0,-1.0,-1
2017-08-31 20:00:00-04:00,1.19093,1.191085,1.19058,1.19099,-1.0,-1.0,-1
2017-08-31 21:00:00-04:00,1.19099,1.191145,1.190415,1.19076,-1.0,-1.0,-1
2017-08-31 22:00:00-04:00,1.19076,1.1913,1.19047,1.190545,-1.0,-1.0,-1
2017-08-31 23:00:00-04:00,1.190545,1.190885,1.190075,1.190135,-1.0,-1.0,-1
2017-09-01 00:00:00-04:00,1.190135,1.19039,1.189525,1.189745,-1.0,-1.0,-1
2017-09-01 01:00:00-04:00,1.189745,1.189745,1.18877,1.1895,-1.0,-1.0,-1
2017-09-01 02:00:00-04:00,1.1895,1.19052,1.188265,1.188525,-1.0,-1.0,-1
2017-09-01 03:00:00-04:00,1.188525,1.18904,1.187905,1.18858,-1.0,-1.0,-1
2017-09-01 04:00:00-04:00,1.18858,1.1902,1.188245,1.189295,-1.0,-1.0,-1
2017-09-01 05:00:00-04:00,1.189295,1.190495,1.18913,1.18948,-1.0,-1.0,-1
2017-09-01 06:00:00-04:00,1.18948,1.19299,1.18939,1.191495,-1.0,-1.0,-1
2017-09-01 07:00:00-04:00,1.191495,1.192495,1.191005,1.19162,-1.0,-1.0,-1
2017-09-01 08:00:00-04:00,1.19162,1.19799,1.18934,1.190615,-1.0,-1.0,-1
2017-09-01 09:00:00-04:00,1.190615,1.192085,1.186435,1.18658,-1.0,-1.0,-1
2017-09-01 10:00:00-04:00,1.18658,1.189515,1.185,1.187805,-1.0,-1.0,-1
2017-09-01 11:00:00-04:00,1.187805,1.188945,1.18631,1.187745,-1.0,-1.0,-1
2017-09-01 12:00:00-04:00,1.187745,1.188835,1.185525,1.18578,-1.0,-1.0,-1
2017-09-01 13:00:00-04:00,1.18578,1.187065,1.1857,1.186785,-1.0,-1.0,-1
2017-09-01 14:00:00-04:00,1.186785,1.187565,1.18627,1.18666,-1.0,-1.0,-1
2017-09-01 15:00:00-04:00,1.18666,1.18691,1.186295,1.186495,-1.0,-1.0,-1
2017-09-01 16:00:00-04:00,1.186495,1.186505,1.185875,1.18618,-1.0,-1.0,-1
2017-09-03 17:15:00-04:00,1.18815,1.188545,1.187675,1.187925,-1.0,-1.0,-1
2017-09-03 18:00:00-04:00,1.187925,1.188455,1.187465,1.187845,-1.0,-1.0,-1
2017-09-03 19:00:00-04:00,1.187845,1.188435,1.187725,1.1882,-1.0,-1.0,-1
2017-09-03 20:00:00-04:00,1.1882,1.188635,1.187805,1.18803,-1.0,-1.0,-1
2017-09-03 21:00:00-04:00,1.18803,1.188985,1.187775,1.18836,-1.0,-1.0,-1
2017-09-03 22:00:00-04:00,1.18836,1.188575,1.187815,1.188375,-1.0,-1.0,-1
2017-09-03 23:00:00-04:00,1.188375,1.188645,1.18794,1.187995,-1.0,-1.0,-1
2017-09-04 00:00:00-04:00,1.187995,1.18847,1.187865,1.1882,-1.0,-1.0,-1
2017-09-04 01:00:00-04:00,1.1882,1.18877,1.18809,1.188505,-1.0,-1.0,-1
2017-09-04 02:00:00-04:00,1.188505,1.190375,1.188235,1.18948,-1.0,-1.0,-1
2017-09-04 03:00:00-04:00,1.18948,1.19012,1.188445,1.189925,-1.0,-1.0,-1
2017-09-04 04:00:00-04:00,1.189925,1.192075,1.188985,1.19187,-1.0,-1.0,-1
2017-09-04 05:00:00-04:00,1.19187,1.192205,1.190785,1.19153,-1.0,-1.0,-1
2017-09-04 06:00:00-04:00,1.19153,1.19174,1.19012,1.191085,-1.0,-1.0,-1
2017-09-04 07:00:00-04:00,1.191085,1.19156,1.19026,1.19099,-1.0,-1.0,-1
2017-09-04 08:00:00-04:00,1.19099,1.191115,1.188925,1.18967,-1.0,-1.0,-1
2017-09-04 09:00:00-04:00,1.18967,1.190645,1.1896,1.19035,-1.0,-1.0,-1
2017-09-04 10:00:00-04:00,1.19035,1.191375,1.18953,1.19123,-1.0,-1.0,-1
2017-09-04 11:00:00-04:00,1.19123,1.191985,1.19091,1.191625,-1.0,-1.0,-1
2017-09-04 12:00:00-04:00,1.191625,1.192005,1.18892,1.18892,-1.0,-1.0,-1
2017-09-04 13:00:00-04:00,1.18892,1.19051,1.188875,1.19018,-1.0,-1.0,-1
2017-09-04 14:00:00-04:00,1.19018,1.19032,1.189335,1.19021,-1.0,-1.0,-1
2017-09-04 15:00:00-04:00,1.19021,1.190255,1.18941,1.18977,-1.0,-1.0,-1
2017-09-04 16:00:00-04:00,1.18977,1.190095,1.189225,1.189675,-1.0,-1.0,-1
2017-09-04 17:15:00-04:00,1.189025,1.18985,1.189025,1.189635,-1.0,-1.0,-1
2017-09-04 18:00:00-04:00,1.189635,1.18996,1.18951,1.18984,-1.0,-1.0,-1
2017-09-04 19:00:00-04:00,1.18984,1.189845,1.189005,1.189305,-1.0,-1.0,-1
2017-09-04 20:00:00-04:00,1.189305,1.1902,1.189205,1.189995,-1.0,-1.0,-1
2017-09-04 21:00:00-04:00,1.189995,1.190495,1.18924,1.18977,-1.0,-1.0,-1
2017-09-04 22:00:00-04:00,1.18977,1.190985,1.189755,1.190595,-1.0,-1.0,-1
2017-09-04 23:00:00-04:00,1.190595,1.19105,1.19041,1.19064,-1.0,-1.0,-1
2017-09-05 00:00:00-04:00,1.19064,1.191135,1.190485,1.190575,-1.0,-1.0,-1
2017-09-05 01:00:00-04:00,1.190575,1.190885,1.190235,1.190515,-1.0,-1.0,-1
2017-09-05 02:00:00-04:00,1.190515,1.190875,1.189185,1.190275,-1.0,-1.0,-1
2017-09-05 03:00:00-04:00,1.190275,1.190795,1.186835,1.18792,-1.0,-1.0,-1
2017-09-05 04:00:00-04:00,1.18792,1.188855,1.18754,1.18848,-1.0,-1.0,-1
2017-09-05 05:00:00-04:00,1.18848,1.188565,1.18765,1.1882,-1.0,-1.0,-1
2017-09-05 06:00:00-04:00,1.1882,1.19071,1.18816,1.18977,-1.0,-1.0,-1
2017-09-05 07:00:00-04:00,1.18977,1.189775,1.18774,1.188915,-1.0,-1.0,-1
2017-09-05 08:00:00-04:00,1.188915,1.190455,1.188915,1.190055,-1.0,-1.0,-1
2017-09-05 09:00:00-04:00,1.190055,1.19009,1.188665,1.188835,-1.0,-1.0,-1
2017-09-05 10:00:00-04:00,1.188835,1.194095,1.188805,1.191845,-1.0,-1.0,-1
2017-09-05 11:00:00-04:00,1.191845,1.192485,1.18996,1.19115,-1.0,-1.0,-1
2017-09-05 12:00:00-04:00,1.19115,1.19233,1.19013,1.19031,-1.0,-1.0,-1
2017-09-05 13:00:00-04:00,1.19031,1.19153,1.18948,1.18965,-1.0,-1.0,-1
2017-09-05 14:00:00-04:00,1.18965,1.192175,1.189585,1.192,-1.0,-1.0,-1
2017-09-05 15:00:00-04:00,1.192,1.193005,1.191645,1.191835,-1.0,-1.0,-1
2017-09-05 16:00:00-04:00,1.191835,1.192025,1.191075,1.19142,-1.0,-1.0,-1
2017-09-05 17:15:00-04:00,1.191245,1.191605,1.19112,1.191425,-1.0,-1.0,-1
2017-09-05 18:00:00-04:00,1.191425,1.19227,1.191425,1.192085,-1.0,-1.0,-1
2017-09-05 19:00:00-04:00,1.192085,1.192465,1.191765,1.192375,-1.0,-1.0,-1
2017-09-05 20:00:00-04:00,1.192375,1.192465,1.19155,1.19218,-1.0,-1.0,-1
2017-09-05 21:00:00-04:00,1.19218,1.19242,1.19028,1.190875,-1.0,-1.0,-1
2017-09-05 22:00:00-04:00,1.190875,1.191395,1.19061,1.19121,-1.0,-1.0,-1
2017-09-05 23:00:00-04:00,1.19121,1.19149,1.19091,1.19104,-1.0,-1.0,-1
2017-09-06 00:00:00-04:00,1.19104,1.191535,1.19065,1.191425,-1.0,-1.0,-1
2017-09-06 01:00:00-04:00,1.191425,1.19297,1.190945,1.19262,-1.0,-1.0,-1
2017-09-06 02:00:00-04:00,1.19262,1.19265,1.19133,1.19219,-1.0,-1.0,-1
2017-09-06 03:00:00-04:00,1.19219,1.194035,1.192025,1.193415,-1.0,-1.0,-1
2017-09-06 04:00:00-04:00,1.193415,1.19496,1.1933,1.194395,-1.0,-1.0,-1
2017-09-06 05:00:00-04:00,1.194395,1.194955,1.193115,1.19352,-1.0,-1.0,-1
2017-09-06 06:00:00-04:00,1.19352,1.19477,1.192395,1.192885,-1.0,-1.0,-1
2017-09-06 07:00:00-04:00,1.192885,1.19319,1.19191,1.19318,-1.0,-1.0,-1
2017-09-06 08:00:00-04:00,1.19318,1.194085,1.192755,1.19318,-1.0,-1.0,-1
2017-09-06 09:00:00-04:00,1.19318,1.19342,1.192025,1.192485,-1.0,-1.0,-1
2017-09-06 10:00:00-04:00,1.192485,1.19453,1.191375,1.193965,-1.0,-1.0,-1
2017-09-06 11:00:00-04:00,1.193965,1.19492,1.19352,1.194085,-1.0,-1.0,-1
2017-09-06 12:00:00-04:00,1.194085,1.195045,1.191205,1.19268,-1.0,-1.0,-1
2017-09-06 13:00:00-04:00,1.19268,1.192845,1.191435,1.19185,-1.0,-1.0,-1
2017-09-06 14:00:00-04:00,1.19185,1.192535,1.19105,1.19124,-1.0,-1.0,-1
2017-09-06 15:00:00-04:00,1.19124,1.191675,1.190805,1.19153,-1.0,-1.0,-1
2017-09-06 16:00:00-04:00,1.19153,1.19217,1.191185,1.1917,-1.0,-1.0,-1
2017-09-06 17:15:00-04:00,1.19206,1.19234,1.191845,1.192185,-1.0,-1.0,-1
2017-09-06 18:00:00-04:00,1.192185,1.192595,1.19211,1.192545,-1.0,-1.0,-1
2017-09-06 19:00:00-04:00,1.192545,1.192765,1.192115,1.192655,-1.0,-1.0,-1
2017-09-06 20:00:00-04:00,1.192655,1.193485,1.192265,1.19228,-1.0,-1.0,-1
2017-09-06 21:00:00-04:00,1.19228,1.19244,1.191915,1.19239,-1.0,-1.0,-1
2017-09-06 22:00:00-04:00,1.19239,1.192825,1.192235,1.192545,-1.0,-1.0,-1
2017-09-06 23:00:00-04:00,1.192545,1.192815,1.192045,1.192585,-1.0,-1.0,-1
2017-09-07 00:00:00-04:00,1.192585,1.192685,1.192335,1.19244,-1.0,-1.0,-1
2017-09-07 01:00:00-04:00,1.19244,1.19273,1.192215,1.192295,-1.0,-1.0,-1
2017-09-07 02:00:00-04:00,1.192295,1.19283,1.19141,1.192805,-1.0,-1.0,-1
2017-09-07 03:00:00-04:00,1.192805,1.195795,1.19267,1.19538,-1.0,-1.0,-1
2017-09-07 04:00:00-04:00,1.19538,1.197055,1.194375,1.19593,-1.0,-1.0,-1
2017-09-07 05:00:00-04:00,1.19593,1.198315,1.195745,1.19805,-1.0,-1.0,-1
2017-09-07 06:00:00-04:00,1.19805,1.199475,1.197525,1.198645,-1.0,-1.0,-1
2017-09-07 07:00:00-04:00,1.198645,1.19926,1.196325,1.19737,-1.0,-1.0,-1
2017-09-07 08:00:00-04:00,1.19737,1.20531,1.19301,1.20424,-1.0,-1.0,-1
2017-09-07 09:00:00-04:00,1.20424,1.205945,1.197275,1.200015,-1.0,-1.0,-1
2017-09-07 10:00:00-04:00,1.200015,1.201885,1.199655,1.201065,-1.0,-1.0,-1
2017-09-07 11:00:00-04:00,1.201065,1.20321,1.200175,1.202665,-1.0,-1.0,-1
2017-09-07 12:00:00-04:00,1.202665,1.20297,1.19846,1.198935,-1.0,-1.0,-1
2017-09-07 13:00:00-04:00,1.198935,1.200405,1.198935,1.19997,-1.0,-1.0,-1
2017-09-07 14:00:00-04:00,1.19997,1.200935,1.19926,1.200405,-1.0,-1.0,-1
2017-09-07 15:00:00-04:00,1.200405,1.202015,1.200095,1.201985,-1.0,-1.0,-1
2017-09-07 16:00:00-04:00,1.201985,1.202915,1.201705,1.202275,-1.0,-1.0,-1
2017-09-07 17:15:00-04:00,1.202265,1.202545,1.20183,1.20191,-1.0,-1.0,-1
2017-09-07 18:00:00-04:00,1.20191,1.202265,1.20182,1.20188,-1.0,-1.0,-1
2017-09-07 19:00:00-04:00,1.20188,1.20295,1.20178,1.202805,-1.0,-1.0,-1
2017-09-07 20:00:00-04:00,1.202805,1.20359,1.20241,1.2035,-1.0,-1.0,-1
2017-09-07 21:00:00-04:00,1.2035,1.203595,1.202345,1.202385,-1.0,-1.0,-1
2017-09-07 22:00:00-04:00,1.202385,1.208975,1.202335,1.20714,-1.0,-1.0,-1
2017-09-07 23:00:00-04:00,1.20714,1.20813,1.206325,1.207145,-1.0,-1.0,-1
2017-09-08 00:00:00-04:00,1.207145,1.207245,1.206095,1.206975,-1.0,-1.0,-1
2017-09-08 01:00:00-04:00,1.206975,1.20926,1.206975,1.20796,-1.0,-1.0,-1
2017-09-08 02:00:00-04:00,1.20796,1.208665,1.20512,1.206495,-1.0,-1.0,-1
2017-09-08 03:00:00-04:00,1.206495,1.20668,1.20364,1.204845,-1.0,-1.0,-1
2017-09-08 04:00:00-04:00,1.204845,1.20695,1.204115,1.206345,-1.0,-1.0,-1
2017-09-08 05:00:00-04:00,1.206345,1.20647,1.20508,1.20604,-1.0,-1.0,-1
2017-09-08 06:00:00-04:00,1.20604,1.207385,1.20586,1.2069,-1.0,-1.0,-1
2017-09-08 07:00:00-04:00,1.2069,1.207035,1.20517,1.206625,-1.0,-1.0,-1
2017-09-08 08:00:00-04:00,1.206625,1.206765,1.203445,1.204255,-1.0,-1.0,-1
2017-09-08 09:00:00-04:00,1.204255,1.2051,1.202375,1.202735,-1.0,-1.0,-1
2017-09-08 10:00:00-04:00,1.202735,1.203955,1.201465,1.201675,-1.0,-1.0,-1
2017-09-08 11:00:00-04:00,1.201675,1.20421,1.201675,1.203955,-1.0,-1.0,-1
2017-09-08 12:00:00-04:00,1.203955,1.20442,1.20229,1.202645,-1.0,-1.0,-1
2017-09-08 13:00:00-04:00,1.202645,1.203265,1.20252,1.203155,-1.0,-1.0,-1
2017-09-08 14:00:00-04:00,1.203155,1.203255,1.2025,1.202695,-1.0,-1.0,-1
2017-09-08 15:00:00-04:00,1.202695,1.203815,1.20262,1.20263,-1.0,-1.0,-1
2017-09-08 16:00:00-04:00,1.20263,1.20386,1.202595,1.203585,-1.0,-1.0,-1
2017-09-10 17:15:00-04:00,1.20233,1.203525,1.202175,1.202285,-1.0,-1.0,-1
2017-09-10 18:00:00-04:00,1.202285,1.202455,1.20125,1.201895,-1.0,-1.0,-1
2017-09-10 19:00:00-04:00,1.201895,1.202085,1.201135,1.20171,-1.0,-1.0,-1
2017-09-10 20:00:00-04:00,1.20171,1.202025,1.20106,1.201225,-1.0,-1.0,-1
2017-09-10 21:00:00-04:00,1.201225,1.20168,1.199915,1.20062,-1.0,-1.0,-1
2017-09-10 22:00:00-04:00,1.20062,1.20185,1.200435,1.201715,-1.0,-1.0,-1
2017-09-10 23:00:00-04:00,1.201715,1.201905,1.201065,1.201405,-1.0,-1.0,-1
2017-09-11 00:00:00-04:00,1.201405,1.2015,1.200435,1.200765,-1.0,-1.0,-1
2017-09-11 01:00:00-04:00,1.200765,1.201825,1.200545,1.201575,-1.0,-1.0,-1
2017-09-11 02:00:00-04:00,1.201575,1.20189,1.200205,1.200795,-1.0,-1.0,-1
2017-09-11 03:00:00-04:00,1.200795,1.20168,1.199315,1.201455,-1.0,-1.0,-1
2017-09-11 04:00:00-04:00,1.201455,1.202965,1.20118,1.20214,-1.0,-1.0,-1
2017-09-11 05:00:00-04:00,1.20214,1.20256,1.201015,1.201315,-1.0,-1.0,-1
2017-09-11 06:00:00-04:00,1.201315,1.2022,1.20092,1.201125,-1.0,-1.0,-1
2017-09-11 07:00:00-04:00,1.201125,1.20142,1.198995,1.19979,-1.0,-1.0,-1
2017-09-11 08:00:00-04:00,1.19979,1.200465,1.197925,1.19845,-1.0,-1.0,-1
2017-09-11 09:00:00-04:00,1.19845,1.199115,1.197155,1.1988,-1.0,-1.0,-1
2017-09-11 10:00:00-04:00,1.1988,1.199305,1.197965,1.198265,-1.0,-1.0,-1
2017-09-11 11:00:00-04:00,1.198265,1.198695,1.19606,1.196325,-1.0,-1.0,-1
2017-09-11 12:00:00-04:00,1.196325,1.197005,1.195715,1.196975,-1.0,-1.0,-1
2017-09-11 13:00:00-04:00,1.196975,1.197095,1.19589,1.19633,-1.0,-1.0,-1
2017-09-11 14:00:00-04:00,1.19633,1.19697,1.19621,1.196245,-1.0,-1.0,-1
2017-09-11 15:00:00-04:00,1.196245,1.19636,1.194935,1.19526,-1.0,-1.0,-1
2017-09-11 16:00:00-04:00,1.19526,1.19558,1.19479,1.19523,-1.0,-1.0,-1
2017-09-11 17:15:00-04:00,1.19518,1.1956,1.19518,1.19549,-1.0,-1.0,-1
2017-09-11 18:00:00-04:00,1.19549,1.196375,1.19549,1.19626,-1.0,-1.0,-1
2017-09-11 19:00:00-04:00,1.19626,1.196435,1.195785,1.195795,-1.0,-1.0,-1
2017-09-11 20:00:00-04:00,1.195795,1.19613,1.19458,1.19472,-1.0,-1.0,-1
2017-09-11 21:00:00-04:00,1.19472,1.195595,1.194715,1.19549,-1.0,-1.0,-1
2017-09-11 22:00:00-04:00,1.19549,1.196255,1.195255,1.196135,-1.0,-1.0,-1
2017-09-11 23:00:00-04:00,1.196135,1.19635,1.195405,1.19547,-1.0,-1.0,-1
2017-09-12 00:00:00-04:00,1.19547,1.195955,1.195365,1.19557,-1.0,-1.0,-1
2017-09-12 01:00:00-04:00,1.19557,1.19606,1.194675,1.195895,-1.0,-1.0,-1
2017-09-12 02:00:00-04:00,1.195895,1.197785,1.19559,1.197555,-1.0,-1.0,-1
2017-09-12 03:00:00-04:00,1.197555,1.19782,1.196545,1.19747,-1.0,-1.0,-1
2017-09-12 04:00:00-04:00,1.19747,1.19749,1.19539,1.1958,-1.0,-1.0,-1
2017-09-12 05:00:00-04:00,1.1958,1.19647,1.194955,1.19615,-1.0,-1.0,-1
2017-09-12 06:00:00-04:00,1.19615,1.196475,1.19317,1.19368,-1.0,-1.0,-1
2017-09-12 07:00:00-04:00,1.19368,1.193845,1.192625,1.193195,-1.0,-1.0,-1
2017-09-12 08:00:00-04:00,1.193195,1.19427,1.19278,1.19298,-1.0,-1.0,-1
2017-09-12 09:00:00-04:00,1.19298,1.19514,1.19298,1.194645,-1.0,-1.0,-1
2017-09-12 10:00:00-04:00,1.194645,1.196845,1.194215,1.195375,-1.0,-1.0,-1
2017-09-12 11:00:00-04:00,1.195375,1.197245,1.195135,1.196785,-1.0,-1.0,-1
2017-09-12 12:00:00-04:00,1.196785,1.197375,1.195605,1.196285,-1.0,-1.0,-1
2017-09-12 13:00:00-04:00,1.196285,1.19667,1.195445,1.19601,-1.0,-1.0,-1
2017-09-12 14:00:00-04:00,1.19601,1.19729,1.19589,1.19697,-1.0,-1.0,-1
2017-09-12 15:00:00-04:00,1.19697,1.19719,1.196,1.196665,-1.0,-1.0,-1
2017-09-12 16:00:00-04:00,1.196665,1.196785,1.1962,1.196675,-1.0,-1.0,-1
2017-09-12 17:15:00-04:00,1.196625,1.1967,1.19615,1.196515,-1.0,-1.0,-1
2017-09-12 18:00:00-04:00,1.196515,1.197235,1.19642,1.197195,-1.0,-1.0,-1
2017-09-12 19:00:00-04:00,1.197195,1.197275,1.19642,1.19712,-1.0,-1.0,-1
2017-09-12 20:00:00-04:00,1.19712,1.197375,1.196645,1.19699,-1.0,-1.0,-1
2017-09-12 21:00:00-04:00,1.19699,1.19932,1.196935,1.198435,-1.0,-1.0,-1
2017-09-12 22:00:00-04:00,1.198435,1.19882,1.197725,1.19851,-1.0,-1.0,-1
2017-09-12 23:00:00-04:00,1.19851,1.198535,1.197575,1.198265,-1.0,-1.0,-1
2017-09-13 00:00:00-04:00,1.198265,1.198985,1.19806,1.19834,-1.0,-1.0,-1
2017-09-13 01:00:00-04:00,1.19834,1.198355,1.197505,1.19792,-1.0,-1.0,-1
2017-09-13 02:00:00-04:00,1.19792,1.198985,1.19721,1.19738,-1.0,-1.0,-1
2017-09-13 03:00:00-04:00,1.19738,1.198975,1.196855,1.198475,-1.0,-1.0,-1
2017-09-13 04:00:00-04:00,1.198475,1.199525,1.19787,1.197915,-1.0,-1.0,-1
2017-09-13 05:00:00-04:00,1.197915,1.198335,1.196455,1.197235,-1.0,-1.0,-1
2017-09-13 06:00:00-04:00,1.197235,1.19866,1.197085,1.19866,-1.0,-1.0,-1
2017-09-13 07:00:00-04:00,1.19866,1.19878,1.197905,1.19852,-1.0,-1.0,-1
2017-09-13 08:00:00-04:00,1.19852,1.198965,1.196985,1.19738,-1.0,-1.0,-1
2017-09-13 09:00:00-04:00,1.19738,1.197495,1.193775,1.193775,-1.0,-1.0,-1
2017-09-13 10:00:00-04:00,1.193775,1.194075,1.19044,1.191645,-1.0,-1.0,-1
2017-09-13 11:00:00-04:00,1.191645,1.191845,1.188425,1.189825,-1.0,-1.0,-1
2017-09-13 12:00:00-04:00,1.189825,1.19009,1.188005,1.18813,-1.0,-1.0,-1
2017-09-13 13:00:00-04:00,1.18813,1.189575,1.187975,1.188615,-1.0,-1.0,-1
2017-09-13 14:00:00-04:00,1.188615,1.188625,1.187305,1.18743,-1.0,-1.0,-1
2017-09-13 15:00:00-04:00,1.18743,1.188575,1.187315,1.188445,-1.0,-1.0,-1
2017-09-13 16:00:00-04:00,1.188445,1.18879,1.188005,1.188535,-1.0,-1.0,-1
2017-09-13 17:15:00-04:00,1.188695,1.18914,1.18849,1.188825,-1.0,-1.0,-1
2017-09-13 18:00:00-04:00,1.188825,1.18939,1.18852,1.189385,-1.0,-1.0,-1
2017-09-13 19:00:00-04:00,1.189385,1.189425,1.18863,1.18882,-1.0,-1.0,-1
2017-09-13 20:00:00-04:00,1.18882,1.18915,1.188155,1.18828,-1.0,-1.0,-1
2017-09-13 21:00:00-04:00,1.18828,1.18833,1.187055,1.187635,-1.0,-1.0,-1
2017-09-13 22:00:00-04:00,1.187635,1.188565,1.187275,1.18757,-1.0,-1.0,-1
2017-09-13 23:00:00-04:00,1.18757,1.18793,1.18707,1.1875,-1.0,-1.0,-1
2017-09-14 00:00:00-04:00,1.1875,1.18795,1.187285,1.187825,-1.0,-1.0,-1
2017-09-14 01:00:00-04:00,1.187825,1.18783,1.186605,1.187545,-1.0,-1.0,-1
2017-09-14 02:00:00-04:00,1.187545,1.188715,1.18681,1.188455,-1.0,-1.0,-1
2017-09-14 03:00:00-04:00,1.188455,1.190975,1.18801,1.19057,-1.0,-1.0,-1
2017-09-14 04:00:00-04:00,1.19057,1.19057,1.189415,1.190475,-1.0,-1.0,-1
2017-09-14 05:00:00-04:00,1.190475,1.190735,1.18915,1.189565,-1.0,-1.0,-1
2017-09-14 06:00:00-04:00,1.189565,1.190455,1.189435,1.19015,-1.0,-1.0,-1
2017-09-14 07:00:00-04:00,1.19015,1.190275,1.1878,1.189215,-1.0,-1.0,-1
2017-09-14 08:00:00-04:00,1.189215,1.190915,1.183805,1.18927,-1.0,-1.0,-1
2017-09-14 09:00:00-04:00,1.18927,1.18983,1.186835,1.188325,-1.0,-1.0,-1
2017-09-14 10:00:00-04:00,1.188325,1.18974,1.187085,1.18731,-1.0,-1.0,-1
2017-09-14 11:00:00-04:00,1.18731,1.188865,1.18702,1.188595,-1.0,-1.0,-1
2017-09-14 12:00:00-04:00,1.188595,1.188885,1.187465,1.1884,-1.0,-1.0,-1
2017-09-14 13:00:00-04:00,1.1884,1.19225,1.188335,1.191805,-1.0,-1.0,-1
2017-09-14 14:00:00-04:00,1.191805,1.192025,1.19119,1.191315,-1.0,-1.0,-1
2017-09-14 15:00:00-04:00,1.191315,1.19142,1.19026,1.190535,-1.0,-1.0,-1
2017-09-14 16:00:00-04:00,1.190535,1.19202,1.190285,1.191885,-1.0,-1.0,-1
2017-09-14 17:15:00-04:00,1.191245,1.19185,1.19118,1.191435,-1.0,-1.0,-1
2017-09-14 18:00:00-04:00,1.191435,1.192305,1.190645,1.19189,-1.0,-1.0,-1
2017-09-14 19:00:00-04:00,1.19189,1.19221,1.191515,1.192135,-1.0,-1.0,-1
2017-09-14 20:00:00-04:00,1.192135,1.192395,1.19074,1.19082,-1.0,-1.0,-1
2017-09-14 21:00:00-04:00,1.19082,1.191205,1.190085,1.19059,-1.0,-1.0,-1
2017-09-14 22:00:00-04:00,1.19059,1.191835,1.19056,1.191525,-1.0,-1.0,-1
2017-09-14 23:00:00-04:00,1.191525,1.191615,1.19046,1.190855,-1.0,-1.0,-1
2017-09-15 00:00:00-04:00,1.190855,1.191295,1.190435,1.19125,-1.0,-1.0,-1
2017-09-15 01:00:00-04:00,1.19125,1.192105,1.19101,1.19198,-1.0,-1.0,-1
2017-09-15 02:00:00-04:00,1.19198,1.192945,1.19052,1.19233,-1.0,-1.0,-1
2017-09-15 03:00:00-04:00,1.19233,1.193015,1.191275,1.1921,-1.0,-1.0,-1
2017-09-15 04:00:00-04:00,1.1921,1.193995,1.19132,1.192935,-1.0,-1.0,-1
2017-09-15 05:00:00-04:00,1.192935,1.195605,1.192675,1.19379,-1.0,-1.0,-1
2017-09-15 06:00:00-04:00,1.19379,1.195165,1.193685,1.19506,-1.0,-1.0,-1
2017-09-15 07:00:00-04:00,1.19506,1.19634,1.194865,1.19489,-1.0,-1.0,-1
2017-09-15 08:00:00-04:00,1.19489,1.19874,1.194845,1.197395,-1.0,-1.0,-1
2017-09-15 09:00:00-04:00,1.197395,1.198665,1.19639,1.197655,-1.0,-1.0,-1
2017-09-15 10:00:00-04:00,1.197655,1.19786,1.195955,1.196325,-1.0,-1.0,-1
2017-09-15 11:00:00-04:00,1.196325,1.196755,1.195415,1.195835,-1.0,-1.0,-1
2017-09-15 12:00:00-04:00,1.195835,1.19716,1.19401,1.19453,-1.0,-1.0,-1
2017-09-15 13:00:00-04:00,1.19453,1.194585,1.193075,1.19363,-1.0,-1.0,-1
2017-09-15 14:00:00-04:00,1.19363,1.1943,1.192955,1.194085,-1.0,-1.0,-1
2017-09-15 15:00:00-04:00,1.194085,1.194615,1.193495,1.194535,-1.0,-1.0,-1
2017-09-15 16:00:00-04:00,1.194535,1.19614,1.19386,1.1947,-1.0,-1.0,-1
2017-09-17 17:15:00-04:00,1.19335,1.193775,1.19298,1.193505,-1.0,-1.0,-1
2017-09-17 18:00:00-04:00,1.193505,1.19505,1.1935,1.19428,-1.0,-1.0,-1
2017-09-17 19:00:00-04:00,1.19428,1.19466,1.19337,1.19379,-1.0,-1.0,-1
2017-09-17 20:00:00-04:00,1.19379,1.194535,1.193615,1.194415,-1.0,-1.0,-1
2017-09-17 21:00:00-04:00,1.194415,1.194985,1.194255,1.19486,-1.0,-1.0,-1
2017-09-17 22:00:00-04:00,1.19486,1.19551,1.19451,1.19455,-1.0,-1.0,-1
2017-09-17 23:00:00-04:00,1.19455,1.1947,1.19404,1.19442,-1.0,-1.0,-1
2017-09-18 00:00:00-04:00,1.19442,1.194565,1.193895,1.194085,-1.0,-1.0,-1
2017-09-18 01:00:00-04:00,1.194085,1.194655,1.19381,1.194365,-1.0,-1.0,-1
2017-09-18 02:00:00-04:00,1.194365,1.19563,1.193945,1.1948,-1.0,-1.0,-1
2017-09-18 03:00:00-04:00,1.1948,1.195135,1.191505,1.19254,-1.0,-1.0,-1
2017-09-18 04:00:00-04:00,1.19254,1.19418,1.192295,1.1939,-1.0,-1.0,-1
2017-09-18 05:00:00-04:00,1.1939,1.19539,1.193725,1.195085,-1.0,-1.0,-1
2017-09-18 06:00:00-04:00,1.195085,1.196095,1.19426,1.19575,-1.0,-1.0,-1
2017-09-18 07:00:00-04:00,1.19575,1.196935,1.194225,1.194375,-1.0,-1.0,-1
2017-09-18 08:00:00-04:00,1.194375,1.196375,1.194155,1.196135,-1.0,-1.0,-1
2017-09-18 09:00:00-04:00,1.196135,1.196345,1.19466,1.19601,-1.0,-1.0,-1
2017-09-18 10:00:00-04:00,1.19601,1.196715,1.19465,1.19557,-1.0,-1.0,-1
2017-09-18 11:00:00-04:00,1.19557,1.196365,1.19351,1.193955,-1.0,-1.0,-1
2017-09-18 12:00:00-04:00,1.193955,1.19396,1.192245,1.193435,-1.0,-1.0,-1
2017-09-18 13:00:00-04:00,1.193435,1.194215,1.19326,1.19367,-1.0,-1.0,-1
2017-09-18 14:00:00-04:00,1.19367,1.19543,1.19276,1.19501,-1.0,-1.0,-1
2017-09-18 15:00:00-04:00,1.19501,1.19578,1.19456,1.19528,-1.0,-1.0,-1
2017-09-18 16:00:00-04:00,1.19528,1.195925,1.195035,1.19541,-1.0,-1.0,-1
2017-09-18 17:15:00-04:00,1.195275,1.195615,1.195075,1.195155,-1.0,-1.0,-1
2017-09-18 18:00:00-04:00,1.195155,1.19581,1.195155,1.19567,-1.0,-1.0,-1
2017-09-18 19:00:00-04:00,1.19567,1.19613,1.19562,1.196005,-1.0,-1.0,-1
2017-09-18 20:00:00-04:00,1.196005,1.196685,1.195855,1.196415,-1.0,-1.0,-1
2017-09-18 21:00:00-04:00,1.196415,1.197505,1.196405,1.196815,-1.0,-1.0,-1
2017-09-18 22:00:00-04:00,1.196815,1.197055,1.196235,1.19664,-1.0,-1.0,-1
2017-09-18 23:00:00-04:00,1.19664,1.19709,1.19649,1.19708,-1.0,-1.0,-1
2017-09-19 00:00:00-04:00,1.19708,1.197985,1.19677,1.19758,-1.0,-1.0,-1
2017-09-19 01:00:00-04:00,1.19758,1.199185,1.19743,1.198275,-1.0,-1.0,-1
2017-09-19 02:00:00-04:00,1.198275,1.200585,1.19777,1.199475,-1.0,-1.0,-1
2017-09-19 03:00:00-04:00,1.199475,1.200645,1.19823,1.199375,-1.0,-1.0,-1
2017-09-19 04:00:00-04:00,1.199375,1.200385,1.197145,1.198445,-1.0,-1.0,-1
2017-09-19 05:00:00-04:00,1.198445,1.199335,1.19822,1.198905,-1.0,-1.0,-1
2017-09-19 06:00:00-04:00,1.198905,1.199475,1.198265,1.199025,-1.0,-1.0,-1
2017-09-19 07:00:00-04:00,1.199025,1.199275,1.195405,1.197245,-1.0,-1.0,-1
2017-09-19 08:00:00-04:00,1.197245,1.199305,1.196375,1.198445,-1.0,-1.0,-1
2017-09-19 09:00:00-04:00,1.198445,1.199075,1.197585,1.198535,-1.0,-1.0,-1
2017-09-19 10:00:00-04:00,1.198535,1.198675,1.197245,1.197755,-1.0,-1.0,-1
2017-09-19 11:00:00-04:00,1.197755,1.19817,1.196695,1.19807,-1.0,-1.0,-1
2017-09-19 12:00:00-04:00,1.19807,1.198765,1.196045,1.1974,-1.0,-1.0,-1
2017-09-19 13:00:00-04:00,1.1974,1.20007,1.19705,1.199525,-1.0,-1.0,-1
2017-09-19 14:00:00-04:00,1.199525,1.200665,1.19928,1.19954,-1.0,-1.0,-1
2017-09-19 15:00:00-04:00,1.19954,1.200005,1.1993,1.199755,-1.0,-1.0,-1
2017-09-19 16:00:00-04:00,1.199755,1.199815,1.199255,1.199425,-1.0,-1.0,-1
2017-09-19 17:15:00-04:00,1.199345,1.19974,1.19922,1.199575,-1.0,-1.0,-1
2017-09-19 18:00:00-04:00,1.199575,1.199695,1.199365,1.19944,-1.0,-1.0,-1
2017-09-19 19:00:00-04:00,1.19944,1.200085,1.199065,1.19927,-1.0,-1.0,-1
2017-09-19 20:00:00-04:00,1.19927,1.19951,1.19869,1.199195,-1.0,-1.0,-1
2017-09-19 21:00:00-04:00,1.199195,1.201965,1.199085,1.20142,-1.0,-1.0,-1
2017-09-19 22:00:00-04:00,1.20142,1.20179,1.200695,1.200765,-1.0,-1.0,-1
2017-09-19 23:00:00-04:00,1.200765,1.201095,1.20063,1.20078,-1.0,-1.0,-1
2017-09-20 00:00:00-04:00,1.20078,1.200985,1.20037,1.200685,-1.0,-1.0,-1
2017-09-20 01:00:00-04:00,1.200685,1.201485,1.200545,1.201005,-1.0,-1.0,-1
2017-09-20 02:00:00-04:00,1.201005,1.20161,1.19968,1.19995,-1.0,-1.0,-1
2017-09-20 03:00:00-04:00,1.19995,1.201415,1.199585,1.199955,-1.0,-1.0,-1
2017-09-20 04:00:00-04:00,1.199955,1.20124,1.199765,1.200715,-1.0,-1.0,-1
2017-09-20 05:00:00-04:00,1.200715,1.202225,1.20057,1.201265,-1.0,-1.0,-1
2017-09-20 06:00:00-04:00,1.201265,1.201335,1.20005,1.200565,-1.0,-1.0,-1
2017-09-20 07:00:00-04:00,1.200565,1.20088,1.200135,1.200495,-1.0,-1.0,-1
2017-09-20 08:00:00-04:00,1.200495,1.201195,1.198915,1.199215,-1.0,-1.0,-1
2017-09-20 09:00:00-04:00,1.199215,1.200265,1.19911,1.19962,-1.0,-1.0,-1
2017-09-20 10:00:00-04:00,1.19962,1.20018,1.19917,1.199505,-1.0,-1.0,-1
2017-09-20 11:00:00-04:00,1.199505,1.200115,1.198375,1.199765,-1.0,-1.0,-1
2017-09-20 12:00:00-04:00,1.199765,1.200595,1.19975,1.20043,-1.0,-1.0,-1
2017-09-20 13:00:00-04:00,1.20043,1.2015,1.199705,1.20131,-1.0,-1.0,-1
2017-09-20 14:00:00-04:00,1.20131,1.20349,1.18613,1.189035,-1.0,-1.0,-1
2017-09-20 15:00:00-04:00,1.189035,1.189885,1.186815,1.18916,-1.0,-1.0,-1
2017-09-20 16:00:00-04:00,1.18916,1.190215,1.189025,1.1893,-1.0,-1.0,-1
2017-09-20 17:15:00-04:00,1.18919,1.189535,1.18845,1.18941,-1.0,-1.0,-1
2017-09-20 18:00:00-04:00,1.18941,1.18959,1.18861,1.18896,-1.0,-1.0,-1
2017-09-20 19:00:00-04:00,1.18896,1.189135,1.186645,1.187455,-1.0,-1.0,-1
2017-09-20 20:00:00-04:00,1.187455,1.1883,1.18658,1.187755,-1.0,-1.0,-1
2017-09-20 21:00:00-04:00,1.187755,1.18838,1.186705,1.187535,-1.0,-1.0,-1
2017-09-20 22:00:00-04:00,1.187535,1.18857,1.18711,1.188535,-1.0,-1.0,-1
2017-09-20 23:00:00-04:00,1.188535,1.189175,1.18812,1.18854,-1.0,-1.0,-1
2017-09-21 00:00:00-04:00,1.18854,1.18873,1.18821,1.18833,-1.0,-1.0,-1
2017-09-21 01:00:00-04:00,1.18833,1.18869,1.187615,1.188305,-1.0,-1.0,-1
2017-09-21 02:00:00-04:00,1.188305,1.190085,1.187925,1.18963,-1.0,-1.0,-1
2017-09-21 03:00:00-04:00,1.18963,1.190765,1.18765,1.190255,-1.0,-1.0,-1
2017-09-21 04:00:00-04:00,1.190255,1.19184,1.190135,1.191345,-1.0,-1.0,-1
2017-09-21 05:00:00-04:00,1.191345,1.191945,1.1908,1.19134,-1.0,-1.0,-1
2017-09-21 06:00:00-04:00,1.19134,1.191525,1.190265,1.19027,-1.0,-1.0,-1
2017-09-21 07:00:00-04:00,1.19027,1.190515,1.189085,1.190245,-1.0,-1.0,-1
2017-09-21 08:00:00-04:00,1.190245,1.192295,1.18985,1.19165,-1.0,-1.0,-1
2017-09-21 09:00:00-04:00,1.19165,1.192945,1.190865,1.19245,-1.0,-1.0,-1
2017-09-21 10:00:00-04:00,1.19245,1.192635,1.191005,1.192235,-1.0,-1.0,-1
2017-09-21 11:00:00-04:00,1.192235,1.19538,1.19167,1.194665,-1.0,-1.0,-1
2017-09-21 12:00:00-04:00,1.194665,1.195015,1.193195,1.19326,-1.0,-1.0,-1
2017-09-21 13:00:00-04:00,1.19326,1.193915,1.19281,1.193505,-1.0,-1.0,-1
2017-09-21 14:00:00-04:00,1.193505,1.193525,1.193065,1.19307,-1.0,-1.0,-1
2017-09-21 15:00:00-04:00,1.19307,1.19369,1.193055,1.193125,-1.0,-1.0,-1
2017-09-21 16:00:00-04:00,1.193125,1.19427,1.193125,1.194135,-1.0,-1.0,-1
2017-09-21 17:15:00-04:00,1.19407,1.19429,1.1938,1.19402,-1.0,-1.0,-1
2017-09-21 18:00:00-04:00,1.19402,1.194315,1.193765,1.19411,-1.0,-1.0,-1
2017-09-21 19:00:00-04:00,1.19411,1.194875,1.193995,1.194475,-1.0,-1.0,-1
2017-09-21 20:00:00-04:00,1.194475,1.194685,1.193965,1.194165,-1.0,-1.0,-1
2017-09-21 21:00:00-04:00,1.194165,1.195875,1.194095,1.195425,-1.0,-1.0,-1
2017-09-21 22:00:00-04:00,1.195425,1.19597,1.194915,1.19559,-1.0,-1.0,-1
2017-09-21 23:00:00-04:00,1.19559,1.19589,1.195315,1.195745,-1.0,-1.0,-1
2017-09-22 00:00:00-04:00,1.195745,1.19649,1.195405,1.196025,-1.0,-1.0,-1
2017-09-22 01:00:00-04:00,1.196025,1.196985,1.19579,1.196815,-1.0,-1.0,-1
2017-09-22 02:00:00-04:00,1.196815,1.19742,1.195785,1.197025,-1.0,-1.0,-1
2017-09-22 03:00:00-04:00,1.197025,1.19983,1.19649,1.199225,-1.0,-1.0,-1
2017-09-22 04:00:00-04:00,1.199225,1.200285,1.198725,1.199015,-1.0,-1.0,-1
2017-09-22 05:00:00-04:00,1.199015,1.199535,1.19772,1.199525,-1.0,-1.0,-1
2017-09-22 06:00:00-04:00,1.199525,1.200475,1.19592,1.196585,-1.0,-1.0,-1
2017-09-22 07:00:00-04:00,1.196585,1.198055,1.196115,1.196265,-1.0,-1.0,-1
2017-09-22 08:00:00-04:00,1.196265,1.19749,1.195875,1.19717,-1.0,-1.0,-1
2017-09-22 09:00:00-04:00,1.19717,1.197415,1.19582,1.196795,-1.0,-1.0,-1
2017-09-22 10:00:00-04:00,1.196795,1.198385,1.1965,1.196795,-1.0,-1.0,-1
2017-09-22 11:00:00-04:00,1.196795,1.197285,1.19591,1.196885,-1.0,-1.0,-1
2017-09-22 12:00:00-04:00,1.196885,1.196995,1.193705,1.194475,-1.0,-1.0,-1
2017-09-22 13:00:00-04:00,1.194475,1.19494,1.19397,1.194655,-1.0,-1.0,-1
2017-09-22 14:00:00-04:00,1.194655,1.195355,1.19408,1.1943,-1.0,-1.0,-1
2017-09-22 15:00:00-04:00,1.1943,1.194665,1.194005,1.19443,-1.0,-1.0,-1
2017-09-22 16:00:00-04:00,1.19443,1.19542,1.194215,1.19504,-1.0,-1.0,-1
2017-09-24 17:15:00-04:00,1.19085,1.191575,1.189385,1.191495,-1.0,-1.0,-1
2017-09-24 18:00:00-04:00,1.191495,1.19252,1.191375,1.19225,-1.0,-1.0,-1
2017-09-24 19:00:00-04:00,1.19225,1.192715,1.19187,1.19269,-1.0,-1.0,-1
2017-09-24 20:00:00-04:00,1.19269,1.193495,1.19257,1.192825,-1.0,-1.0,-1
2017-09-24 21:00:00-04:00,1.192825,1.193245,1.19188,1.193015,-1.0,-1.0,-1
2017-09-24 22:00:00-04:00,1.193015,1.193355,1.19277,1.19314,-1.0,-1.0,-1
2017-09-24 23:00:00-04:00,1.19314,1.193275,1.192805,1.193275,-1.0,-1.0,-1
2017-09-25 00:00:00-04:00,1.193275,1.193675,1.193135,1.193335,-1.0,-1.0,-1
2017-09-25 01:00:00-04:00,1.193335,1.19357,1.192515,1.192805,-1.0,-1.0,-1
2017-09-25 02:00:00-04:00,1.192805,1.193115,1.190345,1.190975,-1.0,-1.0,-1
2017-09-25 03:00:00-04:00,1.190975,1.192085,1.190015,1.19103,-1.0,-1.0,-1
2017-09-25 04:00:00-04:00,1.19103,1.191525,1.189825,1.190515,-1.0,-1.0,-1
2017-09-25 05:00:00-04:00,1.190515,1.190675,1.18801,1.188645,-1.0,-1.0,-1
2017-09-25 06:00:00-04:00,1.188645,1.188935,1.18689,1.18763,-1.0,-1.0,-1
2017-09-25 07:00:00-04:00,1.18763,1.188125,1.186665,1.1871,-1.0,-1.0,-1
2017-09-25 08:00:00-04:00,1.1871,1.187755,1.186415,1.187295,-1.0,-1.0,-1
2017-09-25 09:00:00-04:00,1.187295,1.189015,1.18621,1.18793,-1.0,-1.0,-1
2017-09-25 10:00:00-04:00,1.18793,1.18886,1.18647,1.186605,-1.0,-1.0,-1
2017-09-25 11:00:00-04:00,1.186605,1.18728,1.184965,1.18512,-1.0,-1.0,-1
2017-09-25 12:00:00-04:00,1.18512,1.185265,1.1832,1.184515,-1.0,-1.0,-1
2017-09-25 13:00:00-04:00,1.184515,1.184525,1.183725,1.18405,-1.0,-1.0,-1
2017-09-25 14:00:00-04:00,1.18405,1.18469,1.183855,1.184515,-1.0,-1.0,-1
2017-09-25 15:00:00-04:00,1.184515,1.185545,1.184455,1.184795,-1.0,-1.0,-1
2017-09-25 16:00:00-04:00,1.184795,1.18494,1.184505,1.184825,-1.0,-1.0,-1
2017-09-25 17:15:00-04:00,1.18494,1.18494,1.18451,1.184675,-1.0,-1.0,-1
2017-09-25 18:00:00-04:00,1.184675,1.1857,1.184605,1.18558,-1.0,-1.0,-1
2017-09-25 19:00:00-04:00,1.18558,1.18572,1.18522,1.185585,-1.0,-1.0,-1
2017-09-25 20:00:00-04:00,1.185585,1.185965,1.184995,1.185435,-1.0,-1.0,-1
2017-09-25 21:00:00-04:00,1.185435,1.18605,1.185285,1.18587,-1.0,-1.0,-1
2017-09-25 22:00:00-04:00,1.18587,1.18613,1.185435,1.185795,-1.0,-1.0,-1
2017-09-25 23:00:00-04:00,1.185795,1.18616,1.185735,1.18613,-1.0,-1.0,-1
2017-09-26 00:00:00-04:00,1.18613,1.186145,1.18534,1.18535,-1.0,-1.0,-1
2017-09-26 01:00:00-04:00,1.18535,1.18539,1.1836,1.184115,-1.0,-1.0,-1
2017-09-26 02:00:00-04:00,1.184115,1.185915,1.184,1.184585,-1.0,-1.0,-1
2017-09-26 03:00:00-04:00,1.184585,1.184655,1.18105,1.18126,-1.0,-1.0,-1
2017-09-26 04:00:00-04:00,1.18126,1.181925,1.180995,1.181735,-1.0,-1.0,-1
2017-09-26 05:00:00-04:00,1.181735,1.182925,1.18129,1.181485,-1.0,-1.0,-1
2017-09-26 06:00:00-04:00,1.181485,1.181645,1.178595,1.178995,-1.0,-1.0,-1
2017-09-26 07:00:00-04:00,1.178995,1.179795,1.17823,1.178875,-1.0,-1.0,-1
2017-09-26 08:00:00-04:00,1.178875,1.179585,1.178105,1.179195,-1.0,-1.0,-1
2017-09-26 09:00:00-04:00,1.179195,1.179745,1.178025,1.17807,-1.0,-1.0,-1
2017-09-26 10:00:00-04:00,1.17807,1.179035,1.176415,1.176615,-1.0,-1.0,-1
2017-09-26 11:00:00-04:00,1.176615,1.17742,1.176595,1.177025,-1.0,-1.0,-1
2017-09-26 12:00:00-04:00,1.177025,1.179545,1.175735,1.178215,-1.0,-1.0,-1
2017-09-26 13:00:00-04:00,1.178215,1.181045,1.178155,1.180935,-1.0,-1.0,-1
2017-09-26 14:00:00-04:00,1.180935,1.18105,1.17941,1.179875,-1.0,-1.0,-1
2017-09-26 15:00:00-04:00,1.179875,1.17991,1.178725,1.17927,-1.0,-1.0,-1
2017-09-26 16:00:00-04:00,1.17927,1.17946,1.178515,1.179315,-1.0,-1.0,-1
2017-09-26 17:15:00-04:00,1.17936,1.179405,1.179065,1.179135,-1.0,-1.0,-1
2017-09-26 18:00:00-04:00,1.179135,1.179235,1.178925,1.178975,-1.0,-1.0,-1
2017-09-26 19:00:00-04:00,1.178975,1.17903,1.178225,1.17842,-1.0,-1.0,-1
2017-09-26 20:00:00-04:00,1.17842,1.178805,1.17768,1.1788,-1.0,-1.0,-1
2017-09-26 21:00:00-04:00,1.1788,1.179525,1.17867,1.17893,-1.0,-1.0,-1
2017-09-26 22:00:00-04:00,1.17893,1.17903,1.178665,1.178895,-1.0,-1.0,-1
2017-09-26 23:00:00-04:00,1.178895,1.17923,1.178585,1.179115,-1.0,-1.0,-1
2017-09-27 00:00:00-04:00,1.179115,1.17924,1.177775,1.177945,-1.0,-1.0,-1
2017-09-27 01:00:00-04:00,1.177945,1.17841,1.17706,1.17747,-1.0,-1.0,-1
2017-09-27 02:00:00-04:00,1.17747,1.177955,1.175655,1.175875,-1.0,-1.0,-1
2017-09-27 03:00:00-04:00,1.175875,1.17601,1.17424,1.175695,-1.0,-1.0,-1
2017-09-27 04:00:00-04:00,1.175695,1.17574,1.173125,1.17361,-1.0,-1.0,-1
2017-09-27 05:00:00-04:00,1.17361,1.174995,1.173445,1.174845,-1.0,-1.0,-1
2017-09-27 06:00:00-04:00,1.174845,1.175695,1.174475,1.174645,-1.0,-1.0,-1
2017-09-27 07:00:00-04:00,1.174645,1.174685,1.173215,1.17447,-1.0,-1.0,-1
2017-09-27 08:00:00-04:00,1.17447,1.17458,1.17183,1.17201,-1.0,-1.0,-1
2017-09-27 09:00:00-04:00,1.17201,1.173005,1.171725,1.172585,-1.0,-1.0,-1
2017-09-27 10:00:00-04:00,1.172585,1.17464,1.171835,1.17321,-1.0,-1.0,-1
2017-09-27 11:00:00-04:00,1.17321,1.175025,1.172825,1.17468,-1.0,-1.0,-1
2017-09-27 12:00:00-04:00,1.17468,1.17766,1.17458,1.175235,-1.0,-1.0,-1
2017-09-27 13:00:00-04:00,1.175235,1.176565,1.174815,1.175835,-1.0,-1.0,-1
2017-09-27 14:00:00-04:00,1.175835,1.176435,1.17496,1.175745,-1.0,-1.0,-1
2017-09-27 15:00:00-04:00,1.175745,1.17576,1.174585,1.175005,-1.0,-1.0,-1
2017-09-27 16:00:00-04:00,1.175005,1.175445,1.17445,1.174495,-1.0,-1.0,-1
2017-09-27 17:15:00-04:00,1.1747,1.174725,1.17426,1.174415,-1.0,-1.0,-1
2017-09-27 18:00:00-04:00,1.174415,1.17478,1.17408,1.174255,-1.0,-1.0,-1
2017-09-27 19:00:00-04:00,1.174255,1.17511,1.174175,1.174995,-1.0,-1.0,-1
2017-09-27 20:00:00-04:00,1.174995,1.175625,1.17465,1.17484,-1.0,-1.0,-1
2017-09-27 21:00:00-04:00,1.17484,1.17511,1.173325,1.173885,-1.0,-1.0,-1
2017-09-27 22:00:00-04:00,1.173885,1.17434,1.17367,1.174,-1.0,-1.0,-1
2017-09-27 23:00:00-04:00,1.174,1.174115,1.172695,1.17307,-1.0,-1.0,-1
2017-09-28 00:00:00-04:00,1.17307,1.17348,1.1727,1.17319,-1.0,-1.0,-1
2017-09-28 01:00:00-04:00,1.17319,1.17362,1.172125,1.172555,-1.0,-1.0,-1
2017-09-28 02:00:00-04:00,1.172555,1.175165,1.172165,1.174235,-1.0,-1.0,-1
2017-09-28 03:00:00-04:00,1.174235,1.1757,1.172385,1.175505,-1.0,-1.0,-1
2017-09-28 04:00:00-04:00,1.175505,1.17725,1.174975,1.176655,-1.0,-1.0,-1
2017-09-28 05:00:00-04:00,1.176655,1.17747,1.175875,1.176705,-1.0,-1.0,-1
2017-09-28 06:00:00-04:00,1.176705,1.17838,1.176345,1.17789,-1.0,-1.0,-1
2017-09-28 07:00:00-04:00,1.17789,1.178465,1.177385,1.177395,-1.0,-1.0,-1
2017-09-28 08:00:00-04:00,1.177395,1.178445,1.176675,1.176695,-1.0,-1.0,-1
2017-09-28 09:00:00-04:00,1.176695,1.17955,1.176655,1.179495,-1.0,-1.0,-1
2017-09-28 10:00:00-04:00,1.179495,1.18043,1.178045,1.17842,-1.0,-1.0,-1
2017-09-28 11:00:00-04:00,1.17842,1.179265,1.177625,1.177675,-1.0,-1.0,-1
2017-09-28 12:00:00-04:00,1.177675,1.178675,1.177305,1.178405,-1.0,-1.0,-1
2017-09-28 13:00:00-04:00,1.178405,1.179185,1.177975,1.17891,-1.0,-1.0,-1
2017-09-28 14:00:00-04:00,1.17891,1.179365,1.178235,1.17915,-1.0,-1.0,-1
2017-09-28 15:00:00-04:00,1.17915,1.17915,1.177825,1.177845,-1.0,-1.0,-1
2017-09-28 16:00:00-04:00,1.177845,1.178745,1.177825,1.178625,-1.0,-1.0,-1
2017-09-28 17:15:00-04:00,1.178625,1.17888,1.178215,1.17836,-1.0,-1.0,-1
2017-09-28 18:00:00-04:00,1.17836,1.178505,1.17808,1.178125,-1.0,-1.0,-1
2017-09-28 19:00:00-04:00,1.178125,1.178325,1.177825,1.178145,-1.0,-1.0,-1
2017-09-28 20:00:00-04:00,1.178145,1.178935,1.177725,1.17863,-1.0,-1.0,-1
2017-09-28 21:00:00-04:00,1.17863,1.179075,1.17797,1.177985,-1.0,-1.0,-1
2017-09-28 22:00:00-04:00,1.177985,1.178245,1.17756,1.177585,-1.0,-1.0,-1
2017-09-28 23:00:00-04:00,1.177585,1.17852,1.177585,1.17844,-1.0,-1.0,-1
2017-09-29 00:00:00-04:00,1.17844,1.178645,1.17783,1.177895,-1.0,-1.0,-1
2017-09-29 01:00:00-04:00,1.177895,1.178085,1.17736,1.177445,-1.0,-1.0,-1
2017-09-29 02:00:00-04:00,1.177445,1.180125,1.17727,1.17962,-1.0,-1.0,-1
2017-09-29 03:00:00-04:00,1.17962,1.180895,1.178815,1.179405,-1.0,-1.0,-1
2017-09-29 04:00:00-04:00,1.179405,1.180585,1.179325,1.179965,-1.0,-1.0,-1
2017-09-29 05:00:00-04:00,1.179965,1.18022,1.17888,1.18012,-1.0,-1.0,-1
2017-09-29 06:00:00-04:00,1.18012,1.181475,1.17987,1.181255,-1.0,-1.0,-1
2017-09-29 07:00:00-04:00,1.181255,1.181855,1.18103,1.181225,-1.0,-1.0,-1
2017-09-29 08:00:00-04:00,1.181225,1.183255,1.18021,1.182925,-1.0,-1.0,-1
2017-09-29 09:00:00-04:00,1.182925,1.183195,1.179155,1.179565,-1.0,-1.0,-1
2017-09-29 10:00:00-04:00,1.179565,1.182505,1.17944,1.182045,-1.0,-1.0,-1
2017-09-29 11:00:00-04:00,1.182045,1.182315,1.1809,1.181275,-1.0,-1.0,-1
2017-09-29 12:00:00-04:00,1.181275,1.181375,1.17995,1.18029,-1.0,-1.0,-1
2017-09-29 13:00:00-04:00,1.18029,1.18114,1.179995,1.180425,-1.0,-1.0,-1
2017-09-29 14:00:00-04:00,1.180425,1.18243,1.180325,1.18123,-1.0,-1.0,-1
2017-09-29 15:00:00-04:00,1.18123,1.182615,1.181185,1.181955,-1.0,-1.0,-1
2017-09-29 16:00:00-04:00,1.181955,1.182365,1.18097,1.181505,-1.0,-1.0,-1
2017-10-01 17:15:00-04:00,1.18057,1.180885,1.180065,1.180715,-1.0,-1.0,-1
2017-10-01 18:00:00-04:00,1.180715,1.181545,1.18032,1.181105,-1.0,-1.0,-1
2017-10-01 19:00:00-04:00,1.181105,1.181145,1.1806,1.180825,-1.0,-1.0,-1
2017-10-01 20:00:00-04:00,1.180825,1.180825,1.17878,1.17895,-1.0,-1.0,-1
2017-10-01 21:00:00-04:00,1.17895,1.17914,1.177045,1.17743,-1.0,-1.0,-1
2017-10-01 22:00:00-04:00,1.17743,1.178,1.17717,1.177595,-1.0,-1.0,-1
2017-10-01 23:00:00-04:00,1.177595,1.17787,1.177325,1.17783,-1.0,-1.0,-1
2017-10-02 00:00:00-04:00,1.17783,1.178025,1.17736,1.177665,-1.0,-1.0,-1
2017-10-02 01:00:00-04:00,1.177665,1.177675,1.176075,1.176345,-1.0,-1.0,-1
2017-10-02 02:00:00-04:00,1.176345,1.176875,1.175445,1.176435,-1.0,-1.0,-1
2017-10-02 03:00:00-04:00,1.176435,1.17659,1.173495,1.174215,-1.0,-1.0,-1
2017-10-02 04:00:00-04:00,1.174215,1.17526,1.173375,1.174525,-1.0,-1.0,-1
2017-10-02 05:00:00-04:00,1.174525,1.17486,1.173045,1.173145,-1.0,-1.0,-1
2017-10-02 06:00:00-04:00,1.173145,1.174645,1.173025,1.17455,-1.0,-1.0,-1
2017-10-02 07:00:00-04:00,1.17455,1.175145,1.17379,1.17383,-1.0,-1.0,-1
2017-10-02 08:00:00-04:00,1.17383,1.176335,1.17372,1.175785,-1.0,-1.0,-1
2017-10-02 09:00:00-04:00,1.175785,1.17611,1.174645,1.17518,-1.0,-1.0,-1
2017-10-02 10:00:00-04:00,1.17518,1.175865,1.17348,1.17354,-1.0,-1.0,-1
2017-10-02 11:00:00-04:00,1.17354,1.17462,1.17306,1.17443,-1.0,-1.0,-1
2017-10-02 12:00:00-04:00,1.17443,1.17486,1.174045,1.174285,-1.0,-1.0,-1
2017-10-02 13:00:00-04:00,1.174285,1.174425,1.17336,1.173915,-1.0,-1.0,-1
2017-10-02 14:00:00-04:00,1.173915,1.174975,1.173685,1.17433,-1.0,-1.0,-1
2017-10-02 15:00:00-04:00,1.17433,1.17461,1.173305,1.17352,-1.0,-1.0,-1
2017-10-02 16:00:00-04:00,1.17352,1.173695,1.173155,1.173285,-1.0,-1.0,-1
2017-10-02 17:15:00-04:00,1.17357,1.173605,1.173095,1.17337,-1.0,-1.0,-1
2017-10-02 18:00:00-04:00,1.17337,1.17403,1.17324,1.17388,-1.0,-1.0,-1
2017-10-02 19:00:00-04:00,1.17388,1.17399,1.173135,1.173175,-1.0,-1.0,-1
2017-10-02 20:00:00-04:00,1.173175,1.17342,1.171925,1.171995,-1.0,-1.0,-1
2017-10-02 21:00:00-04:00,1.171995,1.172055,1.170415,1.170605,-1.0,-1.0,-1
2017-10-02 22:00:00-04:00,1.170605,1.171385,1.170195,1.17124,-1.0,-1.0,-1
2017-10-02 23:00:00-04:00,1.17124,1.171475,1.170375,1.170485,-1.0,-1.0,-1
2017-10-03 00:00:00-04:00,1.170485,1.170925,1.170425,1.17066,-1.0,-1.0,-1
2017-10-03 01:00:00-04:00,1.17066,1.170935,1.169635,1.1706,-1.0,-1.0,-1
2017-10-03 02:00:00-04:00,1.1706,1.172435,1.170245,1.172315,-1.0,-1.0,-1
2017-10-03 03:00:00-04:00,1.172315,1.174395,1.17197,1.17431,-1.0,-1.0,-1
2017-10-03 04:00:00-04:00,1.17431,1.174775,1.1733,1.173305,-1.0,-1.0,-1
2017-10-03 05:00:00-04:00,1.173305,1.174975,1.17326,1.173615,-1.0,-1.0,-1
2017-10-03 06:00:00-04:00,1.173615,1.175895,1.17359,1.175615,-1.0,-1.0,-1
2017-10-03 07:00:00-04:00,1.175615,1.17622,1.174925,1.174955,-1.0,-1.0,-1
2017-10-03 08:00:00-04:00,1.174955,1.175345,1.173785,1.174885,-1.0,-1.0,-1
2017-10-03 09:00:00-04:00,1.174885,1.17614,1.174745,1.175505,-1.0,-1.0,-1
2017-10-03 10:00:00-04:00,1.175505,1.177345,1.175305,1.175325,-1.0,-1.0,-1
2017-10-03 11:00:00-04:00,1.175325,1.176405,1.175325,1.17587,-1.0,-1.0,-1
2017-10-03 12:00:00-04:00,1.17587,1.17604,1.17499,1.175305,-1.0,-1.0,-1
2017-10-03 13:00:00-04:00,1.175305,1.175625,1.174485,1.174655,-1.0,-1.0,-1
2017-10-03 14:00:00-04:00,1.174655,1.17501,1.17392,1.174985,-1.0,-1.0,-1
2017-10-03 15:00:00-04:00,1.174985,1.175305,1.174535,1.174935,-1.0,-1.0,-1
2017-10-03 16:00:00-04:00,1.174935,1.175065,1.174325,1.1744,-1.0,-1.0,-1
2017-10-03 17:15:00-04:00,1.174195,1.17429,1.17351,1.1737,-1.0,-1.0,-1
2017-10-03 18:00:00-04:00,1.1737,1.174515,1.17366,1.17434,-1.0,-1.0,-1
2017-10-03 19:00:00-04:00,1.17434,1.174925,1.174165,1.174785,-1.0,-1.0,-1
2017-10-03 20:00:00-04:00,1.174785,1.177975,1.17466,1.177475,-1.0,-1.0,-1
2017-10-03 21:00:00-04:00,1.177475,1.17765,1.17666,1.17726,-1.0,-1.0,-1
2017-10-03 22:00:00-04:00,1.17726,1.17798,1.17662,1.17681,-1.0,-1.0,-1
2017-10-03 23:00:00-04:00,1.17681,1.17719,1.17648,1.17676,-1.0,-1.0,-1
2017-10-04 00:00:00-04:00,1.17676,1.177075,1.17636,1.17673,-1.0,-1.0,-1
2017-10-04 01:00:00-04:00,1.17673,1.17739,1.17657,1.177105,-1.0,-1.0,-1
2017-10-04 02:00:00-04:00,1.177105,1.177695,1.176265,1.17639,-1.0,-1.0,-1
2017-10-04 03:00:00-04:00,1.17639,1.176435,1.174675,1.175715,-1.0,-1.0,-1
2017-10-04 04:00:00-04:00,1.175715,1.17666,1.1756,1.175665,-1.0,-1.0,-1
2017-10-04 05:00:00-04:00,1.175665,1.17593,1.175315,1.17589,-1.0,-1.0,-1
2017-10-04 06:00:00-04:00,1.17589,1.178095,1.17579,1.177435,-1.0,-1.0,-1
2017-10-04 07:00:00-04:00,1.177435,1.178725,1.17668,1.178005,-1.0,-1.0,-1
2017-10-04 08:00:00-04:00,1.178005,1.17877,1.176215,1.177185,-1.0,-1.0,-1
2017-10-04 09:00:00-04:00,1.177185,1.17732,1.175605,1.17642,-1.0,-1.0,-1
2017-10-04 10:00:00-04:00,1.17642,1.176535,1.17466,1.175955,-1.0,-1.0,-1
2017-10-04 11:00:00-04:00,1.175955,1.176445,1.175375,1.176115,-1.0,-1.0,-1
2017-10-04 12:00:00-04:00,1.176115,1.176655,1.17569,1.17631,-1.0,-1.0,-1
2017-10-04 13:00:00-04:00,1.17631,1.17648,1.17546,1.176395,-1.0,-1.0,-1
2017-10-04 14:00:00-04:00,1.176395,1.176585,1.17604,1.17643,-1.0,-1.0,-1
2017-10-04 15:00:00-04:00,1.17643,1.17661,1.17616,1.176285,-1.0,-1.0,-1
2017-10-04 16:00:00-04:00,1.176285,1.17662,1.17585,1.175945,-1.0,-1.0,-1
2017-10-04 17:15:00-04:00,1.175995,1.176085,1.17556,1.175715,-1.0,-1.0,-1
2017-10-04 18:00:00-04:00,1.175715,1.17632,1.175635,1.17611,-1.0,-1.0,-1
2017-10-04 19:00:00-04:00,1.17611,1.176265,1.175525,1.17568,-1.0,-1.0,-1
2017-10-04 20:00:00-04:00,1.17568,1.175905,1.17518,1.17546,-1.0,-1.0,-1
2017-10-04 21:00:00-04:00,1.17546,1.1758,1.17513,1.175735,-1.0,-1.0,-1
2017-10-04 22:00:00-04:00,1.175735,1.175915,1.175575,1.175775,-1.0,-1.0,-1
2017-10-04 23:00:00-04:00,1.175775,1.17583,1.175475,1.17551,-1.0,-1.0,-1
2017-10-05 00:00:00-04:00,1.17551,1.175955,1.175425,1.17594,-1.0,-1.0,-1
2017-10-05 01:00:00-04:00,1.17594,1.17642,1.175375,1.17543,-1.0,-1.0,-1
2017-10-05 02:00:00-04:00,1.17543,1.176485,1.17481,1.17636,-1.0,-1.0,-1
2017-10-05 03:00:00-04:00,1.17636,1.17789,1.17598,1.177145,-1.0,-1.0,-1
2017-10-05 04:00:00-04:00,1.177145,1.17773,1.17687,1.17754,-1.0,-1.0,-1
2017-10-05 05:00:00-04:00,1.17754,1.1776,1.176245,1.176365,-1.0,-1.0,-1
2017-10-05 06:00:00-04:00,1.176365,1.176595,1.174255,1.174655,-1.0,-1.0,-1
2017-10-05 07:00:00-04:00,1.174655,1.174935,1.173495,1.17367,-1.0,-1.0,-1
2017-10-05 08:00:00-04:00,1.17367,1.174545,1.172505,1.17307,-1.0,-1.0,-1
2017-10-05 09:00:00-04:00,1.17307,1.173395,1.17124,1.172225,-1.0,-1.0,-1
2017-10-05 10:00:00-04:00,1.172225,1.17354,1.17135,1.17142,-1.0,-1.0,-1
2017-10-05 11:00:00-04:00,1.17142,1.17159,1.170305,1.17054,-1.0,-1.0,-1
2017-10-05 12:00:00-04:00,1.17054,1.171225,1.170425,1.170925,-1.0,-1.0,-1
2017-10-05 13:00:00-04:00,1.170925,1.17103,1.170005,1.170495,-1.0,-1.0,-1
2017-10-05 14:00:00-04:00,1.170495,1.170665,1.1699,1.170455,-1.0,-1.0,-1
2017-10-05 15:00:00-04:00,1.170455,1.170745,1.170335,1.170545,-1.0,-1.0,-1
2017-10-05 16:00:00-04:00,1.170545,1.171215,1.17032,1.17114,-1.0,-1.0,-1
2017-10-05 17:15:00-04:00,1.17107,1.171445,1.17095,1.17113,-1.0,-1.0,-1
2017-10-05 18:00:00-04:00,1.17113,1.171185,1.17096,1.171045,-1.0,-1.0,-1
2017-10-05 19:00:00-04:00,1.171045,1.171485,1.170715,1.17142,-1.0,-1.0,-1
2017-10-05 20:00:00-04:00,1.17142,1.171455,1.169925,1.171155,-1.0,-1.0,-1
2017-10-05 21:00:00-04:00,1.171155,1.17157,1.170765,1.17094,-1.0,-1.0,-1
2017-10-05 22:00:00-04:00,1.17094,1.17139,1.170835,1.170835,-1.0,-1.0,-1
2017-10-05 23:00:00-04:00,1.170835,1.170845,1.169455,1.169675,-1.0,-1.0,-1
2017-10-06 00:00:00-04:00,1.169675,1.170065,1.168605,1.169975,-1.0,-1.0,-1
2017-10-06 01:00:00-04:00,1.169975,1.170245,1.16935,1.16994,-1.0,-1.0,-1
2017-10-06 02:00:00-04:00,1.16994,1.17067,1.16895,1.169535,-1.0,-1.0,-1
2017-10-06 03:00:00-04:00,1.169535,1.169905,1.168605,1.16889,-1.0,-1.0,-1
2017-10-06 04:00:00-04:00,1.16889,1.17008,1.16872,1.169635,-1.0,-1.0,-1
2017-10-06 05:00:00-04:00,1.169635,1.170755,1.169405,1.17048,-1.0,-1.0,-1
2017-10-06 06:00:00-04:00,1.17048,1.171475,1.17025,1.170755,-1.0,-1.0,-1
2017-10-06 07:00:00-04:00,1.170755,1.171215,1.170465,1.170685,-1.0,-1.0,-1
2017-10-06 08:00:00-04:00,1.170685,1.17148,1.16694,1.169075,-1.0,-1.0,-1
2017-10-06 09:00:00-04:00,1.169075,1.170765,1.168905,1.169785,-1.0,-1.0,-1
2017-10-06 10:00:00-04:00,1.169785,1.173885,1.168405,1.173175,-1.0,-1.0,-1
2017-10-06 11:00:00-04:00,1.173175,1.173835,1.17189,1.17329,-1.0,-1.0,-1
2017-10-06 12:00:00-04:00,1.17329,1.17359,1.17232,1.172385,-1.0,-1.0,-1
2017-10-06 13:00:00-04:00,1.172385,1.17348,1.172385,1.17325,-1.0,-1.0,-1
2017-10-06 14:00:00-04:00,1.17325,1.173495,1.17255,1.17338,-1.0,-1.0,-1
2017-10-06 15:00:00-04:00,1.17338,1.17356,1.173015,1.1733,-1.0,-1.0,-1
2017-10-06 16:00:00-04:00,1.1733,1.173755,1.172905,1.173285,-1.0,-1.0,-1
2017-10-08 17:15:00-04:00,1.173925,1.175245,1.17348,1.17375,-1.0,-1.0,-1
2017-10-08 18:00:00-04:00,1.17375,1.174225,1.173355,1.173925,-1.0,-1.0,-1
2017-10-08 19:00:00-04:00,1.173925,1.17437,1.1738,1.174265,-1.0,-1.0,-1
2017-10-08 20:00:00-04:00,1.174265,1.174425,1.17353,1.173675,-1.0,-1.0,-1
2017-10-08 21:00:00-04:00,1.173675,1.17438,1.17317,1.173585,-1.0,-1.0,-1
2017-10-08 22:00:00-04:00,1.173585,1.17477,1.173585,1.17413,-1.0,-1.0,-1
2017-10-08 23:00:00-04:00,1.17413,1.174265,1.17359,1.173645,-1.0,-1.0,-1
2017-10-09 00:00:00-04:00,1.173645,1.17393,1.173445,1.17356,-1.0,-1.0,-1
2017-10-09 01:00:00-04:00,1.17356,1.173705,1.173265,1.173685,-1.0,-1.0,-1
2017-10-09 02:00:00-04:00,1.173685,1.174135,1.17234,1.172735,-1.0,-1.0,-1
2017-10-09 03:00:00-04:00,1.172735,1.17307,1.171945,1.172805,-1.0,-1.0,-1
2017-10-09 04:00:00-04:00,1.172805,1.17412,1.17251,1.173565,-1.0,-1.0,-1
2017-10-09 05:00:00-04:00,1.173565,1.174525,1.173355,1.17437,-1.0,-1.0,-1
2017-10-09 06:00:00-04:00,1.17437,1.174675,1.173985,1.17455,-1.0,-1.0,-1
2017-10-09 07:00:00-04:00,1.17455,1.174795,1.173985,1.17468,-1.0,-1.0,-1
2017-10-09 08:00:00-04:00,1.17468,1.174725,1.17374,1.173875,-1.0,-1.0,-1
2017-10-09 09:00:00-04:00,1.173875,1.173995,1.173105,1.17311,-1.0,-1.0,-1
2017-10-09 10:00:00-04:00,1.17311,1.17392,1.172515,1.173805,-1.0,-1.0,-1
2017-10-09 11:00:00-04:00,1.173805,1.174665,1.173625,1.174285,-1.0,-1.0,-1
2017-10-09 12:00:00-04:00,1.174285,1.1756,1.1742,1.174965,-1.0,-1.0,-1
2017-10-09 13:00:00-04:00,1.174965,1.17554,1.1747,1.17514,-1.0,-1.0,-1
2017-10-09 14:00:00-04:00,1.17514,1.17528,1.174705,1.174955,-1.0,-1.0,-1
2017-10-09 15:00:00-04:00,1.174955,1.1756,1.174855,1.17513,-1.0,-1.0,-1
2017-10-09 16:00:00-04:00,1.17513,1.175165,1.173915,1.174045,-1.0,-1.0,-1
2017-10-09 17:15:00-04:00,1.17408,1.17425,1.173975,1.174125,-1.0,-1.0,-1
2017-10-09 18:00:00-04:00,1.174125,1.174395,1.17394,1.174135,-1.0,-1.0,-1
2017-10-09 19:00:00-04:00,1.174135,1.174315,1.174015,1.17412,-1.0,-1.0,-1
2017-10-09 20:00:00-04:00,1.17412,1.174895,1.17406,1.174865,-1.0,-1.0,-1
2017-10-09 21:00:00-04:00,1.174865,1.178245,1.17479,1.17769,-1.0,-1.0,-1
2017-10-09 22:00:00-04:00,1.17769,1.178155,1.17718,1.17718,-1.0,-1.0,-1
2017-10-09 23:00:00-04:00,1.17718,1.17736,1.17668,1.17669,-1.0,-1.0,-1
2017-10-10 00:00:00-04:00,1.17669,1.177365,1.17659,1.17706,-1.0,-1.0,-1
2017-10-10 01:00:00-04:00,1.17706,1.17748,1.17678,1.1771,-1.0,-1.0,-1
2017-10-10 02:00:00-04:00,1.1771,1.178925,1.17657,1.177765,-1.0,-1.0,-1
2017-10-10 03:00:00-04:00,1.177765,1.17777,1.17624,1.176525,-1.0,-1.0,-1
2017-10-10 04:00:00-04:00,1.176525,1.178595,1.176525,1.17786,-1.0,-1.0,-1
2017-10-10 05:00:00-04:00,1.17786,1.180255,1.177475,1.18017,-1.0,-1.0,-1
2017-10-10 06:00:00-04:00,1.18017,1.180715,1.177905,1.178175,-1.0,-1.0,-1
2017-10-10 07:00:00-04:00,1.178175,1.179645,1.177345,1.179615,-1.0,-1.0,-1
2017-10-10 08:00:00-04:00,1.179615,1.179765,1.178515,1.178715,-1.0,-1.0,-1
2017-10-10 09:00:00-04:00,1.178715,1.180545,1.178235,1.180295,-1.0,-1.0,-1
2017-10-10 10:00:00-04:00,1.180295,1.181825,1.180105,1.181765,-1.0,-1.0,-1
2017-10-10 11:00:00-04:00,1.181765,1.181775,1.180305,1.180395,-1.0,-1.0,-1
2017-10-10 12:00:00-04:00,1.180395,1.180485,1.179555,1.180255,-1.0,-1.0,-1
2017-10-10 13:00:00-04:00,1.180255,1.18255,1.179595,1.18038,-1.0,-1.0,-1
2017-10-10 14:00:00-04:00,1.18038,1.18116,1.18006,1.18038,-1.0,-1.0,-1
2017-10-10 15:00:00-04:00,1.18038,1.18162,1.180245,1.181535,-1.0,-1.0,-1
2017-10-10 16:00:00-04:00,1.181535,1.181765,1.180745,1.18082,-1.0,-1.0,-1
2017-10-10 17:15:00-04:00,1.180835,1.18113,1.180705,1.18087,-1.0,-1.0,-1
2017-10-10 18:00:00-04:00,1.18087,1.181175,1.18077,1.181085,-1.0,-1.0,-1
2017-10-10 19:00:00-04:00,1.181085,1.18171,1.18099,1.181365,-1.0,-1.0,-1
2017-10-10 20:00:00-04:00,1.181365,1.182765,1.181265,1.181955,-1.0,-1.0,-1
2017-10-10 21:00:00-04:00,1.181955,1.18242,1.1811,1.181125,-1.0,-1.0,-1
2017-10-10 22:00:00-04:00,1.181125,1.181135,1.179525,1.18024,-1.0,-1.0,-1
2017-10-10 23:00:00-04:00,1.18024,1.18097,1.180025,1.18081,-1.0,-1.0,-1
2017-10-11 00:00:00-04:00,1.18081,1.182045,1.180745,1.18139,-1.0,-1.0,-1
2017-10-11 01:00:00-04:00,1.18139,1.181815,1.181255,1.18161,-1.0,-1.0,-1
2017-10-11 02:00:00-04:00,1.18161,1.183425,1.18152,1.18218,-1.0,-1.0,-1
2017-10-11 03:00:00-04:00,1.18218,1.183065,1.181425,1.182675,-1.0,-1.0,-1
2017-10-11 04:00:00-04:00,1.182675,1.184495,1.18258,1.182715,-1.0,-1.0,-1
2017-10-11 05:00:00-04:00,1.182715,1.182805,1.180145,1.180655,-1.0,-1.0,-1
2017-10-11 06:00:00-04:00,1.180655,1.18228,1.18052,1.18227,-1.0,-1.0,-1
2017-10-11 07:00:00-04:00,1.18227,1.183125,1.181835,1.18289,-1.0,-1.0,-1
2017-10-11 08:00:00-04:00,1.18289,1.184695,1.18273,1.18441,-1.0,-1.0,-1
2017-10-11 09:00:00-04:00,1.18441,1.185855,1.183695,1.185495,-1.0,-1.0,-1
2017-10-11 10:00:00-04:00,1.185495,1.185615,1.18388,1.184435,-1.0,-1.0,-1
2017-10-11 11:00:00-04:00,1.184435,1.18569,1.184235,1.18472,-1.0,-1.0,-1
2017-10-11 12:00:00-04:00,1.18472,1.185085,1.18406,1.184565,-1.0,-1.0,-1
2017-10-11 13:00:00-04:00,1.184565,1.18493,1.184115,1.18431,-1.0,-1.0,-1
2017-10-11 14:00:00-04:00,1.18431,1.185895,1.184005,1.185385,-1.0,-1.0,-1
2017-10-11 15:00:00-04:00,1.185385,1.18692,1.184875,1.18666,-1.0,-1.0,-1
2017-10-11 16:00:00-04:00,1.18666,1.186865,1.18577,1.18595,-1.0,-1.0,-1
2017-10-11 17:15:00-04:00,1.18607,1.18621,1.185755,1.186085,-1.0,-1.0,-1
2017-10-11 18:00:00-04:00,1.186085,1.186495,1.185995,1.186285,-1.0,-1.0,-1
2017-10-11 19:00:00-04:00,1.186285,1.18657,1.185995,1.18643,-1.0,-1.0,-1
2017-10-11 20:00:00-04:00,1.18643,1.187165,1.185855,1.186415,-1.0,-1.0,-1
2017-10-11 21:00:00-04:00,1.186415,1.18759,1.186285,1.187005,-1.0,-1.0,-1
2017-10-11 22:00:00-04:00,1.187005,1.187535,1.186745,1.18742,-1.0,-1.0,-1
2017-10-11 23:00:00-04:00,1.18742,1.187795,1.18723,1.18752,-1.0,-1.0,-1
2017-10-12 00:00:00-04:00,1.18752,1.18783,1.187375,1.187625,-1.0,-1.0,-1
2017-10-12 01:00:00-04:00,1.187625,1.187985,1.18721,1.187805,-1.0,-1.0,-1
2017-10-12 02:00:00-04:00,1.187805,1.187885,1.186465,1.18667,-1.0,-1.0,-1
2017-10-12 03:00:00-04:00,1.18667,1.186885,1.18561,1.186715,-1.0,-1.0,-1
2017-10-12 04:00:00-04:00,1.186715,1.18672,1.18596,1.18623,-1.0,-1.0,-1
2017-10-12 05:00:00-04:00,1.18623,1.186605,1.185105,1.185235,-1.0,-1.0,-1
2017-10-12 06:00:00-04:00,1.185235,1.18567,1.185125,1.185365,-1.0,-1.0,-1
2017-10-12 07:00:00-04:00,1.185365,1.186195,1.185155,1.185435,-1.0,-1.0,-1
2017-10-12 08:00:00-04:00,1.185435,1.185835,1.18405,1.18474,-1.0,-1.0,-1
2017-10-12 09:00:00-04:00,1.18474,1.185195,1.182885,1.183295,-1.0,-1.0,-1
2017-10-12 10:00:00-04:00,1.183295,1.184965,1.183065,1.184675,-1.0,-1.0,-1
2017-10-12 11:00:00-04:00,1.184675,1.184785,1.183435,1.184045,-1.0,-1.0,-1
2017-10-12 12:00:00-04:00,1.184045,1.184735,1.183415,1.18351,-1.0,-1.0,-1
2017-10-12 13:00:00-04:00,1.18351,1.18507,1.182705,1.184685,-1.0,-1.0,-1
2017-10-12 14:00:00-04:00,1.184685,1.184905,1.1834,1.18351,-1.0,-1.0,-1
2017-10-12 15:00:00-04:00,1.18351,1.183835,1.18301,1.18351,-1.0,-1.0,-1
2017-10-12 16:00:00-04:00,1.18351,1.18351,1.182775,1.183005,-1.0,-1.0,-1
2017-10-12 17:15:00-04:00,1.18303,1.183475,1.182885,1.18316,-1.0,-1.0,-1
2017-10-12 18:00:00-04:00,1.18316,1.183795,1.18302,1.183495,-1.0,-1.0,-1
2017-10-12 19:00:00-04:00,1.183495,1.183505,1.182535,1.183115,-1.0,-1.0,-1
2017-10-12 20:00:00-04:00,1.183115,1.184465,1.182885,1.18443,-1.0,-1.0,-1
2017-10-12 21:00:00-04:00,1.18443,1.18474,1.183775,1.184415,-1.0,-1.0,-1
2017-10-12 22:00:00-04:00,1.184415,1.185165,1.184245,1.18491,-1.0,-1.0,-1
2017-10-12 23:00:00-04:00,1.18491,1.18511,1.184575,1.184785,-1.0,-1.0,-1
2017-10-13 00:00:00-04:00,1.184785,1.1849,1.18435,1.184555,-1.0,-1.0,-1
2017-10-13 01:00:00-04:00,1.184555,1.18517,1.184415,1.184665,-1.0,-1.0,-1
2017-10-13 02:00:00-04:00,1.184665,1.184845,1.18359,1.183845,-1.0,-1.0,-1
2017-10-13 03:00:00-04:00,1.183845,1.18388,1.181515,1.182905,-1.0,-1.0,-1
2017-10-13 04:00:00-04:00,1.182905,1.18359,1.182575,1.18311,-1.0,-1.0,-1
2017-10-13 05:00:00-04:00,1.18311,1.183455,1.18245,1.182965,-1.0,-1.0,-1
2017-10-13 06:00:00-04:00,1.182965,1.183385,1.18195,1.182625,-1.0,-1.0,-1
2017-10-13 07:00:00-04:00,1.182625,1.182625,1.18057,1.18069,-1.0,-1.0,-1
2017-10-13 08:00:00-04:00,1.18069,1.187425,1.18054,1.18567,-1.0,-1.0,-1
2017-10-13 09:00:00-04:00,1.18567,1.187495,1.185585,1.18666,-1.0,-1.0,-1
2017-10-13 10:00:00-04:00,1.18666,1.187095,1.183205,1.18354,-1.0,-1.0,-1
2017-10-13 11:00:00-04:00,1.18354,1.1843,1.183145,1.183665,-1.0,-1.0,-1
2017-10-13 12:00:00-04:00,1.183665,1.18489,1.18271,1.18271,-1.0,-1.0,-1
2017-10-13 13:00:00-04:00,1.18271,1.18311,1.182015,1.182515,-1.0,-1.0,-1
2017-10-13 14:00:00-04:00,1.182515,1.18252,1.181055,1.181805,-1.0,-1.0,-1
2017-10-13 15:00:00-04:00,1.181805,1.18224,1.181715,1.181925,-1.0,-1.0,-1
2017-10-13 16:00:00-04:00,1.181925,1.18259,1.18188,1.18214,-1.0,-1.0,-1
2017-10-15 17:15:00-04:00,1.1814,1.18176,1.1811,1.181105,-1.0,-1.0,-1
2017-10-15 18:00:00-04:00,1.181105,1.181855,1.1807,1.1807,-1.0,-1.0,-1
2017-10-15 19:00:00-04:00,1.1807,1.18148,1.180575,1.18148,-1.0,-1.0,-1
2017-10-15 20:00:00-04:00,1.18148,1.18193,1.181195,1.18127,-1.0,-1.0,-1
2017-10-15 21:00:00-04:00,1.18127,1.181595,1.180135,1.180315,-1.0,-1.0,-1
2017-10-15 22:00:00-04:00,1.180315,1.180925,1.17981,1.180785,-1.0,-1.0,-1
2017-10-15 23:00:00-04:00,1.180785,1.180835,1.180205,1.180635,-1.0,-1.0,-1
2017-10-16 00:00:00-04:00,1.180635,1.18107,1.18047,1.180915,-1.0,-1.0,-1
2017-10-16 01:00:00-04:00,1.180915,1.180985,1.179405,1.179655,-1.0,-1.0,-1
2017-10-16 02:00:00-04:00,1.179655,1.18004,1.17838,1.178405,-1.0,-1.0,-1
2017-10-16 03:00:00-04:00,1.178405,1.179575,1.178065,1.179295,-1.0,-1.0,-1
2017-10-16 04:00:00-04:00,1.179295,1.179485,1.178445,1.178985,-1.0,-1.0,-1
2017-10-16 05:00:00-04:00,1.178985,1.179245,1.178445,1.17899,-1.0,-1.0,-1
2017-10-16 06:00:00-04:00,1.17899,1.180645,1.178985,1.180185,-1.0,-1.0,-1
2017-10-16 07:00:00-04:00,1.180185,1.181685,1.180085,1.180585,-1.0,-1.0,-1
2017-10-16 08:00:00-04:00,1.180585,1.180915,1.179595,1.180695,-1.0,-1.0,-1
2017-10-16 09:00:00-04:00,1.180695,1.181025,1.179975,1.18026,-1.0,-1.0,-1
2017-10-16 10:00:00-04:00,1.18026,1.180485,1.179505,1.17965,-1.0,-1.0,-1
2017-10-16 11:00:00-04:00,1.17965,1.181975,1.179645,1.180895,-1.0,-1.0,-1
2017-10-16 12:00:00-04:00,1.180895,1.181195,1.180625,1.181065,-1.0,-1.0,-1
2017-10-16 13:00:00-04:00,1.181065,1.18111,1.180225,1.18056,-1.0,-1.0,-1
2017-10-16 14:00:00-04:00,1.18056,1.180965,1.17894,1.17918,-1.0,-1.0,-1
2017-10-16 15:00:00-04:00,1.17918,1.179295,1.178605,1.179255,-1.0,-1.0,-1
2017-10-16 16:00:00-04:00,1.179255,1.179765,1.17921,1.1796,-1.0,-1.0,-1
2017-10-16 17:15:00-04:00,1.17978,1.18004,1.17964,1.179745,-1.0,-1.0,-1
2017-10-16 18:00:00-04:00,1.179745,1.179795,1.179165,1.17922,-1.0,-1.0,-1
2017-10-16 19:00:00-04:00,1.17922,1.17947,1.178795,1.17947,-1.0,-1.0,-1
2017-10-16 20:00:00-04:00,1.17947,1.17951,1.178415,1.17863,-1.0,-1.0,-1
2017-10-16 21:00:00-04:00,1.17863,1.17873,1.17751,1.177625,-1.0,-1.0,-1
2017-10-16 22:00:00-04:00,1.177625,1.178385,1.177595,1.178335,-1.0,-1.0,-1
2017-10-16 23:00:00-04:00,1.178335,1.178415,1.177765,1.17792,-1.0,-1.0,-1
2017-10-17 00:00:00-04:00,1.17792,1.178155,1.177715,1.17775,-1.0,-1.0,-1
2017-10-17 01:00:00-04:00,1.17775,1.17804,1.176655,1.176965,-1.0,-1.0,-1
2017-10-17 02:00:00-04:00,1.176965,1.177395,1.175605,1.175725,-1.0,-1.0,-1
2017-10-17 03:00:00-04:00,1.175725,1.177335,1.175505,1.177245,-1.0,-1.0,-1
2017-10-17 04:00:00-04:00,1.177245,1.177535,1.176405,1.17651,-1.0,-1.0,-1
2017-10-17 05:00:00-04:00,1.17651,1.176835,1.17545,1.17587,-1.0,-1.0,-1
2017-10-17 06:00:00-04:00,1.17587,1.176985,1.175465,1.176015,-1.0,-1.0,-1
2017-10-17 07:00:00-04:00,1.176015,1.176825,1.175575,1.1763,-1.0,-1.0,-1
2017-10-17 08:00:00-04:00,1.1763,1.17648,1.175135,1.175135,-1.0,-1.0,-1
2017-10-17 09:00:00-04:00,1.175135,1.175345,1.174305,1.174625,-1.0,-1.0,-1
2017-10-17 10:00:00-04:00,1.174625,1.175275,1.173605,1.175095,-1.0,-1.0,-1
2017-10-17 11:00:00-04:00,1.175095,1.175745,1.174615,1.175345,-1.0,-1.0,-1
2017-10-17 12:00:00-04:00,1.175345,1.17559,1.174475,1.174585,-1.0,-1.0,-1
2017-10-17 13:00:00-04:00,1.174585,1.17664,1.17444,1.176415,-1.0,-1.0,-1
2017-10-17 14:00:00-04:00,1.176415,1.177495,1.176175,1.177145,-1.0,-1.0,-1
2017-10-17 15:00:00-04:00,1.177145,1.177215,1.176725,1.17684,-1.0,-1.0,-1
2017-10-17 16:00:00-04:00,1.17684,1.17684,1.17659,1.176635,-1.0,-1.0,-1
2017-10-17 17:15:00-04:00,1.1766,1.17691,1.176475,1.176605,-1.0,-1.0,-1
2017-10-17 18:00:00-04:00,1.176605,1.176885,1.17644,1.17684,-1.0,-1.0,-1
2017-10-17 19:00:00-04:00,1.17684,1.177195,1.176835,1.177125,-1.0,-1.0,-1
2017-10-17 20:00:00-04:00,1.177125,1.178085,1.17702,1.177275,-1.0,-1.0,-1
2017-10-17 21:00:00-04:00,1.177275,1.17734,1.176735,1.17693,-1.0,-1.0,-1
2017-10-17 22:00:00-04:00,1.17693,1.17751,1.176925,1.17725,-1.0,-1.0,-1
2017-10-17 23:00:00-04:00,1.17725,1.1773,1.176895,1.177005,-1.0,-1.0,-1
2017-10-18 00:00:00-04:00,1.177005,1.177065,1.176245,1.176395,-1.0,-1.0,-1
2017-10-18 01:00:00-04:00,1.176395,1.17657,1.175895,1.176525,-1.0,-1.0,-1
2017-10-18 02:00:00-04:00,1.176525,1.17709,1.175365,1.175395,-1.0,-1.0,-1
2017-10-18 03:00:00-04:00,1.175395,1.176885,1.17479,1.176135,-1.0,-1.0,-1
2017-10-18 04:00:00-04:00,1.176135,1.176575,1.174405,1.174555,-1.0,-1.0,-1
2017-10-18 05:00:00-04:00,1.174555,1.174735,1.173015,1.174215,-1.0,-1.0,-1
2017-10-18 06:00:00-04:00,1.174215,1.175865,1.174155,1.17525,-1.0,-1.0,-1
2017-10-18 07:00:00-04:00,1.17525,1.175485,1.174505,1.174525,-1.0,-1.0,-1
2017-10-18 08:00:00-04:00,1.174525,1.176995,1.17437,1.17648,-1.0,-1.0,-1
2017-10-18 09:00:00-04:00,1.17648,1.177745,1.17613,1.17648,-1.0,-1.0,-1
2017-10-18 10:00:00-04:00,1.17648,1.178035,1.17599,1.177725,-1.0,-1.0,-1
2017-10-18 11:00:00-04:00,1.177725,1.178085,1.17668,1.177325,-1.0,-1.0,-1
2017-10-18 12:00:00-04:00,1.177325,1.179415,1.177325,1.1787,-1.0,-1.0,-1
2017-10-18 13:00:00-04:00,1.1787,1.178965,1.17836,1.17858,-1.0,-1.0,-1
2017-10-18 14:00:00-04:00,1.17858,1.180545,1.178465,1.18031,-1.0,-1.0,-1
2017-10-18 15:00:00-04:00,1.18031,1.180375,1.179315,1.179385,-1.0,-1.0,-1
2017-10-18 16:00:00-04:00,1.179385,1.179625,1.17865,1.17875,-1.0,-1.0,-1
2017-10-18 17:15:00-04:00,1.1793,1.179425,1.17884,1.179235,-1.0,-1.0,-1
2017-10-18 18:00:00-04:00,1.179235,1.179675,1.17922,1.17952,-1.0,-1.0,-1
2017-10-18 19:00:00-04:00,1.17952,1.179995,1.17929,1.17944,-1.0,-1.0,-1
2017-10-18 20:00:00-04:00,1.17944,1.181695,1.179305,1.18112,-1.0,-1.0,-1
2017-10-18 21:00:00-04:00,1.18112,1.181435,1.180275,1.180475,-1.0,-1.0,-1
2017-10-18 22:00:00-04:00,1.180475,1.18053,1.17957,1.179865,-1.0,-1.0,-1
2017-10-18 23:00:00-04:00,1.179865,1.180225,1.179505,1.17999,-1.0,-1.0,-1
2017-10-19 00:00:00-04:00,1.17999,1.18069,1.17994,1.18025,-1.0,-1.0,-1
2017-10-19 01:00:00-04:00,1.18025,1.180365,1.17947,1.179805,-1.0,-1.0,-1
2017-10-19 02:00:00-04:00,1.179805,1.18219,1.17973,1.18213,-1.0,-1.0,-1
2017-10-19 03:00:00-04:00,1.18213,1.182145,1.180485,1.181385,-1.0,-1.0,-1
2017-10-19 04:00:00-04:00,1.181385,1.181745,1.176805,1.18064,-1.0,-1.0,-1
2017-10-19 05:00:00-04:00,1.18064,1.181635,1.18005,1.18133,-1.0,-1.0,-1
2017-10-19 06:00:00-04:00,1.18133,1.18367,1.180925,1.182395,-1.0,-1.0,-1
2017-10-19 07:00:00-04:00,1.182395,1.18398,1.182235,1.183485,-1.0,-1.0,-1
2017-10-19 08:00:00-04:00,1.183485,1.18424,1.1826,1.18304,-1.0,-1.0,-1
2017-10-19 09:00:00-04:00,1.18304,1.184785,1.182695,1.1845,-1.0,-1.0,-1
2017-10-19 10:00:00-04:00,1.1845,1.185805,1.184045,1.185245,-1.0,-1.0,-1
2017-10-19 11:00:00-04:00,1.185245,1.185475,1.184125,1.184255,-1.0,-1.0,-1
2017-10-19 12:00:00-04:00,1.184255,1.18447,1.183025,1.183495,-1.0,-1.0,-1
2017-10-19 13:00:00-04:00,1.183495,1.183645,1.182785,1.183625,-1.0,-1.0,-1
2017-10-19 14:00:00-04:00,1.183625,1.183765,1.18271,1.18289,-1.0,-1.0,-1
2017-10-19 15:00:00-04:00,1.18289,1.184815,1.182625,1.184065,-1.0,-1.0,-1
2017-10-19 16:00:00-04:00,1.184065,1.185825,1.18378,1.185255,-1.0,-1.0,-1
2017-10-19 17:15:00-04:00,1.185095,1.185235,1.1843,1.18465,-1.0,-1.0,-1
2017-10-19 18:00:00-04:00,1.18465,1.185125,1.184495,1.18472,-1.0,-1.0,-1
2017-10-19 19:00:00-04:00,1.18472,1.1853,1.184505,1.184865,-1.0,-1.0,-1
2017-10-19 20:00:00-04:00,1.184865,1.18528,1.184375,1.18498,-1.0,-1.0,-1
2017-10-19 21:00:00-04:00,1.18498,1.185815,1.18227,1.182315,-1.0,-1.0,-1
2017-10-19 22:00:00-04:00,1.182315,1.182315,1.180745,1.18096,-1.0,-1.0,-1
2017-10-19 23:00:00-04:00,1.18096,1.18193,1.180805,1.18187,-1.0,-1.0,-1
2017-10-20 00:00:00-04:00,1.18187,1.18211,1.18148,1.18151,-1.0,-1.0,-1
2017-10-20 01:00:00-04:00,1.18151,1.18169,1.180415,1.180865,-1.0,-1.0,-1
2017-10-20 02:00:00-04:00,1.180865,1.181905,1.18044,1.18164,-1.0,-1.0,-1
2017-10-20 03:00:00-04:00,1.18164,1.182645,1.179075,1.18054,-1.0,-1.0,-1
2017-10-20 04:00:00-04:00,1.18054,1.180745,1.179865,1.180345,-1.0,-1.0,-1
2017-10-20 05:00:00-04:00,1.180345,1.18126,1.1796,1.181165,-1.0,-1.0,-1
2017-10-20 06:00:00-04:00,1.181165,1.181205,1.179995,1.18069,-1.0,-1.0,-1
2017-10-20 07:00:00-04:00,1.18069,1.182025,1.18049,1.18157,-1.0,-1.0,-1
2017-10-20 08:00:00-04:00,1.18157,1.182075,1.180105,1.18011,-1.0,-1.0,-1
2017-10-20 09:00:00-04:00,1.18011,1.180525,1.17859,1.178745,-1.0,-1.0,-1
2017-10-20 10:00:00-04:00,1.178745,1.179935,1.178075,1.17863,-1.0,-1.0,-1
2017-10-20 11:00:00-04:00,1.17863,1.178985,1.176255,1.176965,-1.0,-1.0,-1
2017-10-20 12:00:00-04:00,1.176965,1.178865,1.176885,1.178375,-1.0,-1.0,-1
2017-10-20 13:00:00-04:00,1.178375,1.178695,1.178005,1.17859,-1.0,-1.0,-1
2017-10-20 14:00:00-04:00,1.17859,1.1789,1.1771,1.17778,-1.0,-1.0,-1
2017-10-20 15:00:00-04:00,1.17778,1.17799,1.177225,1.1773,-1.0,-1.0,-1
2017-10-20 16:00:00-04:00,1.1773,1.178505,1.17663,1.17849,-1.0,-1.0,-1
2017-10-22 17:15:00-04:00,1.177025,1.177355,1.176715,1.177225,-1.0,-1.0,-1
2017-10-22 18:00:00-04:00,1.177225,1.17747,1.17611,1.176205,-1.0,-1.0,-1
2017-10-22 19:00:00-04:00,1.176205,1.17655,1.175135,1.17547,-1.0,-1.0,-1
2017-10-22 20:00:00-04:00,1.17547,1.176245,1.175385,1.176035,-1.0,-1.0,-1
2017-10-22 21:00:00-04:00,1.176035,1.176655,1.17554,1.17655,-1.0,-1.0,-1
2017-10-22 22:00:00-04:00,1.17655,1.1771,1.17652,1.17692,-1.0,-1.0,-1
2017-10-22 23:00:00-04:00,1.17692,1.17707,1.176735,1.17701,-1.0,-1.0,-1
2017-10-23 00:00:00-04:00,1.17701,1.177355,1.17681,1.176985,-1.0,-1.0,-1
2017-10-23 01:00:00-04:00,1.176985,1.177285,1.176625,1.177285,-1.0,-1.0,-1
2017-10-23 02:00:00-04:00,1.177285,1.17774,1.175905,1.175985,-1.0,-1.0,-1
2017-10-23 03:00:00-04:00,1.175985,1.176305,1.175115,1.175605,-1.0,-1.0,-1
2017-10-23 04:00:00-04:00,1.175605,1.17579,1.174025,1.174615,-1.0,-1.0,-1
2017-10-23 05:00:00-04:00,1.174615,1.17534,1.17351,1.17352,-1.0,-1.0,-1
2017-10-23 06:00:00-04:00,1.17352,1.174865,1.173495,1.174465,-1.0,-1.0,-1
2017-10-23 07:00:00-04:00,1.174465,1.174575,1.17361,1.173915,-1.0,-1.0,-1
2017-10-23 08:00:00-04:00,1.173915,1.1742,1.17333,1.173575,-1.0,-1.0,-1
2017-10-23 09:00:00-04:00,1.173575,1.175045,1.17341,1.174795,-1.0,-1.0,-1
2017-10-23 10:00:00-04:00,1.174795,1.17569,1.174285,1.174545,-1.0,-1.0,-1
2017-10-23 11:00:00-04:00,1.174545,1.176235,1.174045,1.17605,-1.0,-1.0,-1
2017-10-23 12:00:00-04:00,1.17605,1.176355,1.174445,1.174455,-1.0,-1.0,-1
2017-10-23 13:00:00-04:00,1.174455,1.174815,1.1737,1.173735,-1.0,-1.0,-1
2017-10-23 14:00:00-04:00,1.173735,1.174115,1.172505,1.17373,-1.0,-1.0,-1
2017-10-23 15:00:00-04:00,1.17373,1.17542,1.173575,1.17492,-1.0,-1.0,-1
2017-10-23 16:00:00-04:00,1.17492,1.175065,1.17451,1.174915,-1.0,-1.0,-1
2017-10-23 17:15:00-04:00,1.1748,1.17518,1.174645,1.17493,-1.0,-1.0,-1
2017-10-23 18:00:00-04:00,1.17493,1.17506,1.17474,1.174955,-1.0,-1.0,-1
2017-10-23 19:00:00-04:00,1.174955,1.175675,1.1749,1.17549,-1.0,-1.0,-1
2017-10-23 20:00:00-04:00,1.17549,1.176095,1.175435,1.175995,-1.0,-1.0,-1
2017-10-23 21:00:00-04:00,1.175995,1.176195,1.17572,1.176105,-1.0,-1.0,-1
2017-10-23 22:00:00-04:00,1.176105,1.176535,1.17584,1.17609,-1.0,-1.0,-1
2017-10-23 23:00:00-04:00,1.17609,1.177015,1.17609,1.176615,-1.0,-1.0,-1
2017-10-24 00:00:00-04:00,1.176615,1.17669,1.17613,1.17618,-1.0,-1.0,-1
2017-10-24 01:00:00-04:00,1.17618,1.17628,1.17535,1.175555,-1.0,-1.0,-1
2017-10-24 02:00:00-04:00,1.175555,1.17643,1.175465,1.175745,-1.0,-1.0,-1
2017-10-24 03:00:00-04:00,1.175745,1.17599,1.174285,1.175505,-1.0,-1.0,-1
2017-10-24 04:00:00-04:00,1.175505,1.176585,1.175505,1.176395,-1.0,-1.0,-1
2017-10-24 05:00:00-04:00,1.176395,1.176715,1.175125,1.176295,-1.0,-1.0,-1
2017-10-24 06:00:00-04:00,1.176295,1.1763,1.17536,1.175925,-1.0,-1.0,-1
2017-10-24 07:00:00-04:00,1.175925,1.17699,1.175165,1.17572,-1.0,-1.0,-1
2017-10-24 08:00:00-04:00,1.17572,1.176765,1.175505,1.17609,-1.0,-1.0,-1
2017-10-24 09:00:00-04:00,1.17609,1.176525,1.175415,1.17593,-1.0,-1.0,-1
2017-10-24 10:00:00-04:00,1.17593,1.177725,1.17576,1.176175,-1.0,-1.0,-1
2017-10-24 11:00:00-04:00,1.176175,1.177165,1.175855,1.176585,-1.0,-1.0,-1
2017-10-24 12:00:00-04:00,1.176585,1.176845,1.17616,1.17639,-1.0,-1.0,-1
2017-10-24 13:00:00-04:00,1.17639,1.17679,1.175765,1.175885,-1.0,-1.0,-1
2017-10-24 14:00:00-04:00,1.175885,1.178705,1.175635,1.17853,-1.0,-1.0,-1
2017-10-24 15:00:00-04:00,1.17853,1.179295,1.17581,1.176,-1.0,-1.0,-1
2017-10-24 16:00:00-04:00,1.176,1.17658,1.175935,1.176155,-1.0,-1.0,-1
2017-10-24 17:15:00-04:00,1.176255,1.176505,1.176165,1.176375,-1.0,-1.0,-1
2017-10-24 18:00:00-04:00,1.176375,1.17701,1.176365,1.17647,-1.0,-1.0,-1
2017-10-24 19:00:00-04:00,1.17647,1.176595,1.17581,1.176015,-1.0,-1.0,-1
2017-10-24 20:00:00-04:00,1.176015,1.176355,1.175315,1.17586,-1.0,-1.0,-1
2017-10-24 21:00:00-04:00,1.17586,1.17645,1.175575,1.17601,-1.0,-1.0,-1
2017-10-24 22:00:00-04:00,1.17601,1.176355,1.17549,1.175995,-1.0,-1.0,-1
2017-10-24 23:00:00-04:00,1.175995,1.176045,1.175365,1.175565,-1.0,-1.0,-1
2017-10-25 00:00:00-04:00,1.175565,1.17583,1.175405,1.17578,-1.0,-1.0,-1
2017-10-25 01:00:00-04:00,1.17578,1.17662,1.17574,1.176595,-1.0,-1.0,-1
2017-10-25 02:00:00-04:00,1.176595,1.1767,1.17557,1.176125,-1.0,-1.0,-1
2017-10-25 03:00:00-04:00,1.176125,1.17689,1.175535,1.176125,-1.0,-1.0,-1
2017-10-25 04:00:00-04:00,1.176125,1.177495,1.176035,1.17677,-1.0,-1.0,-1
2017-10-25 05:00:00-04:00,1.17677,1.177495,1.17598,1.176775,-1.0,-1.0,-1
2017-10-25 06:00:00-04:00,1.176775,1.17819,1.17639,1.17766,-1.0,-1.0,-1
2017-10-25 07:00:00-04:00,1.17766,1.17813,1.17697,1.177935,-1.0,-1.0,-1
2017-10-25 08:00:00-04:00,1.177935,1.178615,1.177005,1.17766,-1.0,-1.0,-1
2017-10-25 09:00:00-04:00,1.17766,1.180085,1.17766,1.179765,-1.0,-1.0,-1
2017-10-25 10:00:00-04:00,1.179765,1.181735,1.178555,1.181115,-1.0,-1.0,-1
2017-10-25 11:00:00-04:00,1.181115,1.181535,1.18011,1.18029,-1.0,-1.0,-1
2017-10-25 12:00:00-04:00,1.18029,1.181365,1.180215,1.18131,-1.0,-1.0,-1
2017-10-25 13:00:00-04:00,1.18131,1.181775,1.18035,1.180865,-1.0,-1.0,-1
2017-10-25 14:00:00-04:00,1.180865,1.181215,1.180205,1.18057,-1.0,-1.0,-1
2017-10-25 15:00:00-04:00,1.18057,1.181025,1.180315,1.180375,-1.0,-1.0,-1
2017-10-25 16:00:00-04:00,1.180375,1.18149,1.18,1.18128,-1.0,-1.0,-1
2017-10-25 17:15:00-04:00,1.181475,1.181735,1.181205,1.181575,-1.0,-1.0,-1
2017-10-25 18:00:00-04:00,1.181575,1.18169,1.181245,1.181545,-1.0,-1.0,-1
2017-10-25 19:00:00-04:00,1.181545,1.182045,1.18147,1.18196,-1.0,-1.0,-1
2017-10-25 20:00:00-04:00,1.18196,1.18232,1.18154,1.18178,-1.0,-1.0,-1
2017-10-25 21:00:00-04:00,1.18178,1.183085,1.181755,1.18283,-1.0,-1.0,-1
2017-10-25 22:00:00-04:00,1.18283,1.183275,1.182275,1.182425,-1.0,-1.0,-1
2017-10-25 23:00:00-04:00,1.182425,1.18292,1.18234,1.18249,-1.0,-1.0,-1
2017-10-26 00:00:00-04:00,1.18249,1.182665,1.18237,1.18261,-1.0,-1.0,-1
2017-10-26 01:00:00-04:00,1.18261,1.183685,1.18228,1.18293,-1.0,-1.0,-1
2017-10-26 02:00:00-04:00,1.18293,1.183275,1.182055,1.182235,-1.0,-1.0,-1
2017-10-26 03:00:00-04:00,1.182235,1.182905,1.18144,1.18184,-1.0,-1.0,-1
2017-10-26 04:00:00-04:00,1.18184,1.182085,1.18127,1.181385,-1.0,-1.0,-1
2017-10-26 05:00:00-04:00,1.181385,1.181385,1.180345,1.180905,-1.0,-1.0,-1
2017-10-26 06:00:00-04:00,1.180905,1.181685,1.18079,1.181265,-1.0,-1.0,-1
2017-10-26 07:00:00-04:00,1.181265,1.181555,1.175805,1.176885,-1.0,-1.0,-1
2017-10-26 08:00:00-04:00,1.176885,1.176985,1.173815,1.17697,-1.0,-1.0,-1
2017-10-26 09:00:00-04:00,1.17697,1.17858,1.17069,1.171945,-1.0,-1.0,-1
2017-10-26 10:00:00-04:00,1.171945,1.172585,1.169955,1.170325,-1.0,-1.0,-1
2017-10-26 11:00:00-04:00,1.170325,1.170765,1.168845,1.169935,-1.0,-1.0,-1
2017-10-26 12:00:00-04:00,1.169935,1.170105,1.167945,1.168215,-1.0,-1.0,-1
2017-10-26 13:00:00-04:00,1.168215,1.16825,1.166005,1.16639,-1.0,-1.0,-1
2017-10-26 14:00:00-04:00,1.16639,1.16682,1.165585,1.16586,-1.0,-1.0,-1
2017-10-26 15:00:00-04:00,1.16586,1.16592,1.16405,1.164725,-1.0,-1.0,-1
2017-10-26 16:00:00-04:00,1.164725,1.1658,1.164555,1.165045,-1.0,-1.0,-1
2017-10-26 17:15:00-04:00,1.16559,1.165755,1.165195,1.165425,-1.0,-1.0,-1
2017-10-26 18:00:00-04:00,1.165425,1.16553,1.164375,1.164555,-1.0,-1.0,-1
2017-10-26 19:00:00-04:00,1.164555,1.164555,1.16316,1.163775,-1.0,-1.0,-1
2017-10-26 20:00:00-04:00,1.163775,1.16425,1.162855,1.16308,-1.0,-1.0,-1
2017-10-26 21:00:00-04:00,1.16308,1.1634,1.16246,1.16323,-1.0,-1.0,-1
2017-10-26 22:00:00-04:00,1.16323,1.163945,1.16276,1.16358,-1.0,-1.0,-1
2017-10-26 23:00:00-04:00,1.16358,1.16393,1.163225,1.163895,-1.0,-1.0,-1
2017-10-27 00:00:00-04:00,1.163895,1.16393,1.163445,1.16353,-1.0,-1.0,-1
2017-10-27 01:00:00-04:00,1.16353,1.16439,1.16331,1.164345,-1.0,-1.0,-1
2017-10-27 02:00:00-04:00,1.164345,1.164355,1.162105,1.162355,-1.0,-1.0,-1
2017-10-27 03:00:00-04:00,1.162355,1.16349,1.161585,1.163385,-1.0,-1.0,-1
2017-10-27 04:00:00-04:00,1.163385,1.163845,1.162435,1.16273,-1.0,-1.0,-1
2017-10-27 05:00:00-04:00,1.16273,1.163625,1.162325,1.16341,-1.0,-1.0,-1
2017-10-27 06:00:00-04:00,1.16341,1.16387,1.161995,1.162615,-1.0,-1.0,-1
2017-10-27 07:00:00-04:00,1.162615,1.162635,1.160475,1.16072,-1.0,-1.0,-1
2017-10-27 08:00:00-04:00,1.16072,1.161185,1.158755,1.159895,-1.0,-1.0,-1
2017-10-27 09:00:00-04:00,1.159895,1.160595,1.157875,1.158045,-1.0,-1.0,-1
2017-10-27 10:00:00-04:00,1.158045,1.162415,1.15785,1.158035,-1.0,-1.0,-1
2017-10-27 11:00:00-04:00,1.158035,1.158725,1.15741,1.158045,-1.0,-1.0,-1
2017-10-27 12:00:00-04:00,1.158045,1.15928,1.157805,1.159015,-1.0,-1.0,-1
2017-10-27 13:00:00-04:00,1.159015,1.159505,1.15852,1.158645,-1.0,-1.0,-1
2017-10-27 14:00:00-04:00,1.158645,1.16001,1.158485,1.159755,-1.0,-1.0,-1
2017-10-27 15:00:00-04:00,1.159755,1.160385,1.15962,1.159835,-1.0,-1.0,-1
2017-10-27 16:00:00-04:00,1.159835,1.161005,1.15965,1.16091,-1.0,-1.0,-1
2017-10-29 17:15:00-04:00,1.161295,1.161475,1.160525,1.1606,-1.0,-1.0,-1
2017-10-29 18:00:00-04:00,1.1606,1.160645,1.159375,1.159495,-1.0,-1.0,-1
2017-10-29 19:00:00-04:00,1.159495,1.161,1.159495,1.16057,-1.0,-1.0,-1
2017-10-29 20:00:00-04:00,1.16057,1.160805,1.159775,1.160585,-1.0,-1.0,-1
2017-10-29 21:00:00-04:00,1.160585,1.16146,1.160045,1.161095,-1.0,-1.0,-1
2017-10-29 22:00:00-04:00,1.161095,1.161475,1.160655,1.16093,-1.0,-1.0,-1
2017-10-29 23:00:00-04:00,1.16093,1.161545,1.16077,1.161435,-1.0,-1.0,-1
2017-10-30 00:00:00-04:00,1.161435,1.16174,1.161295,1.16173,-1.0,-1.0,-1
2017-10-30 01:00:00-04:00,1.16173,1.16177,1.161265,1.161645,-1.0,-1.0,-1
2017-10-30 02:00:00-04:00,1.161645,1.161785,1.16133,1.161705,-1.0,-1.0,-1
2017-10-30 03:00:00-04:00,1.161705,1.162265,1.16016,1.161875,-1.0,-1.0,-1
2017-10-30 04:00:00-04:00,1.161875,1.16356,1.16157,1.1634,-1.0,-1.0,-1
2017-10-30 05:00:00-04:00,1.1634,1.164095,1.163015,1.16393,-1.0,-1.0,-1
2017-10-30 06:00:00-04:00,1.16393,1.1642,1.16317,1.163775,-1.0,-1.0,-1
2017-10-30 07:00:00-04:00,1.163775,1.164195,1.163215,1.163235,-1.0,-1.0,-1
2017-10-30 08:00:00-04:00,1.163235,1.163295,1.160985,1.16145,-1.0,-1.0,-1
2017-10-30 09:00:00-04:00,1.16145,1.16203,1.160505,1.161985,-1.0,-1.0,-1
2017-10-30 10:00:00-04:00,1.161985,1.162265,1.160355,1.16173,-1.0,-1.0,-1
2017-10-30 11:00:00-04:00,1.16173,1.163405,1.161285,1.162735,-1.0,-1.0,-1
2017-10-30 12:00:00-04:00,1.162735,1.164605,1.162225,1.163925,-1.0,-1.0,-1
2017-10-30 13:00:00-04:00,1.163925,1.164075,1.16297,1.16304,-1.0,-1.0,-1
2017-10-30 14:00:00-04:00,1.16304,1.16395,1.16281,1.163885,-1.0,-1.0,-1
2017-10-30 15:00:00-04:00,1.163885,1.165775,1.16367,1.165655,-1.0,-1.0,-1
2017-10-30 16:00:00-04:00,1.165655,1.16578,1.16502,1.165085,-1.0,-1.0,-1
2017-10-30 17:15:00-04:00,1.16508,1.165175,1.16485,1.16496,-1.0,-1.0,-1
2017-10-30 18:00:00-04:00,1.16496,1.16496,1.16418,1.16433,-1.0,-1.0,-1
2017-10-30 19:00:00-04:00,1.16433,1.1653,1.16423,1.16514,-1.0,-1.0,-1
2017-10-30 20:00:00-04:00,1.16514,1.16516,1.16398,1.16473,-1.0,-1.0,-1
2017-10-30 21:00:00-04:00,1.16473,1.16474,1.163355,1.16345,-1.0,-1.0,-1
2017-10-30 22:00:00-04:00,1.16345,1.163885,1.163285,1.163825,-1.0,-1.0,-1
2017-10-30 23:00:00-04:00,1.163825,1.1639,1.163525,1.163675,-1.0,-1.0,-1
2017-10-31 00:00:00-04:00,1.163675,1.163675,1.16256,1.162565,-1.0,-1.0,-1
2017-10-31 01:00:00-04:00,1.162565,1.163775,1.16252,1.163585,-1.0,-1.0,-1
2017-10-31 02:00:00-04:00,1.163585,1.165025,1.163565,1.16435,-1.0,-1.0,-1
2017-10-31 03:00:00-04:00,1.16435,1.16448,1.163175,1.164445,-1.0,-1.0,-1
2017-10-31 04:00:00-04:00,1.164445,1.164895,1.16319,1.164145,-1.0,-1.0,-1
2017-10-31 05:00:00-04:00,1.164145,1.164155,1.163105,1.163415,-1.0,-1.0,-1
2017-10-31 06:00:00-04:00,1.163415,1.16362,1.162515,1.163035,-1.0,-1.0,-1
2017-10-31 07:00:00-04:00,1.163035,1.163995,1.162695,1.16395,-1.0,-1.0,-1
2017-10-31 08:00:00-04:00,1.16395,1.164345,1.16305,1.163595,-1.0,-1.0,-1
2017-10-31 09:00:00-04:00,1.163595,1.16431,1.163415,1.164055,-1.0,-1.0,-1
2017-10-31 10:00:00-04:00,1.164055,1.16439,1.16266,1.163845,-1.0,-1.0,-1
2017-10-31 11:00:00-04:00,1.163845,1.166145,1.163005,1.164855,-1.0,-1.0,-1
2017-10-31 12:00:00-04:00,1.164855,1.165865,1.16393,1.165865,-1.0,-1.0,-1
2017-10-31 13:00:00-04:00,1.165865,1.165865,1.164475,1.164745,-1.0,-1.0,-1
2017-10-31 14:00:00-04:00,1.164745,1.165665,1.164625,1.16509,-1.0,-1.0,-1
2017-10-31 15:00:00-04:00,1.16509,1.165685,1.164775,1.164975,-1.0,-1.0,-1
2017-10-31 16:00:00-04:00,1.164975,1.16514,1.164385,1.164615,-1.0,-1.0,-1
2017-10-31 17:15:00-04:00,1.16453,1.16489,1.16406,1.164665,-1.0,-1.0,-1
2017-10-31 18:00:00-04:00,1.164665,1.165265,1.164585,1.164975,-1.0,-1.0,-1
2017-10-31 19:00:00-04:00,1.164975,1.16549,1.164695,1.16519,-1.0,-1.0,-1
2017-10-31 20:00:00-04:00,1.16519,1.165435,1.16393,1.16398,-1.0,-1.0,-1
2017-10-31 21:00:00-04:00,1.16398,1.1641,1.16318,1.16367,-1.0,-1.0,-1
2017-10-31 22:00:00-04:00,1.16367,1.163765,1.16315,1.163235,-1.0,-1.0,-1
2017-10-31 23:00:00-04:00,1.163235,1.163405,1.162925,1.16316,-1.0,-1.0,-1
2017-11-01 00:00:00-04:00,1.16316,1.163305,1.162905,1.163095,-1.0,-1.0,-1
2017-11-01 01:00:00-04:00,1.163095,1.1632,1.162535,1.16292,-1.0,-1.0,-1
2017-11-01 02:00:00-04:00,1.16292,1.164625,1.162875,1.16403,-1.0,-1.0,-1
2017-11-01 03:00:00-04:00,1.16403,1.16525,1.16338,1.165195,-1.0,-1.0,-1
2017-11-01 04:00:00-04:00,1.165195,1.165745,1.163845,1.16401,-1.0,-1.0,-1
2017-11-01 05:00:00-04:00,1.16401,1.164555,1.163225,1.16324,-1.0,-1.0,-1
2017-11-01 06:00:00-04:00,1.16324,1.1642,1.16322,1.16416,-1.0,-1.0,-1
2017-11-01 07:00:00-04:00,1.16416,1.164345,1.16326,1.163825,-1.0,-1.0,-1
2017-11-01 08:00:00-04:00,1.163825,1.1642,1.161435,1.161765,-1.0,-1.0,-1
2017-11-01 09:00:00-04:00,1.161765,1.16199,1.160645,1.16123,-1.0,-1.0,-1
2017-11-01 10:00:00-04:00,1.16123,1.164345,1.16105,1.16322,-1.0,-1.0,-1
2017-11-01 11:00:00-04:00,1.16322,1.163695,1.161415,1.161755,-1.0,-1.0,-1
2017-11-01 12:00:00-04:00,1.161755,1.16267,1.161325,1.16256,-1.0,-1.0,-1
2017-11-01 13:00:00-04:00,1.16256,1.16331,1.162125,1.16273,-1.0,-1.0,-1
2017-11-01 14:00:00-04:00,1.16273,1.164165,1.16104,1.16193,-1.0,-1.0,-1
2017-11-01 15:00:00-04:00,1.16193,1.163385,1.161695,1.162025,-1.0,-1.0,-1
2017-11-01 16:00:00-04:00,1.162025,1.163025,1.161475,1.16188,-1.0,-1.0,-1
2017-11-01 17:15:00-04:00,1.162415,1.1625,1.16203,1.16227,-1.0,-1.0,-1
2017-11-01 18:00:00-04:00,1.16227,1.16227,1.16132,1.161865,-1.0,-1.0,-1
2017-11-01 19:00:00-04:00,1.161865,1.16287,1.161755,1.162825,-1.0,-1.0,-1
2017-11-01 20:00:00-04:00,1.162825,1.163865,1.162795,1.163455,-1.0,-1.0,-1
2017-11-01 21:00:00-04:00,1.163455,1.167195,1.16331,1.166075,-1.0,-1.0,-1
2017-11-01 22:00:00-04:00,1.166075,1.16653,1.165335,1.165375,-1.0,-1.0,-1
2017-11-01 23:00:00-04:00,1.165375,1.16572,1.164985,1.165565,-1.0,-1.0,-1
2017-11-02 00:00:00-04:00,1.165565,1.166255,1.16519,1.165765,-1.0,-1.0,-1
2017-11-02 01:00:00-04:00,1.165765,1.165915,1.165065,1.165635,-1.0,-1.0,-1
2017-11-02 02:00:00-04:00,1.165635,1.165945,1.165065,1.16574,-1.0,-1.0,-1
2017-11-02 03:00:00-04:00,1.16574,1.166275,1.16406,1.164185,-1.0,-1.0,-1
2017-11-02 04:00:00-04:00,1.164185,1.164425,1.16261,1.163275,-1.0,-1.0,-1
2017-11-02 05:00:00-04:00,1.163275,1.164395,1.163185,1.164195,-1.0,-1.0,-1
2017-11-02 06:00:00-04:00,1.164195,1.16507,1.164075,1.16483,-1.0,-1.0,-1
2017-11-02 07:00:00-04:00,1.16483,1.165845,1.16472,1.165275,-1.0,-1.0,-1
2017-11-02 08:00:00-04:00,1.165275,1.166765,1.164715,1.16522,-1.0,-1.0,-1
2017-11-02 09:00:00-04:00,1.16522,1.16537,1.16353,1.165045,-1.0,-1.0,-1
2017-11-02 10:00:00-04:00,1.165045,1.168745,1.165005,1.16624,-1.0,-1.0,-1
2017-11-02 11:00:00-04:00,1.16624,1.167835,1.165465,1.167215,-1.0,-1.0,-1
2017-11-02 12:00:00-04:00,1.167215,1.16738,1.165415,1.166295,-1.0,-1.0,-1
2017-11-02 13:00:00-04:00,1.166295,1.16633,1.165425,1.165635,-1.0,-1.0,-1
2017-11-02 14:00:00-04:00,1.165635,1.16629,1.16542,1.16591,-1.0,-1.0,-1
2017-11-02 15:00:00-04:00,1.16591,1.166465,1.164805,1.166125,-1.0,-1.0,-1
2017-11-02 16:00:00-04:00,1.166125,1.166255,1.165695,1.165835,-1.0,-1.0,-1
2017-11-02 17:15:00-04:00,1.165925,1.16597,1.165435,1.165655,-1.0,-1.0,-1
2017-11-02 18:00:00-04:00,1.165655,1.165975,1.16558,1.165735,-1.0,-1.0,-1
2017-11-02 19:00:00-04:00,1.165735,1.166035,1.16544,1.16588,-1.0,-1.0,-1
2017-11-02 20:00:00-04:00,1.16588,1.166485,1.16563,1.16573,-1.0,-1.0,-1
2017-11-02 21:00:00-04:00,1.16573,1.166625,1.16572,1.166145,-1.0,-1.0,-1
2017-11-02 22:00:00-04:00,1.166145,1.166295,1.16565,1.165905,-1.0,-1.0,-1
2017-11-02 23:00:00-04:00,1.165905,1.16616,1.165655,1.16575,-1.0,-1.0,-1
2017-11-03 00:00:00-04:00,1.16575,1.16626,1.16571,1.16621,-1.0,-1.0,-1
2017-11-03 01:00:00-04:00,1.16621,1.16651,1.16592,1.166495,-1.0,-1.0,-1
2017-11-03 02:00:00-04:00,1.166495,1.166795,1.165945,1.166045,-1.0,-1.0,-1
2017-11-03 03:00:00-04:00,1.166045,1.166045,1.16445,1.16467,-1.0,-1.0,-1
2017-11-03 04:00:00-04:00,1.16467,1.16493,1.164195,1.16475,-1.0,-1.0,-1
2017-11-03 05:00:00-04:00,1.16475,1.16494,1.164005,1.1647,-1.0,-1.0,-1
2017-11-03 06:00:00-04:00,1.1647,1.165425,1.164235,1.164415,-1.0,-1.0,-1
2017-11-03 07:00:00-04:00,1.164415,1.164895,1.163905,1.164785,-1.0,-1.0,-1
2017-11-03 08:00:00-04:00,1.164785,1.169425,1.164535,1.165455,-1.0,-1.0,-1
2017-11-03 09:00:00-04:00,1.165455,1.165885,1.164075,1.1646,-1.0,-1.0,-1
2017-11-03 10:00:00-04:00,1.1646,1.164605,1.16062,1.16091,-1.0,-1.0,-1
2017-11-03 11:00:00-04:00,1.16091,1.161995,1.16028,1.16161,-1.0,-1.0,-1
2017-11-03 12:00:00-04:00,1.16161,1.161965,1.160015,1.160465,-1.0,-1.0,-1
2017-11-03 13:00:00-04:00,1.160465,1.16106,1.160055,1.160265,-1.0,-1.0,-1
2017-11-03 14:00:00-04:00,1.160265,1.160825,1.159925,1.160745,-1.0,-1.0,-1
2017-11-03 15:00:00-04:00,1.160745,1.161425,1.160725,1.16077,-1.0,-1.0,-1
2017-11-03 16:00:00-04:00,1.16077,1.161375,1.160595,1.160745,-1.0,-1.0,-1
2017-11-05 17:15:00-05:00,1.16117,1.16182,1.161165,1.16155,-1.0,-1.0,-1
2017-11-05 18:00:00-05:00,1.16155,1.161825,1.160895,1.1615,-1.0,-1.0,-1
2017-11-05 19:00:00-05:00,1.1615,1.161645,1.16001,1.160505,-1.0,-1.0,-1
2017-11-05 20:00:00-05:00,1.160505,1.161405,1.159645,1.16104,-1.0,-1.0,-1
2017-11-05 21:00:00-05:00,1.16104,1.16242,1.16069,1.16173,-1.0,-1.0,-1
2017-11-05 22:00:00-05:00,1.16173,1.161845,1.161125,1.16141,-1.0,-1.0,-1
2017-11-05 23:00:00-05:00,1.16141,1.16163,1.16081,1.16096,-1.0,-1.0,-1
2017-11-06 00:00:00-05:00,1.16096,1.161345,1.16062,1.161225,-1.0,-1.0,-1
2017-11-06 01:00:00-05:00,1.161225,1.161665,1.160555,1.160875,-1.0,-1.0,-1
2017-11-06 02:00:00-05:00,1.160875,1.161665,1.159565,1.161065,-1.0,-1.0,-1
2017-11-06 03:00:00-05:00,1.161065,1.16151,1.160555,1.16104,-1.0,-1.0,-1
2017-11-06 04:00:00-05:00,1.16104,1.16138,1.158815,1.160265,-1.0,-1.0,-1
2017-11-06 05:00:00-05:00,1.160265,1.161415,1.16011,1.160985,-1.0,-1.0,-1
2017-11-06 06:00:00-05:00,1.160985,1.16103,1.15906,1.159245,-1.0,-1.0,-1
2017-11-06 07:00:00-05:00,1.159245,1.159715,1.158365,1.159055,-1.0,-1.0,-1
2017-11-06 08:00:00-05:00,1.159055,1.159855,1.158535,1.15855,-1.0,-1.0,-1
2017-11-06 09:00:00-05:00,1.15855,1.15924,1.158255,1.158535,-1.0,-1.0,-1
2017-11-06 10:00:00-05:00,1.158535,1.159205,1.15803,1.15851,-1.0,-1.0,-1
2017-11-06 11:00:00-05:00,1.15851,1.160325,1.15841,1.159885,-1.0,-1.0,-1
2017-11-06 12:00:00-05:00,1.159885,1.161385,1.15984,1.16117,-1.0,-1.0,-1
2017-11-06 13:00:00-05:00,1.16117,1.161615,1.160805,1.16103,-1.0,-1.0,-1
2017-11-06 14:00:00-05:00,1.16103,1.16151,1.160505,1.160565,-1.0,-1.0,-1
2017-11-06 15:00:00-05:00,1.160565,1.160975,1.160325,1.16094,-1.0,-1.0,-1
2017-11-06 16:00:00-05:00,1.16094,1.161255,1.1609,1.160985,-1.0,-1.0,-1
2017-11-06 17:15:00-05:00,1.161185,1.161335,1.16097,1.16103,-1.0,-1.0,-1
2017-11-06 18:00:00-05:00,1.16103,1.16137,1.160885,1.16115,-1.0,-1.0,-1
2017-11-06 19:00:00-05:00,1.16115,1.161415,1.16085,1.16136,-1.0,-1.0,-1
2017-11-06 20:00:00-05:00,1.16136,1.16157,1.16025,1.160475,-1.0,-1.0,-1
2017-11-06 21:00:00-05:00,1.160475,1.161385,1.160205,1.161355,-1.0,-1.0,-1
2017-11-06 22:00:00-05:00,1.161355,1.161535,1.160805,1.161175,-1.0,-1.0,-1
2017-11-06 23:00:00-05:00,1.161175,1.16121,1.16047,1.16077,-1.0,-1.0,-1
2017-11-07 00:00:00-05:00,1.16077,1.161055,1.16046,1.16057,-1.0,-1.0,-1
2017-11-07 01:00:00-05:00,1.16057,1.16093,1.159625,1.160235,-1.0,-1.0,-1
2017-11-07 02:00:00-05:00,1.160235,1.160235,1.158565,1.15885,-1.0,-1.0,-1
2017-11-07 03:00:00-05:00,1.15885,1.159425,1.156585,1.156605,-1.0,-1.0,-1
2017-11-07 04:00:00-05:00,1.156605,1.157695,1.156605,1.15672,-1.0,-1.0,-1
2017-11-07 05:00:00-05:00,1.15672,1.157185,1.15541,1.156665,-1.0,-1.0,-1
2017-11-07 06:00:00-05:00,1.156665,1.157845,1.155615,1.15699,-1.0,-1.0,-1
2017-11-07 07:00:00-05:00,1.15699,1.157025,1.155895,1.15653,-1.0,-1.0,-1
2017-11-07 08:00:00-05:00,1.15653,1.15683,1.15581,1.15626,-1.0,-1.0,-1
2017-11-07 09:00:00-05:00,1.15626,1.15818,1.156005,1.157765,-1.0,-1.0,-1
2017-11-07 10:00:00-05:00,1.157765,1.159055,1.156745,1.157505,-1.0,-1.0,-1
2017-11-07 11:00:00-05:00,1.157505,1.157905,1.15636,1.157675,-1.0,-1.0,-1
2017-11-07 12:00:00-05:00,1.157675,1.158825,1.15761,1.158255,-1.0,-1.0,-1
2017-11-07 13:00:00-05:00,1.158255,1.158455,1.15752,1.157595,-1.0,-1.0,-1
2017-11-07 14:00:00-05:00,1.157595,1.158855,1.157435,1.158725,-1.0,-1.0,-1
2017-11-07 15:00:00-05:00,1.158725,1.159275,1.158425,1.159025,-1.0,-1.0,-1
2017-11-07 16:00:00-05:00,1.159025,1.159115,1.15862,1.158635,-1.0,-1.0,-1
2017-11-07 17:15:00-05:00,1.158695,1.159355,1.158665,1.159345,-1.0,-1.0,-1
2017-11-07 18:00:00-05:00,1.159345,1.160625,1.15923,1.160105,-1.0,-1.0,-1
2017-11-07 19:00:00-05:00,1.160105,1.16039,1.159265,1.159375,-1.0,-1.0,-1
2017-11-07 20:00:00-05:00,1.159375,1.159815,1.159155,1.15961,-1.0,-1.0,-1
2017-11-07 21:00:00-05:00,1.15961,1.159895,1.1594,1.15957,-1.0,-1.0,-1
2017-11-07 22:00:00-05:00,1.15957,1.15987,1.15936,1.159655,-1.0,-1.0,-1
2017-11-07 23:00:00-05:00,1.159655,1.16003,1.159615,1.159865,-1.0,-1.0,-1
2017-11-08 00:00:00-05:00,1.159865,1.16006,1.15955,1.159605,-1.0,-1.0,-1
2017-11-08 01:00:00-05:00,1.159605,1.15971,1.158515,1.159205,-1.0,-1.0,-1
2017-11-08 02:00:00-05:00,1.159205,1.16047,1.159015,1.15957,-1.0,-1.0,-1
2017-11-08 03:00:00-05:00,1.15957,1.161115,1.15914,1.15996,-1.0,-1.0,-1
2017-11-08 04:00:00-05:00,1.15996,1.16036,1.159165,1.15922,-1.0,-1.0,-1
2017-11-08 05:00:00-05:00,1.15922,1.16046,1.159195,1.160365,-1.0,-1.0,-1
2017-11-08 06:00:00-05:00,1.160365,1.16068,1.159675,1.159755,-1.0,-1.0,-1
2017-11-08 07:00:00-05:00,1.159755,1.159805,1.158365,1.158615,-1.0,-1.0,-1
2017-11-08 08:00:00-05:00,1.158615,1.159445,1.158555,1.15912,-1.0,-1.0,-1
2017-11-08 09:00:00-05:00,1.15912,1.160395,1.158855,1.15989,-1.0,-1.0,-1
2017-11-08 10:00:00-05:00,1.15989,1.160415,1.158415,1.15853,-1.0,-1.0,-1
2017-11-08 11:00:00-05:00,1.15853,1.159425,1.157905,1.159045,-1.0,-1.0,-1
2017-11-08 12:00:00-05:00,1.159045,1.159565,1.15876,1.159365,-1.0,-1.0,-1
2017-11-08 13:00:00-05:00,1.159365,1.15963,1.158945,1.15942,-1.0,-1.0,-1
2017-11-08 14:00:00-05:00,1.15942,1.159635,1.15893,1.15954,-1.0,-1.0,-1
2017-11-08 15:00:00-05:00,1.15954,1.159855,1.15944,1.159835,-1.0,-1.0,-1
2017-11-08 16:00:00-05:00,1.159835,1.15989,1.159305,1.159495,-1.0,-1.0,-1
2017-11-08 17:15:00-05:00,1.159655,1.15972,1.15924,1.15938,-1.0,-1.0,-1
2017-11-08 18:00:00-05:00,1.15938,1.159665,1.159235,1.15953,-1.0,-1.0,-1
2017-11-08 19:00:00-05:00,1.15953,1.159615,1.15876,1.158825,-1.0,-1.0,-1
2017-11-08 20:00:00-05:00,1.158825,1.159535,1.15857,1.1594,-1.0,-1.0,-1
2017-11-08 21:00:00-05:00,1.1594,1.16001,1.15926,1.159605,-1.0,-1.0,-1
2017-11-08 22:00:00-05:00,1.159605,1.159955,1.159105,1.15921,-1.0,-1.0,-1
2017-11-08 23:00:00-05:00,1.15921,1.159765,1.159125,1.159615,-1.0,-1.0,-1
2017-11-09 00:00:00-05:00,1.159615,1.16049,1.159575,1.160325,-1.0,-1.0,-1
2017-11-09 01:00:00-05:00,1.160325,1.161225,1.16016,1.160895,-1.0,-1.0,-1
2017-11-09 02:00:00-05:00,1.160895,1.161565,1.160395,1.16057,-1.0,-1.0,-1
2017-11-09 03:00:00-05:00,1.16057,1.16068,1.158975,1.159445,-1.0,-1.0,-1
2017-11-09 04:00:00-05:00,1.159445,1.160525,1.15933,1.160225,-1.0,-1.0,-1
2017-11-09 05:00:00-05:00,1.160225,1.16121,1.159915,1.161175,-1.0,-1.0,-1
2017-11-09 06:00:00-05:00,1.161175,1.164455,1.160885,1.164005,-1.0,-1.0,-1
2017-11-09 07:00:00-05:00,1.164005,1.16402,1.16249,1.16318,-1.0,-1.0,-1
2017-11-09 08:00:00-05:00,1.16318,1.163255,1.160215,1.160435,-1.0,-1.0,-1
2017-11-09 09:00:00-05:00,1.160435,1.163225,1.160025,1.16313,-1.0,-1.0,-1
2017-11-09 10:00:00-05:00,1.16313,1.163635,1.162195,1.16241,-1.0,-1.0,-1
2017-11-09 11:00:00-05:00,1.16241,1.165395,1.162405,1.16477,-1.0,-1.0,-1
2017-11-09 12:00:00-05:00,1.16477,1.165495,1.163965,1.164025,-1.0,-1.0,-1
2017-11-09 13:00:00-05:00,1.164025,1.16498,1.163765,1.164885,-1.0,-1.0,-1
2017-11-09 14:00:00-05:00,1.164885,1.164945,1.164105,1.16486,-1.0,-1.0,-1
2017-11-09 15:00:00-05:00,1.16486,1.165005,1.164155,1.164265,-1.0,-1.0,-1
2017-11-09 16:00:00-05:00,1.164265,1.1644,1.16393,1.16417,-1.0,-1.0,-1
2017-11-09 17:15:00-05:00,1.164105,1.16456,1.16392,1.164395,-1.0,-1.0,-1
2017-11-09 18:00:00-05:00,1.164395,1.164835,1.164155,1.16464,-1.0,-1.0,-1
2017-11-09 19:00:00-05:00,1.16464,1.165335,1.164445,1.165245,-1.0,-1.0,-1
2017-11-09 20:00:00-05:00,1.165245,1.165455,1.164505,1.1646,-1.0,-1.0,-1
2017-11-09 21:00:00-05:00,1.1646,1.16488,1.16425,1.164575,-1.0,-1.0,-1
2017-11-09 22:00:00-05:00,1.164575,1.16489,1.16447,1.164765,-1.0,-1.0,-1
2017-11-09 23:00:00-05:00,1.164765,1.16498,1.16421,1.164425,-1.0,-1.0,-1
2017-11-10 00:00:00-05:00,1.164425,1.16465,1.164125,1.16459,-1.0,-1.0,-1
2017-11-10 01:00:00-05:00,1.16459,1.165085,1.164375,1.1649,-1.0,-1.0,-1
2017-11-10 02:00:00-05:00,1.1649,1.164915,1.163275,1.16332,-1.0,-1.0,-1
2017-11-10 03:00:00-05:00,1.16332,1.164205,1.162285,1.163415,-1.0,-1.0,-1
2017-11-10 04:00:00-05:00,1.163415,1.16622,1.162875,1.16602,-1.0,-1.0,-1
2017-11-10 05:00:00-05:00,1.16602,1.16602,1.16492,1.165035,-1.0,-1.0,-1
2017-11-10 06:00:00-05:00,1.165035,1.165095,1.16384,1.163955,-1.0,-1.0,-1
2017-11-10 07:00:00-05:00,1.163955,1.16509,1.16387,1.16509,-1.0,-1.0,-1
2017-11-10 08:00:00-05:00,1.16509,1.16549,1.16397,1.16481,-1.0,-1.0,-1
2017-11-10 09:00:00-05:00,1.16481,1.166655,1.16481,1.166395,-1.0,-1.0,-1
2017-11-10 10:00:00-05:00,1.166395,1.167795,1.166035,1.16613,-1.0,-1.0,-1
2017-11-10 11:00:00-05:00,1.16613,1.166265,1.16508,1.1656,-1.0,-1.0,-1
2017-11-10 12:00:00-05:00,1.1656,1.16598,1.165215,1.165935,-1.0,-1.0,-1
2017-11-10 13:00:00-05:00,1.165935,1.16652,1.165805,1.16608,-1.0,-1.0,-1
2017-11-10 14:00:00-05:00,1.16608,1.166885,1.165885,1.166665,-1.0,-1.0,-1
2017-11-10 15:00:00-05:00,1.166665,1.166895,1.166305,1.166495,-1.0,-1.0,-1
2017-11-10 16:00:00-05:00,1.166495,1.16687,1.166415,1.166525,-1.0,-1.0,-1
2017-11-12 17:15:00-05:00,1.166075,1.166285,1.165575,1.16578,-1.0,-1.0,-1
2017-11-12 18:00:00-05:00,1.16578,1.16649,1.165705,1.16612,-1.0,-1.0,-1
2017-11-12 19:00:00-05:00,1.16612,1.166205,1.1645,1.164875,-1.0,-1.0,-1
2017-11-12 20:00:00-05:00,1.164875,1.165165,1.164495,1.165025,-1.0,-1.0,-1
2017-11-12 21:00:00-05:00,1.165025,1.16547,1.164915,1.164965,-1.0,-1.0,-1
2017-11-12 22:00:00-05:00,1.164965,1.165675,1.1649,1.165535,-1.0,-1.0,-1
2017-11-12 23:00:00-05:00,1.165535,1.165545,1.165145,1.16515,-1.0,-1.0,-1
2017-11-13 00:00:00-05:00,1.16515,1.166025,1.165105,1.16581,-1.0,-1.0,-1
2017-11-13 01:00:00-05:00,1.16581,1.165875,1.16452,1.164845,-1.0,-1.0,-1
2017-11-13 02:00:00-05:00,1.164845,1.165325,1.16393,1.16404,-1.0,-1.0,-1
2017-11-13 03:00:00-05:00,1.16404,1.16489,1.16375,1.164725,-1.0,-1.0,-1
2017-11-13 04:00:00-05:00,1.164725,1.165325,1.16412,1.164135,-1.0,-1.0,-1
2017-11-13 05:00:00-05:00,1.164135,1.164825,1.163825,1.16464,-1.0,-1.0,-1
2017-11-13 06:00:00-05:00,1.16464,1.16528,1.164495,1.16507,-1.0,-1.0,-1
2017-11-13 07:00:00-05:00,1.16507,1.166005,1.16501,1.165425,-1.0,-1.0,-1
2017-11-13 08:00:00-05:00,1.165425,1.167525,1.16534,1.16701,-1.0,-1.0,-1
2017-11-13 09:00:00-05:00,1.16701,1.167445,1.16591,1.166075,-1.0,-1.0,-1
2017-11-13 10:00:00-05:00,1.166075,1.167285,1.166065,1.166465,-1.0,-1.0,-1
2017-11-13 11:00:00-05:00,1.166465,1.16659,1.16551,1.165575,-1.0,-1.0,-1
2017-11-13 12:00:00-05:00,1.165575,1.166275,1.165515,1.166275,-1.0,-1.0,-1
2017-11-13 13:00:00-05:00,1.166275,1.16683,1.16621,1.166485,-1.0,-1.0,-1
2017-11-13 14:00:00-05:00,1.166485,1.166915,1.166465,1.16673,-1.0,-1.0,-1
2017-11-13 15:00:00-05:00,1.16673,1.167135,1.16648,1.166835,-1.0,-1.0,-1
2017-11-13 16:00:00-05:00,1.166835,1.166845,1.166485,1.166725,-1.0,-1.0,-1
2017-11-13 17:15:00-05:00,1.16678,1.166825,1.166405,1.166465,-1.0,-1.0,-1
2017-11-13 18:00:00-05:00,1.166465,1.166565,1.16616,1.166475,-1.0,-1.0,-1
2017-11-13 19:00:00-05:00,1.166475,1.167605,1.166265,1.167115,-1.0,-1.0,-1
2017-11-13 20:00:00-05:00,1.167115,1.16738,1.16688,1.167025,-1.0,-1.0,-1
2017-11-13 21:00:00-05:00,1.167025,1.16726,1.16668,1.167165,-1.0,-1.0,-1
2017-11-13 22:00:00-05:00,1.167165,1.167335,1.166995,1.16715,-1.0,-1.0,-1
2017-11-13 23:00:00-05:00,1.16715,1.16743,1.167015,1.167255,-1.0,-1.0,-1
2017-11-14 00:00:00-05:00,1.167255,1.167645,1.167065,1.1674,-1.0,-1.0,-1
2017-11-14 01:00:00-05:00,1.1674,1.16747,1.16647,1.16651,-1.0,-1.0,-1
2017-11-14 02:00:00-05:00,1.16651,1.169595,1.166505,1.168955,-1.0,-1.0,-1
2017-11-14 03:00:00-05:00,1.168955,1.171,1.168495,1.17099,-1.0,-1.0,-1
2017-11-14 04:00:00-05:00,1.17099,1.172005,1.170315,1.171815,-1.0,-1.0,-1
2017-11-14 05:00:00-05:00,1.171815,1.172545,1.1713,1.17172,-1.0,-1.0,-1
2017-11-14 06:00:00-05:00,1.17172,1.172795,1.171625,1.17238,-1.0,-1.0,-1
2017-11-14 07:00:00-05:00,1.17238,1.174675,1.17225,1.174665,-1.0,-1.0,-1
2017-11-14 08:00:00-05:00,1.174665,1.1764,1.173885,1.17519,-1.0,-1.0,-1
2017-11-14 09:00:00-05:00,1.17519,1.175975,1.17451,1.175165,-1.0,-1.0,-1
2017-11-14 10:00:00-05:00,1.175165,1.17587,1.17446,1.175545,-1.0,-1.0,-1
2017-11-14 11:00:00-05:00,1.175545,1.177465,1.175135,1.176325,-1.0,-1.0,-1
2017-11-14 12:00:00-05:00,1.176325,1.178545,1.176255,1.178155,-1.0,-1.0,-1
2017-11-14 13:00:00-05:00,1.178155,1.18052,1.178125,1.18003,-1.0,-1.0,-1
2017-11-14 14:00:00-05:00,1.18003,1.180035,1.179225,1.179415,-1.0,-1.0,-1
2017-11-14 15:00:00-05:00,1.179415,1.179505,1.178905,1.179295,-1.0,-1.0,-1
2017-11-14 16:00:00-05:00,1.179295,1.17986,1.179135,1.17977,-1.0,-1.0,-1
2017-11-14 17:15:00-05:00,1.17991,1.180255,1.179225,1.17981,-1.0,-1.0,-1
2017-11-14 18:00:00-05:00,1.17981,1.17988,1.179075,1.17908,-1.0,-1.0,-1
2017-11-14 19:00:00-05:00,1.17908,1.17942,1.178595,1.179255,-1.0,-1.0,-1
2017-11-14 20:00:00-05:00,1.179255,1.179715,1.17883,1.17895,-1.0,-1.0,-1
2017-11-14 21:00:00-05:00,1.17895,1.17973,1.17886,1.179335,-1.0,-1.0,-1
2017-11-14 22:00:00-05:00,1.179335,1.179935,1.179125,1.17969,-1.0,-1.0,-1
2017-11-14 23:00:00-05:00,1.17969,1.179705,1.17922,1.179265,-1.0,-1.0,-1
2017-11-15 00:00:00-05:00,1.179265,1.179375,1.17863,1.178665,-1.0,-1.0,-1
2017-11-15 01:00:00-05:00,1.178665,1.179525,1.178475,1.179255,-1.0,-1.0,-1
2017-11-15 02:00:00-05:00,1.179255,1.181695,1.17921,1.181115,-1.0,-1.0,-1
2017-11-15 03:00:00-05:00,1.181115,1.184365,1.180785,1.18385,-1.0,-1.0,-1
2017-11-15 04:00:00-05:00,1.18385,1.185295,1.183375,1.18397,-1.0,-1.0,-1
2017-11-15 05:00:00-05:00,1.18397,1.184675,1.18287,1.184625,-1.0,-1.0,-1
2017-11-15 06:00:00-05:00,1.184625,1.184995,1.18341,1.184675,-1.0,-1.0,-1
2017-11-15 07:00:00-05:00,1.184675,1.18473,1.183475,1.18369,-1.0,-1.0,-1
2017-11-15 08:00:00-05:00,1.18369,1.18611,1.182815,1.18447,-1.0,-1.0,-1
2017-11-15 09:00:00-05:00,1.18447,1.184485,1.18141,1.182015,-1.0,-1.0,-1
2017-11-15 10:00:00-05:00,1.182015,1.182075,1.179955,1.180085,-1.0,-1.0,-1
2017-11-15 11:00:00-05:00,1.180085,1.180315,1.178985,1.17932,-1.0,-1.0,-1
2017-11-15 12:00:00-05:00,1.17932,1.180045,1.17911,1.17976,-1.0,-1.0,-1
2017-11-15 13:00:00-05:00,1.17976,1.180365,1.17961,1.180195,-1.0,-1.0,-1
2017-11-15 14:00:00-05:00,1.180195,1.180345,1.17897,1.179325,-1.0,-1.0,-1
2017-11-15 15:00:00-05:00,1.179325,1.1796,1.179005,1.179265,-1.0,-1.0,-1
2017-11-15 16:00:00-05:00,1.179265,1.17937,1.17888,1.17913,-1.0,-1.0,-1
2017-11-15 17:15:00-05:00,1.17879,1.17902,1.17686,1.17699,-1.0,-1.0,-1
2017-11-15 18:00:00-05:00,1.17699,1.178325,1.176965,1.178285,-1.0,-1.0,-1
2017-11-15 19:00:00-05:00,1.178285,1.17865,1.17772,1.178115,-1.0,-1.0,-1
2017-11-15 20:00:00-05:00,1.178115,1.178945,1.178115,1.17877,-1.0,-1.0,-1
2017-11-15 21:00:00-05:00,1.17877,1.178775,1.17791,1.178085,-1.0,-1.0,-1
2017-11-15 22:00:00-05:00,1.178085,1.17824,1.17771,1.17776,-1.0,-1.0,-1
2017-11-15 23:00:00-05:00,1.17776,1.17804,1.17766,1.177715,-1.0,-1.0,-1
2017-11-16 00:00:00-05:00,1.177715,1.17808,1.17757,1.17792,-1.0,-1.0,-1
2017-11-16 01:00:00-05:00,1.17792,1.180095,1.1779,1.17999,-1.0,-1.0,-1
2017-11-16 02:00:00-05:00,1.17999,1.180005,1.17714,1.177155,-1.0,-1.0,-1
2017-11-16 03:00:00-05:00,1.177155,1.179685,1.177155,1.178945,-1.0,-1.0,-1
2017-11-16 04:00:00-05:00,1.178945,1.17903,1.17734,1.177615,-1.0,-1.0,-1
2017-11-16 05:00:00-05:00,1.177615,1.1778,1.176795,1.17703,-1.0,-1.0,-1
2017-11-16 06:00:00-05:00,1.17703,1.17707,1.175665,1.17648,-1.0,-1.0,-1
2017-11-16 07:00:00-05:00,1.17648,1.176885,1.175895,1.17608,-1.0,-1.0,-1
2017-11-16 08:00:00-05:00,1.17608,1.17795,1.176075,1.177535,-1.0,-1.0,-1
2017-11-16 09:00:00-05:00,1.177535,1.178505,1.176695,1.177895,-1.0,-1.0,-1
2017-11-16 10:00:00-05:00,1.177895,1.178515,1.17605,1.177345,-1.0,-1.0,-1
2017-11-16 11:00:00-05:00,1.177345,1.177745,1.176695,1.177215,-1.0,-1.0,-1
2017-11-16 12:00:00-05:00,1.177215,1.177925,1.177065,1.177335,-1.0,-1.0,-1
2017-11-16 13:00:00-05:00,1.177335,1.177745,1.17678,1.176885,-1.0,-1.0,-1
2017-11-16 14:00:00-05:00,1.176885,1.17689,1.17595,1.176545,-1.0,-1.0,-1
2017-11-16 15:00:00-05:00,1.176545,1.177065,1.17613,1.177055,-1.0,-1.0,-1
2017-11-16 16:00:00-05:00,1.177055,1.17727,1.176745,1.176985,-1.0,-1.0,-1
2017-11-16 17:15:00-05:00,1.177025,1.1772,1.17682,1.17709,-1.0,-1.0,-1
2017-11-16 18:00:00-05:00,1.17709,1.17787,1.176545,1.177835,-1.0,-1.0,-1
2017-11-16 19:00:00-05:00,1.177835,1.179415,1.177545,1.17897,-1.0,-1.0,-1
2017-11-16 20:00:00-05:00,1.17897,1.181645,1.17871,1.18131,-1.0,-1.0,-1
2017-11-16 21:00:00-05:00,1.18131,1.18219,1.180985,1.182015,-1.0,-1.0,-1
2017-11-16 22:00:00-05:00,1.182015,1.18202,1.1804,1.18087,-1.0,-1.0,-1
2017-11-16 23:00:00-05:00,1.18087,1.18123,1.180405,1.18043,-1.0,-1.0,-1
2017-11-17 00:00:00-05:00,1.18043,1.181115,1.18027,1.180365,-1.0,-1.0,-1
2017-11-17 01:00:00-05:00,1.180365,1.181595,1.18035,1.181225,-1.0,-1.0,-1
2017-11-17 02:00:00-05:00,1.181225,1.181245,1.17868,1.17875,-1.0,-1.0,-1
2017-11-17 03:00:00-05:00,1.17875,1.18,1.17841,1.178675,-1.0,-1.0,-1
2017-11-17 04:00:00-05:00,1.178675,1.18029,1.17858,1.179385,-1.0,-1.0,-1
2017-11-17 05:00:00-05:00,1.179385,1.1803,1.179205,1.18017,-1.0,-1.0,-1
2017-11-17 06:00:00-05:00,1.18017,1.181265,1.17932,1.17941,-1.0,-1.0,-1
2017-11-17 07:00:00-05:00,1.17941,1.180085,1.179005,1.179195,-1.0,-1.0,-1
2017-11-17 08:00:00-05:00,1.179195,1.179645,1.177395,1.17873,-1.0,-1.0,-1
2017-11-17 09:00:00-05:00,1.17873,1.180285,1.178685,1.179485,-1.0,-1.0,-1
2017-11-17 10:00:00-05:00,1.179485,1.179805,1.17802,1.178085,-1.0,-1.0,-1
2017-11-17 11:00:00-05:00,1.178085,1.179825,1.177635,1.179775,-1.0,-1.0,-1
2017-11-17 12:00:00-05:00,1.179775,1.180165,1.17877,1.180165,-1.0,-1.0,-1
2017-11-17 13:00:00-05:00,1.180165,1.180625,1.179825,1.179995,-1.0,-1.0,-1
2017-11-17 14:00:00-05:00,1.179995,1.180035,1.179235,1.17968,-1.0,-1.0,-1
2017-11-17 15:00:00-05:00,1.17968,1.180595,1.17948,1.17948,-1.0,-1.0,-1
2017-11-17 16:00:00-05:00,1.17948,1.17949,1.178615,1.17888,-1.0,-1.0,-1
2017-11-19 17:15:00-05:00,1.17865,1.179735,1.17663,1.17666,-1.0,-1.0,-1
2017-11-19 18:00:00-05:00,1.17666,1.17691,1.17224,1.173455,-1.0,-1.0,-1
2017-11-19 19:00:00-05:00,1.173455,1.175075,1.17318,1.174385,-1.0,-1.0,-1
2017-11-19 20:00:00-05:00,1.174385,1.17502,1.173775,1.1745,-1.0,-1.0,-1
2017-11-19 21:00:00-05:00,1.1745,1.17459,1.17252,1.173675,-1.0,-1.0,-1
2017-11-19 22:00:00-05:00,1.173675,1.173795,1.17332,1.17367,-1.0,-1.0,-1
2017-11-19 23:00:00-05:00,1.17367,1.17373,1.172755,1.17288,-1.0,-1.0,-1
2017-11-20 00:00:00-05:00,1.17288,1.173675,1.17283,1.17338,-1.0,-1.0,-1
2017-11-20 01:00:00-05:00,1.17338,1.17412,1.173215,1.17362,-1.0,-1.0,-1
2017-11-20 02:00:00-05:00,1.17362,1.175545,1.1735,1.17544,-1.0,-1.0,-1
2017-11-20 03:00:00-05:00,1.17544,1.180875,1.175195,1.179885,-1.0,-1.0,-1
2017-11-20 04:00:00-05:00,1.179885,1.18048,1.179245,1.17945,-1.0,-1.0,-1
2017-11-20 05:00:00-05:00,1.17945,1.179645,1.17853,1.178805,-1.0,-1.0,-1
2017-11-20 06:00:00-05:00,1.178805,1.179045,1.17724,1.1776,-1.0,-1.0,-1
2017-11-20 07:00:00-05:00,1.1776,1.178605,1.177475,1.178295,-1.0,-1.0,-1
2017-11-20 08:00:00-05:00,1.178295,1.178465,1.176655,1.17709,-1.0,-1.0,-1
2017-11-20 09:00:00-05:00,1.17709,1.177555,1.175575,1.175695,-1.0,-1.0,-1
2017-11-20 10:00:00-05:00,1.175695,1.17591,1.174215,1.174815,-1.0,-1.0,-1
2017-11-20 11:00:00-05:00,1.174815,1.17552,1.173205,1.174025,-1.0,-1.0,-1
2017-11-20 12:00:00-05:00,1.174025,1.174975,1.17345,1.174685,-1.0,-1.0,-1
2017-11-20 13:00:00-05:00,1.174685,1.175075,1.17362,1.173665,-1.0,-1.0,-1
2017-11-20 14:00:00-05:00,1.173665,1.17376,1.172975,1.17321,-1.0,-1.0,-1
2017-11-20 15:00:00-05:00,1.17321,1.173645,1.172795,1.17289,-1.0,-1.0,-1
2017-11-20 16:00:00-05:00,1.17289,1.173485,1.172865,1.173265,-1.0,-1.0,-1
2017-11-20 17:15:00-05:00,1.17327,1.17359,1.173255,1.173415,-1.0,-1.0,-1
2017-11-20 18:00:00-05:00,1.173415,1.173815,1.173325,1.173715,-1.0,-1.0,-1
2017-11-20 19:00:00-05:00,1.173715,1.174465,1.17367,1.17432,-1.0,-1.0,-1
2017-11-20 20:00:00-05:00,1.17432,1.17446,1.17308,1.17337,-1.0,-1.0,-1
2017-11-20 21:00:00-05:00,1.17337,1.173615,1.173025,1.173485,-1.0,-1.0,-1
2017-11-20 22:00:00-05:00,1.173485,1.173895,1.173375,1.17383,-1.0,-1.0,-1
2017-11-20 23:00:00-05:00,1.17383,1.173935,1.17367,1.173875,-1.0,-1.0,-1
2017-11-21 00:00:00-05:00,1.173875,1.174345,1.173735,1.174175,-1.0,-1.0,-1
2017-11-21 01:00:00-05:00,1.174175,1.174945,1.173825,1.174285,-1.0,-1.0,-1
2017-11-21 02:00:00-05:00,1.174285,1.17497,1.173015,1.17362,-1.0,-1.0,-1
2017-11-21 03:00:00-05:00,1.17362,1.175785,1.173265,1.17387,-1.0,-1.0,-1
2017-11-21 04:00:00-05:00,1.17387,1.1742,1.171395,1.17288,-1.0,-1.0,-1
2017-11-21 05:00:00-05:00,1.17288,1.174665,1.172595,1.173705,-1.0,-1.0,-1
2017-11-21 06:00:00-05:00,1.173705,1.173715,1.17212,1.17222,-1.0,-1.0,-1
2017-11-21 07:00:00-05:00,1.17222,1.17281,1.17148,1.171565,-1.0,-1.0,-1
2017-11-21 08:00:00-05:00,1.171565,1.172865,1.1713,1.172225,-1.0,-1.0,-1
2017-11-21 09:00:00-05:00,1.172225,1.173995,1.17183,1.17374,-1.0,-1.0,-1
2017-11-21 10:00:00-05:00,1.17374,1.17447,1.172415,1.172515,-1.0,-1.0,-1
2017-11-21 11:00:00-05:00,1.172515,1.17482,1.172405,1.174115,-1.0,-1.0,-1
2017-11-21 12:00:00-05:00,1.174115,1.174415,1.173445,1.174285,-1.0,-1.0,-1
2017-11-21 13:00:00-05:00,1.174285,1.175205,1.17357,1.17464,-1.0,-1.0,-1
2017-11-21 14:00:00-05:00,1.17464,1.174995,1.17389,1.174285,-1.0,-1.0,-1
2017-11-21 15:00:00-05:00,1.174285,1.17453,1.17351,1.17388,-1.0,-1.0,-1
2017-11-21 16:00:00-05:00,1.17388,1.17434,1.17353,1.17382,-1.0,-1.0,-1
2017-11-21 17:15:00-05:00,1.17367,1.173715,1.17327,1.173385,-1.0,-1.0,-1
2017-11-21 18:00:00-05:00,1.173385,1.174715,1.17335,1.174185,-1.0,-1.0,-1
2017-11-21 19:00:00-05:00,1.174185,1.17478,1.173765,1.174075,-1.0,-1.0,-1
2017-11-21 20:00:00-05:00,1.174075,1.174165,1.17354,1.173885,-1.0,-1.0,-1
2017-11-21 21:00:00-05:00,1.173885,1.17403,1.173535,1.173675,-1.0,-1.0,-1
2017-11-21 22:00:00-05:00,1.173675,1.17403,1.17348,1.17386,-1.0,-1.0,-1
2017-11-21 23:00:00-05:00,1.17386,1.174445,1.173795,1.174165,-1.0,-1.0,-1
2017-11-22 00:00:00-05:00,1.174165,1.17452,1.173925,1.17443,-1.0,-1.0,-1
2017-11-22 01:00:00-05:00,1.17443,1.175635,1.1742,1.17512,-1.0,-1.0,-1
2017-11-22 02:00:00-05:00,1.17512,1.176175,1.17477,1.175755,-1.0,-1.0,-1
2017-11-22 03:00:00-05:00,1.175755,1.17712,1.175545,1.176925,-1.0,-1.0,-1
2017-11-22 04:00:00-05:00,1.176925,1.177335,1.175645,1.175665,-1.0,-1.0,-1
2017-11-22 05:00:00-05:00,1.175665,1.175665,1.174865,1.175005,-1.0,-1.0,-1
2017-11-22 06:00:00-05:00,1.175005,1.17547,1.174585,1.175305,-1.0,-1.0,-1
2017-11-22 07:00:00-05:00,1.175305,1.17532,1.173565,1.17423,-1.0,-1.0,-1
2017-11-22 08:00:00-05:00,1.17423,1.175435,1.17403,1.175085,-1.0,-1.0,-1
2017-11-22 09:00:00-05:00,1.175085,1.177805,1.175025,1.17759,-1.0,-1.0,-1
2017-11-22 10:00:00-05:00,1.17759,1.179695,1.177155,1.17861,-1.0,-1.0,-1
2017-11-22 11:00:00-05:00,1.17861,1.179795,1.178355,1.17888,-1.0,-1.0,-1
2017-11-22 12:00:00-05:00,1.17888,1.179845,1.178615,1.179525,-1.0,-1.0,-1
2017-11-22 13:00:00-05:00,1.179525,1.1799,1.179265,1.17988,-1.0,-1.0,-1
2017-11-22 14:00:00-05:00,1.17988,1.182715,1.179525,1.182515,-1.0,-1.0,-1
2017-11-22 15:00:00-05:00,1.182515,1.182555,1.18139,1.18201,-1.0,-1.0,-1
2017-11-22 16:00:00-05:00,1.18201,1.182485,1.18184,1.18224,-1.0,-1.0,-1
2017-11-22 17:15:00-05:00,1.182,1.18207,1.18168,1.181855,-1.0,-1.0,-1
2017-11-22 18:00:00-05:00,1.181855,1.1822,1.18137,1.181465,-1.0,-1.0,-1
2017-11-22 19:00:00-05:00,1.181465,1.18204,1.181335,1.18143,-1.0,-1.0,-1
2017-11-22 20:00:00-05:00,1.18143,1.182485,1.18139,1.18231,-1.0,-1.0,-1
2017-11-22 21:00:00-05:00,1.18231,1.182475,1.181725,1.182085,-1.0,-1.0,-1
2017-11-22 22:00:00-05:00,1.182085,1.183815,1.181895,1.18325,-1.0,-1.0,-1
2017-11-22 23:00:00-05:00,1.18325,1.18378,1.18318,1.183475,-1.0,-1.0,-1
2017-11-23 00:00:00-05:00,1.183475,1.18376,1.18258,1.18296,-1.0,-1.0,-1
2017-11-23 01:00:00-05:00,1.18296,1.183595,1.182685,1.182805,-1.0,-1.0,-1
2017-11-23 02:00:00-05:00,1.182805,1.183905,1.182395,1.1827,-1.0,-1.0,-1
2017-11-23 03:00:00-05:00,1.1827,1.184625,1.18263,1.18448,-1.0,-1.0,-1
2017-11-23 04:00:00-05:00,1.18448,1.184685,1.18364,1.184275,-1.0,-1.0,-1
2017-11-23 05:00:00-05:00,1.184275,1.184665,1.18383,1.18465,-1.0,-1.0,-1
2017-11-23 06:00:00-05:00,1.18465,1.185135,1.184205,1.18456,-1.0,-1.0,-1
2017-11-23 07:00:00-05:00,1.18456,1.18561,1.184115,1.18435,-1.0,-1.0,-1
2017-11-23 08:00:00-05:00,1.18435,1.18498,1.1842,1.18494,-1.0,-1.0,-1
2017-11-23 09:00:00-05:00,1.18494,1.185285,1.1846,1.1846,-1.0,-1.0,-1
2017-11-23 10:00:00-05:00,1.1846,1.185395,1.18429,1.184325,-1.0,-1.0,-1
2017-11-23 11:00:00-05:00,1.184325,1.18508,1.184005,1.18507,-1.0,-1.0,-1
2017-11-23 12:00:00-05:00,1.18507,1.18547,1.184685,1.18494,-1.0,-1.0,-1
2017-11-23 13:00:00-05:00,1.18494,1.185335,1.184665,1.185095,-1.0,-1.0,-1
2017-11-23 14:00:00-05:00,1.185095,1.185285,1.184545,1.185175,-1.0,-1.0,-1
2017-11-23 15:00:00-05:00,1.185175,1.185395,1.18494,1.18517,-1.0,-1.0,-1
2017-11-23 16:00:00-05:00,1.18517,1.18523,1.184715,1.184975,-1.0,-1.0,-1
2017-11-23 17:15:00-05:00,1.18492,1.185265,1.18476,1.185025,-1.0,-1.0,-1
2017-11-23 18:00:00-05:00,1.185025,1.18533,1.184775,1.18505,-1.0,-1.0,-1
2017-11-23 19:00:00-05:00,1.18505,1.185485,1.183955,1.184295,-1.0,-1.0,-1
2017-11-23 20:00:00-05:00,1.184295,1.185,1.18369,1.184845,-1.0,-1.0,-1
2017-11-23 21:00:00-05:00,1.184845,1.18559,1.184825,1.185535,-1.0,-1.0,-1
2017-11-23 22:00:00-05:00,1.185535,1.18558,1.18438,1.184855,-1.0,-1.0,-1
2017-11-23 23:00:00-05:00,1.184855,1.185885,1.184645,1.185255,-1.0,-1.0,-1
2017-11-24 00:00:00-05:00,1.185255,1.18562,1.18498,1.185185,-1.0,-1.0,-1
2017-11-24 01:00:00-05:00,1.185185,1.18538,1.184345,1.184745,-1.0,-1.0,-1
2017-11-24 02:00:00-05:00,1.184745,1.18505,1.183675,1.184765,-1.0,-1.0,-1
2017-11-24 03:00:00-05:00,1.184765,1.186485,1.184315,1.185865,-1.0,-1.0,-1
2017-11-24 04:00:00-05:00,1.185865,1.187505,1.1858,1.18684,-1.0,-1.0,-1
2017-11-24 05:00:00-05:00,1.18684,1.18698,1.186155,1.18664,-1.0,-1.0,-1
2017-11-24 06:00:00-05:00,1.18664,1.186845,1.18556,1.185655,-1.0,-1.0,-1
2017-11-24 07:00:00-05:00,1.185655,1.18741,1.185545,1.187395,-1.0,-1.0,-1
2017-11-24 08:00:00-05:00,1.187395,1.18988,1.187255,1.18966,-1.0,-1.0,-1
2017-11-24 09:00:00-05:00,1.18966,1.191995,1.189525,1.19194,-1.0,-1.0,-1
2017-11-24 10:00:00-05:00,1.19194,1.193845,1.191925,1.193425,-1.0,-1.0,-1
2017-11-24 11:00:00-05:00,1.193425,1.194445,1.19314,1.193655,-1.0,-1.0,-1
2017-11-24 12:00:00-05:00,1.193655,1.19378,1.192375,1.19279,-1.0,-1.0,-1
2017-11-24 13:00:00-05:00,1.19279,1.193305,1.192295,1.192555,-1.0,-1.0,-1
2017-11-24 14:00:00-05:00,1.192555,1.192965,1.192375,1.192685,-1.0,-1.0,-1
2017-11-24 15:00:00-05:00,1.192685,1.193175,1.192535,1.193095,-1.0,-1.0,-1
2017-11-24 16:00:00-05:00,1.193095,1.19392,1.1929,1.193225,-1.0,-1.0,-1
2017-11-26 17:15:00-05:00,1.192775,1.19358,1.192455,1.193535,-1.0,-1.0,-1
2017-11-26 18:00:00-05:00,1.193535,1.193615,1.192435,1.192755,-1.0,-1.0,-1
2017-11-26 19:00:00-05:00,1.192755,1.19304,1.19131,1.191585,-1.0,-1.0,-1
2017-11-26 20:00:00-05:00,1.191585,1.192185,1.191195,1.192075,-1.0,-1.0,-1
2017-11-26 21:00:00-05:00,1.192075,1.192395,1.19142,1.191765,-1.0,-1.0,-1
2017-11-26 22:00:00-05:00,1.191765,1.192905,1.19176,1.19248,-1.0,-1.0,-1
2017-11-26 23:00:00-05:00,1.19248,1.19278,1.1922,1.19239,-1.0,-1.0,-1
2017-11-27 00:00:00-05:00,1.19239,1.19285,1.192225,1.19284,-1.0,-1.0,-1
2017-11-27 01:00:00-05:00,1.19284,1.19336,1.191935,1.192285,-1.0,-1.0,-1
2017-11-27 02:00:00-05:00,1.192285,1.193225,1.191755,1.19277,-1.0,-1.0,-1
2017-11-27 03:00:00-05:00,1.19277,1.195715,1.192335,1.193855,-1.0,-1.0,-1
2017-11-27 04:00:00-05:00,1.193855,1.194055,1.192075,1.193045,-1.0,-1.0,-1
2017-11-27 05:00:00-05:00,1.193045,1.19396,1.192645,1.193885,-1.0,-1.0,-1
2017-11-27 06:00:00-05:00,1.193885,1.19404,1.193195,1.193685,-1.0,-1.0,-1
2017-11-27 07:00:00-05:00,1.193685,1.194855,1.19281,1.19431,-1.0,-1.0,-1
2017-11-27 08:00:00-05:00,1.19431,1.196125,1.19423,1.195885,-1.0,-1.0,-1
2017-11-27 09:00:00-05:00,1.195885,1.19589,1.193215,1.193915,-1.0,-1.0,-1
2017-11-27 10:00:00-05:00,1.193915,1.19392,1.19152,1.191895,-1.0,-1.0,-1
2017-11-27 11:00:00-05:00,1.191895,1.19264,1.190515,1.191065,-1.0,-1.0,-1
2017-11-27 12:00:00-05:00,1.191065,1.19205,1.189795,1.19025,-1.0,-1.0,-1
2017-11-27 13:00:00-05:00,1.19025,1.19062,1.189925,1.190175,-1.0,-1.0,-1
2017-11-27 14:00:00-05:00,1.190175,1.19027,1.18957,1.189975,-1.0,-1.0,-1
2017-11-27 15:00:00-05:00,1.189975,1.190175,1.18965,1.189955,-1.0,-1.0,-1
2017-11-27 16:00:00-05:00,1.189955,1.190115,1.18961,1.18984,-1.0,-1.0,-1
2017-11-27 17:15:00-05:00,1.18982,1.190205,1.189735,1.18997,-1.0,-1.0,-1
2017-11-27 18:00:00-05:00,1.18997,1.190525,1.18996,1.190415,-1.0,-1.0,-1
2017-11-27 19:00:00-05:00,1.190415,1.190875,1.19002,1.19069,-1.0,-1.0,-1
2017-11-27 20:00:00-05:00,1.19069,1.190735,1.189725,1.189955,-1.0,-1.0,-1
2017-11-27 21:00:00-05:00,1.189955,1.19038,1.189785,1.190075,-1.0,-1.0,-1
2017-11-27 22:00:00-05:00,1.190075,1.190475,1.189835,1.19041,-1.0,-1.0,-1
2017-11-27 23:00:00-05:00,1.19041,1.190675,1.190265,1.19046,-1.0,-1.0,-1
2017-11-28 00:00:00-05:00,1.19046,1.190885,1.19006,1.190205,-1.0,-1.0,-1
2017-11-28 01:00:00-05:00,1.190205,1.1911,1.190155,1.190805,-1.0,-1.0,-1
2017-11-28 02:00:00-05:00,1.190805,1.190835,1.18854,1.18885,-1.0,-1.0,-1
2017-11-28 03:00:00-05:00,1.18885,1.191995,1.18885,1.190535,-1.0,-1.0,-1
2017-11-28 04:00:00-05:00,1.190535,1.190685,1.188915,1.189165,-1.0,-1.0,-1
2017-11-28 05:00:00-05:00,1.189165,1.189365,1.187475,1.188545,-1.0,-1.0,-1
2017-11-28 06:00:00-05:00,1.188545,1.189135,1.188245,1.188625,-1.0,-1.0,-1
2017-11-28 07:00:00-05:00,1.188625,1.18879,1.187715,1.187995,-1.0,-1.0,-1
2017-11-28 08:00:00-05:00,1.187995,1.19004,1.187975,1.189405,-1.0,-1.0,-1
2017-11-28 09:00:00-05:00,1.189405,1.18991,1.187775,1.187795,-1.0,-1.0,-1
2017-11-28 10:00:00-05:00,1.187795,1.188865,1.186415,1.186985,-1.0,-1.0,-1
2017-11-28 11:00:00-05:00,1.186985,1.188535,1.186555,1.187785,-1.0,-1.0,-1
2017-11-28 12:00:00-05:00,1.187785,1.188375,1.18642,1.18697,-1.0,-1.0,-1
2017-11-28 13:00:00-05:00,1.18697,1.187055,1.18526,1.185965,-1.0,-1.0,-1
2017-11-28 14:00:00-05:00,1.185965,1.186315,1.18271,1.183805,-1.0,-1.0,-1
2017-11-28 15:00:00-05:00,1.183805,1.18478,1.18327,1.184155,-1.0,-1.0,-1
2017-11-28 16:00:00-05:00,1.184155,1.18462,1.1838,1.184,-1.0,-1.0,-1
2017-11-28 17:15:00-05:00,1.184375,1.184915,1.18393,1.18468,-1.0,-1.0,-1
2017-11-28 18:00:00-05:00,1.18468,1.185215,1.18456,1.184925,-1.0,-1.0,-1
2017-11-28 19:00:00-05:00,1.184925,1.18531,1.184635,1.18486,-1.0,-1.0,-1
2017-11-28 20:00:00-05:00,1.18486,1.18494,1.184025,1.18418,-1.0,-1.0,-1
2017-11-28 21:00:00-05:00,1.18418,1.184995,1.184165,1.184975,-1.0,-1.0,-1
2017-11-28 22:00:00-05:00,1.184975,1.185545,1.18477,1.18535,-1.0,-1.0,-1
2017-11-28 23:00:00-05:00,1.18535,1.18564,1.18493,1.18503,-1.0,-1.0,-1
2017-11-29 00:00:00-05:00,1.18503,1.185325,1.18478,1.185135,-1.0,-1.0,-1
2017-11-29 01:00:00-05:00,1.185135,1.186105,1.185085,1.18594,-1.0,-1.0,-1
2017-11-29 02:00:00-05:00,1.18594,1.18717,1.185635,1.18692,-1.0,-1.0,-1
2017-11-29 03:00:00-05:00,1.18692,1.187525,1.185975,1.187225,-1.0,-1.0,-1
2017-11-29 04:00:00-05:00,1.187225,1.18829,1.186475,1.18666,-1.0,-1.0,-1
2017-11-29 05:00:00-05:00,1.18666,1.186745,1.184385,1.184735,-1.0,-1.0,-1
2017-11-29 06:00:00-05:00,1.184735,1.184915,1.183075,1.184275,-1.0,-1.0,-1
2017-11-29 07:00:00-05:00,1.184275,1.184785,1.183195,1.1836,-1.0,-1.0,-1
2017-11-29 08:00:00-05:00,1.1836,1.18384,1.181725,1.18375,-1.0,-1.0,-1
2017-11-29 09:00:00-05:00,1.18375,1.18425,1.18306,1.18356,-1.0,-1.0,-1
2017-11-29 10:00:00-05:00,1.18356,1.18548,1.182865,1.18496,-1.0,-1.0,-1
2017-11-29 11:00:00-05:00,1.18496,1.18641,1.18476,1.185835,-1.0,-1.0,-1
2017-11-29 12:00:00-05:00,1.185835,1.186585,1.185095,1.185135,-1.0,-1.0,-1
2017-11-29 13:00:00-05:00,1.185135,1.18602,1.184975,1.18568,-1.0,-1.0,-1
2017-11-29 14:00:00-05:00,1.18568,1.18651,1.185505,1.18626,-1.0,-1.0,-1
2017-11-29 15:00:00-05:00,1.18626,1.186395,1.185005,1.185125,-1.0,-1.0,-1
2017-11-29 16:00:00-05:00,1.185125,1.185625,1.184625,1.18473,-1.0,-1.0,-1
2017-11-29 17:15:00-05:00,1.18485,1.185325,1.18481,1.18496,-1.0,-1.0,-1
2017-11-29 18:00:00-05:00,1.18496,1.185415,1.18486,1.18522,-1.0,-1.0,-1
2017-11-29 19:00:00-05:00,1.18522,1.1856,1.184775,1.18545,-1.0,-1.0,-1
2017-11-29 20:00:00-05:00,1.18545,1.186845,1.18537,1.186095,-1.0,-1.0,-1
2017-11-29 21:00:00-05:00,1.186095,1.187105,1.18588,1.18663,-1.0,-1.0,-1
2017-11-29 22:00:00-05:00,1.18663,1.186875,1.18626,1.186575,-1.0,-1.0,-1
2017-11-29 23:00:00-05:00,1.186575,1.18662,1.186205,1.186215,-1.0,-1.0,-1
2017-11-30 00:00:00-05:00,1.186215,1.186715,1.18612,1.186455,-1.0,-1.0,-1
2017-11-30 01:00:00-05:00,1.186455,1.18726,1.185855,1.18669,-1.0,-1.0,-1
2017-11-30 02:00:00-05:00,1.18669,1.1876,1.186255,1.18645,-1.0,-1.0,-1
2017-11-30 03:00:00-05:00,1.18645,1.186695,1.18412,1.18461,-1.0,-1.0,-1
2017-11-30 04:00:00-05:00,1.18461,1.18467,1.18254,1.18322,-1.0,-1.0,-1
2017-11-30 05:00:00-05:00,1.18322,1.18333,1.180915,1.183125,-1.0,-1.0,-1
2017-11-30 06:00:00-05:00,1.183125,1.18429,1.182865,1.183625,-1.0,-1.0,-1
2017-11-30 07:00:00-05:00,1.183625,1.184985,1.183545,1.184505,-1.0,-1.0,-1
2017-11-30 08:00:00-05:00,1.184505,1.18636,1.184075,1.18588,-1.0,-1.0,-1
2017-11-30 09:00:00-05:00,1.18588,1.19068,1.18588,1.190385,-1.0,-1.0,-1
2017-11-30 10:00:00-05:00,1.190385,1.193105,1.190365,1.19228,-1.0,-1.0,-1
2017-11-30 11:00:00-05:00,1.19228,1.193145,1.190015,1.190055,-1.0,-1.0,-1
2017-11-30 12:00:00-05:00,1.190055,1.190125,1.188555,1.189145,-1.0,-1.0,-1
2017-11-30 13:00:00-05:00,1.189145,1.191455,1.188945,1.19124,-1.0,-1.0,-1
2017-11-30 14:00:00-05:00,1.19124,1.19129,1.189105,1.18978,-1.0,-1.0,-1
2017-11-30 15:00:00-05:00,1.18978,1.190545,1.189585,1.190225,-1.0,-1.0,-1
2017-11-30 16:00:00-05:00,1.190225,1.19149,1.190125,1.1904,-1.0,-1.0,-1
2017-11-30 17:15:00-05:00,1.190335,1.19041,1.188695,1.188975,-1.0,-1.0,-1
2017-11-30 18:00:00-05:00,1.188975,1.19031,1.188975,1.189815,-1.0,-1.0,-1
2017-11-30 19:00:00-05:00,1.189815,1.191595,1.18965,1.190875,-1.0,-1.0,-1
2017-11-30 20:00:00-05:00,1.190875,1.191145,1.19022,1.190955,-1.0,-1.0,-1
2017-11-30 21:00:00-05:00,1.190955,1.19138,1.190625,1.190705,-1.0,-1.0,-1
2017-11-30 22:00:00-05:00,1.190705,1.191325,1.19004,1.19117,-1.0,-1.0,-1
2017-11-30 23:00:00-05:00,1.19117,1.191555,1.190865,1.19111,-1.0,-1.0,-1
2017-12-01 00:00:00-05:00,1.19111,1.192955,1.191005,1.19274,-1.0,-1.0,-1
2017-12-01 01:00:00-05:00,1.19274,1.193295,1.19185,1.19202,-1.0,-1.0,-1
2017-12-01 02:00:00-05:00,1.19202,1.19223,1.190705,1.19159,-1.0,-1.0,-1
2017-12-01 03:00:00-05:00,1.19159,1.194045,1.191165,1.192915,-1.0,-1.0,-1
2017-12-01 04:00:00-05:00,1.192915,1.192965,1.19007,1.190265,-1.0,-1.0,-1
2017-12-01 05:00:00-05:00,1.190265,1.191135,1.188375,1.18891,-1.0,-1.0,-1
2017-12-01 06:00:00-05:00,1.18891,1.19045,1.188625,1.190065,-1.0,-1.0,-1
2017-12-01 07:00:00-05:00,1.190065,1.19029,1.18877,1.189185,-1.0,-1.0,-1
2017-12-01 08:00:00-05:00,1.189185,1.18934,1.186315,1.186925,-1.0,-1.0,-1
2017-12-01 09:00:00-05:00,1.186925,1.18745,1.186105,1.186115,-1.0,-1.0,-1
2017-12-01 10:00:00-05:00,1.186115,1.18761,1.18509,1.186515,-1.0,-1.0,-1
2017-12-01 11:00:00-05:00,1.186515,1.19348,1.18645,1.19077,-1.0,-1.0,-1
2017-12-01 12:00:00-05:00,1.19077,1.19173,1.189625,1.190635,-1.0,-1.0,-1
2017-12-01 13:00:00-05:00,1.190635,1.19106,1.188625,1.189475,-1.0,-1.0,-1
2017-12-01 14:00:00-05:00,1.189475,1.190055,1.18852,1.189415,-1.0,-1.0,-1
2017-12-01 15:00:00-05:00,1.189415,1.18966,1.18901,1.18911,-1.0,-1.0,-1
2017-12-01 16:00:00-05:00,1.18911,1.190005,1.189075,1.189895,-1.0,-1.0,-1
2017-12-03 17:15:00-05:00,1.1866,1.187155,1.18615,1.186955,-1.0,-1.0,-1
2017-12-03 18:00:00-05:00,1.186955,1.187535,1.185645,1.18567,-1.0,-1.0,-1
2017-12-03 19:00:00-05:00,1.18567,1.187285,1.18561,1.187085,-1.0,-1.0,-1
2017-12-03 20:00:00-05:00,1.187085,1.187615,1.186665,1.18752,-1.0,-1.0,-1
2017-12-03 21:00:00-05:00,1.18752,1.18753,1.18683,1.187285,-1.0,-1.0,-1
2017-12-03 22:00:00-05:00,1.187285,1.18759,1.186995,1.187085,-1.0,-1.0,-1
2017-12-03 23:00:00-05:00,1.187085,1.187175,1.186745,1.187105,-1.0,-1.0,-1
2017-12-04 00:00:00-05:00,1.187105,1.187185,1.18675,1.18676,-1.0,-1.0,-1
2017-12-04 01:00:00-05:00,1.18676,1.18694,1.18622,1.18652,-1.0,-1.0,-1
2017-12-04 02:00:00-05:00,1.18652,1.186585,1.183635,1.184975,-1.0,-1.0,-1
2017-12-04 03:00:00-05:00,1.184975,1.18787,1.184955,1.18724,-1.0,-1.0,-1
2017-12-04 04:00:00-05:00,1.18724,1.187365,1.185085,1.185435,-1.0,-1.0,-1
2017-12-04 05:00:00-05:00,1.185435,1.186045,1.184375,1.184945,-1.0,-1.0,-1
2017-12-04 06:00:00-05:00,1.184945,1.186165,1.184695,1.185825,-1.0,-1.0,-1
2017-12-04 07:00:00-05:00,1.185825,1.185845,1.184555,1.18564,-1.0,-1.0,-1
2017-12-04 08:00:00-05:00,1.18564,1.186755,1.184295,1.184575,-1.0,-1.0,-1
2017-12-04 09:00:00-05:00,1.184575,1.18468,1.183355,1.18429,-1.0,-1.0,-1
2017-12-04 10:00:00-05:00,1.18429,1.185295,1.182925,1.18497,-1.0,-1.0,-1
2017-12-04 11:00:00-05:00,1.18497,1.185995,1.184555,1.184815,-1.0,-1.0,-1
2017-12-04 12:00:00-05:00,1.184815,1.185195,1.184165,1.184385,-1.0,-1.0,-1
2017-12-04 13:00:00-05:00,1.184385,1.18517,1.184325,1.18498,-1.0,-1.0,-1
2017-12-04 14:00:00-05:00,1.18498,1.185965,1.184875,1.18559,-1.0,-1.0,-1
2017-12-04 15:00:00-05:00,1.18559,1.185855,1.184775,1.185635,-1.0,-1.0,-1
2017-12-04 16:00:00-05:00,1.185635,1.186845,1.185635,1.186575,-1.0,-1.0,-1
2017-12-04 17:15:00-05:00,1.1863,1.186855,1.186155,1.18682,-1.0,-1.0,-1
2017-12-04 18:00:00-05:00,1.18682,1.18706,1.186495,1.18679,-1.0,-1.0,-1
2017-12-04 19:00:00-05:00,1.18679,1.187265,1.186375,1.18707,-1.0,-1.0,-1
2017-12-04 20:00:00-05:00,1.18707,1.18748,1.186885,1.1873,-1.0,-1.0,-1
2017-12-04 21:00:00-05:00,1.1873,1.18767,1.187035,1.18737,-1.0,-1.0,-1
2017-12-04 22:00:00-05:00,1.18737,1.187575,1.18716,1.18752,-1.0,-1.0,-1
2017-12-04 23:00:00-05:00,1.18752,1.18759,1.186935,1.18695,-1.0,-1.0,-1
2017-12-05 00:00:00-05:00,1.18695,1.18726,1.186705,1.186735,-1.0,-1.0,-1
2017-12-05 01:00:00-05:00,1.186735,1.187005,1.186315,1.186685,-1.0,-1.0,-1
2017-12-05 02:00:00-05:00,1.186685,1.187665,1.185695,1.185805,-1.0,-1.0,-1
2017-12-05 03:00:00-05:00,1.185805,1.186195,1.184515,1.184825,-1.0,-1.0,-1
2017-12-05 04:00:00-05:00,1.184825,1.18596,1.18419,1.185315,-1.0,-1.0,-1
2017-12-05 05:00:00-05:00,1.185315,1.186695,1.184925,1.186295,-1.0,-1.0,-1
2017-12-05 06:00:00-05:00,1.186295,1.187395,1.186125,1.18658,-1.0,-1.0,-1
2017-12-05 07:00:00-05:00,1.18658,1.186725,1.184625,1.184735,-1.0,-1.0,-1
2017-12-05 08:00:00-05:00,1.184735,1.184795,1.182775,1.183495,-1.0,-1.0,-1
2017-12-05 09:00:00-05:00,1.183495,1.183705,1.181315,1.18284,-1.0,-1.0,-1
2017-12-05 10:00:00-05:00,1.18284,1.1843,1.182205,1.183265,-1.0,-1.0,-1
2017-12-05 11:00:00-05:00,1.183265,1.183315,1.180785,1.18206,-1.0,-1.0,-1
2017-12-05 12:00:00-05:00,1.18206,1.182465,1.180505,1.18058,-1.0,-1.0,-1
2017-12-05 13:00:00-05:00,1.18058,1.18079,1.180085,1.18072,-1.0,-1.0,-1
2017-12-05 14:00:00-05:00,1.18072,1.18181,1.18069,1.1814,-1.0,-1.0,-1
2017-12-05 15:00:00-05:00,1.1814,1.18297,1.18136,1.18239,-1.0,-1.0,-1
2017-12-05 16:00:00-05:00,1.18239,1.18284,1.18237,1.18263,-1.0,-1.0,-1
2017-12-05 17:15:00-05:00,1.18277,1.183005,1.18258,1.182885,-1.0,-1.0,-1
2017-12-05 18:00:00-05:00,1.182885,1.18315,1.18256,1.183065,-1.0,-1.0,-1
2017-12-05 19:00:00-05:00,1.183065,1.183105,1.18164,1.182105,-1.0,-1.0,-1
2017-12-05 20:00:00-05:00,1.182105,1.182975,1.181915,1.18266,-1.0,-1.0,-1
2017-12-05 21:00:00-05:00,1.18266,1.18306,1.182605,1.182755,-1.0,-1.0,-1
2017-12-05 22:00:00-05:00,1.182755,1.184805,1.18274,1.184255,-1.0,-1.0,-1
2017-12-05 23:00:00-05:00,1.184255,1.184435,1.183815,1.18389,-1.0,-1.0,-1
2017-12-06 00:00:00-05:00,1.18389,1.184515,1.183595,1.18441,-1.0,-1.0,-1
2017-12-06 01:00:00-05:00,1.18441,1.18443,1.18319,1.183355,-1.0,-1.0,-1
2017-12-06 02:00:00-05:00,1.183355,1.183955,1.181935,1.182365,-1.0,-1.0,-1
2017-12-06 03:00:00-05:00,1.182365,1.18316,1.18135,1.18225,-1.0,-1.0,-1
2017-12-06 04:00:00-05:00,1.18225,1.18263,1.18123,1.182355,-1.0,-1.0,-1
2017-12-06 05:00:00-05:00,1.182355,1.183365,1.18225,1.18285,-1.0,-1.0,-1
2017-12-06 06:00:00-05:00,1.18285,1.18286,1.18087,1.181265,-1.0,-1.0,-1
2017-12-06 07:00:00-05:00,1.181265,1.181565,1.180505,1.18132,-1.0,-1.0,-1
2017-12-06 08:00:00-05:00,1.18132,1.18237,1.179995,1.18078,-1.0,-1.0,-1
2017-12-06 09:00:00-05:00,1.18078,1.18082,1.178745,1.179025,-1.0,-1.0,-1
2017-12-06 10:00:00-05:00,1.179025,1.179925,1.178565,1.178825,-1.0,-1.0,-1
2017-12-06 11:00:00-05:00,1.178825,1.179555,1.178065,1.17886,-1.0,-1.0,-1
2017-12-06 12:00:00-05:00,1.17886,1.179485,1.17837,1.17931,-1.0,-1.0,-1
2017-12-06 13:00:00-05:00,1.17931,1.17976,1.178885,1.179225,-1.0,-1.0,-1
2017-12-06 14:00:00-05:00,1.179225,1.179905,1.17899,1.17913,-1.0,-1.0,-1
2017-12-06 15:00:00-05:00,1.17913,1.18008,1.179035,1.179585,-1.0,-1.0,-1
2017-12-06 16:00:00-05:00,1.179585,1.179675,1.1792,1.179555,-1.0,-1.0,-1
2017-12-06 17:15:00-05:00,1.179975,1.18058,1.17981,1.18031,-1.0,-1.0,-1
2017-12-06 18:00:00-05:00,1.18031,1.180895,1.18017,1.18042,-1.0,-1.0,-1
2017-12-06 19:00:00-05:00,1.18042,1.180665,1.17954,1.179595,-1.0,-1.0,-1
2017-12-06 20:00:00-05:00,1.179595,1.18014,1.179275,1.179835,-1.0,-1.0,-1
2017-12-06 21:00:00-05:00,1.179835,1.18026,1.179595,1.179965,-1.0,-1.0,-1
2017-12-06 22:00:00-05:00,1.179965,1.18052,1.17991,1.180425,-1.0,-1.0,-1
2017-12-06 23:00:00-05:00,1.180425,1.180685,1.179815,1.179815,-1.0,-1.0,-1
2017-12-07 00:00:00-05:00,1.179815,1.179985,1.178925,1.179205,-1.0,-1.0,-1
2017-12-07 01:00:00-05:00,1.179205,1.179325,1.178675,1.179315,-1.0,-1.0,-1
2017-12-07 02:00:00-05:00,1.179315,1.179725,1.17876,1.179525,-1.0,-1.0,-1
2017-12-07 03:00:00-05:00,1.179525,1.180495,1.178845,1.17911,-1.0,-1.0,-1
2017-12-07 04:00:00-05:00,1.17911,1.179835,1.178805,1.178915,-1.0,-1.0,-1
2017-12-07 05:00:00-05:00,1.178915,1.179195,1.177825,1.177945,-1.0,-1.0,-1
2017-12-07 06:00:00-05:00,1.177945,1.178885,1.17762,1.178805,-1.0,-1.0,-1
2017-12-07 07:00:00-05:00,1.178805,1.17929,1.177625,1.17773,-1.0,-1.0,-1
2017-12-07 08:00:00-05:00,1.17773,1.180085,1.177645,1.17995,-1.0,-1.0,-1
2017-12-07 09:00:00-05:00,1.17995,1.17999,1.178835,1.17969,-1.0,-1.0,-1
2017-12-07 10:00:00-05:00,1.17969,1.180015,1.178705,1.178965,-1.0,-1.0,-1
2017-12-07 11:00:00-05:00,1.178965,1.179995,1.17867,1.178945,-1.0,-1.0,-1
2017-12-07 12:00:00-05:00,1.178945,1.179865,1.178615,1.17973,-1.0,-1.0,-1
2017-12-07 13:00:00-05:00,1.17973,1.181485,1.179315,1.179625,-1.0,-1.0,-1
2017-12-07 14:00:00-05:00,1.179625,1.17969,1.17728,1.17731,-1.0,-1.0,-1
2017-12-07 15:00:00-05:00,1.17731,1.178095,1.17731,1.177465,-1.0,-1.0,-1
2017-12-07 16:00:00-05:00,1.177465,1.177565,1.177195,1.177285,-1.0,-1.0,-1
2017-12-07 17:15:00-05:00,1.177305,1.177635,1.17723,1.177565,-1.0,-1.0,-1
2017-12-07 18:00:00-05:00,1.177565,1.17767,1.177135,1.17728,-1.0,-1.0,-1
2017-12-07 19:00:00-05:00,1.17728,1.177455,1.176655,1.17684,-1.0,-1.0,-1
2017-12-07 20:00:00-05:00,1.17684,1.176935,1.17616,1.176335,-1.0,-1.0,-1
2017-12-07 21:00:00-05:00,1.176335,1.176935,1.1763,1.176705,-1.0,-1.0,-1
2017-12-07 22:00:00-05:00,1.176705,1.176905,1.176525,1.176745,-1.0,-1.0,-1
2017-12-07 23:00:00-05:00,1.176745,1.176835,1.176075,1.176195,-1.0,-1.0,-1
2017-12-08 00:00:00-05:00,1.176195,1.17662,1.176045,1.17651,-1.0,-1.0,-1
2017-12-08 01:00:00-05:00,1.17651,1.17678,1.175165,1.17522,-1.0,-1.0,-1
2017-12-08 02:00:00-05:00,1.17522,1.175435,1.174275,1.175125,-1.0,-1.0,-1
2017-12-08 03:00:00-05:00,1.175125,1.175415,1.173475,1.173525,-1.0,-1.0,-1
2017-12-08 04:00:00-05:00,1.173525,1.174775,1.173235,1.173675,-1.0,-1.0,-1
2017-12-08 05:00:00-05:00,1.173675,1.17441,1.173425,1.174375,-1.0,-1.0,-1
2017-12-08 06:00:00-05:00,1.174375,1.174375,1.173385,1.1738,-1.0,-1.0,-1
2017-12-08 07:00:00-05:00,1.1738,1.174575,1.173115,1.173535,-1.0,-1.0,-1
2017-12-08 08:00:00-05:00,1.173535,1.176895,1.173015,1.17626,-1.0,-1.0,-1
2017-12-08 09:00:00-05:00,1.17626,1.177015,1.175185,1.17562,-1.0,-1.0,-1
2017-12-08 10:00:00-05:00,1.17562,1.177185,1.174765,1.17508,-1.0,-1.0,-1
2017-12-08 11:00:00-05:00,1.17508,1.176635,1.174675,1.176065,-1.0,-1.0,-1
2017-12-08 12:00:00-05:00,1.176065,1.176665,1.175485,1.17561,-1.0,-1.0,-1
2017-12-08 13:00:00-05:00,1.17561,1.17657,1.175565,1.176365,-1.0,-1.0,-1
2017-12-08 14:00:00-05:00,1.176365,1.176825,1.17631,1.17674,-1.0,-1.0,-1
2017-12-08 15:00:00-05:00,1.17674,1.177035,1.176425,1.176465,-1.0,-1.0,-1
2017-12-08 16:00:00-05:00,1.176465,1.17744,1.17646,1.177205,-1.0,-1.0,-1
2017-12-10 17:15:00-05:00,1.176575,1.177175,1.176475,1.17699,-1.0,-1.0,-1
2017-12-10 18:00:00-05:00,1.17699,1.17719,1.176635,1.17678,-1.0,-1.0,-1
2017-12-10 19:00:00-05:00,1.17678,1.17741,1.176745,1.177175,-1.0,-1.0,-1
2017-12-10 20:00:00-05:00,1.177175,1.1778,1.177175,1.177705,-1.0,-1.0,-1
2017-12-10 21:00:00-05:00,1.177705,1.177805,1.17753,1.17772,-1.0,-1.0,-1
2017-12-10 22:00:00-05:00,1.17772,1.178425,1.177695,1.17807,-1.0,-1.0,-1
2017-12-10 23:00:00-05:00,1.17807,1.17807,1.177595,1.177885,-1.0,-1.0,-1
2017-12-11 00:00:00-05:00,1.177885,1.178455,1.177775,1.178025,-1.0,-1.0,-1
2017-12-11 01:00:00-05:00,1.178025,1.17863,1.17783,1.177885,-1.0,-1.0,-1
2017-12-11 02:00:00-05:00,1.177885,1.179115,1.177795,1.178295,-1.0,-1.0,-1
2017-12-11 03:00:00-05:00,1.178295,1.179645,1.17753,1.179405,-1.0,-1.0,-1
2017-12-11 04:00:00-05:00,1.179405,1.180075,1.17886,1.179735,-1.0,-1.0,-1
2017-12-11 05:00:00-05:00,1.179735,1.180085,1.179275,1.17981,-1.0,-1.0,-1
2017-12-11 06:00:00-05:00,1.17981,1.180345,1.17886,1.179155,-1.0,-1.0,-1
2017-12-11 07:00:00-05:00,1.179155,1.179755,1.178895,1.179375,-1.0,-1.0,-1
2017-12-11 08:00:00-05:00,1.179375,1.179605,1.17767,1.17783,-1.0,-1.0,-1
2017-12-11 09:00:00-05:00,1.17783,1.179605,1.177735,1.179515,-1.0,-1.0,-1
2017-12-11 10:00:00-05:00,1.179515,1.18119,1.179205,1.179535,-1.0,-1.0,-1
2017-12-11 11:00:00-05:00,1.179535,1.180665,1.179415,1.18011,-1.0,-1.0,-1
2017-12-11 12:00:00-05:00,1.18011,1.180145,1.178675,1.179185,-1.0,-1.0,-1
2017-12-11 13:00:00-05:00,1.179185,1.17939,1.17837,1.179195,-1.0,-1.0,-1
2017-12-11 14:00:00-05:00,1.179195,1.179425,1.178315,1.17863,-1.0,-1.0,-1
2017-12-11 15:00:00-05:00,1.17863,1.17874,1.17718,1.17728,-1.0,-1.0,-1
2017-12-11 16:00:00-05:00,1.17728,1.177485,1.176415,1.176915,-1.0,-1.0,-1
2017-12-11 17:15:00-05:00,1.177415,1.17747,1.177065,1.17731,-1.0,-1.0,-1
2017-12-11 18:00:00-05:00,1.17731,1.177825,1.177255,1.17765,-1.0,-1.0,-1
2017-12-11 19:00:00-05:00,1.17765,1.1778,1.177155,1.177555,-1.0,-1.0,-1
2017-12-11 20:00:00-05:00,1.177555,1.177985,1.176875,1.17694,-1.0,-1.0,-1
2017-12-11 21:00:00-05:00,1.17694,1.17699,1.176455,1.176865,-1.0,-1.0,-1
2017-12-11 22:00:00-05:00,1.176865,1.17718,1.176805,1.17689,-1.0,-1.0,-1
2017-12-11 23:00:00-05:00,1.17689,1.177205,1.17678,1.17719,-1.0,-1.0,-1
2017-12-12 00:00:00-05:00,1.17719,1.177545,1.177175,1.177305,-1.0,-1.0,-1
2017-12-12 01:00:00-05:00,1.177305,1.17791,1.177225,1.177625,-1.0,-1.0,-1
2017-12-12 02:00:00-05:00,1.177625,1.178425,1.17715,1.17715,-1.0,-1.0,-1
2017-12-12 03:00:00-05:00,1.17715,1.17927,1.177005,1.179095,-1.0,-1.0,-1
2017-12-12 04:00:00-05:00,1.179095,1.179135,1.177775,1.178375,-1.0,-1.0,-1
2017-12-12 05:00:00-05:00,1.178375,1.178605,1.177075,1.177605,-1.0,-1.0,-1
2017-12-12 06:00:00-05:00,1.177605,1.17811,1.177125,1.177525,-1.0,-1.0,-1
2017-12-12 07:00:00-05:00,1.177525,1.177925,1.176935,1.177435,-1.0,-1.0,-1
2017-12-12 08:00:00-05:00,1.177435,1.177435,1.175005,1.175065,-1.0,-1.0,-1
2017-12-12 09:00:00-05:00,1.175065,1.175205,1.173535,1.174215,-1.0,-1.0,-1
2017-12-12 10:00:00-05:00,1.174215,1.17435,1.17221,1.172975,-1.0,-1.0,-1
2017-12-12 11:00:00-05:00,1.172975,1.173075,1.171755,1.172385,-1.0,-1.0,-1
2017-12-12 12:00:00-05:00,1.172385,1.173885,1.172045,1.172355,-1.0,-1.0,-1
2017-12-12 13:00:00-05:00,1.172355,1.173585,1.1721,1.17298,-1.0,-1.0,-1
2017-12-12 14:00:00-05:00,1.17298,1.174095,1.172975,1.173865,-1.0,-1.0,-1
2017-12-12 15:00:00-05:00,1.173865,1.174615,1.17378,1.17453,-1.0,-1.0,-1
2017-12-12 16:00:00-05:00,1.17453,1.1749,1.174,1.17419,-1.0,-1.0,-1
2017-12-12 17:15:00-05:00,1.1742,1.1742,1.173495,1.173685,-1.0,-1.0,-1
2017-12-12 18:00:00-05:00,1.173685,1.174305,1.17358,1.174235,-1.0,-1.0,-1
2017-12-12 19:00:00-05:00,1.174235,1.17482,1.174205,1.174755,-1.0,-1.0,-1
2017-12-12 20:00:00-05:00,1.174755,1.17481,1.17426,1.17431,-1.0,-1.0,-1
2017-12-12 21:00:00-05:00,1.17431,1.17493,1.174255,1.17482,-1.0,-1.0,-1
2017-12-12 22:00:00-05:00,1.17482,1.176225,1.17472,1.175785,-1.0,-1.0,-1
2017-12-12 23:00:00-05:00,1.175785,1.175785,1.175345,1.175405,-1.0,-1.0,-1
2017-12-13 00:00:00-05:00,1.175405,1.17586,1.17537,1.175485,-1.0,-1.0,-1
2017-12-13 01:00:00-05:00,1.175485,1.176285,1.175415,1.175595,-1.0,-1.0,-1
2017-12-13 02:00:00-05:00,1.175595,1.175615,1.173815,1.17385,-1.0,-1.0,-1
2017-12-13 03:00:00-05:00,1.17385,1.174795,1.173765,1.17412,-1.0,-1.0,-1
2017-12-13 04:00:00-05:00,1.17412,1.175275,1.173915,1.174925,-1.0,-1.0,-1
2017-12-13 05:00:00-05:00,1.174925,1.175445,1.174625,1.17511,-1.0,-1.0,-1
2017-12-13 06:00:00-05:00,1.17511,1.175145,1.17382,1.173935,-1.0,-1.0,-1
2017-12-13 07:00:00-05:00,1.173935,1.174285,1.173005,1.17403,-1.0,-1.0,-1
2017-12-13 08:00:00-05:00,1.17403,1.177095,1.17295,1.17578,-1.0,-1.0,-1
2017-12-13 09:00:00-05:00,1.17578,1.17624,1.17476,1.17512,-1.0,-1.0,-1
2017-12-13 10:00:00-05:00,1.17512,1.176485,1.174905,1.175775,-1.0,-1.0,-1
2017-12-13 11:00:00-05:00,1.175775,1.17684,1.175495,1.176055,-1.0,-1.0,-1
2017-12-13 12:00:00-05:00,1.176055,1.17706,1.17572,1.176295,-1.0,-1.0,-1
2017-12-13 13:00:00-05:00,1.176295,1.17791,1.17629,1.177555,-1.0,-1.0,-1
2017-12-13 14:00:00-05:00,1.177555,1.182355,1.176655,1.182055,-1.0,-1.0,-1
2017-12-13 15:00:00-05:00,1.182055,1.182595,1.181285,1.182495,-1.0,-1.0,-1
2017-12-13 16:00:00-05:00,1.182495,1.18316,1.182145,1.182585,-1.0,-1.0,-1
2017-12-13 17:15:00-05:00,1.182845,1.183195,1.18227,1.18258,-1.0,-1.0,-1
2017-12-13 18:00:00-05:00,1.18258,1.184055,1.182205,1.18363,-1.0,-1.0,-1
2017-12-13 19:00:00-05:00,1.18363,1.184035,1.182865,1.183955,-1.0,-1.0,-1
2017-12-13 20:00:00-05:00,1.183955,1.18438,1.18377,1.184245,-1.0,-1.0,-1
2017-12-13 21:00:00-05:00,1.184245,1.184245,1.18318,1.183235,-1.0,-1.0,-1
2017-12-13 22:00:00-05:00,1.183235,1.18377,1.183105,1.183545,-1.0,-1.0,-1
2017-12-13 23:00:00-05:00,1.183545,1.183815,1.183075,1.18324,-1.0,-1.0,-1
2017-12-14 00:00:00-05:00,1.18324,1.18347,1.18258,1.182675,-1.0,-1.0,-1
2017-12-14 01:00:00-05:00,1.182675,1.182675,1.181875,1.18237,-1.0,-1.0,-1
2017-12-14 02:00:00-05:00,1.18237,1.182575,1.181085,1.181795,-1.0,-1.0,-1
2017-12-14 03:00:00-05:00,1.181795,1.18377,1.18169,1.182635,-1.0,-1.0,-1
2017-12-14 04:00:00-05:00,1.182635,1.182945,1.18125,1.18193,-1.0,-1.0,-1
2017-12-14 05:00:00-05:00,1.18193,1.183455,1.181225,1.18342,-1.0,-1.0,-1
2017-12-14 06:00:00-05:00,1.18342,1.18372,1.182035,1.182535,-1.0,-1.0,-1
2017-12-14 07:00:00-05:00,1.182535,1.184485,1.182375,1.183265,-1.0,-1.0,-1
2017-12-14 08:00:00-05:00,1.183265,1.186265,1.18162,1.1821,-1.0,-1.0,-1
2017-12-14 09:00:00-05:00,1.1821,1.182685,1.179465,1.18017,-1.0,-1.0,-1
2017-12-14 10:00:00-05:00,1.18017,1.180625,1.177095,1.177775,-1.0,-1.0,-1
2017-12-14 11:00:00-05:00,1.177775,1.17841,1.17708,1.177695,-1.0,-1.0,-1
2017-12-14 12:00:00-05:00,1.177695,1.17898,1.17719,1.178805,-1.0,-1.0,-1
2017-12-14 13:00:00-05:00,1.178805,1.180015,1.178395,1.179745,-1.0,-1.0,-1
2017-12-14 14:00:00-05:00,1.179745,1.18015,1.179075,1.17921,-1.0,-1.0,-1
2017-12-14 15:00:00-05:00,1.17921,1.179615,1.17854,1.17879,-1.0,-1.0,-1
2017-12-14 16:00:00-05:00,1.17879,1.178845,1.17749,1.177795,-1.0,-1.0,-1
2017-12-14 17:15:00-05:00,1.177915,1.178015,1.17648,1.176545,-1.0,-1.0,-1
2017-12-14 18:00:00-05:00,1.176545,1.1776,1.17648,1.17745,-1.0,-1.0,-1
2017-12-14 19:00:00-05:00,1.17745,1.179025,1.177335,1.17857,-1.0,-1.0,-1
2017-12-14 20:00:00-05:00,1.17857,1.178885,1.1779,1.178465,-1.0,-1.0,-1
2017-12-14 21:00:00-05:00,1.178465,1.179115,1.17834,1.178565,-1.0,-1.0,-1
2017-12-14 22:00:00-05:00,1.178565,1.178785,1.17807,1.178155,-1.0,-1.0,-1
2017-12-14 23:00:00-05:00,1.178155,1.178425,1.177985,1.178395,-1.0,-1.0,-1
2017-12-15 00:00:00-05:00,1.178395,1.17841,1.177845,1.17838,-1.0,-1.0,-1
2017-12-15 01:00:00-05:00,1.17838,1.178625,1.17817,1.17845,-1.0,-1.0,-1
2017-12-15 02:00:00-05:00,1.17845,1.17973,1.178075,1.179205,-1.0,-1.0,-1
2017-12-15 03:00:00-05:00,1.179205,1.179465,1.17815,1.17833,-1.0,-1.0,-1
2017-12-15 04:00:00-05:00,1.17833,1.179875,1.17794,1.179705,-1.0,-1.0,-1
2017-12-15 05:00:00-05:00,1.179705,1.18073,1.179445,1.18058,-1.0,-1.0,-1
2017-12-15 06:00:00-05:00,1.18058,1.181225,1.17968,1.179885,-1.0,-1.0,-1
2017-12-15 07:00:00-05:00,1.179885,1.180165,1.17911,1.180155,-1.0,-1.0,-1
2017-12-15 08:00:00-05:00,1.180155,1.18096,1.179335,1.17995,-1.0,-1.0,-1
2017-12-15 09:00:00-05:00,1.17995,1.180015,1.177155,1.17775,-1.0,-1.0,-1
2017-12-15 10:00:00-05:00,1.17775,1.17829,1.176185,1.176375,-1.0,-1.0,-1
2017-12-15 11:00:00-05:00,1.176375,1.177935,1.176055,1.17778,-1.0,-1.0,-1
2017-12-15 12:00:00-05:00,1.17778,1.17821,1.176325,1.176515,-1.0,-1.0,-1
2017-12-15 13:00:00-05:00,1.176515,1.176575,1.17505,1.175505,-1.0,-1.0,-1
2017-12-15 14:00:00-05:00,1.175505,1.176085,1.17538,1.175715,-1.0,-1.0,-1
2017-12-15 15:00:00-05:00,1.175715,1.17597,1.175385,1.17542,-1.0,-1.0,-1
2017-12-15 16:00:00-05:00,1.17542,1.17564,1.17493,1.174945,-1.0,-1.0,-1
2017-12-17 17:15:00-05:00,1.174725,1.174905,1.17383,1.174675,-1.0,-1.0,-1
2017-12-17 18:00:00-05:00,1.174675,1.17512,1.174075,1.174325,-1.0,-1.0,-1
2017-12-17 19:00:00-05:00,1.174325,1.175625,1.174215,1.17497,-1.0,-1.0,-1
2017-12-17 20:00:00-05:00,1.17497,1.175715,1.17487,1.175655,-1.0,-1.0,-1
2017-12-17 21:00:00-05:00,1.175655,1.176285,1.175575,1.17567,-1.0,-1.0,-1
2017-12-17 22:00:00-05:00,1.17567,1.17652,1.17565,1.176405,-1.0,-1.0,-1
2017-12-17 23:00:00-05:00,1.176405,1.17644,1.175975,1.17605,-1.0,-1.0,-1
2017-12-18 00:00:00-05:00,1.17605,1.17627,1.17597,1.176085,-1.0,-1.0,-1
2017-12-18 01:00:00-05:00,1.176085,1.17716,1.176085,1.17684,-1.0,-1.0,-1
2017-12-18 02:00:00-05:00,1.17684,1.178115,1.176185,1.178045,-1.0,-1.0,-1
2017-12-18 03:00:00-05:00,1.178045,1.179125,1.17754,1.178885,-1.0,-1.0,-1
2017-12-18 04:00:00-05:00,1.178885,1.179495,1.178585,1.17893,-1.0,-1.0,-1
2017-12-18 05:00:00-05:00,1.17893,1.179555,1.178415,1.17951,-1.0,-1.0,-1
2017-12-18 06:00:00-05:00,1.17951,1.179835,1.178755,1.17929,-1.0,-1.0,-1
2017-12-18 07:00:00-05:00,1.17929,1.179575,1.17885,1.179535,-1.0,-1.0,-1
2017-12-18 08:00:00-05:00,1.179535,1.179935,1.17917,1.179365,-1.0,-1.0,-1
2017-12-18 09:00:00-05:00,1.179365,1.180975,1.17879,1.180765,-1.0,-1.0,-1
2017-12-18 10:00:00-05:00,1.180765,1.18344,1.180555,1.1812,-1.0,-1.0,-1
2017-12-18 11:00:00-05:00,1.1812,1.181645,1.179755,1.18046,-1.0,-1.0,-1
2017-12-18 12:00:00-05:00,1.18046,1.18052,1.178975,1.179035,-1.0,-1.0,-1
2017-12-18 13:00:00-05:00,1.179035,1.179495,1.178845,1.179315,-1.0,-1.0,-1
2017-12-18 14:00:00-05:00,1.179315,1.179785,1.17752,1.178395,-1.0,-1.0,-1
2017-12-18 15:00:00-05:00,1.178395,1.17855,1.177895,1.178125,-1.0,-1.0,-1
2017-12-18 16:00:00-05:00,1.178125,1.17839,1.17791,1.17817,-1.0,-1.0,-1
2017-12-18 17:15:00-05:00,1.17829,1.17858,1.178115,1.1783,-1.0,-1.0,-1
2017-12-18 18:00:00-05:00,1.1783,1.178505,1.17819,1.17839,-1.0,-1.0,-1
2017-12-18 19:00:00-05:00,1.17839,1.178465,1.17775,1.17832,-1.0,-1.0,-1
2017-12-18 20:00:00-05:00,1.17832,1.17842,1.177655,1.178235,-1.0,-1.0,-1
2017-12-18 21:00:00-05:00,1.178235,1.178915,1.178035,1.17868,-1.0,-1.0,-1
2017-12-18 22:00:00-05:00,1.17868,1.179005,1.178575,1.178885,-1.0,-1.0,-1
2017-12-18 23:00:00-05:00,1.178885,1.17926,1.17872,1.179235,-1.0,-1.0,-1
2017-12-19 00:00:00-05:00,1.179235,1.17959,1.179025,1.17925,-1.0,-1.0,-1
2017-12-19 01:00:00-05:00,1.17925,1.17986,1.17903,1.17945,-1.0,-1.0,-1
2017-12-19 02:00:00-05:00,1.17945,1.180655,1.179125,1.180585,-1.0,-1.0,-1
2017-12-19 03:00:00-05:00,1.180585,1.181875,1.18021,1.18054,-1.0,-1.0,-1
2017-12-19 04:00:00-05:00,1.18054,1.181195,1.179115,1.180655,-1.0,-1.0,-1
2017-12-19 05:00:00-05:00,1.180655,1.181295,1.18,1.18079,-1.0,-1.0,-1
2017-12-19 06:00:00-05:00,1.18079,1.18134,1.180595,1.180975,-1.0,-1.0,-1
2017-12-19 07:00:00-05:00,1.180975,1.182895,1.180835,1.18286,-1.0,-1.0,-1
2017-12-19 08:00:00-05:00,1.18286,1.183195,1.181505,1.182685,-1.0,-1.0,-1
2017-12-19 09:00:00-05:00,1.182685,1.183035,1.180485,1.180925,-1.0,-1.0,-1
2017-12-19 10:00:00-05:00,1.180925,1.18289,1.180845,1.180975,-1.0,-1.0,-1
2017-12-19 11:00:00-05:00,1.180975,1.182275,1.180515,1.182175,-1.0,-1.0,-1
2017-12-19 12:00:00-05:00,1.182175,1.182965,1.181545,1.182885,-1.0,-1.0,-1
2017-12-19 13:00:00-05:00,1.182885,1.184885,1.18281,1.18444,-1.0,-1.0,-1
2017-12-19 14:00:00-05:00,1.18444,1.184765,1.184255,1.18447,-1.0,-1.0,-1
2017-12-19 15:00:00-05:00,1.18447,1.184635,1.184015,1.18407,-1.0,-1.0,-1
2017-12-19 16:00:00-05:00,1.18407,1.18427,1.183805,1.183945,-1.0,-1.0,-1
2017-12-19 17:15:00-05:00,1.184025,1.184435,1.183855,1.18418,-1.0,-1.0,-1
2017-12-19 18:00:00-05:00,1.18418,1.184225,1.18365,1.18371,-1.0,-1.0,-1
2017-12-19 19:00:00-05:00,1.18371,1.184425,1.183555,1.18436,-1.0,-1.0,-1
2017-12-19 20:00:00-05:00,1.18436,1.184635,1.184065,1.184205,-1.0,-1.0,-1
2017-12-19 21:00:00-05:00,1.184205,1.18451,1.184145,1.184315,-1.0,-1.0,-1
2017-12-19 22:00:00-05:00,1.184315,1.184705,1.18427,1.184645,-1.0,-1.0,-1
2017-12-19 23:00:00-05:00,1.184645,1.18468,1.184115,1.18415,-1.0,-1.0,-1
2017-12-20 00:00:00-05:00,1.18415,1.18462,1.184115,1.184605,-1.0,-1.0,-1
2017-12-20 01:00:00-05:00,1.184605,1.184885,1.18292,1.182925,-1.0,-1.0,-1
2017-12-20 02:00:00-05:00,1.182925,1.18425,1.182905,1.18417,-1.0,-1.0,-1
2017-12-20 03:00:00-05:00,1.18417,1.18542,1.183505,1.18473,-1.0,-1.0,-1
2017-12-20 04:00:00-05:00,1.18473,1.185285,1.183665,1.183775,-1.0,-1.0,-1
2017-12-20 05:00:00-05:00,1.183775,1.185825,1.183585,1.184495,-1.0,-1.0,-1
2017-12-20 06:00:00-05:00,1.184495,1.18485,1.18362,1.183675,-1.0,-1.0,-1
2017-12-20 07:00:00-05:00,1.183675,1.184825,1.183205,1.18419,-1.0,-1.0,-1
2017-12-20 08:00:00-05:00,1.18419,1.184915,1.18408,1.184405,-1.0,-1.0,-1
2017-12-20 09:00:00-05:00,1.184405,1.18637,1.18434,1.185965,-1.0,-1.0,-1
2017-12-20 10:00:00-05:00,1.185965,1.190175,1.185465,1.188335,-1.0,-1.0,-1
2017-12-20 11:00:00-05:00,1.188335,1.188485,1.187505,1.18809,-1.0,-1.0,-1
2017-12-20 12:00:00-05:00,1.18809,1.18814,1.18741,1.187695,-1.0,-1.0,-1
2017-12-20 13:00:00-05:00,1.187695,1.188905,1.18769,1.18809,-1.0,-1.0,-1
2017-12-20 14:00:00-05:00,1.18809,1.188235,1.187465,1.1878,-1.0,-1.0,-1
2017-12-20 15:00:00-05:00,1.1878,1.188245,1.187625,1.187845,-1.0,-1.0,-1
2017-12-20 16:00:00-05:00,1.187845,1.187845,1.1869,1.18712,-1.0,-1.0,-1
2017-12-20 17:15:00-05:00,1.187175,1.187475,1.18696,1.18727,-1.0,-1.0,-1
2017-12-20 18:00:00-05:00,1.18727,1.188235,1.18697,1.18777,-1.0,-1.0,-1
2017-12-20 19:00:00-05:00,1.18777,1.18819,1.187375,1.18748,-1.0,-1.0,-1
2017-12-20 20:00:00-05:00,1.18748,1.187555,1.18707,1.187085,-1.0,-1.0,-1
2017-12-20 21:00:00-05:00,1.187085,1.187445,1.18699,1.18741,-1.0,-1.0,-1
2017-12-20 22:00:00-05:00,1.18741,1.187585,1.186455,1.186585,-1.0,-1.0,-1
2017-12-20 23:00:00-05:00,1.186585,1.186835,1.186395,1.18672,-1.0,-1.0,-1
2017-12-21 00:00:00-05:00,1.18672,1.186845,1.18632,1.1868,-1.0,-1.0,-1
2017-12-21 01:00:00-05:00,1.1868,1.186995,1.186325,1.18693,-1.0,-1.0,-1
2017-12-21 02:00:00-05:00,1.18693,1.18751,1.18652,1.187225,-1.0,-1.0,-1
2017-12-21 03:00:00-05:00,1.187225,1.188085,1.186445,1.1879,-1.0,-1.0,-1
2017-12-21 04:00:00-05:00,1.1879,1.188685,1.18732,1.18808,-1.0,-1.0,-1
2017-12-21 05:00:00-05:00,1.18808,1.188965,1.187045,1.187105,-1.0,-1.0,-1
2017-12-21 06:00:00-05:00,1.187105,1.187755,1.186605,1.186615,-1.0,-1.0,-1
2017-12-21 07:00:00-05:00,1.186615,1.186955,1.185125,1.18631,-1.0,-1.0,-1
2017-12-21 08:00:00-05:00,1.18631,1.1871,1.18554,1.18587,-1.0,-1.0,-1
2017-12-21 09:00:00-05:00,1.18587,1.186995,1.184935,1.18647,-1.0,-1.0,-1
2017-12-21 10:00:00-05:00,1.18647,1.186975,1.185465,1.186015,-1.0,-1.0,-1
2017-12-21 11:00:00-05:00,1.186015,1.1879,1.18587,1.187135,-1.0,-1.0,-1
2017-12-21 12:00:00-05:00,1.187135,1.18734,1.186515,1.18678,-1.0,-1.0,-1
2017-12-21 13:00:00-05:00,1.18678,1.18691,1.18627,1.186705,-1.0,-1.0,-1
2017-12-21 14:00:00-05:00,1.186705,1.18726,1.186175,1.18719,-1.0,-1.0,-1
2017-12-21 15:00:00-05:00,1.18719,1.187895,1.187015,1.18767,-1.0,-1.0,-1
2017-12-21 16:00:00-05:00,1.18767,1.187825,1.18729,1.18743,-1.0,-1.0,-1
2017-12-21 17:15:00-05:00,1.18735,1.18742,1.186465,1.18664,-1.0,-1.0,-1
2017-12-21 18:00:00-05:00,1.18664,1.18687,1.18521,1.185215,-1.0,-1.0,-1
2017-12-21 19:00:00-05:00,1.185215,1.185355,1.181705,1.184435,-1.0,-1.0,-1
2017-12-21 20:00:00-05:00,1.184435,1.184775,1.183555,1.184455,-1.0,-1.0,-1
2017-12-21 21:00:00-05:00,1.184455,1.185125,1.18426,1.185075,-1.0,-1.0,-1
2017-12-21 22:00:00-05:00,1.185075,1.185175,1.184715,1.184905,-1.0,-1.0,-1
2017-12-21 23:00:00-05:00,1.184905,1.185115,1.18478,1.184815,-1.0,-1.0,-1
2017-12-22 00:00:00-05:00,1.184815,1.185105,1.18473,1.18497,-1.0,-1.0,-1
2017-12-22 01:00:00-05:00,1.18497,1.18592,1.18468,1.18566,-1.0,-1.0,-1
2017-12-22 02:00:00-05:00,1.18566,1.186125,1.185255,1.185255,-1.0,-1.0,-1
2017-12-22 03:00:00-05:00,1.185255,1.18585,1.184475,1.185455,-1.0,-1.0,-1
2017-12-22 04:00:00-05:00,1.185455,1.18622,1.184555,1.18489,-1.0,-1.0,-1
2017-12-22 05:00:00-05:00,1.18489,1.18544,1.18453,1.18476,-1.0,-1.0,-1
2017-12-22 06:00:00-05:00,1.18476,1.185715,1.18454,1.18519,-1.0,-1.0,-1
2017-12-22 07:00:00-05:00,1.18519,1.185575,1.184765,1.18496,-1.0,-1.0,-1
2017-12-22 08:00:00-05:00,1.18496,1.18549,1.184845,1.185475,-1.0,-1.0,-1
2017-12-22 09:00:00-05:00,1.185475,1.1857,1.184325,1.18511,-1.0,-1.0,-1
2017-12-22 10:00:00-05:00,1.18511,1.18517,1.182845,1.183495,-1.0,-1.0,-1
2017-12-22 11:00:00-05:00,1.183495,1.18441,1.183015,1.18383,-1.0,-1.0,-1
2017-12-22 12:00:00-05:00,1.18383,1.185315,1.18383,1.185315,-1.0,-1.0,-1
2017-12-22 13:00:00-05:00,1.185315,1.18573,1.185025,1.18507,-1.0,-1.0,-1
2017-12-22 14:00:00-05:00,1.18507,1.185585,1.184375,1.185045,-1.0,-1.0,-1
2017-12-22 15:00:00-05:00,1.185045,1.185915,1.184995,1.185825,-1.0,-1.0,-1
2017-12-25 19:00:00-05:00,1.187135,1.18729,1.18662,1.186825,-1.0,-1.0,-1
2017-12-25 20:00:00-05:00,1.186825,1.186925,1.186465,1.186545,-1.0,-1.0,-1
2017-12-25 21:00:00-05:00,1.186545,1.187385,1.186305,1.187155,-1.0,-1.0,-1
2017-12-25 22:00:00-05:00,1.187155,1.187215,1.18686,1.187095,-1.0,-1.0,-1
2017-12-25 23:00:00-05:00,1.187095,1.187195,1.18677,1.186985,-1.0,-1.0,-1
2017-12-26 00:00:00-05:00,1.186985,1.187115,1.18677,1.18707,-1.0,-1.0,-1
2017-12-26 01:00:00-05:00,1.18707,1.18712,1.18674,1.186745,-1.0,-1.0,-1
2017-12-26 02:00:00-05:00,1.186745,1.18756,1.1867,1.187215,-1.0,-1.0,-1
2017-12-26 03:00:00-05:00,1.187215,1.18758,1.186905,1.186935,-1.0,-1.0,-1
2017-12-26 04:00:00-05:00,1.186935,1.18718,1.18577,1.186085,-1.0,-1.0,-1
2017-12-26 05:00:00-05:00,1.186085,1.18609,1.185575,1.185985,-1.0,-1.0,-1
2017-12-26 06:00:00-05:00,1.185985,1.186045,1.18503,1.18516,-1.0,-1.0,-1
2017-12-26 07:00:00-05:00,1.18516,1.18534,1.18466,1.18467,-1.0,-1.0,-1
2017-12-26 08:00:00-05:00,1.18467,1.18557,1.18467,1.18553,-1.0,-1.0,-1
2017-12-26 09:00:00-05:00,1.18553,1.18774,1.18553,1.187715,-1.0,-1.0,-1
2017-12-26 10:00:00-05:00,1.187715,1.187885,1.18638,1.186555,-1.0,-1.0,-1
2017-12-26 11:00:00-05:00,1.186555,1.187075,1.186315,1.186665,-1.0,-1.0,-1
2017-12-26 12:00:00-05:00,1.186665,1.18716,1.186155,1.187025,-1.0,-1.0,-1
2017-12-26 13:00:00-05:00,1.187025,1.18719,1.186625,1.187015,-1.0,-1.0,-1
2017-12-26 14:00:00-05:00,1.187015,1.18702,1.186195,1.186355,-1.0,-1.0,-1
2017-12-26 15:00:00-05:00,1.186355,1.186585,1.18617,1.186295,-1.0,-1.0,-1
2017-12-26 16:00:00-05:00,1.186295,1.18641,1.185805,1.185815,-1.0,-1.0,-1
2017-12-26 17:15:00-05:00,1.185725,1.18638,1.185695,1.18605,-1.0,-1.0,-1
2017-12-26 18:00:00-05:00,1.18605,1.18609,1.185555,1.18573,-1.0,-1.0,-1
2017-12-26 19:00:00-05:00,1.18573,1.186475,1.185515,1.1863,-1.0,-1.0,-1
2017-12-26 20:00:00-05:00,1.1863,1.18637,1.185775,1.186045,-1.0,-1.0,-1
2017-12-26 21:00:00-05:00,1.186045,1.1864,1.185935,1.18639,-1.0,-1.0,-1
2017-12-26 22:00:00-05:00,1.18639,1.18674,1.186225,1.186365,-1.0,-1.0,-1
2017-12-26 23:00:00-05:00,1.186365,1.187715,1.186235,1.187465,-1.0,-1.0,-1
2017-12-27 00:00:00-05:00,1.187465,1.18804,1.187375,1.18781,-1.0,-1.0,-1
2017-12-27 01:00:00-05:00,1.18781,1.18847,1.18778,1.18789,-1.0,-1.0,-1
2017-12-27 02:00:00-05:00,1.18789,1.18827,1.186455,1.186785,-1.0,-1.0,-1
2017-12-27 03:00:00-05:00,1.186785,1.187745,1.18657,1.18702,-1.0,-1.0,-1
2017-12-27 04:00:00-05:00,1.18702,1.189095,1.186915,1.188805,-1.0,-1.0,-1
2017-12-27 05:00:00-05:00,1.188805,1.189285,1.18846,1.18927,-1.0,-1.0,-1
2017-12-27 06:00:00-05:00,1.18927,1.18952,1.18806,1.189265,-1.0,-1.0,-1
2017-12-27 07:00:00-05:00,1.189265,1.18998,1.18903,1.18927,-1.0,-1.0,-1
2017-12-27 08:00:00-05:00,1.18927,1.190445,1.18927,1.19011,-1.0,-1.0,-1
2017-12-27 09:00:00-05:00,1.19011,1.19069,1.189675,1.190675,-1.0,-1.0,-1
2017-12-27 10:00:00-05:00,1.190675,1.191045,1.189315,1.189475,-1.0,-1.0,-1
2017-12-27 11:00:00-05:00,1.189475,1.19017,1.188535,1.190155,-1.0,-1.0,-1
2017-12-27 12:00:00-05:00,1.190155,1.190315,1.189665,1.1899,-1.0,-1.0,-1
2017-12-27 13:00:00-05:00,1.1899,1.19035,1.18947,1.189825,-1.0,-1.0,-1
2017-12-27 14:00:00-05:00,1.189825,1.190055,1.189495,1.18974,-1.0,-1.0,-1
2017-12-27 15:00:00-05:00,1.18974,1.189855,1.189245,1.189455,-1.0,-1.0,-1
2017-12-27 16:00:00-05:00,1.189455,1.189555,1.188455,1.188785,-1.0,-1.0,-1
2017-12-27 17:15:00-05:00,1.1899,1.19028,1.189635,1.189935,-1.0,-1.0,-1
2017-12-27 18:00:00-05:00,1.189935,1.190155,1.18969,1.19004,-1.0,-1.0,-1
2017-12-27 19:00:00-05:00,1.19004,1.19041,1.189715,1.19034,-1.0,-1.0,-1
2017-12-27 20:00:00-05:00,1.19034,1.19059,1.190125,1.19059,-1.0,-1.0,-1
2017-12-27 21:00:00-05:00,1.19059,1.191065,1.190245,1.19093,-1.0,-1.0,-1
2017-12-27 22:00:00-05:00,1.19093,1.19111,1.19081,1.19101,-1.0,-1.0,-1
2017-12-27 23:00:00-05:00,1.19101,1.19188,1.190995,1.19176,-1.0,-1.0,-1
2017-12-28 00:00:00-05:00,1.19176,1.1933,1.19166,1.19317,-1.0,-1.0,-1
2017-12-28 01:00:00-05:00,1.19317,1.193485,1.192595,1.193225,-1.0,-1.0,-1
2017-12-28 02:00:00-05:00,1.193225,1.19409,1.192845,1.193985,-1.0,-1.0,-1
2017-12-28 03:00:00-05:00,1.193985,1.194665,1.19333,1.193735,-1.0,-1.0,-1
2017-12-28 04:00:00-05:00,1.193735,1.1938,1.19291,1.193185,-1.0,-1.0,-1
2017-12-28 05:00:00-05:00,1.193185,1.193325,1.192325,1.193135,-1.0,-1.0,-1
2017-12-28 06:00:00-05:00,1.193135,1.19371,1.19289,1.193675,-1.0,-1.0,-1
2017-12-28 07:00:00-05:00,1.193675,1.194255,1.193195,1.194045,-1.0,-1.0,-1
2017-12-28 08:00:00-05:00,1.194045,1.19476,1.193245,1.19472,-1.0,-1.0,-1
2017-12-28 09:00:00-05:00,1.19472,1.195,1.194255,1.194755,-1.0,-1.0,-1
2017-12-28 10:00:00-05:00,1.194755,1.195075,1.193655,1.193725,-1.0,-1.0,-1
2017-12-28 11:00:00-05:00,1.193725,1.195435,1.193705,1.195145,-1.0,-1.0,-1
2017-12-28 12:00:00-05:00,1.195145,1.19552,1.19486,1.19531,-1.0,-1.0,-1
2017-12-28 13:00:00-05:00,1.19531,1.195905,1.195215,1.195825,-1.0,-1.0,-1
2017-12-28 14:00:00-05:00,1.195825,1.19586,1.194975,1.195265,-1.0,-1.0,-1
2017-12-28 15:00:00-05:00,1.195265,1.19536,1.19405,1.19406,-1.0,-1.0,-1
2017-12-28 16:00:00-05:00,1.19406,1.194515,1.19392,1.194255,-1.0,-1.0,-1
2017-12-28 17:15:00-05:00,1.19435,1.19472,1.193665,1.193865,-1.0,-1.0,-1
2017-12-28 18:00:00-05:00,1.193865,1.19413,1.193855,1.19396,-1.0,-1.0,-1
2017-12-28 19:00:00-05:00,1.19396,1.194725,1.193925,1.19443,-1.0,-1.0,-1
2017-12-28 20:00:00-05:00,1.19443,1.19493,1.19371,1.194215,-1.0,-1.0,-1
2017-12-28 21:00:00-05:00,1.194215,1.194835,1.19377,1.194785,-1.0,-1.0,-1
2017-12-28 22:00:00-05:00,1.194785,1.19479,1.194185,1.194275,-1.0,-1.0,-1
2017-12-28 23:00:00-05:00,1.194275,1.194595,1.19415,1.194455,-1.0,-1.0,-1
2017-12-29 00:00:00-05:00,1.194455,1.194965,1.194395,1.194915,-1.0,-1.0,-1
2017-12-29 01:00:00-05:00,1.194915,1.195545,1.19487,1.195515,-1.0,-1.0,-1
2017-12-29 02:00:00-05:00,1.195515,1.19588,1.194605,1.19524,-1.0,-1.0,-1
2017-12-29 03:00:00-05:00,1.19524,1.19689,1.19519,1.196755,-1.0,-1.0,-1
2017-12-29 04:00:00-05:00,1.196755,1.198765,1.19674,1.19813,-1.0,-1.0,-1
2017-12-29 05:00:00-05:00,1.19813,1.19852,1.19735,1.198045,-1.0,-1.0,-1
2017-12-29 06:00:00-05:00,1.198045,1.198955,1.197905,1.19873,-1.0,-1.0,-1
2017-12-29 07:00:00-05:00,1.19873,1.199505,1.198465,1.19949,-1.0,-1.0,-1
2017-12-29 08:00:00-05:00,1.19949,1.19987,1.198255,1.198705,-1.0,-1.0,-1
2017-12-29 09:00:00-05:00,1.198705,1.19951,1.198555,1.199295,-1.0,-1.0,-1
2017-12-29 10:00:00-05:00,1.199295,1.20117,1.19878,1.20098,-1.0,-1.0,-1
2017-12-29 11:00:00-05:00,1.20098,1.20226,1.200165,1.202215,-1.0,-1.0,-1
2017-12-29 12:00:00-05:00,1.202215,1.20256,1.20189,1.20217,-1.0,-1.0,-1
2017-12-29 13:00:00-05:00,1.20217,1.2024,1.20119,1.20137,-1.0,-1.0,-1
2017-12-29 14:00:00-05:00,1.20137,1.20142,1.200715,1.200935,-1.0,-1.0,-1
2017-12-29 15:00:00-05:00,1.200935,1.201065,1.199755,1.199815,-1.0,-1.0,-1
