Time,Open,High,Low,Close,Volume,average,barCount
2018-01-01 19:00:00-05:00,1.20106,1.20178,1.20093,1.20161,-1.0,-1.0,-1
2018-01-01 20:00:00-05:00,1.20161,1.20233,1.201405,1.201555,-1.0,-1.0,-1
2018-01-01 21:00:00-05:00,1.201555,1.201635,1.20079,1.200955,-1.0,-1.0,-1
2018-01-01 22:00:00-05:00,1.200955,1.202125,1.200955,1.201195,-1.0,-1.0,-1
2018-01-01 23:00:00-05:00,1.201195,1.201945,1.201165,1.20176,-1.0,-1.0,-1
2018-01-02 00:00:00-05:00,1.20176,1.202465,1.201595,1.202465,-1.0,-1.0,-1
2018-01-02 01:00:00-05:00,1.202465,1.20305,1.202285,1.20287,-1.0,-1.0,-1
2018-01-02 02:00:00-05:00,1.20287,1.20383,1.202385,1.203625,-1.0,-1.0,-1
2018-01-02 03:00:00-05:00,1.203625,1.204785,1.203235,1.204515,-1.0,-1.0,-1
2018-01-02 04:00:00-05:00,1.204515,1.20707,1.204225,1.207055,-1.0,-1.0,-1
2018-01-02 05:00:00-05:00,1.207055,1.208145,1.206145,1.20685,-1.0,-1.0,-1
2018-01-02 06:00:00-05:00,1.20685,1.20707,1.205945,1.20595,-1.0,-1.0,-1
2018-01-02 07:00:00-05:00,1.20595,1.20689,1.205685,1.206285,-1.0,-1.0,-1
2018-01-02 08:00:00-05:00,1.206285,1.20666,1.205625,1.205745,-1.0,-1.0,-1
2018-01-02 09:00:00-05:00,1.205745,1.20589,1.20354,1.203885,-1.0,-1.0,-1
2018-01-02 10:00:00-05:00,1.203885,1.20458,1.202615,1.204455,-1.0,-1.0,-1
2018-01-02 11:00:00-05:00,1.204455,1.205925,1.204375,1.20492,-1.0,-1.0,-1
2018-01-02 12:00:00-05:00,1.20492,1.205365,1.20413,1.20449,-1.0,-1.0,-1
2018-01-02 13:00:00-05:00,1.20449,1.204985,1.204185,1.204445,-1.0,-1.0,-1
2018-01-02 14:00:00-05:00,1.204445,1.205365,1.204325,1.20535,-1.0,-1.0,-1
2018-01-02 15:00:00-05:00,1.20535,1.20607,1.205185,1.20592,-1.0,-1.0,-1
2018-01-02 16:00:00-05:00,1.20592,1.206535,1.205465,1.20586,-1.0,-1.0,-1
2018-01-02 17:15:00-05:00,1.20505,1.205785,1.20505,1.20577,-1.0,-1.0,-1
2018-01-02 18:00:00-05:00,1.20577,1.206625,1.20571,1.20615,-1.0,-1.0,-1
2018-01-02 19:00:00-05:00,1.20615,1.206395,1.20494,1.205925,-1.0,-1.0,-1
2018-01-02 20:00:00-05:00,1.205925,1.20634,1.204445,1.2053,-1.0,-1.0,-1
2018-01-02 21:00:00-05:00,1.2053,1.2053,1.204225,1.20424,-1.0,-1.0,-1
2018-01-02 22:00:00-05:00,1.20424,1.20479,1.2042,1.20468,-1.0,-1.0,-1
2018-01-02 23:00:00-05:00,1.20468,1.205375,1.20466,1.2051,-1.0,-1.0,-1
2018-01-03 00:00:00-05:00,1.2051,1.205925,1.20493,1.205835,-1.0,-1.0,-1
2018-01-03 01:00:00-05:00,1.205835,1.20606,1.20442,1.204485,-1.0,-1.0,-1
2018-01-03 02:00:00-05:00,1.204485,1.204905,1.203465,1.20392,-1.0,-1.0,-1
2018-01-03 03:00:00-05:00,1.20392,1.20431,1.20312,1.20427,-1.0,-1.0,-1
2018-01-03 04:00:00-05:00,1.20427,1.204345,1.20346,1.20383,-1.0,-1.0,-1
2018-01-03 05:00:00-05:00,1.20383,1.204065,1.201515,1.201775,-1.0,-1.0,-1
2018-01-03 06:00:00-05:00,1.201775,1.201895,1.201085,1.201505,-1.0,-1.0,-1
2018-01-03 07:00:00-05:00,1.201505,1.202375,1.2011,1.202325,-1.0,-1.0,-1
2018-01-03 08:00:00-05:00,1.202325,1.20347,1.20199,1.203295,-1.0,-1.0,-1
2018-01-03 09:00:00-05:00,1.203295,1.203295,1.201445,1.201765,-1.0,-1.0,-1
2018-01-03 10:00:00-05:00,1.201765,1.202475,1.20035,1.202375,-1.0,-1.0,-1
2018-01-03 11:00:00-05:00,1.202375,1.20324,1.20198,1.20299,-1.0,-1.0,-1
2018-01-03 12:00:00-05:00,1.20299,1.20317,1.20243,1.20273,-1.0,-1.0,-1
2018-01-03 13:00:00-05:00,1.20273,1.202945,1.202205,1.202775,-1.0,-1.0,-1
2018-01-03 14:00:00-05:00,1.202775,1.203,1.20014,1.20164,-1.0,-1.0,-1
2018-01-03 15:00:00-05:00,1.20164,1.202905,1.20104,1.201265,-1.0,-1.0,-1
2018-01-03 16:00:00-05:00,1.201265,1.201595,1.20102,1.201455,-1.0,-1.0,-1
2018-01-03 17:15:00-05:00,1.201525,1.201525,1.201045,1.20108,-1.0,-1.0,-1
2018-01-03 18:00:00-05:00,1.20108,1.20141,1.20066,1.201085,-1.0,-1.0,-1
2018-01-03 19:00:00-05:00,1.201085,1.201135,1.200445,1.20101,-1.0,-1.0,-1
2018-01-03 20:00:00-05:00,1.20101,1.20111,1.200495,1.20079,-1.0,-1.0,-1
2018-01-03 21:00:00-05:00,1.20079,1.20192,1.200775,1.20179,-1.0,-1.0,-1
2018-01-03 22:00:00-05:00,1.20179,1.20179,1.201255,1.20145,-1.0,-1.0,-1
2018-01-03 23:00:00-05:00,1.20145,1.20225,1.20145,1.201805,-1.0,-1.0,-1
2018-01-04 00:00:00-05:00,1.201805,1.202305,1.201455,1.201915,-1.0,-1.0,-1
2018-01-04 01:00:00-05:00,1.201915,1.203805,1.201735,1.202795,-1.0,-1.0,-1
2018-01-04 02:00:00-05:00,1.202795,1.203785,1.20251,1.202845,-1.0,-1.0,-1
2018-01-04 03:00:00-05:00,1.202845,1.203525,1.20216,1.20258,-1.0,-1.0,-1
2018-01-04 04:00:00-05:00,1.20258,1.204595,1.202525,1.204335,-1.0,-1.0,-1
2018-01-04 05:00:00-05:00,1.204335,1.205585,1.20414,1.20514,-1.0,-1.0,-1
2018-01-04 06:00:00-05:00,1.20514,1.206595,1.204685,1.20622,-1.0,-1.0,-1
2018-01-04 07:00:00-05:00,1.20622,1.207485,1.205925,1.20706,-1.0,-1.0,-1
2018-01-04 08:00:00-05:00,1.20706,1.207495,1.20552,1.206215,-1.0,-1.0,-1
2018-01-04 09:00:00-05:00,1.206215,1.208615,1.206025,1.208245,-1.0,-1.0,-1
2018-01-04 10:00:00-05:00,1.208245,1.20888,1.207155,1.207435,-1.0,-1.0,-1
2018-01-04 11:00:00-05:00,1.207435,1.20769,1.206085,1.206325,-1.0,-1.0,-1
2018-01-04 12:00:00-05:00,1.206325,1.207835,1.206195,1.20745,-1.0,-1.0,-1
2018-01-04 13:00:00-05:00,1.20745,1.20802,1.20611,1.206485,-1.0,-1.0,-1
2018-01-04 14:00:00-05:00,1.206485,1.207195,1.2064,1.207165,-1.0,-1.0,-1
2018-01-04 15:00:00-05:00,1.207165,1.20736,1.206525,1.206865,-1.0,-1.0,-1
2018-01-04 16:00:00-05:00,1.206865,1.207115,1.206535,1.20683,-1.0,-1.0,-1
2018-01-04 17:15:00-05:00,1.20675,1.207285,1.20657,1.207145,-1.0,-1.0,-1
2018-01-04 18:00:00-05:00,1.207145,1.20727,1.20666,1.20667,-1.0,-1.0,-1
2018-01-04 19:00:00-05:00,1.20667,1.207965,1.20652,1.207735,-1.0,-1.0,-1
2018-01-04 20:00:00-05:00,1.207735,1.207965,1.20701,1.20722,-1.0,-1.0,-1
2018-01-04 21:00:00-05:00,1.20722,1.20743,1.206815,1.20711,-1.0,-1.0,-1
2018-01-04 22:00:00-05:00,1.20711,1.20757,1.20709,1.20746,-1.0,-1.0,-1
2018-01-04 23:00:00-05:00,1.20746,1.20749,1.20704,1.20741,-1.0,-1.0,-1
2018-01-05 00:00:00-05:00,1.20741,1.207545,1.20697,1.20716,-1.0,-1.0,-1
2018-01-05 01:00:00-05:00,1.20716,1.20746,1.20568,1.20568,-1.0,-1.0,-1
2018-01-05 02:00:00-05:00,1.20568,1.206715,1.205555,1.20575,-1.0,-1.0,-1
2018-01-05 03:00:00-05:00,1.20575,1.206255,1.20512,1.20528,-1.0,-1.0,-1
2018-01-05 04:00:00-05:00,1.20528,1.20576,1.20416,1.20457,-1.0,-1.0,-1
2018-01-05 05:00:00-05:00,1.20457,1.205435,1.204215,1.20499,-1.0,-1.0,-1
2018-01-05 06:00:00-05:00,1.20499,1.205535,1.20483,1.20528,-1.0,-1.0,-1
2018-01-05 07:00:00-05:00,1.20528,1.205425,1.20446,1.20477,-1.0,-1.0,-1
2018-01-05 08:00:00-05:00,1.20477,1.20831,1.20448,1.205195,-1.0,-1.0,-1
2018-01-05 09:00:00-05:00,1.205195,1.205595,1.202515,1.202975,-1.0,-1.0,-1
2018-01-05 10:00:00-05:00,1.202975,1.204455,1.20207,1.20361,-1.0,-1.0,-1
2018-01-05 11:00:00-05:00,1.20361,1.204335,1.203025,1.203825,-1.0,-1.0,-1
2018-01-05 12:00:00-05:00,1.203825,1.204925,1.20363,1.204725,-1.0,-1.0,-1
2018-01-05 13:00:00-05:00,1.204725,1.204895,1.204355,1.204535,-1.0,-1.0,-1
2018-01-05 14:00:00-05:00,1.204535,1.2051,1.20453,1.204735,-1.0,-1.0,-1
2018-01-05 15:00:00-05:00,1.204735,1.204955,1.203895,1.20418,-1.0,-1.0,-1
2018-01-05 16:00:00-05:00,1.20418,1.20425,1.20283,1.202965,-1.0,-1.0,-1
2018-01-07 17:15:00-05:00,1.2031,1.20346,1.203035,1.203195,-1.0,-1.0,-1
2018-01-07 18:00:00-05:00,1.203195,1.203905,1.203185,1.203735,-1.0,-1.0,-1
2018-01-07 19:00:00-05:00,1.203735,1.20451,1.20332,1.204285,-1.0,-1.0,-1
2018-01-07 20:00:00-05:00,1.204285,1.205255,1.204175,1.204485,-1.0,-1.0,-1
2018-01-07 21:00:00-05:00,1.204485,1.204675,1.203085,1.2036,-1.0,-1.0,-1
2018-01-07 22:00:00-05:00,1.2036,1.203605,1.202715,1.20325,-1.0,-1.0,-1
2018-01-07 23:00:00-05:00,1.20325,1.20331,1.20232,1.202555,-1.0,-1.0,-1
2018-01-08 00:00:00-05:00,1.202555,1.202875,1.201205,1.20199,-1.0,-1.0,-1
2018-01-08 01:00:00-05:00,1.20199,1.202295,1.201265,1.201425,-1.0,-1.0,-1
2018-01-08 02:00:00-05:00,1.201425,1.20145,1.199285,1.19931,-1.0,-1.0,-1
2018-01-08 03:00:00-05:00,1.19931,1.200095,1.19834,1.199085,-1.0,-1.0,-1
2018-01-08 04:00:00-05:00,1.199085,1.199385,1.19872,1.19899,-1.0,-1.0,-1
2018-01-08 05:00:00-05:00,1.19899,1.20094,1.198955,1.20038,-1.0,-1.0,-1
2018-01-08 06:00:00-05:00,1.20038,1.20065,1.19846,1.19861,-1.0,-1.0,-1
2018-01-08 07:00:00-05:00,1.19861,1.19908,1.19711,1.197175,-1.0,-1.0,-1
2018-01-08 08:00:00-05:00,1.197175,1.197885,1.196845,1.197015,-1.0,-1.0,-1
2018-01-08 09:00:00-05:00,1.197015,1.19793,1.19664,1.19673,-1.0,-1.0,-1
2018-01-08 10:00:00-05:00,1.19673,1.197745,1.19591,1.19753,-1.0,-1.0,-1
2018-01-08 11:00:00-05:00,1.19753,1.198225,1.19702,1.197265,-1.0,-1.0,-1
2018-01-08 12:00:00-05:00,1.197265,1.19788,1.196875,1.197745,-1.0,-1.0,-1
2018-01-08 13:00:00-05:00,1.197745,1.197745,1.195695,1.196225,-1.0,-1.0,-1
2018-01-08 14:00:00-05:00,1.196225,1.19658,1.195575,1.196285,-1.0,-1.0,-1
2018-01-08 15:00:00-05:00,1.196285,1.196705,1.196135,1.196695,-1.0,-1.0,-1
2018-01-08 16:00:00-05:00,1.196695,1.196845,1.19638,1.19672,-1.0,-1.0,-1
2018-01-08 17:15:00-05:00,1.1967,1.197,1.196595,1.196815,-1.0,-1.0,-1
2018-01-08 18:00:00-05:00,1.196815,1.19708,1.196635,1.197015,-1.0,-1.0,-1
2018-01-08 19:00:00-05:00,1.197015,1.197345,1.196515,1.19714,-1.0,-1.0,-1
2018-01-08 20:00:00-05:00,1.19714,1.19717,1.1958,1.19671,-1.0,-1.0,-1
2018-01-08 21:00:00-05:00,1.19671,1.19757,1.196705,1.197285,-1.0,-1.0,-1
2018-01-08 22:00:00-05:00,1.197285,1.197525,1.19677,1.19717,-1.0,-1.0,-1
2018-01-08 23:00:00-05:00,1.19717,1.197235,1.1966,1.19683,-1.0,-1.0,-1
2018-01-09 00:00:00-05:00,1.19683,1.197185,1.196435,1.19651,-1.0,-1.0,-1
2018-01-09 01:00:00-05:00,1.19651,1.19651,1.19516,1.195605,-1.0,-1.0,-1
2018-01-09 02:00:00-05:00,1.195605,1.197105,1.1951,1.19511,-1.0,-1.0,-1
2018-01-09 03:00:00-05:00,1.19511,1.195285,1.193235,1.193945,-1.0,-1.0,-1
2018-01-09 04:00:00-05:00,1.193945,1.194645,1.193205,1.193875,-1.0,-1.0,-1
2018-01-09 05:00:00-05:00,1.193875,1.193975,1.192515,1.19279,-1.0,-1.0,-1
2018-01-09 06:00:00-05:00,1.19279,1.19299,1.192105,1.19283,-1.0,-1.0,-1
2018-01-09 07:00:00-05:00,1.19283,1.19357,1.19253,1.193355,-1.0,-1.0,-1
2018-01-09 08:00:00-05:00,1.193355,1.193385,1.19156,1.19209,-1.0,-1.0,-1
2018-01-09 09:00:00-05:00,1.19209,1.193295,1.191725,1.1918,-1.0,-1.0,-1
2018-01-09 10:00:00-05:00,1.1918,1.19337,1.191755,1.19298,-1.0,-1.0,-1
2018-01-09 11:00:00-05:00,1.19298,1.193145,1.191825,1.192105,-1.0,-1.0,-1
2018-01-09 12:00:00-05:00,1.192105,1.19257,1.191795,1.192105,-1.0,-1.0,-1
2018-01-09 13:00:00-05:00,1.192105,1.193145,1.191665,1.19307,-1.0,-1.0,-1
2018-01-09 14:00:00-05:00,1.19307,1.193605,1.192485,1.19321,-1.0,-1.0,-1
2018-01-09 15:00:00-05:00,1.19321,1.193845,1.19298,1.19377,-1.0,-1.0,-1
2018-01-09 16:00:00-05:00,1.19377,1.193925,1.193585,1.193685,-1.0,-1.0,-1
2018-01-09 17:15:00-05:00,1.193625,1.193865,1.193505,1.19358,-1.0,-1.0,-1
2018-01-09 18:00:00-05:00,1.19358,1.193635,1.192775,1.19285,-1.0,-1.0,-1
2018-01-09 19:00:00-05:00,1.19285,1.19386,1.192825,1.193775,-1.0,-1.0,-1
2018-01-09 20:00:00-05:00,1.193775,1.19454,1.1933,1.19452,-1.0,-1.0,-1
2018-01-09 21:00:00-05:00,1.19452,1.19489,1.194045,1.194825,-1.0,-1.0,-1
2018-01-09 22:00:00-05:00,1.194825,1.194945,1.1941,1.19419,-1.0,-1.0,-1
2018-01-09 23:00:00-05:00,1.19419,1.194275,1.193595,1.19363,-1.0,-1.0,-1
2018-01-10 00:00:00-05:00,1.19363,1.194165,1.192715,1.19281,-1.0,-1.0,-1
2018-01-10 01:00:00-05:00,1.19281,1.19343,1.192325,1.192915,-1.0,-1.0,-1
2018-01-10 02:00:00-05:00,1.192915,1.194495,1.19277,1.193475,-1.0,-1.0,-1
2018-01-10 03:00:00-05:00,1.193475,1.195495,1.193425,1.194635,-1.0,-1.0,-1
2018-01-10 04:00:00-05:00,1.194635,1.194945,1.193815,1.193875,-1.0,-1.0,-1
2018-01-10 05:00:00-05:00,1.193875,1.200035,1.19317,1.199465,-1.0,-1.0,-1
2018-01-10 06:00:00-05:00,1.199465,1.20164,1.198695,1.200565,-1.0,-1.0,-1
2018-01-10 07:00:00-05:00,1.200565,1.201815,1.199585,1.19979,-1.0,-1.0,-1
2018-01-10 08:00:00-05:00,1.19979,1.200275,1.198985,1.199495,-1.0,-1.0,-1
2018-01-10 09:00:00-05:00,1.199495,1.200715,1.197325,1.198585,-1.0,-1.0,-1
2018-01-10 10:00:00-05:00,1.198585,1.199635,1.197725,1.198275,-1.0,-1.0,-1
2018-01-10 11:00:00-05:00,1.198275,1.1984,1.195565,1.1958,-1.0,-1.0,-1
2018-01-10 12:00:00-05:00,1.1958,1.196525,1.195095,1.19602,-1.0,-1.0,-1
2018-01-10 13:00:00-05:00,1.19602,1.196795,1.195565,1.195875,-1.0,-1.0,-1
2018-01-10 14:00:00-05:00,1.195875,1.195965,1.194055,1.195765,-1.0,-1.0,-1
2018-01-10 15:00:00-05:00,1.195765,1.196565,1.195435,1.195685,-1.0,-1.0,-1
2018-01-10 16:00:00-05:00,1.195685,1.19585,1.194725,1.194765,-1.0,-1.0,-1
2018-01-10 17:15:00-05:00,1.195075,1.195335,1.194765,1.19496,-1.0,-1.0,-1
2018-01-10 18:00:00-05:00,1.19496,1.195915,1.19492,1.19559,-1.0,-1.0,-1
2018-01-10 19:00:00-05:00,1.19559,1.196035,1.194745,1.196035,-1.0,-1.0,-1
2018-01-10 20:00:00-05:00,1.196035,1.19629,1.195415,1.19595,-1.0,-1.0,-1
2018-01-10 21:00:00-05:00,1.19595,1.196915,1.19564,1.19667,-1.0,-1.0,-1
2018-01-10 22:00:00-05:00,1.19667,1.197015,1.194515,1.195355,-1.0,-1.0,-1
2018-01-10 23:00:00-05:00,1.195355,1.195455,1.194155,1.19469,-1.0,-1.0,-1
2018-01-11 00:00:00-05:00,1.19469,1.19542,1.194135,1.19523,-1.0,-1.0,-1
2018-01-11 01:00:00-05:00,1.19523,1.19523,1.193645,1.194215,-1.0,-1.0,-1
2018-01-11 02:00:00-05:00,1.194215,1.195,1.19296,1.193995,-1.0,-1.0,-1
2018-01-11 03:00:00-05:00,1.193995,1.19421,1.192925,1.19381,-1.0,-1.0,-1
2018-01-11 04:00:00-05:00,1.19381,1.194975,1.19331,1.194795,-1.0,-1.0,-1
2018-01-11 05:00:00-05:00,1.194795,1.195165,1.193905,1.194665,-1.0,-1.0,-1
2018-01-11 06:00:00-05:00,1.194665,1.195085,1.19407,1.19437,-1.0,-1.0,-1
2018-01-11 07:00:00-05:00,1.19437,1.2013,1.19365,1.20043,-1.0,-1.0,-1
2018-01-11 08:00:00-05:00,1.20043,1.20352,1.20025,1.203145,-1.0,-1.0,-1
2018-01-11 09:00:00-05:00,1.203145,1.204895,1.20309,1.204785,-1.0,-1.0,-1
2018-01-11 10:00:00-05:00,1.204785,1.205895,1.203955,1.20492,-1.0,-1.0,-1
2018-01-11 11:00:00-05:00,1.20492,1.20498,1.20321,1.203445,-1.0,-1.0,-1
2018-01-11 12:00:00-05:00,1.203445,1.2041,1.20312,1.203775,-1.0,-1.0,-1
2018-01-11 13:00:00-05:00,1.203775,1.204765,1.203025,1.203685,-1.0,-1.0,-1
2018-01-11 14:00:00-05:00,1.203685,1.204575,1.203405,1.203905,-1.0,-1.0,-1
2018-01-11 15:00:00-05:00,1.203905,1.204,1.202725,1.203075,-1.0,-1.0,-1
2018-01-11 16:00:00-05:00,1.203075,1.203485,1.202855,1.203215,-1.0,-1.0,-1
2018-01-11 17:15:00-05:00,1.20345,1.20405,1.203275,1.20388,-1.0,-1.0,-1
2018-01-11 18:00:00-05:00,1.20388,1.204395,1.203105,1.20429,-1.0,-1.0,-1
2018-01-11 19:00:00-05:00,1.20429,1.206675,1.204155,1.205845,-1.0,-1.0,-1
2018-01-11 20:00:00-05:00,1.205845,1.20615,1.20431,1.204545,-1.0,-1.0,-1
2018-01-11 21:00:00-05:00,1.204545,1.20505,1.20421,1.204695,-1.0,-1.0,-1
2018-01-11 22:00:00-05:00,1.204695,1.205305,1.204545,1.205165,-1.0,-1.0,-1
2018-01-11 23:00:00-05:00,1.205165,1.205475,1.204575,1.205365,-1.0,-1.0,-1
2018-01-12 00:00:00-05:00,1.205365,1.205735,1.204015,1.20441,-1.0,-1.0,-1
2018-01-12 01:00:00-05:00,1.20441,1.205235,1.20425,1.20484,-1.0,-1.0,-1
2018-01-12 02:00:00-05:00,1.20484,1.20758,1.204555,1.20627,-1.0,-1.0,-1
2018-01-12 03:00:00-05:00,1.20627,1.21207,1.205215,1.211125,-1.0,-1.0,-1
2018-01-12 04:00:00-05:00,1.211125,1.213705,1.2111,1.212545,-1.0,-1.0,-1
2018-01-12 05:00:00-05:00,1.212545,1.21291,1.211455,1.211895,-1.0,-1.0,-1
2018-01-12 06:00:00-05:00,1.211895,1.21359,1.211895,1.21243,-1.0,-1.0,-1
2018-01-12 07:00:00-05:00,1.21243,1.213835,1.21228,1.213345,-1.0,-1.0,-1
2018-01-12 08:00:00-05:00,1.213345,1.214865,1.21121,1.212,-1.0,-1.0,-1
2018-01-12 09:00:00-05:00,1.212,1.214885,1.211155,1.2138,-1.0,-1.0,-1
2018-01-12 10:00:00-05:00,1.2138,1.215535,1.213265,1.214795,-1.0,-1.0,-1
2018-01-12 11:00:00-05:00,1.214795,1.21558,1.212205,1.21303,-1.0,-1.0,-1
2018-01-12 12:00:00-05:00,1.21303,1.213705,1.212425,1.213465,-1.0,-1.0,-1
2018-01-12 13:00:00-05:00,1.213465,1.216665,1.213305,1.216245,-1.0,-1.0,-1
2018-01-12 14:00:00-05:00,1.216245,1.218495,1.216065,1.218125,-1.0,-1.0,-1
2018-01-12 15:00:00-05:00,1.218125,1.218865,1.217675,1.218715,-1.0,-1.0,-1
2018-01-12 16:00:00-05:00,1.218715,1.221875,1.2187,1.220625,-1.0,-1.0,-1
2018-01-14 17:15:00-05:00,1.2204,1.22053,1.219375,1.22032,-1.0,-1.0,-1
2018-01-14 18:00:00-05:00,1.22032,1.221205,1.219085,1.2192,-1.0,-1.0,-1
2018-01-14 19:00:00-05:00,1.2192,1.21991,1.218775,1.2191,-1.0,-1.0,-1
2018-01-14 20:00:00-05:00,1.2191,1.220895,1.218945,1.21983,-1.0,-1.0,-1
2018-01-14 21:00:00-05:00,1.21983,1.22084,1.21923,1.219465,-1.0,-1.0,-1
2018-01-14 22:00:00-05:00,1.219465,1.220425,1.21928,1.22002,-1.0,-1.0,-1
2018-01-14 23:00:00-05:00,1.22002,1.22111,1.219615,1.221015,-1.0,-1.0,-1
2018-01-15 00:00:00-05:00,1.221015,1.22402,1.220775,1.222305,-1.0,-1.0,-1
2018-01-15 01:00:00-05:00,1.222305,1.22302,1.220755,1.22089,-1.0,-1.0,-1
2018-01-15 02:00:00-05:00,1.22089,1.222055,1.220145,1.221175,-1.0,-1.0,-1
2018-01-15 03:00:00-05:00,1.221175,1.223465,1.220965,1.22313,-1.0,-1.0,-1
2018-01-15 04:00:00-05:00,1.22313,1.226975,1.222885,1.226035,-1.0,-1.0,-1
2018-01-15 05:00:00-05:00,1.226035,1.229665,1.22576,1.227445,-1.0,-1.0,-1
2018-01-15 06:00:00-05:00,1.227445,1.22825,1.22521,1.225575,-1.0,-1.0,-1
2018-01-15 07:00:00-05:00,1.225575,1.22727,1.225145,1.226985,-1.0,-1.0,-1
2018-01-15 08:00:00-05:00,1.226985,1.228625,1.22652,1.228335,-1.0,-1.0,-1
2018-01-15 09:00:00-05:00,1.228335,1.229095,1.22599,1.226175,-1.0,-1.0,-1
2018-01-15 10:00:00-05:00,1.226175,1.227135,1.22546,1.225965,-1.0,-1.0,-1
2018-01-15 11:00:00-05:00,1.225965,1.22942,1.22591,1.226595,-1.0,-1.0,-1
2018-01-15 12:00:00-05:00,1.226595,1.22877,1.226585,1.22717,-1.0,-1.0,-1
2018-01-15 13:00:00-05:00,1.22717,1.227675,1.226825,1.22729,-1.0,-1.0,-1
2018-01-15 14:00:00-05:00,1.22729,1.22746,1.22635,1.22687,-1.0,-1.0,-1
2018-01-15 15:00:00-05:00,1.22687,1.22775,1.226365,1.226975,-1.0,-1.0,-1
2018-01-15 16:00:00-05:00,1.226975,1.22698,1.226355,1.226365,-1.0,-1.0,-1
2018-01-15 17:15:00-05:00,1.226625,1.226775,1.226285,1.226465,-1.0,-1.0,-1
2018-01-15 18:00:00-05:00,1.226465,1.227505,1.226145,1.226665,-1.0,-1.0,-1
2018-01-15 19:00:00-05:00,1.226665,1.226985,1.226055,1.226195,-1.0,-1.0,-1
2018-01-15 20:00:00-05:00,1.226195,1.2266,1.224775,1.226555,-1.0,-1.0,-1
2018-01-15 21:00:00-05:00,1.226555,1.22798,1.225915,1.226795,-1.0,-1.0,-1
2018-01-15 22:00:00-05:00,1.226795,1.22696,1.225555,1.22577,-1.0,-1.0,-1
2018-01-15 23:00:00-05:00,1.22577,1.227035,1.22574,1.226695,-1.0,-1.0,-1
2018-01-16 00:00:00-05:00,1.226695,1.22699,1.226145,1.22628,-1.0,-1.0,-1
2018-01-16 01:00:00-05:00,1.22628,1.228345,1.22582,1.2267,-1.0,-1.0,-1
2018-01-16 02:00:00-05:00,1.2267,1.226795,1.221595,1.224675,-1.0,-1.0,-1
2018-01-16 03:00:00-05:00,1.224675,1.22676,1.222275,1.22362,-1.0,-1.0,-1
2018-01-16 04:00:00-05:00,1.22362,1.22411,1.222215,1.223315,-1.0,-1.0,-1
2018-01-16 05:00:00-05:00,1.223315,1.223865,1.220155,1.22131,-1.0,-1.0,-1
2018-01-16 06:00:00-05:00,1.22131,1.222395,1.220485,1.221545,-1.0,-1.0,-1
2018-01-16 07:00:00-05:00,1.221545,1.22404,1.22145,1.223245,-1.0,-1.0,-1
2018-01-16 08:00:00-05:00,1.223245,1.223575,1.221205,1.221845,-1.0,-1.0,-1
2018-01-16 09:00:00-05:00,1.221845,1.221865,1.219515,1.2209,-1.0,-1.0,-1
2018-01-16 10:00:00-05:00,1.2209,1.223405,1.220705,1.222935,-1.0,-1.0,-1
2018-01-16 11:00:00-05:00,1.222935,1.224875,1.222525,1.22442,-1.0,-1.0,-1
2018-01-16 12:00:00-05:00,1.22442,1.224555,1.223325,1.22436,-1.0,-1.0,-1
2018-01-16 13:00:00-05:00,1.22436,1.226945,1.224315,1.22672,-1.0,-1.0,-1
2018-01-16 14:00:00-05:00,1.22672,1.228095,1.226325,1.227195,-1.0,-1.0,-1
2018-01-16 15:00:00-05:00,1.227195,1.22741,1.22651,1.226655,-1.0,-1.0,-1
2018-01-16 16:00:00-05:00,1.226655,1.226655,1.225425,1.22602,-1.0,-1.0,-1
2018-01-16 17:15:00-05:00,1.22613,1.226375,1.225465,1.22563,-1.0,-1.0,-1
2018-01-16 18:00:00-05:00,1.22563,1.22771,1.225615,1.22709,-1.0,-1.0,-1
2018-01-16 19:00:00-05:00,1.22709,1.232305,1.2264,1.230325,-1.0,-1.0,-1
2018-01-16 20:00:00-05:00,1.230325,1.230595,1.22856,1.229065,-1.0,-1.0,-1
2018-01-16 21:00:00-05:00,1.229065,1.229725,1.226745,1.226815,-1.0,-1.0,-1
2018-01-16 22:00:00-05:00,1.226815,1.227565,1.225925,1.226755,-1.0,-1.0,-1
2018-01-16 23:00:00-05:00,1.226755,1.227025,1.22486,1.22497,-1.0,-1.0,-1
2018-01-17 00:00:00-05:00,1.22497,1.225415,1.223735,1.224445,-1.0,-1.0,-1
2018-01-17 01:00:00-05:00,1.224445,1.22513,1.22151,1.22204,-1.0,-1.0,-1
2018-01-17 02:00:00-05:00,1.22204,1.22353,1.22086,1.221765,-1.0,-1.0,-1
2018-01-17 03:00:00-05:00,1.221765,1.22441,1.221135,1.222655,-1.0,-1.0,-1
2018-01-17 04:00:00-05:00,1.222655,1.22436,1.221655,1.223685,-1.0,-1.0,-1
2018-01-17 05:00:00-05:00,1.223685,1.224995,1.22324,1.223465,-1.0,-1.0,-1
2018-01-17 06:00:00-05:00,1.223465,1.223705,1.220525,1.22071,-1.0,-1.0,-1
2018-01-17 07:00:00-05:00,1.22071,1.22143,1.220125,1.22097,-1.0,-1.0,-1
2018-01-17 08:00:00-05:00,1.22097,1.222315,1.219655,1.22192,-1.0,-1.0,-1
2018-01-17 09:00:00-05:00,1.22192,1.22298,1.22125,1.22219,-1.0,-1.0,-1
2018-01-17 10:00:00-05:00,1.22219,1.224585,1.221615,1.22424,-1.0,-1.0,-1
2018-01-17 11:00:00-05:00,1.22424,1.224495,1.22257,1.22285,-1.0,-1.0,-1
2018-01-17 12:00:00-05:00,1.22285,1.225325,1.222735,1.225185,-1.0,-1.0,-1
2018-01-17 13:00:00-05:00,1.225185,1.228815,1.225005,1.227705,-1.0,-1.0,-1
2018-01-17 14:00:00-05:00,1.227705,1.227705,1.22357,1.223775,-1.0,-1.0,-1
2018-01-17 15:00:00-05:00,1.223775,1.223825,1.22086,1.221295,-1.0,-1.0,-1
2018-01-17 16:00:00-05:00,1.221295,1.221785,1.217755,1.218625,-1.0,-1.0,-1
2018-01-17 17:15:00-05:00,1.21875,1.21922,1.21652,1.21656,-1.0,-1.0,-1
2018-01-17 18:00:00-05:00,1.21656,1.218795,1.216555,1.218045,-1.0,-1.0,-1
2018-01-17 19:00:00-05:00,1.218045,1.22043,1.21794,1.218995,-1.0,-1.0,-1
2018-01-17 20:00:00-05:00,1.218995,1.219715,1.21799,1.219325,-1.0,-1.0,-1
2018-01-17 21:00:00-05:00,1.219325,1.220135,1.219095,1.2194,-1.0,-1.0,-1
2018-01-17 22:00:00-05:00,1.2194,1.21951,1.217355,1.217975,-1.0,-1.0,-1
2018-01-17 23:00:00-05:00,1.217975,1.219695,1.217905,1.219495,-1.0,-1.0,-1
2018-01-18 00:00:00-05:00,1.219495,1.2209,1.21942,1.22069,-1.0,-1.0,-1
2018-01-18 01:00:00-05:00,1.22069,1.22099,1.219625,1.22077,-1.0,-1.0,-1
2018-01-18 02:00:00-05:00,1.22077,1.221225,1.21865,1.220665,-1.0,-1.0,-1
2018-01-18 03:00:00-05:00,1.220665,1.22176,1.22019,1.220385,-1.0,-1.0,-1
2018-01-18 04:00:00-05:00,1.220385,1.2218,1.219605,1.22146,-1.0,-1.0,-1
2018-01-18 05:00:00-05:00,1.22146,1.222965,1.221235,1.222795,-1.0,-1.0,-1
2018-01-18 06:00:00-05:00,1.222795,1.224715,1.22274,1.223985,-1.0,-1.0,-1
2018-01-18 07:00:00-05:00,1.223985,1.22527,1.223415,1.22397,-1.0,-1.0,-1
2018-01-18 08:00:00-05:00,1.22397,1.225025,1.222715,1.224935,-1.0,-1.0,-1
2018-01-18 09:00:00-05:00,1.224935,1.226495,1.22419,1.226065,-1.0,-1.0,-1
2018-01-18 10:00:00-05:00,1.226065,1.226065,1.223085,1.223925,-1.0,-1.0,-1
2018-01-18 11:00:00-05:00,1.223925,1.22542,1.22266,1.223785,-1.0,-1.0,-1
2018-01-18 12:00:00-05:00,1.223785,1.22556,1.222075,1.222845,-1.0,-1.0,-1
2018-01-18 13:00:00-05:00,1.222845,1.22359,1.221995,1.2226,-1.0,-1.0,-1
2018-01-18 14:00:00-05:00,1.2226,1.224485,1.222495,1.224335,-1.0,-1.0,-1
2018-01-18 15:00:00-05:00,1.224335,1.224735,1.222635,1.223885,-1.0,-1.0,-1
2018-01-18 16:00:00-05:00,1.223885,1.224325,1.22368,1.223845,-1.0,-1.0,-1
2018-01-18 17:15:00-05:00,1.223875,1.224425,1.223815,1.22412,-1.0,-1.0,-1
2018-01-18 18:00:00-05:00,1.22412,1.224635,1.223185,1.22344,-1.0,-1.0,-1
2018-01-18 19:00:00-05:00,1.22344,1.225375,1.22321,1.223675,-1.0,-1.0,-1
2018-01-18 20:00:00-05:00,1.223675,1.22457,1.223235,1.22434,-1.0,-1.0,-1
2018-01-18 21:00:00-05:00,1.22434,1.225615,1.224015,1.224485,-1.0,-1.0,-1
2018-01-18 22:00:00-05:00,1.224485,1.227045,1.22436,1.226695,-1.0,-1.0,-1
2018-01-18 23:00:00-05:00,1.226695,1.226695,1.225955,1.226225,-1.0,-1.0,-1
2018-01-19 00:00:00-05:00,1.226225,1.226375,1.225315,1.226065,-1.0,-1.0,-1
2018-01-19 01:00:00-05:00,1.226065,1.226835,1.225715,1.22591,-1.0,-1.0,-1
2018-01-19 02:00:00-05:00,1.22591,1.227925,1.22514,1.22719,-1.0,-1.0,-1
2018-01-19 03:00:00-05:00,1.22719,1.228495,1.22621,1.22831,-1.0,-1.0,-1
2018-01-19 04:00:00-05:00,1.22831,1.22955,1.226515,1.228185,-1.0,-1.0,-1
2018-01-19 05:00:00-05:00,1.228185,1.228425,1.22666,1.227405,-1.0,-1.0,-1
2018-01-19 06:00:00-05:00,1.227405,1.22772,1.2256,1.227335,-1.0,-1.0,-1
2018-01-19 07:00:00-05:00,1.227335,1.227335,1.22532,1.22571,-1.0,-1.0,-1
2018-01-19 08:00:00-05:00,1.22571,1.226945,1.223935,1.224345,-1.0,-1.0,-1
2018-01-19 09:00:00-05:00,1.224345,1.225275,1.22306,1.225085,-1.0,-1.0,-1
2018-01-19 10:00:00-05:00,1.225085,1.225765,1.22186,1.2221,-1.0,-1.0,-1
2018-01-19 11:00:00-05:00,1.2221,1.223935,1.222075,1.22374,-1.0,-1.0,-1
2018-01-19 12:00:00-05:00,1.22374,1.224325,1.22313,1.223255,-1.0,-1.0,-1
2018-01-19 13:00:00-05:00,1.223255,1.22328,1.221925,1.22328,-1.0,-1.0,-1
2018-01-19 14:00:00-05:00,1.22328,1.22388,1.223165,1.223295,-1.0,-1.0,-1
2018-01-19 15:00:00-05:00,1.223295,1.223455,1.222015,1.22209,-1.0,-1.0,-1
2018-01-19 16:00:00-05:00,1.22209,1.22339,1.221495,1.221925,-1.0,-1.0,-1
2018-01-21 17:15:00-05:00,1.226275,1.226475,1.22557,1.2259,-1.0,-1.0,-1
2018-01-21 18:00:00-05:00,1.2259,1.225995,1.223405,1.225615,-1.0,-1.0,-1
2018-01-21 19:00:00-05:00,1.225615,1.225755,1.224145,1.224425,-1.0,-1.0,-1
2018-01-21 20:00:00-05:00,1.224425,1.224465,1.22253,1.222875,-1.0,-1.0,-1
2018-01-21 21:00:00-05:00,1.222875,1.223775,1.222665,1.22367,-1.0,-1.0,-1
2018-01-21 22:00:00-05:00,1.22367,1.22376,1.22249,1.22289,-1.0,-1.0,-1
2018-01-21 23:00:00-05:00,1.22289,1.222995,1.221635,1.222395,-1.0,-1.0,-1
2018-01-22 00:00:00-05:00,1.222395,1.223335,1.221735,1.22314,-1.0,-1.0,-1
2018-01-22 01:00:00-05:00,1.22314,1.22339,1.221395,1.22162,-1.0,-1.0,-1
2018-01-22 02:00:00-05:00,1.22162,1.224285,1.22158,1.223735,-1.0,-1.0,-1
2018-01-22 03:00:00-05:00,1.223735,1.225025,1.223515,1.22417,-1.0,-1.0,-1
2018-01-22 04:00:00-05:00,1.22417,1.225595,1.22417,1.22497,-1.0,-1.0,-1
2018-01-22 05:00:00-05:00,1.22497,1.226715,1.224765,1.226215,-1.0,-1.0,-1
2018-01-22 06:00:00-05:00,1.226215,1.22631,1.225145,1.225515,-1.0,-1.0,-1
2018-01-22 07:00:00-05:00,1.225515,1.225645,1.22391,1.224135,-1.0,-1.0,-1
2018-01-22 08:00:00-05:00,1.224135,1.225175,1.223355,1.224945,-1.0,-1.0,-1
2018-01-22 09:00:00-05:00,1.224945,1.2259,1.223825,1.224015,-1.0,-1.0,-1
2018-01-22 10:00:00-05:00,1.224015,1.226055,1.223845,1.225375,-1.0,-1.0,-1
2018-01-22 11:00:00-05:00,1.225375,1.225485,1.222815,1.22283,-1.0,-1.0,-1
2018-01-22 12:00:00-05:00,1.22283,1.224475,1.222415,1.22436,-1.0,-1.0,-1
2018-01-22 13:00:00-05:00,1.22436,1.225085,1.223935,1.22494,-1.0,-1.0,-1
2018-01-22 14:00:00-05:00,1.22494,1.226125,1.22476,1.22585,-1.0,-1.0,-1
2018-01-22 15:00:00-05:00,1.22585,1.22604,1.22546,1.22585,-1.0,-1.0,-1
2018-01-22 16:00:00-05:00,1.22585,1.22629,1.22568,1.2262,-1.0,-1.0,-1
2018-01-22 17:15:00-05:00,1.226,1.226435,1.22579,1.22603,-1.0,-1.0,-1
2018-01-22 18:00:00-05:00,1.22603,1.226035,1.225525,1.22563,-1.0,-1.0,-1
2018-01-22 19:00:00-05:00,1.22563,1.227285,1.225595,1.226745,-1.0,-1.0,-1
2018-01-22 20:00:00-05:00,1.226745,1.22754,1.226255,1.226635,-1.0,-1.0,-1
2018-01-22 21:00:00-05:00,1.226635,1.22672,1.22509,1.22615,-1.0,-1.0,-1
2018-01-22 22:00:00-05:00,1.22615,1.227615,1.22547,1.22576,-1.0,-1.0,-1
2018-01-22 23:00:00-05:00,1.22576,1.22655,1.225515,1.22595,-1.0,-1.0,-1
2018-01-23 00:00:00-05:00,1.22595,1.22611,1.225175,1.225805,-1.0,-1.0,-1
2018-01-23 01:00:00-05:00,1.225805,1.227125,1.22441,1.22479,-1.0,-1.0,-1
2018-01-23 02:00:00-05:00,1.22479,1.22566,1.223835,1.22514,-1.0,-1.0,-1
2018-01-23 03:00:00-05:00,1.22514,1.22528,1.222305,1.223875,-1.0,-1.0,-1
2018-01-23 04:00:00-05:00,1.223875,1.22457,1.223125,1.223775,-1.0,-1.0,-1
2018-01-23 05:00:00-05:00,1.223775,1.22546,1.223775,1.224675,-1.0,-1.0,-1
2018-01-23 06:00:00-05:00,1.224675,1.225775,1.22364,1.22364,-1.0,-1.0,-1
2018-01-23 07:00:00-05:00,1.22364,1.22538,1.223385,1.224935,-1.0,-1.0,-1
2018-01-23 08:00:00-05:00,1.224935,1.22649,1.224555,1.225855,-1.0,-1.0,-1
2018-01-23 09:00:00-05:00,1.225855,1.22832,1.225125,1.227855,-1.0,-1.0,-1
2018-01-23 10:00:00-05:00,1.227855,1.23064,1.2277,1.229315,-1.0,-1.0,-1
2018-01-23 11:00:00-05:00,1.229315,1.229465,1.227075,1.227615,-1.0,-1.0,-1
2018-01-23 12:00:00-05:00,1.227615,1.229035,1.22752,1.227935,-1.0,-1.0,-1
2018-01-23 13:00:00-05:00,1.227935,1.22894,1.227575,1.22807,-1.0,-1.0,-1
2018-01-23 14:00:00-05:00,1.22807,1.22956,1.22802,1.22953,-1.0,-1.0,-1
2018-01-23 15:00:00-05:00,1.22953,1.229705,1.228855,1.22938,-1.0,-1.0,-1
2018-01-23 16:00:00-05:00,1.22938,1.22997,1.229315,1.22986,-1.0,-1.0,-1
2018-01-23 17:15:00-05:00,1.229925,1.229975,1.229615,1.22972,-1.0,-1.0,-1
2018-01-23 18:00:00-05:00,1.22972,1.231555,1.22938,1.230885,-1.0,-1.0,-1
2018-01-23 19:00:00-05:00,1.230885,1.231285,1.22912,1.23002,-1.0,-1.0,-1
2018-01-23 20:00:00-05:00,1.23002,1.23121,1.229315,1.230705,-1.0,-1.0,-1
2018-01-23 21:00:00-05:00,1.230705,1.231855,1.230165,1.23099,-1.0,-1.0,-1
2018-01-23 22:00:00-05:00,1.23099,1.231655,1.23011,1.231465,-1.0,-1.0,-1
2018-01-23 23:00:00-05:00,1.231465,1.233565,1.231465,1.232175,-1.0,-1.0,-1
2018-01-24 00:00:00-05:00,1.232175,1.232535,1.231385,1.232475,-1.0,-1.0,-1
2018-01-24 01:00:00-05:00,1.232475,1.23293,1.230655,1.23094,-1.0,-1.0,-1
2018-01-24 02:00:00-05:00,1.23094,1.231985,1.2303,1.2312,-1.0,-1.0,-1
2018-01-24 03:00:00-05:00,1.2312,1.23447,1.231155,1.234035,-1.0,-1.0,-1
2018-01-24 04:00:00-05:00,1.234035,1.235595,1.23367,1.23371,-1.0,-1.0,-1
2018-01-24 05:00:00-05:00,1.23371,1.234805,1.233395,1.233735,-1.0,-1.0,-1
2018-01-24 06:00:00-05:00,1.233735,1.23492,1.23296,1.234025,-1.0,-1.0,-1
2018-01-24 07:00:00-05:00,1.234025,1.234585,1.233075,1.233855,-1.0,-1.0,-1
2018-01-24 08:00:00-05:00,1.233855,1.236785,1.23383,1.23659,-1.0,-1.0,-1
2018-01-24 09:00:00-05:00,1.23659,1.239655,1.236325,1.239235,-1.0,-1.0,-1
2018-01-24 10:00:00-05:00,1.239235,1.24023,1.23802,1.238085,-1.0,-1.0,-1
2018-01-24 11:00:00-05:00,1.238085,1.239725,1.237685,1.23899,-1.0,-1.0,-1
2018-01-24 12:00:00-05:00,1.23899,1.23964,1.23826,1.239155,-1.0,-1.0,-1
2018-01-24 13:00:00-05:00,1.239155,1.241475,1.239015,1.24124,-1.0,-1.0,-1
2018-01-24 14:00:00-05:00,1.24124,1.241505,1.239775,1.24046,-1.0,-1.0,-1
2018-01-24 15:00:00-05:00,1.24046,1.24059,1.239465,1.239895,-1.0,-1.0,-1
2018-01-24 16:00:00-05:00,1.239895,1.241025,1.239785,1.24083,-1.0,-1.0,-1
2018-01-24 17:15:00-05:00,1.240675,1.24103,1.240095,1.240465,-1.0,-1.0,-1
2018-01-24 18:00:00-05:00,1.240465,1.240475,1.239035,1.23926,-1.0,-1.0,-1
2018-01-24 19:00:00-05:00,1.23926,1.239995,1.238465,1.23985,-1.0,-1.0,-1
2018-01-24 20:00:00-05:00,1.23985,1.24109,1.238985,1.24106,-1.0,-1.0,-1
2018-01-24 21:00:00-05:00,1.24106,1.242795,1.240575,1.242285,-1.0,-1.0,-1
2018-01-24 22:00:00-05:00,1.242285,1.24399,1.24202,1.24315,-1.0,-1.0,-1
2018-01-24 23:00:00-05:00,1.24315,1.24389,1.24261,1.243605,-1.0,-1.0,-1
2018-01-25 00:00:00-05:00,1.243605,1.24486,1.242625,1.24482,-1.0,-1.0,-1
2018-01-25 01:00:00-05:00,1.24482,1.24595,1.242285,1.243575,-1.0,-1.0,-1
2018-01-25 02:00:00-05:00,1.243575,1.244205,1.240895,1.241915,-1.0,-1.0,-1
2018-01-25 03:00:00-05:00,1.241915,1.241975,1.238905,1.23967,-1.0,-1.0,-1
2018-01-25 04:00:00-05:00,1.23967,1.24334,1.239665,1.243195,-1.0,-1.0,-1
2018-01-25 05:00:00-05:00,1.243195,1.24322,1.240805,1.24135,-1.0,-1.0,-1
2018-01-25 06:00:00-05:00,1.24135,1.24213,1.23986,1.24032,-1.0,-1.0,-1
2018-01-25 07:00:00-05:00,1.24032,1.24155,1.239735,1.240475,-1.0,-1.0,-1
2018-01-25 08:00:00-05:00,1.240475,1.249795,1.240265,1.249685,-1.0,-1.0,-1
2018-01-25 09:00:00-05:00,1.249685,1.25379,1.24623,1.24904,-1.0,-1.0,-1
2018-01-25 10:00:00-05:00,1.24904,1.253045,1.24842,1.2504,-1.0,-1.0,-1
2018-01-25 11:00:00-05:00,1.2504,1.25066,1.248375,1.24873,-1.0,-1.0,-1
2018-01-25 12:00:00-05:00,1.24873,1.24925,1.247735,1.24925,-1.0,-1.0,-1
2018-01-25 13:00:00-05:00,1.24925,1.250645,1.247345,1.248445,-1.0,-1.0,-1
2018-01-25 14:00:00-05:00,1.248445,1.248735,1.23641,1.23903,-1.0,-1.0,-1
2018-01-25 15:00:00-05:00,1.23903,1.243205,1.238785,1.24064,-1.0,-1.0,-1
2018-01-25 16:00:00-05:00,1.24064,1.24229,1.238805,1.23957,-1.0,-1.0,-1
2018-01-25 17:15:00-05:00,1.23955,1.239945,1.237065,1.237355,-1.0,-1.0,-1
2018-01-25 18:00:00-05:00,1.237355,1.239545,1.237295,1.23914,-1.0,-1.0,-1
2018-01-25 19:00:00-05:00,1.23914,1.24108,1.238625,1.24058,-1.0,-1.0,-1
2018-01-25 20:00:00-05:00,1.24058,1.24335,1.24034,1.24302,-1.0,-1.0,-1
2018-01-25 21:00:00-05:00,1.24302,1.24302,1.24121,1.242695,-1.0,-1.0,-1
2018-01-25 22:00:00-05:00,1.242695,1.243205,1.24227,1.24295,-1.0,-1.0,-1
2018-01-25 23:00:00-05:00,1.24295,1.243165,1.242045,1.24213,-1.0,-1.0,-1
2018-01-26 00:00:00-05:00,1.24213,1.24323,1.241275,1.243095,-1.0,-1.0,-1
2018-01-26 01:00:00-05:00,1.243095,1.24525,1.24281,1.24506,-1.0,-1.0,-1
2018-01-26 02:00:00-05:00,1.24506,1.249385,1.244775,1.24746,-1.0,-1.0,-1
2018-01-26 03:00:00-05:00,1.24746,1.249095,1.245215,1.246705,-1.0,-1.0,-1
2018-01-26 04:00:00-05:00,1.246705,1.24676,1.24519,1.24557,-1.0,-1.0,-1
2018-01-26 05:00:00-05:00,1.24557,1.246685,1.244235,1.245875,-1.0,-1.0,-1
2018-01-26 06:00:00-05:00,1.245875,1.246495,1.24299,1.24386,-1.0,-1.0,-1
2018-01-26 07:00:00-05:00,1.24386,1.24502,1.243415,1.244065,-1.0,-1.0,-1
2018-01-26 08:00:00-05:00,1.244065,1.24576,1.242055,1.242895,-1.0,-1.0,-1
2018-01-26 09:00:00-05:00,1.242895,1.244775,1.241295,1.24414,-1.0,-1.0,-1
2018-01-26 10:00:00-05:00,1.24414,1.244555,1.241525,1.243285,-1.0,-1.0,-1
2018-01-26 11:00:00-05:00,1.243285,1.24373,1.240725,1.242145,-1.0,-1.0,-1
2018-01-26 12:00:00-05:00,1.242145,1.244205,1.241605,1.243915,-1.0,-1.0,-1
2018-01-26 13:00:00-05:00,1.243915,1.24502,1.2433,1.244445,-1.0,-1.0,-1
2018-01-26 14:00:00-05:00,1.244445,1.244785,1.24179,1.2421,-1.0,-1.0,-1
2018-01-26 15:00:00-05:00,1.2421,1.24232,1.240605,1.241995,-1.0,-1.0,-1
2018-01-26 16:00:00-05:00,1.241995,1.243275,1.241785,1.24272,-1.0,-1.0,-1
2018-01-28 17:15:00-05:00,1.2417,1.24218,1.24132,1.24159,-1.0,-1.0,-1
2018-01-28 18:00:00-05:00,1.24159,1.24314,1.241585,1.243135,-1.0,-1.0,-1
2018-01-28 19:00:00-05:00,1.243135,1.243235,1.24206,1.24214,-1.0,-1.0,-1
2018-01-28 20:00:00-05:00,1.24214,1.24222,1.23959,1.23968,-1.0,-1.0,-1
2018-01-28 21:00:00-05:00,1.23968,1.240165,1.238535,1.240005,-1.0,-1.0,-1
2018-01-28 22:00:00-05:00,1.240005,1.24199,1.239785,1.24153,-1.0,-1.0,-1
2018-01-28 23:00:00-05:00,1.24153,1.242205,1.24114,1.241295,-1.0,-1.0,-1
2018-01-29 00:00:00-05:00,1.241295,1.241895,1.240555,1.24139,-1.0,-1.0,-1
2018-01-29 01:00:00-05:00,1.24139,1.242685,1.24046,1.24157,-1.0,-1.0,-1
2018-01-29 02:00:00-05:00,1.24157,1.24291,1.239425,1.24021,-1.0,-1.0,-1
2018-01-29 03:00:00-05:00,1.24021,1.240945,1.238855,1.240735,-1.0,-1.0,-1
2018-01-29 04:00:00-05:00,1.240735,1.241645,1.239425,1.241205,-1.0,-1.0,-1
2018-01-29 05:00:00-05:00,1.241205,1.242795,1.240365,1.240375,-1.0,-1.0,-1
2018-01-29 06:00:00-05:00,1.240375,1.240475,1.239105,1.239315,-1.0,-1.0,-1
2018-01-29 07:00:00-05:00,1.239315,1.24041,1.237715,1.238455,-1.0,-1.0,-1
2018-01-29 08:00:00-05:00,1.238455,1.238935,1.23592,1.23648,-1.0,-1.0,-1
2018-01-29 09:00:00-05:00,1.23648,1.23714,1.23454,1.235185,-1.0,-1.0,-1
2018-01-29 10:00:00-05:00,1.235185,1.23741,1.234965,1.235645,-1.0,-1.0,-1
2018-01-29 11:00:00-05:00,1.235645,1.23675,1.233685,1.235235,-1.0,-1.0,-1
2018-01-29 12:00:00-05:00,1.235235,1.237315,1.23451,1.237165,-1.0,-1.0,-1
2018-01-29 13:00:00-05:00,1.237165,1.238025,1.23692,1.23779,-1.0,-1.0,-1
2018-01-29 14:00:00-05:00,1.23779,1.239005,1.237345,1.23887,-1.0,-1.0,-1
2018-01-29 15:00:00-05:00,1.23887,1.23897,1.238115,1.23827,-1.0,-1.0,-1
2018-01-29 16:00:00-05:00,1.23827,1.238355,1.23782,1.238245,-1.0,-1.0,-1
2018-01-29 17:15:00-05:00,1.238245,1.2386,1.23781,1.238265,-1.0,-1.0,-1
2018-01-29 18:00:00-05:00,1.238265,1.23863,1.237845,1.23811,-1.0,-1.0,-1
2018-01-29 19:00:00-05:00,1.23811,1.238635,1.23683,1.237635,-1.0,-1.0,-1
2018-01-29 20:00:00-05:00,1.237635,1.238835,1.237315,1.238535,-1.0,-1.0,-1
2018-01-29 21:00:00-05:00,1.238535,1.238535,1.236035,1.23693,-1.0,-1.0,-1
2018-01-29 22:00:00-05:00,1.23693,1.238345,1.236685,1.23787,-1.0,-1.0,-1
2018-01-29 23:00:00-05:00,1.23787,1.23866,1.23709,1.23716,-1.0,-1.0,-1
2018-01-30 00:00:00-05:00,1.23716,1.23764,1.23603,1.236395,-1.0,-1.0,-1
2018-01-30 01:00:00-05:00,1.236395,1.23657,1.234685,1.2348,-1.0,-1.0,-1
2018-01-30 02:00:00-05:00,1.2348,1.23705,1.2348,1.235595,-1.0,-1.0,-1
2018-01-30 03:00:00-05:00,1.235595,1.238495,1.233485,1.23824,-1.0,-1.0,-1
2018-01-30 04:00:00-05:00,1.23824,1.24078,1.237755,1.239815,-1.0,-1.0,-1
2018-01-30 05:00:00-05:00,1.239815,1.242415,1.239465,1.241275,-1.0,-1.0,-1
2018-01-30 06:00:00-05:00,1.241275,1.244135,1.240855,1.243985,-1.0,-1.0,-1
2018-01-30 07:00:00-05:00,1.243985,1.243985,1.241775,1.24266,-1.0,-1.0,-1
2018-01-30 08:00:00-05:00,1.24266,1.244835,1.24037,1.24451,-1.0,-1.0,-1
2018-01-30 09:00:00-05:00,1.24451,1.245405,1.243115,1.244165,-1.0,-1.0,-1
2018-01-30 10:00:00-05:00,1.244165,1.244285,1.24032,1.241045,-1.0,-1.0,-1
2018-01-30 11:00:00-05:00,1.241045,1.24206,1.2384,1.23907,-1.0,-1.0,-1
2018-01-30 12:00:00-05:00,1.23907,1.24078,1.23857,1.240535,-1.0,-1.0,-1
2018-01-30 13:00:00-05:00,1.240535,1.24069,1.238425,1.239585,-1.0,-1.0,-1
2018-01-30 14:00:00-05:00,1.239585,1.24056,1.238925,1.24053,-1.0,-1.0,-1
2018-01-30 15:00:00-05:00,1.24053,1.2406,1.23939,1.239425,-1.0,-1.0,-1
2018-01-30 16:00:00-05:00,1.239425,1.240325,1.23938,1.24027,-1.0,-1.0,-1
2018-01-30 17:15:00-05:00,1.240275,1.240585,1.24009,1.24051,-1.0,-1.0,-1
2018-01-30 18:00:00-05:00,1.24051,1.24135,1.239655,1.240855,-1.0,-1.0,-1
2018-01-30 19:00:00-05:00,1.240855,1.242485,1.240665,1.24179,-1.0,-1.0,-1
2018-01-30 20:00:00-05:00,1.24179,1.24207,1.2402,1.24146,-1.0,-1.0,-1
2018-01-30 21:00:00-05:00,1.24146,1.24151,1.239915,1.24144,-1.0,-1.0,-1
2018-01-30 22:00:00-05:00,1.24144,1.243385,1.24139,1.242395,-1.0,-1.0,-1
2018-01-30 23:00:00-05:00,1.242395,1.24277,1.24153,1.241955,-1.0,-1.0,-1
2018-01-31 00:00:00-05:00,1.241955,1.243775,1.241745,1.243715,-1.0,-1.0,-1
2018-01-31 01:00:00-05:00,1.243715,1.245045,1.243355,1.244925,-1.0,-1.0,-1
2018-01-31 02:00:00-05:00,1.244925,1.246265,1.24346,1.244435,-1.0,-1.0,-1
2018-01-31 03:00:00-05:00,1.244435,1.24511,1.242525,1.243735,-1.0,-1.0,-1
2018-01-31 04:00:00-05:00,1.243735,1.24564,1.24329,1.24515,-1.0,-1.0,-1
2018-01-31 05:00:00-05:00,1.24515,1.246,1.24396,1.244415,-1.0,-1.0,-1
2018-01-31 06:00:00-05:00,1.244415,1.245635,1.24413,1.24548,-1.0,-1.0,-1
2018-01-31 07:00:00-05:00,1.24548,1.246035,1.24461,1.245975,-1.0,-1.0,-1
2018-01-31 08:00:00-05:00,1.245975,1.247305,1.24481,1.246485,-1.0,-1.0,-1
2018-01-31 09:00:00-05:00,1.246485,1.2466,1.24452,1.245895,-1.0,-1.0,-1
2018-01-31 10:00:00-05:00,1.245895,1.247495,1.245265,1.245645,-1.0,-1.0,-1
2018-01-31 11:00:00-05:00,1.245645,1.246345,1.2424,1.242745,-1.0,-1.0,-1
2018-01-31 12:00:00-05:00,1.242745,1.24372,1.240665,1.24151,-1.0,-1.0,-1
2018-01-31 13:00:00-05:00,1.24151,1.242335,1.24087,1.242005,-1.0,-1.0,-1
2018-01-31 14:00:00-05:00,1.242005,1.243825,1.2387,1.241135,-1.0,-1.0,-1
2018-01-31 15:00:00-05:00,1.241135,1.242365,1.24022,1.241535,-1.0,-1.0,-1
2018-01-31 16:00:00-05:00,1.241535,1.241785,1.24098,1.24135,-1.0,-1.0,-1
2018-01-31 17:15:00-05:00,1.2407,1.24148,1.24064,1.24124,-1.0,-1.0,-1
2018-01-31 18:00:00-05:00,1.24124,1.24225,1.24123,1.241695,-1.0,-1.0,-1
2018-01-31 19:00:00-05:00,1.241695,1.242885,1.241685,1.24208,-1.0,-1.0,-1
2018-01-31 20:00:00-05:00,1.24208,1.24262,1.240565,1.241925,-1.0,-1.0,-1
2018-01-31 21:00:00-05:00,1.241925,1.242775,1.241515,1.241795,-1.0,-1.0,-1
2018-01-31 22:00:00-05:00,1.241795,1.24262,1.24144,1.2425,-1.0,-1.0,-1
2018-01-31 23:00:00-05:00,1.2425,1.24283,1.241675,1.24218,-1.0,-1.0,-1
2018-02-01 00:00:00-05:00,1.24218,1.242805,1.241875,1.242085,-1.0,-1.0,-1
2018-02-01 01:00:00-05:00,1.242085,1.242245,1.23934,1.239425,-1.0,-1.0,-1
2018-02-01 02:00:00-05:00,1.239425,1.24044,1.238545,1.240295,-1.0,-1.0,-1
2018-02-01 03:00:00-05:00,1.240295,1.243915,1.240175,1.242845,-1.0,-1.0,-1
2018-02-01 04:00:00-05:00,1.242845,1.24499,1.242775,1.24462,-1.0,-1.0,-1
2018-02-01 05:00:00-05:00,1.24462,1.245095,1.242905,1.242995,-1.0,-1.0,-1
2018-02-01 06:00:00-05:00,1.242995,1.243825,1.24247,1.24377,-1.0,-1.0,-1
2018-02-01 07:00:00-05:00,1.24377,1.245985,1.24323,1.2454,-1.0,-1.0,-1
2018-02-01 08:00:00-05:00,1.2454,1.24624,1.244425,1.24493,-1.0,-1.0,-1
2018-02-01 09:00:00-05:00,1.24493,1.245365,1.243705,1.24419,-1.0,-1.0,-1
2018-02-01 10:00:00-05:00,1.24419,1.247435,1.243165,1.246935,-1.0,-1.0,-1
2018-02-01 11:00:00-05:00,1.246935,1.248885,1.246205,1.248125,-1.0,-1.0,-1
2018-02-01 12:00:00-05:00,1.248125,1.249845,1.247475,1.24784,-1.0,-1.0,-1
2018-02-01 13:00:00-05:00,1.24784,1.249515,1.247765,1.249375,-1.0,-1.0,-1
2018-02-01 14:00:00-05:00,1.249375,1.25065,1.248375,1.25027,-1.0,-1.0,-1
2018-02-01 15:00:00-05:00,1.25027,1.25227,1.250145,1.251475,-1.0,-1.0,-1
2018-02-01 16:00:00-05:00,1.251475,1.25184,1.25051,1.25091,-1.0,-1.0,-1
2018-02-01 17:15:00-05:00,1.251,1.251175,1.25025,1.250485,-1.0,-1.0,-1
2018-02-01 18:00:00-05:00,1.250485,1.251565,1.250485,1.25107,-1.0,-1.0,-1
2018-02-01 19:00:00-05:00,1.25107,1.251225,1.249765,1.250715,-1.0,-1.0,-1
2018-02-01 20:00:00-05:00,1.250715,1.251495,1.249205,1.249955,-1.0,-1.0,-1
2018-02-01 21:00:00-05:00,1.249955,1.2504,1.248885,1.249425,-1.0,-1.0,-1
2018-02-01 22:00:00-05:00,1.249425,1.25005,1.24927,1.25002,-1.0,-1.0,-1
2018-02-01 23:00:00-05:00,1.25002,1.25007,1.24921,1.249305,-1.0,-1.0,-1
2018-02-02 00:00:00-05:00,1.249305,1.249825,1.249075,1.2496,-1.0,-1.0,-1
2018-02-02 01:00:00-05:00,1.2496,1.249835,1.24866,1.249525,-1.0,-1.0,-1
2018-02-02 02:00:00-05:00,1.249525,1.25145,1.249415,1.250975,-1.0,-1.0,-1
2018-02-02 03:00:00-05:00,1.250975,1.251835,1.248545,1.24937,-1.0,-1.0,-1
2018-02-02 04:00:00-05:00,1.24937,1.24952,1.248035,1.24869,-1.0,-1.0,-1
2018-02-02 05:00:00-05:00,1.24869,1.24914,1.24758,1.24899,-1.0,-1.0,-1
2018-02-02 06:00:00-05:00,1.24899,1.24991,1.248545,1.24905,-1.0,-1.0,-1
2018-02-02 07:00:00-05:00,1.24905,1.24935,1.24853,1.249035,-1.0,-1.0,-1
2018-02-02 08:00:00-05:00,1.249035,1.24975,1.243815,1.24451,-1.0,-1.0,-1
2018-02-02 09:00:00-05:00,1.24451,1.24601,1.242765,1.242825,-1.0,-1.0,-1
2018-02-02 10:00:00-05:00,1.242825,1.243795,1.24091,1.243575,-1.0,-1.0,-1
2018-02-02 11:00:00-05:00,1.243575,1.245475,1.243575,1.24451,-1.0,-1.0,-1
2018-02-02 12:00:00-05:00,1.24451,1.2478,1.24451,1.24694,-1.0,-1.0,-1
2018-02-02 13:00:00-05:00,1.24694,1.249075,1.24675,1.24694,-1.0,-1.0,-1
2018-02-02 14:00:00-05:00,1.24694,1.247195,1.244865,1.245105,-1.0,-1.0,-1
2018-02-02 15:00:00-05:00,1.245105,1.246475,1.24492,1.24617,-1.0,-1.0,-1
2018-02-02 16:00:00-05:00,1.24617,1.24629,1.24518,1.245775,-1.0,-1.0,-1
2018-02-04 17:15:00-05:00,1.244125,1.24444,1.242925,1.24314,-1.0,-1.0,-1
2018-02-04 18:00:00-05:00,1.24314,1.245515,1.24245,1.244655,-1.0,-1.0,-1
2018-02-04 19:00:00-05:00,1.244655,1.245835,1.24402,1.2458,-1.0,-1.0,-1
2018-02-04 20:00:00-05:00,1.2458,1.24584,1.244435,1.2454,-1.0,-1.0,-1
2018-02-04 21:00:00-05:00,1.2454,1.246255,1.2444,1.24611,-1.0,-1.0,-1
2018-02-04 22:00:00-05:00,1.24611,1.24665,1.245405,1.24548,-1.0,-1.0,-1
2018-02-04 23:00:00-05:00,1.24548,1.246115,1.24535,1.24592,-1.0,-1.0,-1
2018-02-05 00:00:00-05:00,1.24592,1.2464,1.245305,1.246055,-1.0,-1.0,-1
2018-02-05 01:00:00-05:00,1.246055,1.24625,1.244695,1.245295,-1.0,-1.0,-1
2018-02-05 02:00:00-05:00,1.245295,1.24628,1.24393,1.24398,-1.0,-1.0,-1
2018-02-05 03:00:00-05:00,1.24398,1.2468,1.243935,1.246245,-1.0,-1.0,-1
2018-02-05 04:00:00-05:00,1.246245,1.247515,1.245525,1.24608,-1.0,-1.0,-1
2018-02-05 05:00:00-05:00,1.24608,1.247195,1.245875,1.24623,-1.0,-1.0,-1
2018-02-05 06:00:00-05:00,1.24623,1.246325,1.24465,1.24478,-1.0,-1.0,-1
2018-02-05 07:00:00-05:00,1.24478,1.24504,1.24394,1.24407,-1.0,-1.0,-1
2018-02-05 08:00:00-05:00,1.24407,1.24489,1.243615,1.243755,-1.0,-1.0,-1
2018-02-05 09:00:00-05:00,1.243755,1.243795,1.239975,1.240755,-1.0,-1.0,-1
2018-02-05 10:00:00-05:00,1.240755,1.24298,1.23989,1.242025,-1.0,-1.0,-1
2018-02-05 11:00:00-05:00,1.242025,1.242795,1.240395,1.241655,-1.0,-1.0,-1
2018-02-05 12:00:00-05:00,1.241655,1.243025,1.240605,1.242875,-1.0,-1.0,-1
2018-02-05 13:00:00-05:00,1.242875,1.242885,1.241155,1.24212,-1.0,-1.0,-1
2018-02-05 14:00:00-05:00,1.24212,1.242165,1.23942,1.23987,-1.0,-1.0,-1
2018-02-05 15:00:00-05:00,1.23987,1.24217,1.238805,1.23882,-1.0,-1.0,-1
2018-02-05 16:00:00-05:00,1.23882,1.23953,1.236295,1.23673,-1.0,-1.0,-1
2018-02-05 17:15:00-05:00,1.237425,1.23869,1.237425,1.23754,-1.0,-1.0,-1
2018-02-05 18:00:00-05:00,1.23754,1.23837,1.23652,1.23669,-1.0,-1.0,-1
2018-02-05 19:00:00-05:00,1.23669,1.238665,1.23641,1.238325,-1.0,-1.0,-1
2018-02-05 20:00:00-05:00,1.238325,1.23884,1.236905,1.237545,-1.0,-1.0,-1
2018-02-05 21:00:00-05:00,1.237545,1.237825,1.235495,1.23712,-1.0,-1.0,-1
2018-02-05 22:00:00-05:00,1.23712,1.237915,1.23632,1.236715,-1.0,-1.0,-1
2018-02-05 23:00:00-05:00,1.236715,1.237605,1.235105,1.23563,-1.0,-1.0,-1
2018-02-06 00:00:00-05:00,1.23563,1.23763,1.23561,1.23758,-1.0,-1.0,-1
2018-02-06 01:00:00-05:00,1.23758,1.239005,1.23711,1.23818,-1.0,-1.0,-1
2018-02-06 02:00:00-05:00,1.23818,1.240445,1.23756,1.239605,-1.0,-1.0,-1
2018-02-06 03:00:00-05:00,1.239605,1.243475,1.239245,1.24177,-1.0,-1.0,-1
2018-02-06 04:00:00-05:00,1.24177,1.242085,1.23904,1.240305,-1.0,-1.0,-1
2018-02-06 05:00:00-05:00,1.240305,1.241715,1.239575,1.24089,-1.0,-1.0,-1
2018-02-06 06:00:00-05:00,1.24089,1.24118,1.237105,1.237265,-1.0,-1.0,-1
2018-02-06 07:00:00-05:00,1.237265,1.237305,1.23352,1.233975,-1.0,-1.0,-1
2018-02-06 08:00:00-05:00,1.233975,1.23474,1.23223,1.234385,-1.0,-1.0,-1
2018-02-06 09:00:00-05:00,1.234385,1.235805,1.232665,1.233625,-1.0,-1.0,-1
2018-02-06 10:00:00-05:00,1.233625,1.234685,1.231395,1.234435,-1.0,-1.0,-1
2018-02-06 11:00:00-05:00,1.234435,1.238455,1.23416,1.238075,-1.0,-1.0,-1
2018-02-06 12:00:00-05:00,1.238075,1.24039,1.23732,1.239115,-1.0,-1.0,-1
2018-02-06 13:00:00-05:00,1.239115,1.240485,1.23864,1.239885,-1.0,-1.0,-1
2018-02-06 14:00:00-05:00,1.239885,1.23995,1.238545,1.23918,-1.0,-1.0,-1
2018-02-06 15:00:00-05:00,1.23918,1.23957,1.237005,1.237165,-1.0,-1.0,-1
2018-02-06 16:00:00-05:00,1.237165,1.23814,1.237005,1.237705,-1.0,-1.0,-1
2018-02-06 17:15:00-05:00,1.23735,1.238325,1.237325,1.238065,-1.0,-1.0,-1
2018-02-06 18:00:00-05:00,1.238065,1.238575,1.23773,1.238045,-1.0,-1.0,-1
2018-02-06 19:00:00-05:00,1.238045,1.23934,1.23759,1.23866,-1.0,-1.0,-1
2018-02-06 20:00:00-05:00,1.23866,1.23907,1.23781,1.2389,-1.0,-1.0,-1
2018-02-06 21:00:00-05:00,1.2389,1.23903,1.23786,1.238365,-1.0,-1.0,-1
2018-02-06 22:00:00-05:00,1.238365,1.239275,1.238365,1.238565,-1.0,-1.0,-1
2018-02-06 23:00:00-05:00,1.238565,1.23931,1.238305,1.238835,-1.0,-1.0,-1
2018-02-07 00:00:00-05:00,1.238835,1.239205,1.23837,1.23907,-1.0,-1.0,-1
2018-02-07 01:00:00-05:00,1.23907,1.23981,1.237725,1.2396,-1.0,-1.0,-1
2018-02-07 02:00:00-05:00,1.2396,1.240615,1.2381,1.23828,-1.0,-1.0,-1
2018-02-07 03:00:00-05:00,1.23828,1.238845,1.23626,1.23777,-1.0,-1.0,-1
2018-02-07 04:00:00-05:00,1.23777,1.23817,1.235015,1.23507,-1.0,-1.0,-1
2018-02-07 05:00:00-05:00,1.23507,1.23527,1.233755,1.23389,-1.0,-1.0,-1
2018-02-07 06:00:00-05:00,1.23389,1.2355,1.233825,1.23498,-1.0,-1.0,-1
2018-02-07 07:00:00-05:00,1.23498,1.235095,1.233415,1.234245,-1.0,-1.0,-1
2018-02-07 08:00:00-05:00,1.234245,1.23459,1.233365,1.233735,-1.0,-1.0,-1
2018-02-07 09:00:00-05:00,1.233735,1.234505,1.232385,1.23424,-1.0,-1.0,-1
2018-02-07 10:00:00-05:00,1.23424,1.234395,1.228515,1.229315,-1.0,-1.0,-1
2018-02-07 11:00:00-05:00,1.229315,1.23047,1.22778,1.22812,-1.0,-1.0,-1
2018-02-07 12:00:00-05:00,1.22812,1.22814,1.225535,1.226995,-1.0,-1.0,-1
2018-02-07 13:00:00-05:00,1.226995,1.227205,1.224575,1.226065,-1.0,-1.0,-1
2018-02-07 14:00:00-05:00,1.226065,1.228235,1.225375,1.227685,-1.0,-1.0,-1
2018-02-07 15:00:00-05:00,1.227685,1.22801,1.22582,1.226075,-1.0,-1.0,-1
2018-02-07 16:00:00-05:00,1.226075,1.227225,1.22601,1.22642,-1.0,-1.0,-1
2018-02-07 17:15:00-05:00,1.2257,1.22653,1.225235,1.22542,-1.0,-1.0,-1
2018-02-07 18:00:00-05:00,1.22542,1.227035,1.225395,1.22702,-1.0,-1.0,-1
2018-02-07 19:00:00-05:00,1.22702,1.227705,1.226625,1.227255,-1.0,-1.0,-1
2018-02-07 20:00:00-05:00,1.227255,1.228025,1.226555,1.22721,-1.0,-1.0,-1
2018-02-07 21:00:00-05:00,1.22721,1.22803,1.226905,1.227475,-1.0,-1.0,-1
2018-02-07 22:00:00-05:00,1.227475,1.22868,1.227345,1.22751,-1.0,-1.0,-1
2018-02-07 23:00:00-05:00,1.22751,1.227685,1.225465,1.225875,-1.0,-1.0,-1
2018-02-08 00:00:00-05:00,1.225875,1.22763,1.225785,1.22749,-1.0,-1.0,-1
2018-02-08 01:00:00-05:00,1.22749,1.228325,1.22625,1.22642,-1.0,-1.0,-1
2018-02-08 02:00:00-05:00,1.22642,1.2295,1.22636,1.2268,-1.0,-1.0,-1
2018-02-08 03:00:00-05:00,1.2268,1.22707,1.223575,1.22412,-1.0,-1.0,-1
2018-02-08 04:00:00-05:00,1.22412,1.224235,1.222515,1.22309,-1.0,-1.0,-1
2018-02-08 05:00:00-05:00,1.22309,1.224825,1.222675,1.22471,-1.0,-1.0,-1
2018-02-08 06:00:00-05:00,1.22471,1.224715,1.22323,1.22332,-1.0,-1.0,-1
2018-02-08 07:00:00-05:00,1.22332,1.22516,1.221215,1.22363,-1.0,-1.0,-1
2018-02-08 08:00:00-05:00,1.22363,1.227665,1.223415,1.227545,-1.0,-1.0,-1
2018-02-08 09:00:00-05:00,1.227545,1.229525,1.227245,1.227715,-1.0,-1.0,-1
2018-02-08 10:00:00-05:00,1.227715,1.227925,1.224455,1.225995,-1.0,-1.0,-1
2018-02-08 11:00:00-05:00,1.225995,1.226665,1.223505,1.22395,-1.0,-1.0,-1
2018-02-08 12:00:00-05:00,1.22395,1.225505,1.223235,1.225025,-1.0,-1.0,-1
2018-02-08 13:00:00-05:00,1.225025,1.227265,1.22445,1.22666,-1.0,-1.0,-1
2018-02-08 14:00:00-05:00,1.22666,1.227285,1.225975,1.226405,-1.0,-1.0,-1
2018-02-08 15:00:00-05:00,1.226405,1.226515,1.22422,1.22434,-1.0,-1.0,-1
2018-02-08 16:00:00-05:00,1.22434,1.22522,1.22422,1.224695,-1.0,-1.0,-1
2018-02-08 17:15:00-05:00,1.224675,1.225105,1.224335,1.224745,-1.0,-1.0,-1
2018-02-08 18:00:00-05:00,1.224745,1.226385,1.224715,1.226115,-1.0,-1.0,-1
2018-02-08 19:00:00-05:00,1.226115,1.226295,1.224875,1.22547,-1.0,-1.0,-1
2018-02-08 20:00:00-05:00,1.22547,1.226365,1.225025,1.225215,-1.0,-1.0,-1
2018-02-08 21:00:00-05:00,1.225215,1.225645,1.224025,1.225535,-1.0,-1.0,-1
2018-02-08 22:00:00-05:00,1.225535,1.226205,1.22536,1.225735,-1.0,-1.0,-1
2018-02-08 23:00:00-05:00,1.225735,1.22586,1.225185,1.2254,-1.0,-1.0,-1
2018-02-09 00:00:00-05:00,1.2254,1.226195,1.22478,1.225755,-1.0,-1.0,-1
2018-02-09 01:00:00-05:00,1.225755,1.226845,1.22519,1.22653,-1.0,-1.0,-1
2018-02-09 02:00:00-05:00,1.22653,1.228735,1.22628,1.22839,-1.0,-1.0,-1
2018-02-09 03:00:00-05:00,1.22839,1.228415,1.2259,1.227095,-1.0,-1.0,-1
2018-02-09 04:00:00-05:00,1.227095,1.227405,1.225485,1.22649,-1.0,-1.0,-1
2018-02-09 05:00:00-05:00,1.22649,1.22702,1.22498,1.22579,-1.0,-1.0,-1
2018-02-09 06:00:00-05:00,1.22579,1.225945,1.223375,1.224085,-1.0,-1.0,-1
2018-02-09 07:00:00-05:00,1.224085,1.22511,1.222725,1.2248,-1.0,-1.0,-1
2018-02-09 08:00:00-05:00,1.2248,1.22796,1.224695,1.227655,-1.0,-1.0,-1
2018-02-09 09:00:00-05:00,1.227655,1.227655,1.224915,1.22575,-1.0,-1.0,-1
2018-02-09 10:00:00-05:00,1.22575,1.2261,1.223565,1.224865,-1.0,-1.0,-1
2018-02-09 11:00:00-05:00,1.224865,1.224865,1.22246,1.22259,-1.0,-1.0,-1
2018-02-09 12:00:00-05:00,1.22259,1.222795,1.220555,1.221425,-1.0,-1.0,-1
2018-02-09 13:00:00-05:00,1.221425,1.22368,1.220985,1.22292,-1.0,-1.0,-1
2018-02-09 14:00:00-05:00,1.22292,1.22374,1.222425,1.223115,-1.0,-1.0,-1
2018-02-09 15:00:00-05:00,1.223115,1.224485,1.222955,1.223505,-1.0,-1.0,-1
2018-02-09 16:00:00-05:00,1.223505,1.225515,1.22327,1.225265,-1.0,-1.0,-1
2018-02-11 17:15:00-05:00,1.224525,1.2253,1.224325,1.22524,-1.0,-1.0,-1
2018-02-11 18:00:00-05:00,1.22524,1.22528,1.224415,1.22526,-1.0,-1.0,-1
2018-02-11 19:00:00-05:00,1.22526,1.226435,1.225175,1.22629,-1.0,-1.0,-1
2018-02-11 20:00:00-05:00,1.22629,1.22804,1.226125,1.227185,-1.0,-1.0,-1
2018-02-11 21:00:00-05:00,1.227185,1.22852,1.22702,1.2284,-1.0,-1.0,-1
2018-02-11 22:00:00-05:00,1.2284,1.229045,1.227855,1.22869,-1.0,-1.0,-1
2018-02-11 23:00:00-05:00,1.22869,1.229695,1.228055,1.228695,-1.0,-1.0,-1
2018-02-12 00:00:00-05:00,1.228695,1.22872,1.227795,1.228285,-1.0,-1.0,-1
2018-02-12 01:00:00-05:00,1.228285,1.229155,1.22776,1.229035,-1.0,-1.0,-1
2018-02-12 02:00:00-05:00,1.229035,1.229605,1.22693,1.226965,-1.0,-1.0,-1
2018-02-12 03:00:00-05:00,1.226965,1.228255,1.226105,1.22729,-1.0,-1.0,-1
2018-02-12 04:00:00-05:00,1.22729,1.22819,1.226365,1.226375,-1.0,-1.0,-1
2018-02-12 05:00:00-05:00,1.226375,1.227535,1.22586,1.226825,-1.0,-1.0,-1
2018-02-12 06:00:00-05:00,1.226825,1.227535,1.226315,1.22699,-1.0,-1.0,-1
2018-02-12 07:00:00-05:00,1.22699,1.227035,1.22537,1.226235,-1.0,-1.0,-1
2018-02-12 08:00:00-05:00,1.226235,1.22679,1.22351,1.224315,-1.0,-1.0,-1
2018-02-12 09:00:00-05:00,1.224315,1.22649,1.22374,1.226255,-1.0,-1.0,-1
2018-02-12 10:00:00-05:00,1.226255,1.227995,1.225115,1.227705,-1.0,-1.0,-1
2018-02-12 11:00:00-05:00,1.227705,1.22828,1.22643,1.22669,-1.0,-1.0,-1
2018-02-12 12:00:00-05:00,1.22669,1.22774,1.2261,1.227515,-1.0,-1.0,-1
2018-02-12 13:00:00-05:00,1.227515,1.228995,1.22749,1.228285,-1.0,-1.0,-1
2018-02-12 14:00:00-05:00,1.228285,1.22878,1.22792,1.22827,-1.0,-1.0,-1
2018-02-12 15:00:00-05:00,1.22827,1.229725,1.228185,1.2291,-1.0,-1.0,-1
2018-02-12 16:00:00-05:00,1.2291,1.22949,1.22882,1.229175,-1.0,-1.0,-1
2018-02-12 17:15:00-05:00,1.229105,1.229255,1.228965,1.229095,-1.0,-1.0,-1
2018-02-12 18:00:00-05:00,1.229095,1.23076,1.22907,1.230065,-1.0,-1.0,-1
2018-02-12 19:00:00-05:00,1.230065,1.23014,1.228605,1.228635,-1.0,-1.0,-1
2018-02-12 20:00:00-05:00,1.228635,1.22964,1.22856,1.229385,-1.0,-1.0,-1
2018-02-12 21:00:00-05:00,1.229385,1.22949,1.228455,1.229025,-1.0,-1.0,-1
2018-02-12 22:00:00-05:00,1.229025,1.22976,1.22873,1.229185,-1.0,-1.0,-1
2018-02-12 23:00:00-05:00,1.229185,1.230495,1.22916,1.230445,-1.0,-1.0,-1
2018-02-13 00:00:00-05:00,1.230445,1.231575,1.22994,1.23136,-1.0,-1.0,-1
2018-02-13 01:00:00-05:00,1.23136,1.232505,1.23133,1.231685,-1.0,-1.0,-1
2018-02-13 02:00:00-05:00,1.231685,1.23324,1.23096,1.23165,-1.0,-1.0,-1
2018-02-13 03:00:00-05:00,1.23165,1.233775,1.231,1.23213,-1.0,-1.0,-1
2018-02-13 04:00:00-05:00,1.23213,1.233255,1.231335,1.231365,-1.0,-1.0,-1
2018-02-13 05:00:00-05:00,1.231365,1.235065,1.231225,1.23488,-1.0,-1.0,-1
2018-02-13 06:00:00-05:00,1.23488,1.23514,1.233935,1.23394,-1.0,-1.0,-1
2018-02-13 07:00:00-05:00,1.23394,1.235595,1.23385,1.23404,-1.0,-1.0,-1
2018-02-13 08:00:00-05:00,1.23404,1.234625,1.23264,1.23434,-1.0,-1.0,-1
2018-02-13 09:00:00-05:00,1.23434,1.23679,1.234275,1.23657,-1.0,-1.0,-1
2018-02-13 10:00:00-05:00,1.23657,1.23712,1.234985,1.235815,-1.0,-1.0,-1
2018-02-13 11:00:00-05:00,1.235815,1.23684,1.23538,1.23629,-1.0,-1.0,-1
2018-02-13 12:00:00-05:00,1.23629,1.23679,1.23497,1.235315,-1.0,-1.0,-1
2018-02-13 13:00:00-05:00,1.235315,1.236085,1.23451,1.234765,-1.0,-1.0,-1
2018-02-13 14:00:00-05:00,1.234765,1.235505,1.234465,1.23547,-1.0,-1.0,-1
2018-02-13 15:00:00-05:00,1.23547,1.236575,1.23547,1.235625,-1.0,-1.0,-1
2018-02-13 16:00:00-05:00,1.235625,1.235965,1.234775,1.235155,-1.0,-1.0,-1
2018-02-13 17:15:00-05:00,1.235325,1.235495,1.23476,1.23502,-1.0,-1.0,-1
2018-02-13 18:00:00-05:00,1.23502,1.235495,1.234765,1.23538,-1.0,-1.0,-1
2018-02-13 19:00:00-05:00,1.23538,1.236205,1.23517,1.23522,-1.0,-1.0,-1
2018-02-13 20:00:00-05:00,1.23522,1.23623,1.235125,1.235475,-1.0,-1.0,-1
2018-02-13 21:00:00-05:00,1.235475,1.238075,1.23542,1.23806,-1.0,-1.0,-1
2018-02-13 22:00:00-05:00,1.23806,1.239265,1.237745,1.23899,-1.0,-1.0,-1
2018-02-13 23:00:00-05:00,1.23899,1.239235,1.23751,1.237735,-1.0,-1.0,-1
2018-02-14 00:00:00-05:00,1.237735,1.23864,1.237315,1.237875,-1.0,-1.0,-1
2018-02-14 01:00:00-05:00,1.237875,1.23801,1.23682,1.23735,-1.0,-1.0,-1
2018-02-14 02:00:00-05:00,1.23735,1.237855,1.23642,1.237295,-1.0,-1.0,-1
2018-02-14 03:00:00-05:00,1.237295,1.2386,1.236075,1.236615,-1.0,-1.0,-1
2018-02-14 04:00:00-05:00,1.236615,1.236775,1.235075,1.2353,-1.0,-1.0,-1
2018-02-14 05:00:00-05:00,1.2353,1.23577,1.23459,1.235655,-1.0,-1.0,-1
2018-02-14 06:00:00-05:00,1.235655,1.235735,1.234205,1.23424,-1.0,-1.0,-1
2018-02-14 07:00:00-05:00,1.23424,1.23514,1.234005,1.23433,-1.0,-1.0,-1
2018-02-14 08:00:00-05:00,1.23433,1.235205,1.227605,1.23044,-1.0,-1.0,-1
2018-02-14 09:00:00-05:00,1.23044,1.23307,1.23012,1.232245,-1.0,-1.0,-1
2018-02-14 10:00:00-05:00,1.232245,1.24069,1.232225,1.240315,-1.0,-1.0,-1
2018-02-14 11:00:00-05:00,1.240315,1.241615,1.23919,1.239465,-1.0,-1.0,-1
2018-02-14 12:00:00-05:00,1.239465,1.24205,1.238505,1.241785,-1.0,-1.0,-1
2018-02-14 13:00:00-05:00,1.241785,1.24422,1.241645,1.242435,-1.0,-1.0,-1
2018-02-14 14:00:00-05:00,1.242435,1.24419,1.242245,1.243675,-1.0,-1.0,-1
2018-02-14 15:00:00-05:00,1.243675,1.24645,1.24341,1.24642,-1.0,-1.0,-1
2018-02-14 16:00:00-05:00,1.24642,1.246505,1.244755,1.24509,-1.0,-1.0,-1
2018-02-14 17:15:00-05:00,1.245525,1.246125,1.24522,1.2454,-1.0,-1.0,-1
2018-02-14 18:00:00-05:00,1.2454,1.246985,1.245015,1.24683,-1.0,-1.0,-1
2018-02-14 19:00:00-05:00,1.24683,1.246985,1.2448,1.245355,-1.0,-1.0,-1
2018-02-14 20:00:00-05:00,1.245355,1.24734,1.24525,1.246105,-1.0,-1.0,-1
2018-02-14 21:00:00-05:00,1.246105,1.246835,1.245475,1.245815,-1.0,-1.0,-1
2018-02-14 22:00:00-05:00,1.245815,1.246085,1.24522,1.245945,-1.0,-1.0,-1
2018-02-14 23:00:00-05:00,1.245945,1.246775,1.24556,1.24567,-1.0,-1.0,-1
2018-02-15 00:00:00-05:00,1.24567,1.246785,1.24548,1.246575,-1.0,-1.0,-1
2018-02-15 01:00:00-05:00,1.246575,1.24739,1.246055,1.246765,-1.0,-1.0,-1
2018-02-15 02:00:00-05:00,1.246765,1.25104,1.246675,1.250035,-1.0,-1.0,-1
2018-02-15 03:00:00-05:00,1.250035,1.250405,1.24845,1.249155,-1.0,-1.0,-1
2018-02-15 04:00:00-05:00,1.249155,1.25004,1.248345,1.248715,-1.0,-1.0,-1
2018-02-15 05:00:00-05:00,1.248715,1.24903,1.247605,1.24809,-1.0,-1.0,-1
2018-02-15 06:00:00-05:00,1.24809,1.248735,1.246505,1.247185,-1.0,-1.0,-1
2018-02-15 07:00:00-05:00,1.247185,1.248715,1.24612,1.24759,-1.0,-1.0,-1
2018-02-15 08:00:00-05:00,1.24759,1.249495,1.246285,1.24739,-1.0,-1.0,-1
2018-02-15 09:00:00-05:00,1.24739,1.249845,1.246805,1.24984,-1.0,-1.0,-1
2018-02-15 10:00:00-05:00,1.24984,1.250585,1.247415,1.247735,-1.0,-1.0,-1
2018-02-15 11:00:00-05:00,1.247735,1.249255,1.247175,1.248245,-1.0,-1.0,-1
2018-02-15 12:00:00-05:00,1.248245,1.248465,1.24573,1.247155,-1.0,-1.0,-1
2018-02-15 13:00:00-05:00,1.247155,1.249645,1.24706,1.249355,-1.0,-1.0,-1
2018-02-15 14:00:00-05:00,1.249355,1.250805,1.24915,1.250795,-1.0,-1.0,-1
2018-02-15 15:00:00-05:00,1.250795,1.25089,1.250255,1.25048,-1.0,-1.0,-1
2018-02-15 16:00:00-05:00,1.25048,1.250905,1.24957,1.250625,-1.0,-1.0,-1
2018-02-15 17:15:00-05:00,1.2506,1.25061,1.249895,1.25012,-1.0,-1.0,-1
2018-02-15 18:00:00-05:00,1.25012,1.250735,1.24968,1.250285,-1.0,-1.0,-1
2018-02-15 19:00:00-05:00,1.250285,1.25079,1.24973,1.250505,-1.0,-1.0,-1
2018-02-15 20:00:00-05:00,1.250505,1.251495,1.250395,1.251375,-1.0,-1.0,-1
2018-02-15 21:00:00-05:00,1.251375,1.254575,1.250735,1.253915,-1.0,-1.0,-1
2018-02-15 22:00:00-05:00,1.253915,1.25413,1.25269,1.253945,-1.0,-1.0,-1
2018-02-15 23:00:00-05:00,1.253945,1.255575,1.25345,1.254845,-1.0,-1.0,-1
2018-02-16 00:00:00-05:00,1.254845,1.25548,1.25434,1.254905,-1.0,-1.0,-1
2018-02-16 01:00:00-05:00,1.254905,1.254905,1.253535,1.25383,-1.0,-1.0,-1
2018-02-16 02:00:00-05:00,1.25383,1.254515,1.252645,1.25294,-1.0,-1.0,-1
2018-02-16 03:00:00-05:00,1.25294,1.253875,1.25233,1.25343,-1.0,-1.0,-1
2018-02-16 04:00:00-05:00,1.25343,1.25418,1.25265,1.25276,-1.0,-1.0,-1
2018-02-16 05:00:00-05:00,1.25276,1.252925,1.24848,1.248775,-1.0,-1.0,-1
2018-02-16 06:00:00-05:00,1.248775,1.248905,1.24743,1.24826,-1.0,-1.0,-1
2018-02-16 07:00:00-05:00,1.24826,1.248435,1.245985,1.247385,-1.0,-1.0,-1
2018-02-16 08:00:00-05:00,1.247385,1.24745,1.24499,1.24526,-1.0,-1.0,-1
2018-02-16 09:00:00-05:00,1.24526,1.245345,1.242905,1.24449,-1.0,-1.0,-1
2018-02-16 10:00:00-05:00,1.24449,1.246005,1.243275,1.24477,-1.0,-1.0,-1
2018-02-16 11:00:00-05:00,1.24477,1.246005,1.244065,1.244065,-1.0,-1.0,-1
2018-02-16 12:00:00-05:00,1.244065,1.244605,1.24314,1.24407,-1.0,-1.0,-1
2018-02-16 13:00:00-05:00,1.24407,1.24427,1.241025,1.241165,-1.0,-1.0,-1
2018-02-16 14:00:00-05:00,1.241165,1.24195,1.239315,1.24162,-1.0,-1.0,-1
2018-02-16 15:00:00-05:00,1.24162,1.24162,1.240415,1.24059,-1.0,-1.0,-1
2018-02-16 16:00:00-05:00,1.24059,1.24122,1.24042,1.24088,-1.0,-1.0,-1
2018-02-18 17:15:00-05:00,1.241175,1.241685,1.240915,1.24153,-1.0,-1.0,-1
2018-02-18 18:00:00-05:00,1.24153,1.242055,1.24108,1.241185,-1.0,-1.0,-1
2018-02-18 19:00:00-05:00,1.241185,1.242895,1.241095,1.242285,-1.0,-1.0,-1
2018-02-18 20:00:00-05:00,1.242285,1.243515,1.242225,1.243425,-1.0,-1.0,-1
2018-02-18 21:00:00-05:00,1.243425,1.243425,1.242385,1.242445,-1.0,-1.0,-1
2018-02-18 22:00:00-05:00,1.242445,1.24269,1.2419,1.242105,-1.0,-1.0,-1
2018-02-18 23:00:00-05:00,1.242105,1.242395,1.24118,1.24157,-1.0,-1.0,-1
2018-02-19 00:00:00-05:00,1.24157,1.241925,1.240435,1.24095,-1.0,-1.0,-1
2018-02-19 01:00:00-05:00,1.24095,1.24181,1.24047,1.24166,-1.0,-1.0,-1
2018-02-19 02:00:00-05:00,1.24166,1.242125,1.238775,1.24124,-1.0,-1.0,-1
2018-02-19 03:00:00-05:00,1.24124,1.241985,1.23942,1.23974,-1.0,-1.0,-1
2018-02-19 04:00:00-05:00,1.23974,1.241695,1.239725,1.24109,-1.0,-1.0,-1
2018-02-19 05:00:00-05:00,1.24109,1.242585,1.24092,1.242525,-1.0,-1.0,-1
2018-02-19 06:00:00-05:00,1.242525,1.242695,1.24109,1.242395,-1.0,-1.0,-1
2018-02-19 07:00:00-05:00,1.242395,1.242635,1.240135,1.24069,-1.0,-1.0,-1
2018-02-19 08:00:00-05:00,1.24069,1.241095,1.237045,1.23728,-1.0,-1.0,-1
2018-02-19 09:00:00-05:00,1.23728,1.238075,1.236915,1.237475,-1.0,-1.0,-1
2018-02-19 10:00:00-05:00,1.237475,1.23988,1.237405,1.239705,-1.0,-1.0,-1
2018-02-19 11:00:00-05:00,1.239705,1.240885,1.239145,1.240785,-1.0,-1.0,-1
2018-02-19 12:00:00-05:00,1.240785,1.241565,1.240205,1.24131,-1.0,-1.0,-1
2018-02-19 13:00:00-05:00,1.24131,1.241415,1.240565,1.24087,-1.0,-1.0,-1
2018-02-19 14:00:00-05:00,1.24087,1.241225,1.24069,1.24079,-1.0,-1.0,-1
2018-02-19 15:00:00-05:00,1.24079,1.2409,1.24047,1.24065,-1.0,-1.0,-1
2018-02-19 16:00:00-05:00,1.24065,1.24082,1.240545,1.240735,-1.0,-1.0,-1
2018-02-19 17:15:00-05:00,1.240605,1.24111,1.240435,1.24064,-1.0,-1.0,-1
2018-02-19 18:00:00-05:00,1.24064,1.24124,1.23946,1.240045,-1.0,-1.0,-1
2018-02-19 19:00:00-05:00,1.240045,1.24108,1.23963,1.24062,-1.0,-1.0,-1
2018-02-19 20:00:00-05:00,1.24062,1.240645,1.238525,1.23945,-1.0,-1.0,-1
2018-02-19 21:00:00-05:00,1.23945,1.239805,1.23827,1.238535,-1.0,-1.0,-1
2018-02-19 22:00:00-05:00,1.238535,1.23881,1.237935,1.238585,-1.0,-1.0,-1
2018-02-19 23:00:00-05:00,1.238585,1.239345,1.23823,1.238765,-1.0,-1.0,-1
2018-02-20 00:00:00-05:00,1.238765,1.239685,1.23802,1.23852,-1.0,-1.0,-1
2018-02-20 01:00:00-05:00,1.23852,1.238665,1.23748,1.23781,-1.0,-1.0,-1
2018-02-20 02:00:00-05:00,1.23781,1.23919,1.235655,1.23604,-1.0,-1.0,-1
2018-02-20 03:00:00-05:00,1.23604,1.23731,1.234555,1.23591,-1.0,-1.0,-1
2018-02-20 04:00:00-05:00,1.23591,1.23643,1.23432,1.234385,-1.0,-1.0,-1
2018-02-20 05:00:00-05:00,1.234385,1.23507,1.23339,1.234,-1.0,-1.0,-1
2018-02-20 06:00:00-05:00,1.234,1.235265,1.233315,1.234855,-1.0,-1.0,-1
2018-02-20 07:00:00-05:00,1.234855,1.235575,1.233795,1.23461,-1.0,-1.0,-1
2018-02-20 08:00:00-05:00,1.23461,1.234705,1.231985,1.23256,-1.0,-1.0,-1
2018-02-20 09:00:00-05:00,1.23256,1.23618,1.232275,1.234615,-1.0,-1.0,-1
2018-02-20 10:00:00-05:00,1.234615,1.23544,1.233825,1.23407,-1.0,-1.0,-1
2018-02-20 11:00:00-05:00,1.23407,1.235115,1.232575,1.234835,-1.0,-1.0,-1
2018-02-20 12:00:00-05:00,1.234835,1.235775,1.23406,1.234435,-1.0,-1.0,-1
2018-02-20 13:00:00-05:00,1.234435,1.23459,1.233015,1.23403,-1.0,-1.0,-1
2018-02-20 14:00:00-05:00,1.23403,1.234375,1.23333,1.23353,-1.0,-1.0,-1
2018-02-20 15:00:00-05:00,1.23353,1.234025,1.23323,1.23362,-1.0,-1.0,-1
2018-02-20 16:00:00-05:00,1.23362,1.23381,1.23352,1.233755,-1.0,-1.0,-1
2018-02-20 17:15:00-05:00,1.23383,1.234095,1.233475,1.233535,-1.0,-1.0,-1
2018-02-20 18:00:00-05:00,1.233535,1.23372,1.232885,1.233555,-1.0,-1.0,-1
2018-02-20 19:00:00-05:00,1.233555,1.23449,1.233145,1.23353,-1.0,-1.0,-1
2018-02-20 20:00:00-05:00,1.23353,1.23402,1.23288,1.233725,-1.0,-1.0,-1
2018-02-20 21:00:00-05:00,1.233725,1.234425,1.233365,1.23343,-1.0,-1.0,-1
2018-02-20 22:00:00-05:00,1.23343,1.23368,1.232395,1.23304,-1.0,-1.0,-1
2018-02-20 23:00:00-05:00,1.23304,1.233475,1.23176,1.2322,-1.0,-1.0,-1
2018-02-21 00:00:00-05:00,1.2322,1.232665,1.231695,1.23228,-1.0,-1.0,-1
2018-02-21 01:00:00-05:00,1.23228,1.23362,1.232205,1.23359,-1.0,-1.0,-1
2018-02-21 02:00:00-05:00,1.23359,1.233975,1.231025,1.231595,-1.0,-1.0,-1
2018-02-21 03:00:00-05:00,1.231595,1.23255,1.23076,1.2317,-1.0,-1.0,-1
2018-02-21 04:00:00-05:00,1.2317,1.233595,1.230905,1.233365,-1.0,-1.0,-1
2018-02-21 05:00:00-05:00,1.233365,1.23337,1.231445,1.232675,-1.0,-1.0,-1
2018-02-21 06:00:00-05:00,1.232675,1.23293,1.23144,1.23159,-1.0,-1.0,-1
2018-02-21 07:00:00-05:00,1.23159,1.23231,1.230015,1.23047,-1.0,-1.0,-1
2018-02-21 08:00:00-05:00,1.23047,1.23205,1.23001,1.23205,-1.0,-1.0,-1
2018-02-21 09:00:00-05:00,1.23205,1.233575,1.231815,1.23238,-1.0,-1.0,-1
2018-02-21 10:00:00-05:00,1.23238,1.23351,1.231435,1.231975,-1.0,-1.0,-1
2018-02-21 11:00:00-05:00,1.231975,1.23246,1.230375,1.231485,-1.0,-1.0,-1
2018-02-21 12:00:00-05:00,1.231485,1.232745,1.231115,1.232705,-1.0,-1.0,-1
2018-02-21 13:00:00-05:00,1.232705,1.23279,1.231775,1.232425,-1.0,-1.0,-1
2018-02-21 14:00:00-05:00,1.232425,1.235985,1.229955,1.230225,-1.0,-1.0,-1
2018-02-21 15:00:00-05:00,1.230225,1.230245,1.22811,1.22903,-1.0,-1.0,-1
2018-02-21 16:00:00-05:00,1.22903,1.22992,1.228275,1.228345,-1.0,-1.0,-1
2018-02-21 17:15:00-05:00,1.228215,1.22829,1.227355,1.22757,-1.0,-1.0,-1
2018-02-21 18:00:00-05:00,1.22757,1.228485,1.227555,1.22806,-1.0,-1.0,-1
2018-02-21 19:00:00-05:00,1.22806,1.228155,1.22652,1.227255,-1.0,-1.0,-1
2018-02-21 20:00:00-05:00,1.227255,1.22848,1.22682,1.22791,-1.0,-1.0,-1
2018-02-21 21:00:00-05:00,1.22791,1.22838,1.227705,1.227965,-1.0,-1.0,-1
2018-02-21 22:00:00-05:00,1.227965,1.228045,1.227255,1.227725,-1.0,-1.0,-1
2018-02-21 23:00:00-05:00,1.227725,1.227915,1.227255,1.2273,-1.0,-1.0,-1
2018-02-22 00:00:00-05:00,1.2273,1.22807,1.227165,1.22747,-1.0,-1.0,-1
2018-02-22 01:00:00-05:00,1.22747,1.22801,1.226005,1.226595,-1.0,-1.0,-1
2018-02-22 02:00:00-05:00,1.226595,1.227925,1.225965,1.227315,-1.0,-1.0,-1
2018-02-22 03:00:00-05:00,1.227315,1.228835,1.226515,1.228405,-1.0,-1.0,-1
2018-02-22 04:00:00-05:00,1.228405,1.229565,1.22754,1.229395,-1.0,-1.0,-1
2018-02-22 05:00:00-05:00,1.229395,1.229855,1.228655,1.22902,-1.0,-1.0,-1
2018-02-22 06:00:00-05:00,1.22902,1.229445,1.228015,1.2286,-1.0,-1.0,-1
2018-02-22 07:00:00-05:00,1.2286,1.230875,1.22692,1.226945,-1.0,-1.0,-1
2018-02-22 08:00:00-05:00,1.226945,1.231535,1.226465,1.231335,-1.0,-1.0,-1
2018-02-22 09:00:00-05:00,1.231335,1.233705,1.23055,1.232765,-1.0,-1.0,-1
2018-02-22 10:00:00-05:00,1.232765,1.235225,1.231625,1.232185,-1.0,-1.0,-1
2018-02-22 11:00:00-05:00,1.232185,1.233205,1.23141,1.23255,-1.0,-1.0,-1
2018-02-22 12:00:00-05:00,1.23255,1.234445,1.232455,1.233635,-1.0,-1.0,-1
2018-02-22 13:00:00-05:00,1.233635,1.233935,1.23198,1.232505,-1.0,-1.0,-1
2018-02-22 14:00:00-05:00,1.232505,1.23363,1.232315,1.233125,-1.0,-1.0,-1
2018-02-22 15:00:00-05:00,1.233125,1.23346,1.23195,1.232565,-1.0,-1.0,-1
2018-02-22 16:00:00-05:00,1.232565,1.23318,1.23231,1.233065,-1.0,-1.0,-1
2018-02-22 17:15:00-05:00,1.233075,1.233295,1.232635,1.233,-1.0,-1.0,-1
2018-02-22 18:00:00-05:00,1.233,1.23373,1.232515,1.23257,-1.0,-1.0,-1
2018-02-22 19:00:00-05:00,1.23257,1.23317,1.23218,1.23271,-1.0,-1.0,-1
2018-02-22 20:00:00-05:00,1.23271,1.23292,1.23165,1.232515,-1.0,-1.0,-1
2018-02-22 21:00:00-05:00,1.232515,1.23262,1.231165,1.231395,-1.0,-1.0,-1
2018-02-22 22:00:00-05:00,1.231395,1.231605,1.230195,1.23071,-1.0,-1.0,-1
2018-02-22 23:00:00-05:00,1.23071,1.231005,1.229555,1.23016,-1.0,-1.0,-1
2018-02-23 00:00:00-05:00,1.23016,1.23056,1.229635,1.230255,-1.0,-1.0,-1
2018-02-23 01:00:00-05:00,1.230255,1.2308,1.228835,1.229405,-1.0,-1.0,-1
2018-02-23 02:00:00-05:00,1.229405,1.229725,1.22798,1.22953,-1.0,-1.0,-1
2018-02-23 03:00:00-05:00,1.22953,1.232095,1.228855,1.231755,-1.0,-1.0,-1
2018-02-23 04:00:00-05:00,1.231755,1.23205,1.230515,1.230785,-1.0,-1.0,-1
2018-02-23 05:00:00-05:00,1.230785,1.23176,1.229945,1.23011,-1.0,-1.0,-1
2018-02-23 06:00:00-05:00,1.23011,1.230785,1.228795,1.23065,-1.0,-1.0,-1
2018-02-23 07:00:00-05:00,1.23065,1.23128,1.22968,1.229835,-1.0,-1.0,-1
2018-02-23 08:00:00-05:00,1.229835,1.230615,1.228955,1.229795,-1.0,-1.0,-1
2018-02-23 09:00:00-05:00,1.229795,1.230665,1.22872,1.230405,-1.0,-1.0,-1
2018-02-23 10:00:00-05:00,1.230405,1.23185,1.229035,1.22996,-1.0,-1.0,-1
2018-02-23 11:00:00-05:00,1.22996,1.23041,1.228515,1.229765,-1.0,-1.0,-1
2018-02-23 12:00:00-05:00,1.229765,1.23079,1.229705,1.23062,-1.0,-1.0,-1
2018-02-23 13:00:00-05:00,1.23062,1.23064,1.22901,1.22943,-1.0,-1.0,-1
2018-02-23 14:00:00-05:00,1.22943,1.22975,1.228885,1.22962,-1.0,-1.0,-1
2018-02-23 15:00:00-05:00,1.22962,1.23054,1.22936,1.22947,-1.0,-1.0,-1
2018-02-23 16:00:00-05:00,1.22947,1.22986,1.22885,1.229575,-1.0,-1.0,-1
2018-02-25 17:15:00-05:00,1.22933,1.229415,1.228615,1.22885,-1.0,-1.0,-1
2018-02-25 18:00:00-05:00,1.22885,1.229495,1.22812,1.22885,-1.0,-1.0,-1
2018-02-25 19:00:00-05:00,1.22885,1.229335,1.228035,1.228985,-1.0,-1.0,-1
2018-02-25 20:00:00-05:00,1.228985,1.23048,1.228815,1.229775,-1.0,-1.0,-1
2018-02-25 21:00:00-05:00,1.229775,1.231905,1.229775,1.23152,-1.0,-1.0,-1
2018-02-25 22:00:00-05:00,1.23152,1.23175,1.230945,1.231035,-1.0,-1.0,-1
2018-02-25 23:00:00-05:00,1.231035,1.23144,1.23074,1.23123,-1.0,-1.0,-1
2018-02-26 00:00:00-05:00,1.23123,1.23283,1.23103,1.232815,-1.0,-1.0,-1
2018-02-26 01:00:00-05:00,1.232815,1.233465,1.232405,1.23304,-1.0,-1.0,-1
2018-02-26 02:00:00-05:00,1.23304,1.23346,1.231545,1.23199,-1.0,-1.0,-1
2018-02-26 03:00:00-05:00,1.23199,1.233475,1.23158,1.231955,-1.0,-1.0,-1
2018-02-26 04:00:00-05:00,1.231955,1.234995,1.23188,1.234305,-1.0,-1.0,-1
2018-02-26 05:00:00-05:00,1.234305,1.23553,1.233725,1.23459,-1.0,-1.0,-1
2018-02-26 06:00:00-05:00,1.23459,1.23485,1.233275,1.233575,-1.0,-1.0,-1
2018-02-26 07:00:00-05:00,1.233575,1.233755,1.23208,1.23208,-1.0,-1.0,-1
2018-02-26 08:00:00-05:00,1.23208,1.232685,1.230455,1.23046,-1.0,-1.0,-1
2018-02-26 09:00:00-05:00,1.23046,1.231475,1.22977,1.230375,-1.0,-1.0,-1
2018-02-26 10:00:00-05:00,1.230375,1.230695,1.227765,1.228975,-1.0,-1.0,-1
2018-02-26 11:00:00-05:00,1.228975,1.231745,1.22866,1.22951,-1.0,-1.0,-1
2018-02-26 12:00:00-05:00,1.22951,1.230865,1.229035,1.23079,-1.0,-1.0,-1
2018-02-26 13:00:00-05:00,1.23079,1.231195,1.230215,1.23102,-1.0,-1.0,-1
2018-02-26 14:00:00-05:00,1.23102,1.231405,1.230635,1.23117,-1.0,-1.0,-1
2018-02-26 15:00:00-05:00,1.23117,1.23158,1.230765,1.23132,-1.0,-1.0,-1
2018-02-26 16:00:00-05:00,1.23132,1.23199,1.231115,1.231725,-1.0,-1.0,-1
2018-02-26 17:15:00-05:00,1.2317,1.23174,1.231265,1.23128,-1.0,-1.0,-1
2018-02-26 18:00:00-05:00,1.23128,1.231615,1.23088,1.231525,-1.0,-1.0,-1
2018-02-26 19:00:00-05:00,1.231525,1.233695,1.23145,1.23318,-1.0,-1.0,-1
2018-02-26 20:00:00-05:00,1.23318,1.233685,1.232755,1.233595,-1.0,-1.0,-1
2018-02-26 21:00:00-05:00,1.233595,1.234275,1.23338,1.2336,-1.0,-1.0,-1
2018-02-26 22:00:00-05:00,1.2336,1.23373,1.232145,1.23244,-1.0,-1.0,-1
2018-02-26 23:00:00-05:00,1.23244,1.232805,1.23214,1.232425,-1.0,-1.0,-1
2018-02-27 00:00:00-05:00,1.232425,1.233025,1.232365,1.23261,-1.0,-1.0,-1
2018-02-27 01:00:00-05:00,1.23261,1.233345,1.232,1.23269,-1.0,-1.0,-1
2018-02-27 02:00:00-05:00,1.23269,1.234485,1.232165,1.234085,-1.0,-1.0,-1
2018-02-27 03:00:00-05:00,1.234085,1.23465,1.23263,1.2333,-1.0,-1.0,-1
2018-02-27 04:00:00-05:00,1.2333,1.233865,1.23269,1.23313,-1.0,-1.0,-1
2018-02-27 05:00:00-05:00,1.23313,1.23378,1.232165,1.23278,-1.0,-1.0,-1
2018-02-27 06:00:00-05:00,1.23278,1.233085,1.231315,1.231735,-1.0,-1.0,-1
2018-02-27 07:00:00-05:00,1.231735,1.23211,1.2315,1.231705,-1.0,-1.0,-1
2018-02-27 08:00:00-05:00,1.231705,1.23181,1.228605,1.228775,-1.0,-1.0,-1
2018-02-27 09:00:00-05:00,1.228775,1.229885,1.227125,1.22739,-1.0,-1.0,-1
2018-02-27 10:00:00-05:00,1.22739,1.227885,1.222155,1.223915,-1.0,-1.0,-1
2018-02-27 11:00:00-05:00,1.223915,1.224675,1.223065,1.223965,-1.0,-1.0,-1
2018-02-27 12:00:00-05:00,1.223965,1.225095,1.222555,1.22477,-1.0,-1.0,-1
2018-02-27 13:00:00-05:00,1.22477,1.225475,1.22414,1.224275,-1.0,-1.0,-1
2018-02-27 14:00:00-05:00,1.224275,1.224515,1.223435,1.22359,-1.0,-1.0,-1
2018-02-27 15:00:00-05:00,1.22359,1.224015,1.22291,1.222925,-1.0,-1.0,-1
2018-02-27 16:00:00-05:00,1.222925,1.223355,1.22257,1.223285,-1.0,-1.0,-1
2018-02-27 17:15:00-05:00,1.223475,1.22356,1.2231,1.223545,-1.0,-1.0,-1
2018-02-27 18:00:00-05:00,1.223545,1.22386,1.222605,1.22261,-1.0,-1.0,-1
2018-02-27 19:00:00-05:00,1.22261,1.223735,1.22211,1.22317,-1.0,-1.0,-1
2018-02-27 20:00:00-05:00,1.22317,1.223775,1.222715,1.222975,-1.0,-1.0,-1
2018-02-27 21:00:00-05:00,1.222975,1.223385,1.22154,1.22166,-1.0,-1.0,-1
2018-02-27 22:00:00-05:00,1.22166,1.222925,1.22156,1.222375,-1.0,-1.0,-1
2018-02-27 23:00:00-05:00,1.222375,1.222635,1.222075,1.22244,-1.0,-1.0,-1
2018-02-28 00:00:00-05:00,1.22244,1.222825,1.222175,1.222725,-1.0,-1.0,-1
2018-02-28 01:00:00-05:00,1.222725,1.22385,1.221825,1.223605,-1.0,-1.0,-1
2018-02-28 02:00:00-05:00,1.223605,1.22417,1.222235,1.222385,-1.0,-1.0,-1
2018-02-28 03:00:00-05:00,1.222385,1.222435,1.219965,1.221085,-1.0,-1.0,-1
2018-02-28 04:00:00-05:00,1.221085,1.222325,1.219875,1.22206,-1.0,-1.0,-1
2018-02-28 05:00:00-05:00,1.22206,1.223005,1.221025,1.222065,-1.0,-1.0,-1
2018-02-28 06:00:00-05:00,1.222065,1.222565,1.221385,1.221825,-1.0,-1.0,-1
2018-02-28 07:00:00-05:00,1.221825,1.222575,1.22108,1.221915,-1.0,-1.0,-1
2018-02-28 08:00:00-05:00,1.221915,1.222265,1.220235,1.22181,-1.0,-1.0,-1
2018-02-28 09:00:00-05:00,1.22181,1.22284,1.220665,1.220835,-1.0,-1.0,-1
2018-02-28 10:00:00-05:00,1.220835,1.221495,1.2188,1.21959,-1.0,-1.0,-1
2018-02-28 11:00:00-05:00,1.21959,1.222125,1.219325,1.22107,-1.0,-1.0,-1
2018-02-28 12:00:00-05:00,1.22107,1.22222,1.220505,1.220885,-1.0,-1.0,-1
2018-02-28 13:00:00-05:00,1.220885,1.22111,1.22006,1.221075,-1.0,-1.0,-1
2018-02-28 14:00:00-05:00,1.221075,1.221455,1.22004,1.22034,-1.0,-1.0,-1
2018-02-28 15:00:00-05:00,1.22034,1.220455,1.219505,1.22003,-1.0,-1.0,-1
2018-02-28 16:00:00-05:00,1.22003,1.220195,1.219275,1.2194,-1.0,-1.0,-1
2018-02-28 17:15:00-05:00,1.21972,1.219935,1.219035,1.219285,-1.0,-1.0,-1
2018-02-28 18:00:00-05:00,1.219285,1.21962,1.21904,1.219165,-1.0,-1.0,-1
2018-02-28 19:00:00-05:00,1.219165,1.219405,1.218365,1.21892,-1.0,-1.0,-1
2018-02-28 20:00:00-05:00,1.21892,1.219265,1.21842,1.219165,-1.0,-1.0,-1
2018-02-28 21:00:00-05:00,1.219165,1.219435,1.21862,1.21899,-1.0,-1.0,-1
2018-02-28 22:00:00-05:00,1.21899,1.21985,1.2189,1.21958,-1.0,-1.0,-1
2018-02-28 23:00:00-05:00,1.21958,1.219625,1.218995,1.219365,-1.0,-1.0,-1
2018-03-01 00:00:00-05:00,1.219365,1.219715,1.21906,1.21925,-1.0,-1.0,-1
2018-03-01 01:00:00-05:00,1.21925,1.220625,1.218775,1.22056,-1.0,-1.0,-1
2018-03-01 02:00:00-05:00,1.22056,1.221325,1.219995,1.220055,-1.0,-1.0,-1
2018-03-01 03:00:00-05:00,1.220055,1.22059,1.21911,1.21972,-1.0,-1.0,-1
2018-03-01 04:00:00-05:00,1.21972,1.219755,1.218005,1.218165,-1.0,-1.0,-1
2018-03-01 05:00:00-05:00,1.218165,1.219615,1.218005,1.21879,-1.0,-1.0,-1
2018-03-01 06:00:00-05:00,1.21879,1.219045,1.218005,1.218475,-1.0,-1.0,-1
2018-03-01 07:00:00-05:00,1.218475,1.21888,1.21646,1.216875,-1.0,-1.0,-1
2018-03-01 08:00:00-05:00,1.216875,1.218795,1.21628,1.218745,-1.0,-1.0,-1
2018-03-01 09:00:00-05:00,1.218745,1.219195,1.21648,1.21734,-1.0,-1.0,-1
2018-03-01 10:00:00-05:00,1.21734,1.220575,1.215445,1.217655,-1.0,-1.0,-1
2018-03-01 11:00:00-05:00,1.217655,1.222215,1.21718,1.22155,-1.0,-1.0,-1
2018-03-01 12:00:00-05:00,1.22155,1.222015,1.220495,1.221215,-1.0,-1.0,-1
2018-03-01 13:00:00-05:00,1.221215,1.221735,1.21867,1.21971,-1.0,-1.0,-1
2018-03-01 14:00:00-05:00,1.21971,1.22586,1.21961,1.22555,-1.0,-1.0,-1
2018-03-01 15:00:00-05:00,1.22555,1.227325,1.225235,1.22627,-1.0,-1.0,-1
2018-03-01 16:00:00-05:00,1.22627,1.22703,1.225995,1.226635,-1.0,-1.0,-1
2018-03-01 17:15:00-05:00,1.227225,1.22748,1.22658,1.22747,-1.0,-1.0,-1
2018-03-01 18:00:00-05:00,1.22747,1.22747,1.22662,1.22712,-1.0,-1.0,-1
2018-03-01 19:00:00-05:00,1.22712,1.22752,1.226195,1.227345,-1.0,-1.0,-1
2018-03-01 20:00:00-05:00,1.227345,1.22806,1.226685,1.22745,-1.0,-1.0,-1
2018-03-01 21:00:00-05:00,1.22745,1.227675,1.22697,1.227305,-1.0,-1.0,-1
2018-03-01 22:00:00-05:00,1.227305,1.228165,1.227215,1.228035,-1.0,-1.0,-1
2018-03-01 23:00:00-05:00,1.228035,1.22879,1.227825,1.227825,-1.0,-1.0,-1
2018-03-02 00:00:00-05:00,1.227825,1.228565,1.22746,1.227915,-1.0,-1.0,-1
2018-03-02 01:00:00-05:00,1.227915,1.22796,1.226215,1.226295,-1.0,-1.0,-1
2018-03-02 02:00:00-05:00,1.226295,1.226715,1.225155,1.226335,-1.0,-1.0,-1
2018-03-02 03:00:00-05:00,1.226335,1.227875,1.22546,1.22743,-1.0,-1.0,-1
2018-03-02 04:00:00-05:00,1.22743,1.228215,1.226225,1.22761,-1.0,-1.0,-1
2018-03-02 05:00:00-05:00,1.22761,1.22982,1.227465,1.22906,-1.0,-1.0,-1
2018-03-02 06:00:00-05:00,1.22906,1.23226,1.22888,1.23041,-1.0,-1.0,-1
2018-03-02 07:00:00-05:00,1.23041,1.23231,1.23039,1.23081,-1.0,-1.0,-1
2018-03-02 08:00:00-05:00,1.23081,1.232045,1.22942,1.230905,-1.0,-1.0,-1
2018-03-02 09:00:00-05:00,1.230905,1.231565,1.22971,1.23139,-1.0,-1.0,-1
2018-03-02 10:00:00-05:00,1.23139,1.233285,1.230835,1.230925,-1.0,-1.0,-1
2018-03-02 11:00:00-05:00,1.230925,1.232355,1.230425,1.23146,-1.0,-1.0,-1
2018-03-02 12:00:00-05:00,1.23146,1.232045,1.23044,1.231235,-1.0,-1.0,-1
2018-03-02 13:00:00-05:00,1.231235,1.23239,1.23123,1.232155,-1.0,-1.0,-1
2018-03-02 14:00:00-05:00,1.232155,1.233105,1.23204,1.233095,-1.0,-1.0,-1
2018-03-02 15:00:00-05:00,1.233095,1.233605,1.232375,1.233105,-1.0,-1.0,-1
2018-03-02 16:00:00-05:00,1.233105,1.23314,1.2318,1.232005,-1.0,-1.0,-1
2018-03-04 17:15:00-05:00,1.235775,1.23648,1.23353,1.23468,-1.0,-1.0,-1
2018-03-04 18:00:00-05:00,1.23468,1.23483,1.229955,1.2318,-1.0,-1.0,-1
2018-03-04 19:00:00-05:00,1.2318,1.233805,1.23163,1.233255,-1.0,-1.0,-1
2018-03-04 20:00:00-05:00,1.233255,1.233715,1.232845,1.232995,-1.0,-1.0,-1
2018-03-04 21:00:00-05:00,1.232995,1.23306,1.231965,1.23219,-1.0,-1.0,-1
2018-03-04 22:00:00-05:00,1.23219,1.232825,1.231625,1.232685,-1.0,-1.0,-1
2018-03-04 23:00:00-05:00,1.232685,1.23276,1.23194,1.232165,-1.0,-1.0,-1
2018-03-05 00:00:00-05:00,1.232165,1.232595,1.23125,1.231885,-1.0,-1.0,-1
2018-03-05 01:00:00-05:00,1.231885,1.232105,1.22871,1.22913,-1.0,-1.0,-1
2018-03-05 02:00:00-05:00,1.22913,1.22976,1.226905,1.228475,-1.0,-1.0,-1
2018-03-05 03:00:00-05:00,1.228475,1.233335,1.22827,1.232435,-1.0,-1.0,-1
2018-03-05 04:00:00-05:00,1.232435,1.233455,1.231175,1.23222,-1.0,-1.0,-1
2018-03-05 05:00:00-05:00,1.23222,1.233165,1.230665,1.23138,-1.0,-1.0,-1
2018-03-05 06:00:00-05:00,1.23138,1.231595,1.229505,1.230165,-1.0,-1.0,-1
2018-03-05 07:00:00-05:00,1.230165,1.23061,1.228415,1.229765,-1.0,-1.0,-1
2018-03-05 08:00:00-05:00,1.229765,1.231255,1.229295,1.23082,-1.0,-1.0,-1
2018-03-05 09:00:00-05:00,1.23082,1.23241,1.23021,1.2324,-1.0,-1.0,-1
2018-03-05 10:00:00-05:00,1.2324,1.23296,1.230995,1.232745,-1.0,-1.0,-1
2018-03-05 11:00:00-05:00,1.232745,1.234885,1.23205,1.232925,-1.0,-1.0,-1
2018-03-05 12:00:00-05:00,1.232925,1.234055,1.232305,1.233425,-1.0,-1.0,-1
2018-03-05 13:00:00-05:00,1.233425,1.233555,1.23218,1.232495,-1.0,-1.0,-1
2018-03-05 14:00:00-05:00,1.232495,1.233425,1.232255,1.232535,-1.0,-1.0,-1
2018-03-05 15:00:00-05:00,1.232535,1.23389,1.232255,1.233815,-1.0,-1.0,-1
2018-03-05 16:00:00-05:00,1.233815,1.233815,1.23336,1.233585,-1.0,-1.0,-1
2018-03-05 17:15:00-05:00,1.2337,1.23374,1.233215,1.233425,-1.0,-1.0,-1
2018-03-05 18:00:00-05:00,1.233425,1.233955,1.23342,1.233685,-1.0,-1.0,-1
2018-03-05 19:00:00-05:00,1.233685,1.235625,1.23353,1.235,-1.0,-1.0,-1
2018-03-05 20:00:00-05:00,1.235,1.236295,1.234895,1.235585,-1.0,-1.0,-1
2018-03-05 21:00:00-05:00,1.235585,1.23598,1.234805,1.23507,-1.0,-1.0,-1
2018-03-05 22:00:00-05:00,1.23507,1.235525,1.23467,1.234955,-1.0,-1.0,-1
2018-03-05 23:00:00-05:00,1.234955,1.235125,1.234665,1.23472,-1.0,-1.0,-1
2018-03-06 00:00:00-05:00,1.23472,1.235195,1.23431,1.234915,-1.0,-1.0,-1
2018-03-06 01:00:00-05:00,1.234915,1.23556,1.233445,1.23388,-1.0,-1.0,-1
2018-03-06 02:00:00-05:00,1.23388,1.235035,1.232805,1.233345,-1.0,-1.0,-1
2018-03-06 03:00:00-05:00,1.233345,1.234595,1.233005,1.233885,-1.0,-1.0,-1
2018-03-06 04:00:00-05:00,1.233885,1.234535,1.23321,1.234415,-1.0,-1.0,-1
2018-03-06 05:00:00-05:00,1.234415,1.235195,1.233455,1.234645,-1.0,-1.0,-1
2018-03-06 06:00:00-05:00,1.234645,1.240025,1.23432,1.23973,-1.0,-1.0,-1
2018-03-06 07:00:00-05:00,1.23973,1.24144,1.239015,1.240885,-1.0,-1.0,-1
2018-03-06 08:00:00-05:00,1.240885,1.2412,1.23956,1.240715,-1.0,-1.0,-1
2018-03-06 09:00:00-05:00,1.240715,1.24104,1.23865,1.239555,-1.0,-1.0,-1
2018-03-06 10:00:00-05:00,1.239555,1.24083,1.23942,1.239775,-1.0,-1.0,-1
2018-03-06 11:00:00-05:00,1.239775,1.242055,1.239725,1.24158,-1.0,-1.0,-1
2018-03-06 12:00:00-05:00,1.24158,1.241715,1.238885,1.239335,-1.0,-1.0,-1
2018-03-06 13:00:00-05:00,1.239335,1.24092,1.239215,1.24061,-1.0,-1.0,-1
2018-03-06 14:00:00-05:00,1.24061,1.24116,1.240035,1.24056,-1.0,-1.0,-1
2018-03-06 15:00:00-05:00,1.24056,1.24076,1.239945,1.240295,-1.0,-1.0,-1
2018-03-06 16:00:00-05:00,1.240295,1.240885,1.24024,1.240415,-1.0,-1.0,-1
2018-03-06 17:15:00-05:00,1.240795,1.24239,1.240635,1.24211,-1.0,-1.0,-1
2018-03-06 18:00:00-05:00,1.24211,1.242905,1.241275,1.24157,-1.0,-1.0,-1
2018-03-06 19:00:00-05:00,1.24157,1.242695,1.241275,1.241765,-1.0,-1.0,-1
2018-03-06 20:00:00-05:00,1.241765,1.24209,1.24103,1.241405,-1.0,-1.0,-1
2018-03-06 21:00:00-05:00,1.241405,1.241825,1.241065,1.241685,-1.0,-1.0,-1
2018-03-06 22:00:00-05:00,1.241685,1.242145,1.241105,1.2419,-1.0,-1.0,-1
2018-03-06 23:00:00-05:00,1.2419,1.242135,1.24148,1.24153,-1.0,-1.0,-1
2018-03-07 00:00:00-05:00,1.24153,1.242275,1.241525,1.241875,-1.0,-1.0,-1
2018-03-07 01:00:00-05:00,1.241875,1.24338,1.24181,1.242575,-1.0,-1.0,-1
2018-03-07 02:00:00-05:00,1.242575,1.24276,1.240725,1.240905,-1.0,-1.0,-1
2018-03-07 03:00:00-05:00,1.240905,1.24183,1.240405,1.241005,-1.0,-1.0,-1
2018-03-07 04:00:00-05:00,1.241005,1.24274,1.24056,1.242355,-1.0,-1.0,-1
2018-03-07 05:00:00-05:00,1.242355,1.244555,1.24213,1.24348,-1.0,-1.0,-1
2018-03-07 06:00:00-05:00,1.24348,1.24368,1.240755,1.240755,-1.0,-1.0,-1
2018-03-07 07:00:00-05:00,1.240755,1.241825,1.23979,1.24174,-1.0,-1.0,-1
2018-03-07 08:00:00-05:00,1.24174,1.242445,1.240285,1.241485,-1.0,-1.0,-1
2018-03-07 09:00:00-05:00,1.241485,1.242245,1.240605,1.240995,-1.0,-1.0,-1
2018-03-07 10:00:00-05:00,1.240995,1.241625,1.238805,1.24031,-1.0,-1.0,-1
2018-03-07 11:00:00-05:00,1.24031,1.24047,1.23849,1.239655,-1.0,-1.0,-1
2018-03-07 12:00:00-05:00,1.239655,1.240645,1.23907,1.24006,-1.0,-1.0,-1
2018-03-07 13:00:00-05:00,1.24006,1.241425,1.239675,1.24082,-1.0,-1.0,-1
2018-03-07 14:00:00-05:00,1.24082,1.241275,1.240215,1.24047,-1.0,-1.0,-1
2018-03-07 15:00:00-05:00,1.24047,1.24134,1.240215,1.241275,-1.0,-1.0,-1
2018-03-07 16:00:00-05:00,1.241275,1.241575,1.24103,1.241125,-1.0,-1.0,-1
2018-03-07 17:15:00-05:00,1.241145,1.241225,1.241005,1.24107,-1.0,-1.0,-1
2018-03-07 18:00:00-05:00,1.24107,1.241545,1.240965,1.241245,-1.0,-1.0,-1
2018-03-07 19:00:00-05:00,1.241245,1.241545,1.240685,1.24077,-1.0,-1.0,-1
2018-03-07 20:00:00-05:00,1.24077,1.24093,1.239635,1.24007,-1.0,-1.0,-1
2018-03-07 21:00:00-05:00,1.24007,1.24061,1.239945,1.24018,-1.0,-1.0,-1
2018-03-07 22:00:00-05:00,1.24018,1.24074,1.239615,1.240695,-1.0,-1.0,-1
2018-03-07 23:00:00-05:00,1.240695,1.24091,1.24037,1.240615,-1.0,-1.0,-1
2018-03-08 00:00:00-05:00,1.240615,1.241,1.24036,1.2404,-1.0,-1.0,-1
2018-03-08 01:00:00-05:00,1.2404,1.240925,1.239385,1.23969,-1.0,-1.0,-1
2018-03-08 02:00:00-05:00,1.23969,1.241305,1.239395,1.24117,-1.0,-1.0,-1
2018-03-08 03:00:00-05:00,1.24117,1.24148,1.239075,1.23929,-1.0,-1.0,-1
2018-03-08 04:00:00-05:00,1.23929,1.239425,1.237805,1.238275,-1.0,-1.0,-1
2018-03-08 05:00:00-05:00,1.238275,1.23898,1.237755,1.23788,-1.0,-1.0,-1
2018-03-08 06:00:00-05:00,1.23788,1.23792,1.236875,1.237845,-1.0,-1.0,-1
2018-03-08 07:00:00-05:00,1.237845,1.24315,1.237315,1.241015,-1.0,-1.0,-1
2018-03-08 08:00:00-05:00,1.241015,1.24462,1.238455,1.24028,-1.0,-1.0,-1
2018-03-08 09:00:00-05:00,1.24028,1.240485,1.23495,1.23509,-1.0,-1.0,-1
2018-03-08 10:00:00-05:00,1.23509,1.235575,1.232445,1.232795,-1.0,-1.0,-1
2018-03-08 11:00:00-05:00,1.232795,1.233685,1.230445,1.23135,-1.0,-1.0,-1
2018-03-08 12:00:00-05:00,1.23135,1.232225,1.231145,1.23187,-1.0,-1.0,-1
2018-03-08 13:00:00-05:00,1.23187,1.231975,1.23065,1.231425,-1.0,-1.0,-1
2018-03-08 14:00:00-05:00,1.231425,1.23195,1.229805,1.230515,-1.0,-1.0,-1
2018-03-08 15:00:00-05:00,1.230515,1.23138,1.23016,1.23134,-1.0,-1.0,-1
2018-03-08 16:00:00-05:00,1.23134,1.231445,1.230955,1.231155,-1.0,-1.0,-1
2018-03-08 17:15:00-05:00,1.231175,1.23169,1.230955,1.231345,-1.0,-1.0,-1
2018-03-08 18:00:00-05:00,1.231345,1.231525,1.230485,1.23069,-1.0,-1.0,-1
2018-03-08 19:00:00-05:00,1.23069,1.23161,1.230255,1.230985,-1.0,-1.0,-1
2018-03-08 20:00:00-05:00,1.230985,1.23102,1.229525,1.22987,-1.0,-1.0,-1
2018-03-08 21:00:00-05:00,1.22987,1.23127,1.22971,1.231075,-1.0,-1.0,-1
2018-03-08 22:00:00-05:00,1.231075,1.231275,1.230765,1.231045,-1.0,-1.0,-1
2018-03-08 23:00:00-05:00,1.231045,1.23139,1.23079,1.231375,-1.0,-1.0,-1
2018-03-09 00:00:00-05:00,1.231375,1.231745,1.231155,1.23154,-1.0,-1.0,-1
2018-03-09 01:00:00-05:00,1.23154,1.23218,1.231385,1.232165,-1.0,-1.0,-1
2018-03-09 02:00:00-05:00,1.232165,1.2322,1.231105,1.231795,-1.0,-1.0,-1
2018-03-09 03:00:00-05:00,1.231795,1.23214,1.229445,1.23062,-1.0,-1.0,-1
2018-03-09 04:00:00-05:00,1.23062,1.23179,1.229915,1.230195,-1.0,-1.0,-1
2018-03-09 05:00:00-05:00,1.230195,1.23067,1.229245,1.2294,-1.0,-1.0,-1
2018-03-09 06:00:00-05:00,1.2294,1.23049,1.229025,1.229845,-1.0,-1.0,-1
2018-03-09 07:00:00-05:00,1.229845,1.230205,1.22929,1.229535,-1.0,-1.0,-1
2018-03-09 08:00:00-05:00,1.229535,1.231375,1.227315,1.22934,-1.0,-1.0,-1
2018-03-09 09:00:00-05:00,1.22934,1.231345,1.22914,1.231245,-1.0,-1.0,-1
2018-03-09 10:00:00-05:00,1.231245,1.233445,1.230565,1.231875,-1.0,-1.0,-1
2018-03-09 11:00:00-05:00,1.231875,1.233025,1.23161,1.23248,-1.0,-1.0,-1
2018-03-09 12:00:00-05:00,1.23248,1.23301,1.23161,1.23177,-1.0,-1.0,-1
2018-03-09 13:00:00-05:00,1.23177,1.23213,1.231095,1.231255,-1.0,-1.0,-1
2018-03-09 14:00:00-05:00,1.231255,1.23193,1.231095,1.23146,-1.0,-1.0,-1
2018-03-09 15:00:00-05:00,1.23146,1.231775,1.230265,1.230665,-1.0,-1.0,-1
2018-03-09 16:00:00-05:00,1.230665,1.23094,1.23036,1.23075,-1.0,-1.0,-1
2018-03-11 17:15:00-04:00,1.231375,1.231375,1.230775,1.231135,-1.0,-1.0,-1
2018-03-11 18:00:00-04:00,1.231135,1.23135,1.230725,1.23106,-1.0,-1.0,-1
2018-03-11 19:00:00-04:00,1.23106,1.23135,1.230635,1.23086,-1.0,-1.0,-1
2018-03-11 20:00:00-04:00,1.23086,1.231355,1.23073,1.23108,-1.0,-1.0,-1
2018-03-11 21:00:00-04:00,1.23108,1.231845,1.230615,1.23168,-1.0,-1.0,-1
2018-03-11 22:00:00-04:00,1.23168,1.232315,1.231615,1.232145,-1.0,-1.0,-1
2018-03-11 23:00:00-04:00,1.232145,1.23236,1.231935,1.23231,-1.0,-1.0,-1
2018-03-12 00:00:00-04:00,1.23231,1.232595,1.23204,1.23249,-1.0,-1.0,-1
2018-03-12 01:00:00-04:00,1.23249,1.232515,1.23181,1.231975,-1.0,-1.0,-1
2018-03-12 02:00:00-04:00,1.231975,1.232375,1.231485,1.23232,-1.0,-1.0,-1
2018-03-12 03:00:00-04:00,1.23232,1.234095,1.231645,1.23377,-1.0,-1.0,-1
2018-03-12 04:00:00-04:00,1.23377,1.233945,1.232255,1.23342,-1.0,-1.0,-1
2018-03-12 05:00:00-04:00,1.23342,1.233465,1.23117,1.231205,-1.0,-1.0,-1
2018-03-12 06:00:00-04:00,1.231205,1.23156,1.23071,1.23121,-1.0,-1.0,-1
2018-03-12 07:00:00-04:00,1.23121,1.23121,1.22906,1.22923,-1.0,-1.0,-1
2018-03-12 08:00:00-04:00,1.22923,1.230245,1.22908,1.230125,-1.0,-1.0,-1
2018-03-12 09:00:00-04:00,1.230125,1.230975,1.229465,1.230785,-1.0,-1.0,-1
2018-03-12 10:00:00-04:00,1.230785,1.232115,1.230725,1.23211,-1.0,-1.0,-1
2018-03-12 11:00:00-04:00,1.23211,1.232645,1.2317,1.23181,-1.0,-1.0,-1
2018-03-12 12:00:00-04:00,1.23181,1.232445,1.231055,1.231935,-1.0,-1.0,-1
2018-03-12 13:00:00-04:00,1.231935,1.233555,1.231545,1.232935,-1.0,-1.0,-1
2018-03-12 14:00:00-04:00,1.232935,1.234565,1.232815,1.23371,-1.0,-1.0,-1
2018-03-12 15:00:00-04:00,1.23371,1.234045,1.23328,1.233925,-1.0,-1.0,-1
2018-03-12 16:00:00-04:00,1.233925,1.234115,1.233365,1.233375,-1.0,-1.0,-1
2018-03-12 17:15:00-04:00,1.233825,1.233885,1.23339,1.233505,-1.0,-1.0,-1
2018-03-12 18:00:00-04:00,1.233505,1.23369,1.23336,1.233365,-1.0,-1.0,-1
2018-03-12 19:00:00-04:00,1.233365,1.233975,1.233315,1.23386,-1.0,-1.0,-1
2018-03-12 20:00:00-04:00,1.23386,1.23454,1.23351,1.234015,-1.0,-1.0,-1
2018-03-12 21:00:00-04:00,1.234015,1.23418,1.233655,1.23392,-1.0,-1.0,-1
2018-03-12 22:00:00-04:00,1.23392,1.234065,1.23331,1.23341,-1.0,-1.0,-1
2018-03-12 23:00:00-04:00,1.23341,1.233535,1.23309,1.23321,-1.0,-1.0,-1
2018-03-13 00:00:00-04:00,1.23321,1.233325,1.232615,1.232775,-1.0,-1.0,-1
2018-03-13 01:00:00-04:00,1.232775,1.233,1.23252,1.23282,-1.0,-1.0,-1
2018-03-13 02:00:00-04:00,1.23282,1.233585,1.23245,1.23285,-1.0,-1.0,-1
2018-03-13 03:00:00-04:00,1.23285,1.233375,1.231735,1.231955,-1.0,-1.0,-1
2018-03-13 04:00:00-04:00,1.231955,1.23346,1.23145,1.2334,-1.0,-1.0,-1
2018-03-13 05:00:00-04:00,1.2334,1.233815,1.23237,1.23292,-1.0,-1.0,-1
2018-03-13 06:00:00-04:00,1.23292,1.23514,1.23272,1.232985,-1.0,-1.0,-1
2018-03-13 07:00:00-04:00,1.232985,1.234205,1.232625,1.23369,-1.0,-1.0,-1
2018-03-13 08:00:00-04:00,1.23369,1.238555,1.233225,1.23663,-1.0,-1.0,-1
2018-03-13 09:00:00-04:00,1.23663,1.23854,1.23591,1.236885,-1.0,-1.0,-1
2018-03-13 10:00:00-04:00,1.236885,1.238145,1.23401,1.237485,-1.0,-1.0,-1
2018-03-13 11:00:00-04:00,1.237485,1.240095,1.23705,1.23983,-1.0,-1.0,-1
2018-03-13 12:00:00-04:00,1.23983,1.24074,1.238805,1.24012,-1.0,-1.0,-1
2018-03-13 13:00:00-04:00,1.24012,1.240635,1.239055,1.23912,-1.0,-1.0,-1
2018-03-13 14:00:00-04:00,1.23912,1.23995,1.23907,1.239805,-1.0,-1.0,-1
2018-03-13 15:00:00-04:00,1.239805,1.240025,1.23841,1.23855,-1.0,-1.0,-1
2018-03-13 16:00:00-04:00,1.23855,1.23938,1.23845,1.238965,-1.0,-1.0,-1
2018-03-13 17:15:00-04:00,1.239225,1.23978,1.23902,1.2392,-1.0,-1.0,-1
2018-03-13 18:00:00-04:00,1.2392,1.239495,1.23893,1.23937,-1.0,-1.0,-1
2018-03-13 19:00:00-04:00,1.23937,1.23954,1.239055,1.239305,-1.0,-1.0,-1
2018-03-13 20:00:00-04:00,1.239305,1.239865,1.2389,1.239435,-1.0,-1.0,-1
2018-03-13 21:00:00-04:00,1.239435,1.24056,1.23903,1.240315,-1.0,-1.0,-1
2018-03-13 22:00:00-04:00,1.240315,1.24118,1.24006,1.24088,-1.0,-1.0,-1
2018-03-13 23:00:00-04:00,1.24088,1.24091,1.240075,1.240455,-1.0,-1.0,-1
2018-03-14 00:00:00-04:00,1.240455,1.240795,1.24019,1.24074,-1.0,-1.0,-1
2018-03-14 01:00:00-04:00,1.24074,1.241255,1.240385,1.24044,-1.0,-1.0,-1
2018-03-14 02:00:00-04:00,1.24044,1.240575,1.239455,1.23991,-1.0,-1.0,-1
2018-03-14 03:00:00-04:00,1.23991,1.23991,1.238545,1.238885,-1.0,-1.0,-1
2018-03-14 04:00:00-04:00,1.238885,1.24017,1.236365,1.237505,-1.0,-1.0,-1
2018-03-14 05:00:00-04:00,1.237505,1.23828,1.236135,1.23668,-1.0,-1.0,-1
2018-03-14 06:00:00-04:00,1.23668,1.237595,1.236215,1.23741,-1.0,-1.0,-1
2018-03-14 07:00:00-04:00,1.23741,1.238305,1.23672,1.23806,-1.0,-1.0,-1
2018-03-14 08:00:00-04:00,1.23806,1.239715,1.236275,1.236285,-1.0,-1.0,-1
2018-03-14 09:00:00-04:00,1.236285,1.23761,1.235235,1.235765,-1.0,-1.0,-1
2018-03-14 10:00:00-04:00,1.235765,1.23678,1.234855,1.23632,-1.0,-1.0,-1
2018-03-14 11:00:00-04:00,1.23632,1.23679,1.234725,1.236155,-1.0,-1.0,-1
2018-03-14 12:00:00-04:00,1.236155,1.237835,1.235805,1.236735,-1.0,-1.0,-1
2018-03-14 13:00:00-04:00,1.236735,1.23785,1.23664,1.237515,-1.0,-1.0,-1
2018-03-14 14:00:00-04:00,1.237515,1.237715,1.23698,1.237565,-1.0,-1.0,-1
2018-03-14 15:00:00-04:00,1.237565,1.237625,1.236915,1.23704,-1.0,-1.0,-1
2018-03-14 16:00:00-04:00,1.23704,1.23733,1.23654,1.23675,-1.0,-1.0,-1
2018-03-14 17:15:00-04:00,1.236625,1.23697,1.236535,1.236835,-1.0,-1.0,-1
2018-03-14 18:00:00-04:00,1.236835,1.23693,1.236485,1.23682,-1.0,-1.0,-1
2018-03-14 19:00:00-04:00,1.23682,1.23763,1.236715,1.23749,-1.0,-1.0,-1
2018-03-14 20:00:00-04:00,1.23749,1.238375,1.237155,1.23818,-1.0,-1.0,-1
2018-03-14 21:00:00-04:00,1.23818,1.23834,1.237475,1.237655,-1.0,-1.0,-1
2018-03-14 22:00:00-04:00,1.237655,1.238365,1.23758,1.23793,-1.0,-1.0,-1
2018-03-14 23:00:00-04:00,1.23793,1.238185,1.23753,1.23798,-1.0,-1.0,-1
2018-03-15 00:00:00-04:00,1.23798,1.238305,1.237785,1.238145,-1.0,-1.0,-1
2018-03-15 01:00:00-04:00,1.238145,1.238235,1.237155,1.237435,-1.0,-1.0,-1
2018-03-15 02:00:00-04:00,1.237435,1.237795,1.236465,1.236585,-1.0,-1.0,-1
2018-03-15 03:00:00-04:00,1.236585,1.2373,1.236205,1.23689,-1.0,-1.0,-1
2018-03-15 04:00:00-04:00,1.23689,1.23721,1.236085,1.2365,-1.0,-1.0,-1
2018-03-15 05:00:00-04:00,1.2365,1.236795,1.235185,1.235985,-1.0,-1.0,-1
2018-03-15 06:00:00-04:00,1.235985,1.236735,1.235525,1.236235,-1.0,-1.0,-1
2018-03-15 07:00:00-04:00,1.236235,1.236395,1.234615,1.234835,-1.0,-1.0,-1
2018-03-15 08:00:00-04:00,1.234835,1.23561,1.233505,1.233845,-1.0,-1.0,-1
2018-03-15 09:00:00-04:00,1.233845,1.234645,1.232215,1.233325,-1.0,-1.0,-1
2018-03-15 10:00:00-04:00,1.233325,1.234595,1.232475,1.2344,-1.0,-1.0,-1
2018-03-15 11:00:00-04:00,1.2344,1.23479,1.231905,1.23197,-1.0,-1.0,-1
2018-03-15 12:00:00-04:00,1.23197,1.232485,1.231125,1.231605,-1.0,-1.0,-1
2018-03-15 13:00:00-04:00,1.231605,1.233525,1.231455,1.233515,-1.0,-1.0,-1
2018-03-15 14:00:00-04:00,1.233515,1.233515,1.23023,1.23032,-1.0,-1.0,-1
2018-03-15 15:00:00-04:00,1.23032,1.230655,1.23003,1.23013,-1.0,-1.0,-1
2018-03-15 16:00:00-04:00,1.23013,1.230515,1.230035,1.23045,-1.0,-1.0,-1
2018-03-15 17:15:00-04:00,1.23055,1.230665,1.2303,1.23049,-1.0,-1.0,-1
2018-03-15 18:00:00-04:00,1.23049,1.23083,1.230345,1.230625,-1.0,-1.0,-1
2018-03-15 19:00:00-04:00,1.230625,1.23076,1.230445,1.230645,-1.0,-1.0,-1
2018-03-15 20:00:00-04:00,1.230645,1.231005,1.230235,1.230415,-1.0,-1.0,-1
2018-03-15 21:00:00-04:00,1.230415,1.230455,1.22951,1.23011,-1.0,-1.0,-1
2018-03-15 22:00:00-04:00,1.23011,1.23099,1.23004,1.230575,-1.0,-1.0,-1
2018-03-15 23:00:00-04:00,1.230575,1.231085,1.230495,1.230785,-1.0,-1.0,-1
2018-03-16 00:00:00-04:00,1.230785,1.23132,1.23074,1.23105,-1.0,-1.0,-1
2018-03-16 01:00:00-04:00,1.23105,1.23129,1.230775,1.231145,-1.0,-1.0,-1
2018-03-16 02:00:00-04:00,1.231145,1.232215,1.230985,1.23184,-1.0,-1.0,-1
2018-03-16 03:00:00-04:00,1.23184,1.232485,1.231295,1.23182,-1.0,-1.0,-1
2018-03-16 04:00:00-04:00,1.23182,1.23222,1.23067,1.231825,-1.0,-1.0,-1
2018-03-16 05:00:00-04:00,1.231825,1.233625,1.231775,1.232305,-1.0,-1.0,-1
2018-03-16 06:00:00-04:00,1.232305,1.233155,1.231805,1.23257,-1.0,-1.0,-1
2018-03-16 07:00:00-04:00,1.23257,1.233045,1.23184,1.232815,-1.0,-1.0,-1
2018-03-16 08:00:00-04:00,1.232815,1.232965,1.230865,1.230885,-1.0,-1.0,-1
2018-03-16 09:00:00-04:00,1.230885,1.23099,1.227975,1.22841,-1.0,-1.0,-1
2018-03-16 10:00:00-04:00,1.22841,1.229075,1.226025,1.22616,-1.0,-1.0,-1
2018-03-16 11:00:00-04:00,1.22616,1.228205,1.22612,1.227995,-1.0,-1.0,-1
2018-03-16 12:00:00-04:00,1.227995,1.229535,1.227785,1.22913,-1.0,-1.0,-1
2018-03-16 13:00:00-04:00,1.22913,1.229155,1.22773,1.228915,-1.0,-1.0,-1
2018-03-16 14:00:00-04:00,1.228915,1.229365,1.22835,1.22841,-1.0,-1.0,-1
2018-03-16 15:00:00-04:00,1.22841,1.228995,1.22834,1.22864,-1.0,-1.0,-1
2018-03-16 16:00:00-04:00,1.22864,1.229115,1.228325,1.22894,-1.0,-1.0,-1
2018-03-18 17:15:00-04:00,1.2287,1.229225,1.22841,1.228865,-1.0,-1.0,-1
2018-03-18 18:00:00-04:00,1.228865,1.22922,1.22846,1.228545,-1.0,-1.0,-1
2018-03-18 19:00:00-04:00,1.228545,1.228755,1.22801,1.228085,-1.0,-1.0,-1
2018-03-18 20:00:00-04:00,1.228085,1.228085,1.227085,1.22712,-1.0,-1.0,-1
2018-03-18 21:00:00-04:00,1.22712,1.22713,1.226515,1.226925,-1.0,-1.0,-1
2018-03-18 22:00:00-04:00,1.226925,1.2273,1.22661,1.227085,-1.0,-1.0,-1
2018-03-18 23:00:00-04:00,1.227085,1.22731,1.22686,1.22715,-1.0,-1.0,-1
2018-03-19 00:00:00-04:00,1.22715,1.22716,1.226505,1.226685,-1.0,-1.0,-1
2018-03-19 01:00:00-04:00,1.226685,1.22681,1.225815,1.226155,-1.0,-1.0,-1
2018-03-19 02:00:00-04:00,1.226155,1.22669,1.226135,1.226645,-1.0,-1.0,-1
2018-03-19 03:00:00-04:00,1.226645,1.22745,1.226275,1.226695,-1.0,-1.0,-1
2018-03-19 04:00:00-04:00,1.226695,1.228075,1.226245,1.228015,-1.0,-1.0,-1
2018-03-19 05:00:00-04:00,1.228015,1.22889,1.22726,1.228225,-1.0,-1.0,-1
2018-03-19 06:00:00-04:00,1.228225,1.230175,1.228215,1.229265,-1.0,-1.0,-1
2018-03-19 07:00:00-04:00,1.229265,1.229335,1.227595,1.22858,-1.0,-1.0,-1
2018-03-19 08:00:00-04:00,1.22858,1.232575,1.22853,1.23027,-1.0,-1.0,-1
2018-03-19 09:00:00-04:00,1.23027,1.23188,1.23013,1.231435,-1.0,-1.0,-1
2018-03-19 10:00:00-04:00,1.231435,1.232435,1.230805,1.23238,-1.0,-1.0,-1
2018-03-19 11:00:00-04:00,1.23238,1.233305,1.23121,1.232815,-1.0,-1.0,-1
2018-03-19 12:00:00-04:00,1.232815,1.23372,1.23203,1.233355,-1.0,-1.0,-1
2018-03-19 13:00:00-04:00,1.233355,1.234965,1.233325,1.23482,-1.0,-1.0,-1
2018-03-19 14:00:00-04:00,1.23482,1.235885,1.23427,1.235855,-1.0,-1.0,-1
2018-03-19 15:00:00-04:00,1.235855,1.23586,1.233915,1.233975,-1.0,-1.0,-1
2018-03-19 16:00:00-04:00,1.233975,1.234345,1.23345,1.23355,-1.0,-1.0,-1
2018-03-19 17:15:00-04:00,1.233575,1.233855,1.233335,1.23346,-1.0,-1.0,-1
2018-03-19 18:00:00-04:00,1.23346,1.233765,1.233265,1.233505,-1.0,-1.0,-1
2018-03-19 19:00:00-04:00,1.233505,1.234235,1.233495,1.23367,-1.0,-1.0,-1
2018-03-19 20:00:00-04:00,1.23367,1.234505,1.23341,1.23412,-1.0,-1.0,-1
2018-03-19 21:00:00-04:00,1.23412,1.235065,1.233955,1.23462,-1.0,-1.0,-1
2018-03-19 22:00:00-04:00,1.23462,1.23493,1.234365,1.23457,-1.0,-1.0,-1
2018-03-19 23:00:00-04:00,1.23457,1.234725,1.23421,1.23456,-1.0,-1.0,-1
2018-03-20 00:00:00-04:00,1.23456,1.234675,1.233715,1.23387,-1.0,-1.0,-1
2018-03-20 01:00:00-04:00,1.23387,1.233955,1.233455,1.23362,-1.0,-1.0,-1
2018-03-20 02:00:00-04:00,1.23362,1.23479,1.23351,1.234575,-1.0,-1.0,-1
2018-03-20 03:00:00-04:00,1.234575,1.235475,1.233505,1.23492,-1.0,-1.0,-1
2018-03-20 04:00:00-04:00,1.23492,1.234935,1.233365,1.23462,-1.0,-1.0,-1
2018-03-20 05:00:00-04:00,1.23462,1.234675,1.231375,1.231695,-1.0,-1.0,-1
2018-03-20 06:00:00-04:00,1.231695,1.231695,1.2307,1.231155,-1.0,-1.0,-1
2018-03-20 07:00:00-04:00,1.231155,1.23128,1.229615,1.229615,-1.0,-1.0,-1
2018-03-20 08:00:00-04:00,1.229615,1.22966,1.22801,1.228445,-1.0,-1.0,-1
2018-03-20 09:00:00-04:00,1.228445,1.22857,1.22631,1.227055,-1.0,-1.0,-1
2018-03-20 10:00:00-04:00,1.227055,1.22774,1.22632,1.22727,-1.0,-1.0,-1
2018-03-20 11:00:00-04:00,1.22727,1.228675,1.22697,1.227035,-1.0,-1.0,-1
2018-03-20 12:00:00-04:00,1.227035,1.227745,1.22456,1.225405,-1.0,-1.0,-1
2018-03-20 13:00:00-04:00,1.225405,1.226455,1.225335,1.226145,-1.0,-1.0,-1
2018-03-20 14:00:00-04:00,1.226145,1.226285,1.224935,1.225175,-1.0,-1.0,-1
2018-03-20 15:00:00-04:00,1.225175,1.225525,1.22456,1.224605,-1.0,-1.0,-1
2018-03-20 16:00:00-04:00,1.224605,1.224805,1.223975,1.22415,-1.0,-1.0,-1
2018-03-20 17:15:00-04:00,1.22425,1.22453,1.2242,1.224375,-1.0,-1.0,-1
2018-03-20 18:00:00-04:00,1.224375,1.224635,1.224195,1.224555,-1.0,-1.0,-1
2018-03-20 19:00:00-04:00,1.224555,1.224905,1.22435,1.224835,-1.0,-1.0,-1
2018-03-20 20:00:00-04:00,1.224835,1.22567,1.224675,1.22564,-1.0,-1.0,-1
2018-03-20 21:00:00-04:00,1.22564,1.226035,1.224985,1.22574,-1.0,-1.0,-1
2018-03-20 22:00:00-04:00,1.22574,1.22596,1.225225,1.22571,-1.0,-1.0,-1
2018-03-20 23:00:00-04:00,1.22571,1.22668,1.22566,1.22633,-1.0,-1.0,-1
2018-03-21 00:00:00-04:00,1.22633,1.226515,1.2261,1.226105,-1.0,-1.0,-1
2018-03-21 01:00:00-04:00,1.226105,1.226615,1.226025,1.22622,-1.0,-1.0,-1
2018-03-21 02:00:00-04:00,1.22622,1.22734,1.2261,1.22705,-1.0,-1.0,-1
2018-03-21 03:00:00-04:00,1.22705,1.22818,1.226805,1.22788,-1.0,-1.0,-1
2018-03-21 04:00:00-04:00,1.22788,1.22907,1.227515,1.22799,-1.0,-1.0,-1
2018-03-21 05:00:00-04:00,1.22799,1.228375,1.227165,1.227875,-1.0,-1.0,-1
2018-03-21 06:00:00-04:00,1.227875,1.228665,1.227535,1.22828,-1.0,-1.0,-1
2018-03-21 07:00:00-04:00,1.22828,1.228445,1.226445,1.227445,-1.0,-1.0,-1
2018-03-21 08:00:00-04:00,1.227445,1.22858,1.226955,1.22852,-1.0,-1.0,-1
2018-03-21 09:00:00-04:00,1.22852,1.22959,1.22809,1.228935,-1.0,-1.0,-1
2018-03-21 10:00:00-04:00,1.228935,1.22907,1.22796,1.22876,-1.0,-1.0,-1
2018-03-21 11:00:00-04:00,1.22876,1.229415,1.226635,1.226835,-1.0,-1.0,-1
2018-03-21 12:00:00-04:00,1.226835,1.226875,1.225715,1.226215,-1.0,-1.0,-1
2018-03-21 13:00:00-04:00,1.226215,1.22841,1.22592,1.22814,-1.0,-1.0,-1
2018-03-21 14:00:00-04:00,1.22814,1.233175,1.22512,1.232975,-1.0,-1.0,-1
2018-03-21 15:00:00-04:00,1.232975,1.234785,1.232365,1.234565,-1.0,-1.0,-1
2018-03-21 16:00:00-04:00,1.234565,1.234995,1.23375,1.233815,-1.0,-1.0,-1
2018-03-21 17:15:00-04:00,1.234025,1.234265,1.233775,1.23389,-1.0,-1.0,-1
2018-03-21 18:00:00-04:00,1.23389,1.234285,1.233865,1.23428,-1.0,-1.0,-1
2018-03-21 19:00:00-04:00,1.23428,1.234945,1.23416,1.23465,-1.0,-1.0,-1
2018-03-21 20:00:00-04:00,1.23465,1.236905,1.234445,1.2368,-1.0,-1.0,-1
2018-03-21 21:00:00-04:00,1.2368,1.23691,1.2362,1.236425,-1.0,-1.0,-1
2018-03-21 22:00:00-04:00,1.236425,1.23649,1.235805,1.235915,-1.0,-1.0,-1
2018-03-21 23:00:00-04:00,1.235915,1.23644,1.23551,1.236355,-1.0,-1.0,-1
2018-03-22 00:00:00-04:00,1.236355,1.23653,1.23598,1.236045,-1.0,-1.0,-1
2018-03-22 01:00:00-04:00,1.236045,1.23606,1.234515,1.23458,-1.0,-1.0,-1
2018-03-22 02:00:00-04:00,1.23458,1.235815,1.23417,1.23531,-1.0,-1.0,-1
2018-03-22 03:00:00-04:00,1.23531,1.23886,1.235175,1.237345,-1.0,-1.0,-1
2018-03-22 04:00:00-04:00,1.237345,1.23751,1.23514,1.235665,-1.0,-1.0,-1
2018-03-22 05:00:00-04:00,1.235665,1.23595,1.232975,1.233425,-1.0,-1.0,-1
2018-03-22 06:00:00-04:00,1.233425,1.233565,1.23081,1.23181,-1.0,-1.0,-1
2018-03-22 07:00:00-04:00,1.23181,1.232595,1.231075,1.232365,-1.0,-1.0,-1
2018-03-22 08:00:00-04:00,1.232365,1.23316,1.23066,1.231345,-1.0,-1.0,-1
2018-03-22 09:00:00-04:00,1.231345,1.23239,1.230415,1.232185,-1.0,-1.0,-1
2018-03-22 10:00:00-04:00,1.232185,1.23257,1.230125,1.230895,-1.0,-1.0,-1
2018-03-22 11:00:00-04:00,1.230895,1.231215,1.22961,1.231055,-1.0,-1.0,-1
2018-03-22 12:00:00-04:00,1.231055,1.231835,1.228535,1.230655,-1.0,-1.0,-1
2018-03-22 13:00:00-04:00,1.230655,1.2311,1.22921,1.230265,-1.0,-1.0,-1
2018-03-22 14:00:00-04:00,1.230265,1.23147,1.23003,1.23062,-1.0,-1.0,-1
2018-03-22 15:00:00-04:00,1.23062,1.23228,1.230555,1.23182,-1.0,-1.0,-1
2018-03-22 16:00:00-04:00,1.23182,1.23196,1.230005,1.230215,-1.0,-1.0,-1
2018-03-22 17:15:00-04:00,1.230675,1.230995,1.23035,1.2307,-1.0,-1.0,-1
2018-03-22 18:00:00-04:00,1.2307,1.23234,1.230665,1.232025,-1.0,-1.0,-1
2018-03-22 19:00:00-04:00,1.232025,1.232885,1.231625,1.232415,-1.0,-1.0,-1
2018-03-22 20:00:00-04:00,1.232415,1.23412,1.231955,1.23368,-1.0,-1.0,-1
2018-03-22 21:00:00-04:00,1.23368,1.23376,1.23257,1.232955,-1.0,-1.0,-1
2018-03-22 22:00:00-04:00,1.232955,1.23414,1.2327,1.23331,-1.0,-1.0,-1
2018-03-22 23:00:00-04:00,1.23331,1.233795,1.2331,1.233465,-1.0,-1.0,-1
2018-03-23 00:00:00-04:00,1.233465,1.233615,1.233155,1.23346,-1.0,-1.0,-1
2018-03-23 01:00:00-04:00,1.23346,1.233885,1.233135,1.233185,-1.0,-1.0,-1
2018-03-23 02:00:00-04:00,1.233185,1.234715,1.233185,1.2345,-1.0,-1.0,-1
2018-03-23 03:00:00-04:00,1.2345,1.234885,1.23168,1.232175,-1.0,-1.0,-1
2018-03-23 04:00:00-04:00,1.232175,1.234075,1.232005,1.23363,-1.0,-1.0,-1
2018-03-23 05:00:00-04:00,1.23363,1.234015,1.231965,1.232425,-1.0,-1.0,-1
2018-03-23 06:00:00-04:00,1.232425,1.233425,1.232375,1.233055,-1.0,-1.0,-1
2018-03-23 07:00:00-04:00,1.233055,1.2346,1.232745,1.234425,-1.0,-1.0,-1
2018-03-23 08:00:00-04:00,1.234425,1.235995,1.233415,1.233825,-1.0,-1.0,-1
2018-03-23 09:00:00-04:00,1.233825,1.23463,1.232275,1.233655,-1.0,-1.0,-1
2018-03-23 10:00:00-04:00,1.233655,1.235495,1.233535,1.23373,-1.0,-1.0,-1
2018-03-23 11:00:00-04:00,1.23373,1.23626,1.233515,1.235865,-1.0,-1.0,-1
2018-03-23 12:00:00-04:00,1.235865,1.236705,1.234925,1.23628,-1.0,-1.0,-1
2018-03-23 13:00:00-04:00,1.23628,1.236825,1.23558,1.236185,-1.0,-1.0,-1
2018-03-23 14:00:00-04:00,1.236185,1.237345,1.23557,1.236745,-1.0,-1.0,-1
2018-03-23 15:00:00-04:00,1.236745,1.23708,1.23605,1.23651,-1.0,-1.0,-1
2018-03-23 16:00:00-04:00,1.23651,1.236655,1.235085,1.23537,-1.0,-1.0,-1
2018-03-25 17:15:00-04:00,1.2355,1.23614,1.23545,1.23589,-1.0,-1.0,-1
2018-03-25 18:00:00-04:00,1.23589,1.236775,1.235735,1.23671,-1.0,-1.0,-1
2018-03-25 19:00:00-04:00,1.23671,1.23672,1.235355,1.235435,-1.0,-1.0,-1
2018-03-25 20:00:00-04:00,1.235435,1.238285,1.235185,1.236955,-1.0,-1.0,-1
2018-03-25 21:00:00-04:00,1.236955,1.237155,1.236425,1.237025,-1.0,-1.0,-1
2018-03-25 22:00:00-04:00,1.237025,1.237635,1.23671,1.23754,-1.0,-1.0,-1
2018-03-25 23:00:00-04:00,1.23754,1.23812,1.237215,1.237325,-1.0,-1.0,-1
2018-03-26 00:00:00-04:00,1.237325,1.237625,1.237135,1.237335,-1.0,-1.0,-1
2018-03-26 01:00:00-04:00,1.237335,1.23736,1.236485,1.23661,-1.0,-1.0,-1
2018-03-26 02:00:00-04:00,1.23661,1.23706,1.23617,1.236205,-1.0,-1.0,-1
2018-03-26 03:00:00-04:00,1.236205,1.239395,1.23591,1.238295,-1.0,-1.0,-1
2018-03-26 04:00:00-04:00,1.238295,1.23988,1.237415,1.239235,-1.0,-1.0,-1
2018-03-26 05:00:00-04:00,1.239235,1.24167,1.23919,1.240595,-1.0,-1.0,-1
2018-03-26 06:00:00-04:00,1.240595,1.241265,1.239865,1.240355,-1.0,-1.0,-1
2018-03-26 07:00:00-04:00,1.240355,1.241705,1.24034,1.24069,-1.0,-1.0,-1
2018-03-26 08:00:00-04:00,1.24069,1.241275,1.24002,1.24005,-1.0,-1.0,-1
2018-03-26 09:00:00-04:00,1.24005,1.24394,1.23982,1.243645,-1.0,-1.0,-1
2018-03-26 10:00:00-04:00,1.243645,1.24489,1.24334,1.24417,-1.0,-1.0,-1
2018-03-26 11:00:00-04:00,1.24417,1.244715,1.24372,1.244015,-1.0,-1.0,-1
2018-03-26 12:00:00-04:00,1.244015,1.24506,1.24372,1.244425,-1.0,-1.0,-1
2018-03-26 13:00:00-04:00,1.244425,1.245605,1.244175,1.24527,-1.0,-1.0,-1
2018-03-26 14:00:00-04:00,1.24527,1.246165,1.245215,1.245495,-1.0,-1.0,-1
2018-03-26 15:00:00-04:00,1.245495,1.245655,1.24495,1.245195,-1.0,-1.0,-1
2018-03-26 16:00:00-04:00,1.245195,1.24531,1.24412,1.244415,-1.0,-1.0,-1
2018-03-26 17:15:00-04:00,1.2447,1.245025,1.244535,1.244765,-1.0,-1.0,-1
2018-03-26 18:00:00-04:00,1.244765,1.24527,1.24442,1.245205,-1.0,-1.0,-1
2018-03-26 19:00:00-04:00,1.245205,1.245785,1.24486,1.2457,-1.0,-1.0,-1
2018-03-26 20:00:00-04:00,1.2457,1.2457,1.244705,1.24498,-1.0,-1.0,-1
2018-03-26 21:00:00-04:00,1.24498,1.245345,1.24424,1.24431,-1.0,-1.0,-1
2018-03-26 22:00:00-04:00,1.24431,1.24495,1.24424,1.244665,-1.0,-1.0,-1
2018-03-26 23:00:00-04:00,1.244665,1.24552,1.244665,1.24517,-1.0,-1.0,-1
2018-03-27 00:00:00-04:00,1.24517,1.245475,1.24486,1.244975,-1.0,-1.0,-1
2018-03-27 01:00:00-04:00,1.244975,1.24517,1.244275,1.24488,-1.0,-1.0,-1
2018-03-27 02:00:00-04:00,1.24488,1.247655,1.24462,1.246535,-1.0,-1.0,-1
2018-03-27 03:00:00-04:00,1.246535,1.247415,1.24587,1.246525,-1.0,-1.0,-1
2018-03-27 04:00:00-04:00,1.246525,1.246585,1.242625,1.243005,-1.0,-1.0,-1
2018-03-27 05:00:00-04:00,1.243005,1.24308,1.241,1.241405,-1.0,-1.0,-1
2018-03-27 06:00:00-04:00,1.241405,1.242,1.240505,1.240715,-1.0,-1.0,-1
2018-03-27 07:00:00-04:00,1.240715,1.240755,1.238955,1.23912,-1.0,-1.0,-1
2018-03-27 08:00:00-04:00,1.23912,1.239145,1.237245,1.238705,-1.0,-1.0,-1
2018-03-27 09:00:00-04:00,1.238705,1.239895,1.237755,1.23907,-1.0,-1.0,-1
2018-03-27 10:00:00-04:00,1.23907,1.24092,1.23898,1.239335,-1.0,-1.0,-1
2018-03-27 11:00:00-04:00,1.239335,1.24135,1.23898,1.240835,-1.0,-1.0,-1
2018-03-27 12:00:00-04:00,1.240835,1.24161,1.240665,1.241355,-1.0,-1.0,-1
2018-03-27 13:00:00-04:00,1.241355,1.241515,1.240415,1.240935,-1.0,-1.0,-1
2018-03-27 14:00:00-04:00,1.240935,1.24118,1.240015,1.24003,-1.0,-1.0,-1
2018-03-27 15:00:00-04:00,1.24003,1.240575,1.239475,1.239655,-1.0,-1.0,-1
2018-03-27 16:00:00-04:00,1.239655,1.240475,1.239635,1.24027,-1.0,-1.0,-1
2018-03-27 17:15:00-04:00,1.240575,1.240735,1.240275,1.24054,-1.0,-1.0,-1
2018-03-27 18:00:00-04:00,1.24054,1.2409,1.240395,1.24062,-1.0,-1.0,-1
2018-03-27 19:00:00-04:00,1.24062,1.24091,1.240555,1.24089,-1.0,-1.0,-1
2018-03-27 20:00:00-04:00,1.24089,1.241595,1.240685,1.24127,-1.0,-1.0,-1
2018-03-27 21:00:00-04:00,1.24127,1.24196,1.24093,1.24158,-1.0,-1.0,-1
2018-03-27 22:00:00-04:00,1.24158,1.242145,1.24098,1.241785,-1.0,-1.0,-1
2018-03-27 23:00:00-04:00,1.241785,1.242175,1.24166,1.24214,-1.0,-1.0,-1
2018-03-28 00:00:00-04:00,1.24214,1.24214,1.240725,1.24083,-1.0,-1.0,-1
2018-03-28 01:00:00-04:00,1.24083,1.241045,1.24032,1.240705,-1.0,-1.0,-1
2018-03-28 02:00:00-04:00,1.240705,1.240705,1.238365,1.239375,-1.0,-1.0,-1
2018-03-28 03:00:00-04:00,1.239375,1.240185,1.237645,1.239885,-1.0,-1.0,-1
2018-03-28 04:00:00-04:00,1.239885,1.24089,1.23962,1.23976,-1.0,-1.0,-1
2018-03-28 05:00:00-04:00,1.23976,1.23986,1.238385,1.2392,-1.0,-1.0,-1
2018-03-28 06:00:00-04:00,1.2392,1.23986,1.238685,1.23914,-1.0,-1.0,-1
2018-03-28 07:00:00-04:00,1.23914,1.240515,1.23884,1.240415,-1.0,-1.0,-1
2018-03-28 08:00:00-04:00,1.240415,1.240875,1.237725,1.238315,-1.0,-1.0,-1
2018-03-28 09:00:00-04:00,1.238315,1.238405,1.233495,1.234305,-1.0,-1.0,-1
2018-03-28 10:00:00-04:00,1.234305,1.235185,1.233735,1.235165,-1.0,-1.0,-1
2018-03-28 11:00:00-04:00,1.235165,1.23602,1.234245,1.23497,-1.0,-1.0,-1
2018-03-28 12:00:00-04:00,1.23497,1.235275,1.233835,1.2346,-1.0,-1.0,-1
2018-03-28 13:00:00-04:00,1.2346,1.23511,1.23141,1.231705,-1.0,-1.0,-1
2018-03-28 14:00:00-04:00,1.231705,1.23188,1.230075,1.231295,-1.0,-1.0,-1
2018-03-28 15:00:00-04:00,1.231295,1.23153,1.230015,1.23009,-1.0,-1.0,-1
2018-03-28 16:00:00-04:00,1.23009,1.231025,1.23005,1.230835,-1.0,-1.0,-1
2018-03-28 17:15:00-04:00,1.230775,1.231185,1.230775,1.23099,-1.0,-1.0,-1
2018-03-28 18:00:00-04:00,1.23099,1.23135,1.23074,1.230975,-1.0,-1.0,-1
2018-03-28 19:00:00-04:00,1.230975,1.231355,1.23054,1.231265,-1.0,-1.0,-1
2018-03-28 20:00:00-04:00,1.231265,1.23144,1.23016,1.231245,-1.0,-1.0,-1
2018-03-28 21:00:00-04:00,1.231245,1.232425,1.231205,1.231775,-1.0,-1.0,-1
2018-03-28 22:00:00-04:00,1.231775,1.23261,1.231695,1.23233,-1.0,-1.0,-1
2018-03-28 23:00:00-04:00,1.23233,1.232805,1.23201,1.232795,-1.0,-1.0,-1
2018-03-29 00:00:00-04:00,1.232795,1.23312,1.232615,1.233025,-1.0,-1.0,-1
2018-03-29 01:00:00-04:00,1.233025,1.233515,1.23257,1.233375,-1.0,-1.0,-1
2018-03-29 02:00:00-04:00,1.233375,1.233375,1.230385,1.23087,-1.0,-1.0,-1
2018-03-29 03:00:00-04:00,1.23087,1.231785,1.229555,1.230875,-1.0,-1.0,-1
2018-03-29 04:00:00-04:00,1.230875,1.231785,1.230015,1.2307,-1.0,-1.0,-1
2018-03-29 05:00:00-04:00,1.2307,1.231605,1.230045,1.23143,-1.0,-1.0,-1
2018-03-29 06:00:00-04:00,1.23143,1.23279,1.229765,1.23232,-1.0,-1.0,-1
2018-03-29 07:00:00-04:00,1.23232,1.233525,1.23171,1.231795,-1.0,-1.0,-1
2018-03-29 08:00:00-04:00,1.231795,1.232735,1.230675,1.231885,-1.0,-1.0,-1
2018-03-29 09:00:00-04:00,1.231885,1.233545,1.23176,1.232435,-1.0,-1.0,-1
2018-03-29 10:00:00-04:00,1.232435,1.232625,1.229715,1.22986,-1.0,-1.0,-1
2018-03-29 11:00:00-04:00,1.22986,1.230265,1.22839,1.228795,-1.0,-1.0,-1
2018-03-29 12:00:00-04:00,1.228795,1.23006,1.22867,1.229065,-1.0,-1.0,-1
2018-03-29 13:00:00-04:00,1.229065,1.23008,1.22858,1.22961,-1.0,-1.0,-1
2018-03-29 14:00:00-04:00,1.22961,1.231045,1.229375,1.23061,-1.0,-1.0,-1
2018-03-29 15:00:00-04:00,1.23061,1.23083,1.230305,1.23047,-1.0,-1.0,-1
2018-03-29 16:00:00-04:00,1.23047,1.23047,1.23,1.230045,-1.0,-1.0,-1
2018-03-29 17:15:00-04:00,1.230425,1.230575,1.230135,1.23022,-1.0,-1.0,-1
2018-03-29 18:00:00-04:00,1.23022,1.23061,1.230055,1.230395,-1.0,-1.0,-1
2018-03-29 19:00:00-04:00,1.230395,1.23043,1.229965,1.230245,-1.0,-1.0,-1
2018-03-29 20:00:00-04:00,1.230245,1.23091,1.229125,1.230035,-1.0,-1.0,-1
2018-03-29 21:00:00-04:00,1.230035,1.231355,1.22996,1.23126,-1.0,-1.0,-1
2018-03-29 22:00:00-04:00,1.23126,1.231715,1.230975,1.23148,-1.0,-1.0,-1
2018-03-29 23:00:00-04:00,1.23148,1.231805,1.23113,1.231435,-1.0,-1.0,-1
2018-03-30 00:00:00-04:00,1.231435,1.2318,1.23099,1.231205,-1.0,-1.0,-1
2018-03-30 01:00:00-04:00,1.231205,1.231665,1.23051,1.230665,-1.0,-1.0,-1
2018-03-30 02:00:00-04:00,1.230665,1.232135,1.230625,1.23174,-1.0,-1.0,-1
2018-03-30 03:00:00-04:00,1.23174,1.232325,1.231705,1.232325,-1.0,-1.0,-1
2018-03-30 04:00:00-04:00,1.232325,1.233105,1.232255,1.232805,-1.0,-1.0,-1
2018-03-30 05:00:00-04:00,1.232805,1.23304,1.23234,1.232695,-1.0,-1.0,-1
2018-03-30 06:00:00-04:00,1.232695,1.232895,1.23262,1.23266,-1.0,-1.0,-1
2018-03-30 07:00:00-04:00,1.23266,1.23278,1.232545,1.23277,-1.0,-1.0,-1
2018-03-30 08:00:00-04:00,1.23277,1.232925,1.232555,1.23278,-1.0,-1.0,-1
2018-03-30 09:00:00-04:00,1.23278,1.2329,1.232065,1.232575,-1.0,-1.0,-1
2018-03-30 10:00:00-04:00,1.232575,1.23265,1.231835,1.232165,-1.0,-1.0,-1
2018-03-30 11:00:00-04:00,1.232165,1.232355,1.231365,1.231835,-1.0,-1.0,-1
2018-03-30 12:00:00-04:00,1.231835,1.23279,1.231835,1.23263,-1.0,-1.0,-1
2018-03-30 13:00:00-04:00,1.23263,1.232735,1.232005,1.23216,-1.0,-1.0,-1
2018-03-30 14:00:00-04:00,1.23216,1.232645,1.231865,1.23251,-1.0,-1.0,-1
2018-03-30 15:00:00-04:00,1.23251,1.23259,1.231855,1.23187,-1.0,-1.0,-1
2018-03-30 16:00:00-04:00,1.23187,1.23283,1.231625,1.232425,-1.0,-1.0,-1
2018-04-01 19:00:00-04:00,1.231755,1.232105,1.231275,1.231275,-1.0,-1.0,-1
2018-04-01 20:00:00-04:00,1.231275,1.232195,1.23109,1.23219,-1.0,-1.0,-1
2018-04-01 21:00:00-04:00,1.23219,1.232835,1.23215,1.23265,-1.0,-1.0,-1
2018-04-01 22:00:00-04:00,1.23265,1.23281,1.232105,1.232355,-1.0,-1.0,-1
2018-04-01 23:00:00-04:00,1.232355,1.232365,1.23165,1.231865,-1.0,-1.0,-1
2018-04-02 00:00:00-04:00,1.231865,1.231865,1.2315,1.231705,-1.0,-1.0,-1
2018-04-02 01:00:00-04:00,1.231705,1.231745,1.231345,1.231735,-1.0,-1.0,-1
2018-04-02 02:00:00-04:00,1.231735,1.23228,1.231195,1.23226,-1.0,-1.0,-1
2018-04-02 03:00:00-04:00,1.23226,1.23321,1.232035,1.23309,-1.0,-1.0,-1
2018-04-02 04:00:00-04:00,1.23309,1.233185,1.232805,1.232915,-1.0,-1.0,-1
2018-04-02 05:00:00-04:00,1.232915,1.233255,1.232835,1.23314,-1.0,-1.0,-1
2018-04-02 06:00:00-04:00,1.23314,1.233145,1.23266,1.232775,-1.0,-1.0,-1
2018-04-02 07:00:00-04:00,1.232775,1.234235,1.232715,1.23414,-1.0,-1.0,-1
2018-04-02 08:00:00-04:00,1.23414,1.234505,1.233415,1.2336,-1.0,-1.0,-1
2018-04-02 09:00:00-04:00,1.2336,1.233745,1.231795,1.232165,-1.0,-1.0,-1
2018-04-02 10:00:00-04:00,1.232165,1.233425,1.231025,1.231185,-1.0,-1.0,-1
2018-04-02 11:00:00-04:00,1.231185,1.231205,1.22816,1.2288,-1.0,-1.0,-1
2018-04-02 12:00:00-04:00,1.2288,1.22948,1.228535,1.22942,-1.0,-1.0,-1
2018-04-02 13:00:00-04:00,1.22942,1.230475,1.22881,1.230465,-1.0,-1.0,-1
2018-04-02 14:00:00-04:00,1.230465,1.23073,1.22989,1.230055,-1.0,-1.0,-1
2018-04-02 15:00:00-04:00,1.230055,1.23063,1.229825,1.230575,-1.0,-1.0,-1
2018-04-02 16:00:00-04:00,1.230575,1.2306,1.230105,1.23021,-1.0,-1.0,-1
2018-04-02 17:15:00-04:00,1.230425,1.2305,1.22982,1.230185,-1.0,-1.0,-1
2018-04-02 18:00:00-04:00,1.230185,1.230355,1.229845,1.23012,-1.0,-1.0,-1
2018-04-02 19:00:00-04:00,1.23012,1.23034,1.229225,1.229325,-1.0,-1.0,-1
2018-04-02 20:00:00-04:00,1.229325,1.23042,1.229235,1.23034,-1.0,-1.0,-1
2018-04-02 21:00:00-04:00,1.23034,1.23082,1.22971,1.23035,-1.0,-1.0,-1
2018-04-02 22:00:00-04:00,1.23035,1.230975,1.23021,1.230765,-1.0,-1.0,-1
2018-04-02 23:00:00-04:00,1.230765,1.23118,1.23052,1.230565,-1.0,-1.0,-1
2018-04-03 00:00:00-04:00,1.230565,1.23102,1.230465,1.23097,-1.0,-1.0,-1
2018-04-03 01:00:00-04:00,1.23097,1.231095,1.230355,1.23086,-1.0,-1.0,-1
2018-04-03 02:00:00-04:00,1.23086,1.23248,1.23046,1.232335,-1.0,-1.0,-1
2018-04-03 03:00:00-04:00,1.232335,1.233615,1.23204,1.23241,-1.0,-1.0,-1
2018-04-03 04:00:00-04:00,1.23241,1.233095,1.231385,1.231675,-1.0,-1.0,-1
2018-04-03 05:00:00-04:00,1.231675,1.2319,1.230405,1.23074,-1.0,-1.0,-1
2018-04-03 06:00:00-04:00,1.23074,1.23156,1.22862,1.228835,-1.0,-1.0,-1
2018-04-03 07:00:00-04:00,1.228835,1.230575,1.228655,1.2302,-1.0,-1.0,-1
2018-04-03 08:00:00-04:00,1.2302,1.2315,1.22921,1.22959,-1.0,-1.0,-1
2018-04-03 09:00:00-04:00,1.22959,1.2299,1.225595,1.22581,-1.0,-1.0,-1
2018-04-03 10:00:00-04:00,1.22581,1.227485,1.22537,1.227275,-1.0,-1.0,-1
2018-04-03 11:00:00-04:00,1.227275,1.227615,1.225895,1.22611,-1.0,-1.0,-1
2018-04-03 12:00:00-04:00,1.22611,1.227105,1.225785,1.22665,-1.0,-1.0,-1
2018-04-03 13:00:00-04:00,1.22665,1.227395,1.226265,1.22641,-1.0,-1.0,-1
2018-04-03 14:00:00-04:00,1.22641,1.226995,1.226065,1.22678,-1.0,-1.0,-1
2018-04-03 15:00:00-04:00,1.22678,1.22719,1.22619,1.22636,-1.0,-1.0,-1
2018-04-03 16:00:00-04:00,1.22636,1.227195,1.22636,1.227115,-1.0,-1.0,-1
2018-04-03 17:15:00-04:00,1.22695,1.227085,1.226465,1.227045,-1.0,-1.0,-1
2018-04-03 18:00:00-04:00,1.227045,1.227325,1.22689,1.227245,-1.0,-1.0,-1
2018-04-03 19:00:00-04:00,1.227245,1.22784,1.226875,1.22784,-1.0,-1.0,-1
2018-04-03 20:00:00-04:00,1.22784,1.2281,1.22729,1.22789,-1.0,-1.0,-1
2018-04-03 21:00:00-04:00,1.22789,1.22792,1.227435,1.227795,-1.0,-1.0,-1
2018-04-03 22:00:00-04:00,1.227795,1.228725,1.227785,1.22814,-1.0,-1.0,-1
2018-04-03 23:00:00-04:00,1.22814,1.22836,1.22753,1.22825,-1.0,-1.0,-1
2018-04-04 00:00:00-04:00,1.22825,1.228415,1.22783,1.22783,-1.0,-1.0,-1
2018-04-04 01:00:00-04:00,1.22783,1.22815,1.22727,1.227825,-1.0,-1.0,-1
2018-04-04 02:00:00-04:00,1.227825,1.22783,1.226335,1.22665,-1.0,-1.0,-1
2018-04-04 03:00:00-04:00,1.22665,1.229525,1.225705,1.229475,-1.0,-1.0,-1
2018-04-04 04:00:00-04:00,1.229475,1.231475,1.22881,1.22918,-1.0,-1.0,-1
2018-04-04 05:00:00-04:00,1.22918,1.22967,1.22763,1.22775,-1.0,-1.0,-1
2018-04-04 06:00:00-04:00,1.22775,1.228715,1.2276,1.228485,-1.0,-1.0,-1
2018-04-04 07:00:00-04:00,1.228485,1.229285,1.228175,1.22882,-1.0,-1.0,-1
2018-04-04 08:00:00-04:00,1.22882,1.23007,1.227105,1.229675,-1.0,-1.0,-1
2018-04-04 09:00:00-04:00,1.229675,1.23002,1.228795,1.22974,-1.0,-1.0,-1
2018-04-04 10:00:00-04:00,1.22974,1.23099,1.22894,1.22985,-1.0,-1.0,-1
2018-04-04 11:00:00-04:00,1.22985,1.230375,1.228995,1.229115,-1.0,-1.0,-1
2018-04-04 12:00:00-04:00,1.229115,1.229775,1.22869,1.22941,-1.0,-1.0,-1
2018-04-04 13:00:00-04:00,1.22941,1.22945,1.228245,1.22833,-1.0,-1.0,-1
2018-04-04 14:00:00-04:00,1.22833,1.228525,1.22739,1.22801,-1.0,-1.0,-1
2018-04-04 15:00:00-04:00,1.22801,1.228425,1.227435,1.228275,-1.0,-1.0,-1
2018-04-04 16:00:00-04:00,1.228275,1.228275,1.22764,1.227825,-1.0,-1.0,-1
2018-04-04 17:15:00-04:00,1.22815,1.22832,1.22793,1.228255,-1.0,-1.0,-1
2018-04-04 18:00:00-04:00,1.228255,1.228595,1.228085,1.22848,-1.0,-1.0,-1
2018-04-04 19:00:00-04:00,1.22848,1.228745,1.228185,1.228735,-1.0,-1.0,-1
2018-04-04 20:00:00-04:00,1.228735,1.22903,1.228445,1.22862,-1.0,-1.0,-1
2018-04-04 21:00:00-04:00,1.22862,1.22896,1.227705,1.22802,-1.0,-1.0,-1
2018-04-04 22:00:00-04:00,1.22802,1.22818,1.227715,1.22798,-1.0,-1.0,-1
2018-04-04 23:00:00-04:00,1.22798,1.22875,1.22777,1.228475,-1.0,-1.0,-1
2018-04-05 00:00:00-04:00,1.228475,1.228535,1.227475,1.227685,-1.0,-1.0,-1
2018-04-05 01:00:00-04:00,1.227685,1.2279,1.22705,1.227535,-1.0,-1.0,-1
2018-04-05 02:00:00-04:00,1.227535,1.22757,1.22587,1.226315,-1.0,-1.0,-1
2018-04-05 03:00:00-04:00,1.226315,1.227105,1.224905,1.225725,-1.0,-1.0,-1
2018-04-05 04:00:00-04:00,1.225725,1.226895,1.225375,1.226515,-1.0,-1.0,-1
2018-04-05 05:00:00-04:00,1.226515,1.228375,1.226265,1.22763,-1.0,-1.0,-1
2018-04-05 06:00:00-04:00,1.22763,1.22803,1.226885,1.22799,-1.0,-1.0,-1
2018-04-05 07:00:00-04:00,1.22799,1.22817,1.225285,1.22559,-1.0,-1.0,-1
2018-04-05 08:00:00-04:00,1.22559,1.226295,1.223575,1.225005,-1.0,-1.0,-1
2018-04-05 09:00:00-04:00,1.225005,1.226865,1.224485,1.22558,-1.0,-1.0,-1
2018-04-05 10:00:00-04:00,1.22558,1.225715,1.222155,1.222925,-1.0,-1.0,-1
2018-04-05 11:00:00-04:00,1.222925,1.223295,1.22184,1.22291,-1.0,-1.0,-1
2018-04-05 12:00:00-04:00,1.22291,1.22438,1.222835,1.22362,-1.0,-1.0,-1
2018-04-05 13:00:00-04:00,1.22362,1.22379,1.222435,1.2236,-1.0,-1.0,-1
2018-04-05 14:00:00-04:00,1.2236,1.22395,1.223275,1.223655,-1.0,-1.0,-1
2018-04-05 15:00:00-04:00,1.223655,1.22385,1.22334,1.2235,-1.0,-1.0,-1
2018-04-05 16:00:00-04:00,1.2235,1.22413,1.22344,1.224045,-1.0,-1.0,-1
2018-04-05 17:15:00-04:00,1.223825,1.224095,1.223765,1.22395,-1.0,-1.0,-1
2018-04-05 18:00:00-04:00,1.22395,1.224675,1.2238,1.224435,-1.0,-1.0,-1
2018-04-05 19:00:00-04:00,1.224435,1.225455,1.224025,1.224875,-1.0,-1.0,-1
2018-04-05 20:00:00-04:00,1.224875,1.22529,1.22468,1.22491,-1.0,-1.0,-1
2018-04-05 21:00:00-04:00,1.22491,1.225955,1.2248,1.22581,-1.0,-1.0,-1
2018-04-05 22:00:00-04:00,1.22581,1.225995,1.22547,1.2255,-1.0,-1.0,-1
2018-04-05 23:00:00-04:00,1.2255,1.22558,1.22418,1.224225,-1.0,-1.0,-1
2018-04-06 00:00:00-04:00,1.224225,1.2243,1.22341,1.223835,-1.0,-1.0,-1
2018-04-06 01:00:00-04:00,1.223835,1.224265,1.223565,1.223765,-1.0,-1.0,-1
2018-04-06 02:00:00-04:00,1.223765,1.22394,1.222765,1.22361,-1.0,-1.0,-1
2018-04-06 03:00:00-04:00,1.22361,1.22368,1.221515,1.222715,-1.0,-1.0,-1
2018-04-06 04:00:00-04:00,1.222715,1.22369,1.22219,1.22351,-1.0,-1.0,-1
2018-04-06 05:00:00-04:00,1.22351,1.224765,1.223465,1.2243,-1.0,-1.0,-1
2018-04-06 06:00:00-04:00,1.2243,1.22461,1.22389,1.22398,-1.0,-1.0,-1
2018-04-06 07:00:00-04:00,1.22398,1.224265,1.223115,1.22319,-1.0,-1.0,-1
2018-04-06 08:00:00-04:00,1.22319,1.225685,1.22195,1.224795,-1.0,-1.0,-1
2018-04-06 09:00:00-04:00,1.224795,1.22801,1.22441,1.226845,-1.0,-1.0,-1
2018-04-06 10:00:00-04:00,1.226845,1.22762,1.225715,1.226195,-1.0,-1.0,-1
2018-04-06 11:00:00-04:00,1.226195,1.22799,1.226055,1.22739,-1.0,-1.0,-1
2018-04-06 12:00:00-04:00,1.22739,1.227895,1.226625,1.227575,-1.0,-1.0,-1
2018-04-06 13:00:00-04:00,1.227575,1.228195,1.22679,1.22819,-1.0,-1.0,-1
2018-04-06 14:00:00-04:00,1.22819,1.228965,1.227805,1.22857,-1.0,-1.0,-1
2018-04-06 15:00:00-04:00,1.22857,1.22909,1.228155,1.22853,-1.0,-1.0,-1
2018-04-06 16:00:00-04:00,1.22853,1.228685,1.227915,1.228075,-1.0,-1.0,-1
2018-04-08 17:15:00-04:00,1.22795,1.228595,1.22763,1.22777,-1.0,-1.0,-1
2018-04-08 18:00:00-04:00,1.22777,1.227945,1.22736,1.22741,-1.0,-1.0,-1
2018-04-08 19:00:00-04:00,1.22741,1.227705,1.226565,1.227105,-1.0,-1.0,-1
2018-04-08 20:00:00-04:00,1.227105,1.22755,1.226595,1.227495,-1.0,-1.0,-1
2018-04-08 21:00:00-04:00,1.227495,1.227745,1.22711,1.227125,-1.0,-1.0,-1
2018-04-08 22:00:00-04:00,1.227125,1.22743,1.2266,1.22739,-1.0,-1.0,-1
2018-04-08 23:00:00-04:00,1.22739,1.227535,1.226865,1.22725,-1.0,-1.0,-1
2018-04-09 00:00:00-04:00,1.22725,1.22774,1.227215,1.227735,-1.0,-1.0,-1
2018-04-09 01:00:00-04:00,1.227735,1.22859,1.22748,1.22821,-1.0,-1.0,-1
2018-04-09 02:00:00-04:00,1.22821,1.228655,1.227305,1.227855,-1.0,-1.0,-1
2018-04-09 03:00:00-04:00,1.227855,1.22864,1.22604,1.22821,-1.0,-1.0,-1
2018-04-09 04:00:00-04:00,1.22821,1.228495,1.22751,1.228005,-1.0,-1.0,-1
2018-04-09 05:00:00-04:00,1.228005,1.228435,1.226735,1.22676,-1.0,-1.0,-1
2018-04-09 06:00:00-04:00,1.22676,1.22752,1.22623,1.227305,-1.0,-1.0,-1
2018-04-09 07:00:00-04:00,1.227305,1.22862,1.226625,1.22839,-1.0,-1.0,-1
2018-04-09 08:00:00-04:00,1.22839,1.23137,1.228225,1.23134,-1.0,-1.0,-1
2018-04-09 09:00:00-04:00,1.23134,1.232715,1.231185,1.23238,-1.0,-1.0,-1
2018-04-09 10:00:00-04:00,1.23238,1.233105,1.230995,1.23114,-1.0,-1.0,-1
2018-04-09 11:00:00-04:00,1.23114,1.232685,1.23073,1.231895,-1.0,-1.0,-1
2018-04-09 12:00:00-04:00,1.231895,1.232725,1.231285,1.231825,-1.0,-1.0,-1
2018-04-09 13:00:00-04:00,1.231825,1.232385,1.23126,1.23176,-1.0,-1.0,-1
2018-04-09 14:00:00-04:00,1.23176,1.232565,1.23146,1.232165,-1.0,-1.0,-1
2018-04-09 15:00:00-04:00,1.232165,1.23257,1.231575,1.232265,-1.0,-1.0,-1
2018-04-09 16:00:00-04:00,1.232265,1.232265,1.2317,1.232125,-1.0,-1.0,-1
2018-04-09 17:15:00-04:00,1.23217,1.23233,1.23201,1.23233,-1.0,-1.0,-1
2018-04-09 18:00:00-04:00,1.23233,1.23267,1.232155,1.232215,-1.0,-1.0,-1
2018-04-09 19:00:00-04:00,1.232215,1.23248,1.23206,1.232065,-1.0,-1.0,-1
2018-04-09 20:00:00-04:00,1.232065,1.232895,1.232055,1.232535,-1.0,-1.0,-1
2018-04-09 21:00:00-04:00,1.232535,1.232685,1.231615,1.231675,-1.0,-1.0,-1
2018-04-09 22:00:00-04:00,1.231675,1.23179,1.23068,1.231675,-1.0,-1.0,-1
2018-04-09 23:00:00-04:00,1.231675,1.231835,1.23103,1.23149,-1.0,-1.0,-1
2018-04-10 00:00:00-04:00,1.23149,1.23187,1.23116,1.23187,-1.0,-1.0,-1
2018-04-10 01:00:00-04:00,1.23187,1.23187,1.230785,1.23081,-1.0,-1.0,-1
2018-04-10 02:00:00-04:00,1.23081,1.231925,1.23029,1.231575,-1.0,-1.0,-1
2018-04-10 03:00:00-04:00,1.231575,1.23354,1.23093,1.23301,-1.0,-1.0,-1
2018-04-10 04:00:00-04:00,1.23301,1.233075,1.231255,1.23251,-1.0,-1.0,-1
2018-04-10 05:00:00-04:00,1.23251,1.23307,1.231935,1.23219,-1.0,-1.0,-1
2018-04-10 06:00:00-04:00,1.23219,1.232795,1.231775,1.232495,-1.0,-1.0,-1
2018-04-10 07:00:00-04:00,1.232495,1.23776,1.232105,1.236005,-1.0,-1.0,-1
2018-04-10 08:00:00-04:00,1.236005,1.236525,1.2341,1.234855,-1.0,-1.0,-1
2018-04-10 09:00:00-04:00,1.234855,1.236825,1.234595,1.236495,-1.0,-1.0,-1
2018-04-10 10:00:00-04:00,1.236495,1.23672,1.23462,1.234985,-1.0,-1.0,-1
2018-04-10 11:00:00-04:00,1.234985,1.236055,1.23244,1.233715,-1.0,-1.0,-1
2018-04-10 12:00:00-04:00,1.233715,1.234825,1.233625,1.23404,-1.0,-1.0,-1
2018-04-10 13:00:00-04:00,1.23404,1.23587,1.234005,1.234585,-1.0,-1.0,-1
2018-04-10 14:00:00-04:00,1.234585,1.23615,1.234405,1.23608,-1.0,-1.0,-1
2018-04-10 15:00:00-04:00,1.23608,1.23614,1.235285,1.2354,-1.0,-1.0,-1
2018-04-10 16:00:00-04:00,1.2354,1.23567,1.235265,1.235585,-1.0,-1.0,-1
2018-04-10 17:15:00-04:00,1.235475,1.235565,1.235205,1.23536,-1.0,-1.0,-1
2018-04-10 18:00:00-04:00,1.23536,1.235845,1.23535,1.235725,-1.0,-1.0,-1
2018-04-10 19:00:00-04:00,1.235725,1.236495,1.235725,1.236285,-1.0,-1.0,-1
2018-04-10 20:00:00-04:00,1.236285,1.23653,1.235825,1.236095,-1.0,-1.0,-1
2018-04-10 21:00:00-04:00,1.236095,1.236315,1.23528,1.235435,-1.0,-1.0,-1
2018-04-10 22:00:00-04:00,1.235435,1.236305,1.235435,1.235835,-1.0,-1.0,-1
2018-04-10 23:00:00-04:00,1.235835,1.236415,1.235725,1.23628,-1.0,-1.0,-1
2018-04-11 00:00:00-04:00,1.23628,1.23643,1.236055,1.236385,-1.0,-1.0,-1
2018-04-11 01:00:00-04:00,1.236385,1.23699,1.236275,1.236475,-1.0,-1.0,-1
2018-04-11 02:00:00-04:00,1.236475,1.238165,1.236285,1.23764,-1.0,-1.0,-1
2018-04-11 03:00:00-04:00,1.23764,1.23873,1.23718,1.237625,-1.0,-1.0,-1
2018-04-11 04:00:00-04:00,1.237625,1.237725,1.236225,1.237715,-1.0,-1.0,-1
2018-04-11 05:00:00-04:00,1.237715,1.23788,1.236235,1.23781,-1.0,-1.0,-1
2018-04-11 06:00:00-04:00,1.23781,1.238465,1.23681,1.23752,-1.0,-1.0,-1
2018-04-11 07:00:00-04:00,1.23752,1.238885,1.237065,1.23756,-1.0,-1.0,-1
2018-04-11 08:00:00-04:00,1.23756,1.23967,1.23734,1.23755,-1.0,-1.0,-1
2018-04-11 09:00:00-04:00,1.23755,1.23806,1.236825,1.237525,-1.0,-1.0,-1
2018-04-11 10:00:00-04:00,1.237525,1.239315,1.237315,1.238385,-1.0,-1.0,-1
2018-04-11 11:00:00-04:00,1.238385,1.23907,1.237945,1.238395,-1.0,-1.0,-1
2018-04-11 12:00:00-04:00,1.238395,1.23851,1.2371,1.23747,-1.0,-1.0,-1
2018-04-11 13:00:00-04:00,1.23747,1.237825,1.23687,1.237225,-1.0,-1.0,-1
2018-04-11 14:00:00-04:00,1.237225,1.23734,1.234705,1.23626,-1.0,-1.0,-1
2018-04-11 15:00:00-04:00,1.23626,1.236695,1.23601,1.23617,-1.0,-1.0,-1
2018-04-11 16:00:00-04:00,1.23617,1.23708,1.236055,1.23671,-1.0,-1.0,-1
2018-04-11 17:15:00-04:00,1.23688,1.236965,1.236415,1.236755,-1.0,-1.0,-1
2018-04-11 18:00:00-04:00,1.236755,1.23713,1.2367,1.237015,-1.0,-1.0,-1
2018-04-11 19:00:00-04:00,1.237015,1.23724,1.236775,1.23719,-1.0,-1.0,-1
2018-04-11 20:00:00-04:00,1.23719,1.23798,1.23714,1.23759,-1.0,-1.0,-1
2018-04-11 21:00:00-04:00,1.23759,1.237835,1.23674,1.237,-1.0,-1.0,-1
2018-04-11 22:00:00-04:00,1.237,1.237045,1.236405,1.236515,-1.0,-1.0,-1
2018-04-11 23:00:00-04:00,1.236515,1.23698,1.236285,1.236865,-1.0,-1.0,-1
2018-04-12 00:00:00-04:00,1.236865,1.23689,1.23571,1.235855,-1.0,-1.0,-1
2018-04-12 01:00:00-04:00,1.235855,1.236085,1.235535,1.235685,-1.0,-1.0,-1
2018-04-12 02:00:00-04:00,1.235685,1.2374,1.235365,1.236285,-1.0,-1.0,-1
2018-04-12 03:00:00-04:00,1.236285,1.23718,1.235975,1.23687,-1.0,-1.0,-1
2018-04-12 04:00:00-04:00,1.23687,1.237295,1.234505,1.2346,-1.0,-1.0,-1
2018-04-12 05:00:00-04:00,1.2346,1.234605,1.233105,1.23405,-1.0,-1.0,-1
2018-04-12 06:00:00-04:00,1.23405,1.234285,1.232755,1.23378,-1.0,-1.0,-1
2018-04-12 07:00:00-04:00,1.23378,1.235175,1.232015,1.23211,-1.0,-1.0,-1
2018-04-12 08:00:00-04:00,1.23211,1.232765,1.23122,1.231575,-1.0,-1.0,-1
2018-04-12 09:00:00-04:00,1.231575,1.231995,1.230065,1.230685,-1.0,-1.0,-1
2018-04-12 10:00:00-04:00,1.230685,1.231785,1.22994,1.23169,-1.0,-1.0,-1
2018-04-12 11:00:00-04:00,1.23169,1.23233,1.230735,1.231785,-1.0,-1.0,-1
2018-04-12 12:00:00-04:00,1.231785,1.233635,1.23153,1.233435,-1.0,-1.0,-1
2018-04-12 13:00:00-04:00,1.233435,1.233995,1.23286,1.23332,-1.0,-1.0,-1
2018-04-12 14:00:00-04:00,1.23332,1.23343,1.23271,1.233045,-1.0,-1.0,-1
2018-04-12 15:00:00-04:00,1.233045,1.233155,1.23256,1.23257,-1.0,-1.0,-1
2018-04-12 16:00:00-04:00,1.23257,1.233145,1.23246,1.232655,-1.0,-1.0,-1
2018-04-12 17:15:00-04:00,1.23275,1.232805,1.232505,1.232665,-1.0,-1.0,-1
2018-04-12 18:00:00-04:00,1.232665,1.232975,1.23257,1.232875,-1.0,-1.0,-1
2018-04-12 19:00:00-04:00,1.232875,1.232995,1.232725,1.23294,-1.0,-1.0,-1
2018-04-12 20:00:00-04:00,1.23294,1.233285,1.232625,1.23285,-1.0,-1.0,-1
2018-04-12 21:00:00-04:00,1.23285,1.23314,1.232185,1.23233,-1.0,-1.0,-1
2018-04-12 22:00:00-04:00,1.23233,1.23306,1.23215,1.232935,-1.0,-1.0,-1
2018-04-12 23:00:00-04:00,1.232935,1.233335,1.23276,1.233005,-1.0,-1.0,-1
2018-04-13 00:00:00-04:00,1.233005,1.23308,1.23277,1.232895,-1.0,-1.0,-1
2018-04-13 01:00:00-04:00,1.232895,1.233095,1.23257,1.23276,-1.0,-1.0,-1
2018-04-13 02:00:00-04:00,1.23276,1.233105,1.23174,1.23234,-1.0,-1.0,-1
2018-04-13 03:00:00-04:00,1.23234,1.23438,1.232045,1.23409,-1.0,-1.0,-1
2018-04-13 04:00:00-04:00,1.23409,1.234595,1.23292,1.233495,-1.0,-1.0,-1
2018-04-13 05:00:00-04:00,1.233495,1.233995,1.23297,1.233475,-1.0,-1.0,-1
2018-04-13 06:00:00-04:00,1.233475,1.23389,1.232225,1.232275,-1.0,-1.0,-1
2018-04-13 07:00:00-04:00,1.232275,1.232305,1.23071,1.231255,-1.0,-1.0,-1
2018-04-13 08:00:00-04:00,1.231255,1.23249,1.230945,1.23161,-1.0,-1.0,-1
2018-04-13 09:00:00-04:00,1.23161,1.233135,1.231605,1.232465,-1.0,-1.0,-1
2018-04-13 10:00:00-04:00,1.232465,1.233335,1.232095,1.23282,-1.0,-1.0,-1
2018-04-13 11:00:00-04:00,1.23282,1.233225,1.23196,1.232065,-1.0,-1.0,-1
2018-04-13 12:00:00-04:00,1.232065,1.234395,1.231935,1.23419,-1.0,-1.0,-1
2018-04-13 13:00:00-04:00,1.23419,1.23426,1.23307,1.233605,-1.0,-1.0,-1
2018-04-13 14:00:00-04:00,1.233605,1.23363,1.232915,1.23316,-1.0,-1.0,-1
2018-04-13 15:00:00-04:00,1.23316,1.234145,1.23315,1.23373,-1.0,-1.0,-1
2018-04-13 16:00:00-04:00,1.23373,1.23404,1.23287,1.23305,-1.0,-1.0,-1
2018-04-15 17:15:00-04:00,1.232795,1.23378,1.232755,1.23295,-1.0,-1.0,-1
2018-04-15 18:00:00-04:00,1.23295,1.23351,1.232555,1.23287,-1.0,-1.0,-1
2018-04-15 19:00:00-04:00,1.23287,1.233375,1.23283,1.233175,-1.0,-1.0,-1
2018-04-15 20:00:00-04:00,1.233175,1.23403,1.233115,1.23391,-1.0,-1.0,-1
2018-04-15 21:00:00-04:00,1.23391,1.234285,1.233425,1.23365,-1.0,-1.0,-1
2018-04-15 22:00:00-04:00,1.23365,1.234165,1.233375,1.23403,-1.0,-1.0,-1
2018-04-15 23:00:00-04:00,1.23403,1.23409,1.233795,1.23381,-1.0,-1.0,-1
2018-04-16 00:00:00-04:00,1.23381,1.233815,1.233115,1.233115,-1.0,-1.0,-1
2018-04-16 01:00:00-04:00,1.233115,1.23336,1.232775,1.233,-1.0,-1.0,-1
2018-04-16 02:00:00-04:00,1.233,1.233885,1.23241,1.232725,-1.0,-1.0,-1
2018-04-16 03:00:00-04:00,1.232725,1.235965,1.232625,1.23568,-1.0,-1.0,-1
2018-04-16 04:00:00-04:00,1.23568,1.236865,1.235295,1.23646,-1.0,-1.0,-1
2018-04-16 05:00:00-04:00,1.23646,1.237405,1.235665,1.23641,-1.0,-1.0,-1
2018-04-16 06:00:00-04:00,1.23641,1.23657,1.235935,1.23643,-1.0,-1.0,-1
2018-04-16 07:00:00-04:00,1.23643,1.237335,1.236225,1.23697,-1.0,-1.0,-1
2018-04-16 08:00:00-04:00,1.23697,1.238315,1.23587,1.238135,-1.0,-1.0,-1
2018-04-16 09:00:00-04:00,1.238135,1.239465,1.237775,1.23892,-1.0,-1.0,-1
2018-04-16 10:00:00-04:00,1.23892,1.239215,1.236645,1.236705,-1.0,-1.0,-1
2018-04-16 11:00:00-04:00,1.236705,1.237295,1.23626,1.237285,-1.0,-1.0,-1
2018-04-16 12:00:00-04:00,1.237285,1.23854,1.236935,1.238285,-1.0,-1.0,-1
2018-04-16 13:00:00-04:00,1.238285,1.238325,1.23761,1.23772,-1.0,-1.0,-1
2018-04-16 14:00:00-04:00,1.23772,1.238275,1.23764,1.2381,-1.0,-1.0,-1
2018-04-16 15:00:00-04:00,1.2381,1.238215,1.23746,1.237585,-1.0,-1.0,-1
2018-04-16 16:00:00-04:00,1.237585,1.238415,1.237555,1.237955,-1.0,-1.0,-1
2018-04-16 17:15:00-04:00,1.23805,1.23821,1.23796,1.23806,-1.0,-1.0,-1
2018-04-16 18:00:00-04:00,1.23806,1.238415,1.237915,1.238165,-1.0,-1.0,-1
2018-04-16 19:00:00-04:00,1.238165,1.238535,1.237935,1.238385,-1.0,-1.0,-1
2018-04-16 20:00:00-04:00,1.238385,1.23877,1.238285,1.238365,-1.0,-1.0,-1
2018-04-16 21:00:00-04:00,1.238365,1.23879,1.23802,1.238065,-1.0,-1.0,-1
2018-04-16 22:00:00-04:00,1.238065,1.23814,1.237575,1.23814,-1.0,-1.0,-1
2018-04-16 23:00:00-04:00,1.23814,1.23842,1.237865,1.23813,-1.0,-1.0,-1
2018-04-17 00:00:00-04:00,1.23813,1.23865,1.238085,1.23824,-1.0,-1.0,-1
2018-04-17 01:00:00-04:00,1.23824,1.238905,1.238185,1.23886,-1.0,-1.0,-1
2018-04-17 02:00:00-04:00,1.23886,1.240475,1.238555,1.240175,-1.0,-1.0,-1
2018-04-17 03:00:00-04:00,1.240175,1.24138,1.23951,1.24024,-1.0,-1.0,-1
2018-04-17 04:00:00-04:00,1.24024,1.240285,1.238455,1.238565,-1.0,-1.0,-1
2018-04-17 05:00:00-04:00,1.238565,1.238705,1.236495,1.23723,-1.0,-1.0,-1
2018-04-17 06:00:00-04:00,1.23723,1.237395,1.23619,1.23715,-1.0,-1.0,-1
2018-04-17 07:00:00-04:00,1.23715,1.238075,1.236695,1.23674,-1.0,-1.0,-1
2018-04-17 08:00:00-04:00,1.23674,1.23679,1.234535,1.23478,-1.0,-1.0,-1
2018-04-17 09:00:00-04:00,1.23478,1.236135,1.234595,1.235145,-1.0,-1.0,-1
2018-04-17 10:00:00-04:00,1.235145,1.235445,1.233625,1.2346,-1.0,-1.0,-1
2018-04-17 11:00:00-04:00,1.2346,1.23494,1.233665,1.234475,-1.0,-1.0,-1
2018-04-17 12:00:00-04:00,1.234475,1.235715,1.233805,1.23553,-1.0,-1.0,-1
2018-04-17 13:00:00-04:00,1.23553,1.23679,1.235395,1.236325,-1.0,-1.0,-1
2018-04-17 14:00:00-04:00,1.236325,1.237215,1.23609,1.236785,-1.0,-1.0,-1
2018-04-17 15:00:00-04:00,1.236785,1.237275,1.236475,1.237235,-1.0,-1.0,-1
2018-04-17 16:00:00-04:00,1.237235,1.23763,1.236835,1.23697,-1.0,-1.0,-1
2018-04-17 17:15:00-04:00,1.237125,1.237475,1.23687,1.237425,-1.0,-1.0,-1
2018-04-17 18:00:00-04:00,1.237425,1.237505,1.23707,1.23721,-1.0,-1.0,-1
2018-04-17 19:00:00-04:00,1.23721,1.237395,1.236965,1.23726,-1.0,-1.0,-1
2018-04-17 20:00:00-04:00,1.23726,1.237435,1.23698,1.23702,-1.0,-1.0,-1
2018-04-17 21:00:00-04:00,1.23702,1.237405,1.2365,1.237145,-1.0,-1.0,-1
2018-04-17 22:00:00-04:00,1.237145,1.238085,1.237145,1.238005,-1.0,-1.0,-1
2018-04-17 23:00:00-04:00,1.238005,1.23824,1.23722,1.23818,-1.0,-1.0,-1
2018-04-18 00:00:00-04:00,1.23818,1.238185,1.23765,1.237725,-1.0,-1.0,-1
2018-04-18 01:00:00-04:00,1.237725,1.237815,1.23702,1.23768,-1.0,-1.0,-1
2018-04-18 02:00:00-04:00,1.23768,1.238075,1.236125,1.236325,-1.0,-1.0,-1
2018-04-18 03:00:00-04:00,1.236325,1.23677,1.234855,1.2364,-1.0,-1.0,-1
2018-04-18 04:00:00-04:00,1.2364,1.237225,1.23576,1.235995,-1.0,-1.0,-1
2018-04-18 05:00:00-04:00,1.235995,1.237495,1.23416,1.236385,-1.0,-1.0,-1
2018-04-18 06:00:00-04:00,1.236385,1.237285,1.23598,1.23727,-1.0,-1.0,-1
2018-04-18 07:00:00-04:00,1.23727,1.23928,1.237145,1.238315,-1.0,-1.0,-1
2018-04-18 08:00:00-04:00,1.238315,1.239495,1.23815,1.239165,-1.0,-1.0,-1
2018-04-18 09:00:00-04:00,1.239165,1.23972,1.238045,1.23849,-1.0,-1.0,-1
2018-04-18 10:00:00-04:00,1.23849,1.239725,1.23747,1.23769,-1.0,-1.0,-1
2018-04-18 11:00:00-04:00,1.23769,1.23833,1.237115,1.23798,-1.0,-1.0,-1
2018-04-18 12:00:00-04:00,1.23798,1.239285,1.237225,1.23902,-1.0,-1.0,-1
2018-04-18 13:00:00-04:00,1.23902,1.2393,1.23788,1.238255,-1.0,-1.0,-1
2018-04-18 14:00:00-04:00,1.238255,1.23873,1.23751,1.237745,-1.0,-1.0,-1
2018-04-18 15:00:00-04:00,1.237745,1.237885,1.237235,1.237485,-1.0,-1.0,-1
2018-04-18 16:00:00-04:00,1.237485,1.238085,1.237395,1.237405,-1.0,-1.0,-1
2018-04-18 17:15:00-04:00,1.2378,1.237995,1.237645,1.237865,-1.0,-1.0,-1
2018-04-18 18:00:00-04:00,1.237865,1.238295,1.23782,1.23793,-1.0,-1.0,-1
2018-04-18 19:00:00-04:00,1.23793,1.23838,1.237875,1.237875,-1.0,-1.0,-1
2018-04-18 20:00:00-04:00,1.237875,1.237915,1.23705,1.23724,-1.0,-1.0,-1
2018-04-18 21:00:00-04:00,1.23724,1.2375,1.236465,1.236785,-1.0,-1.0,-1
2018-04-18 22:00:00-04:00,1.236785,1.237885,1.23673,1.23777,-1.0,-1.0,-1
2018-04-18 23:00:00-04:00,1.23777,1.238555,1.237725,1.23786,-1.0,-1.0,-1
2018-04-19 00:00:00-04:00,1.23786,1.238375,1.23769,1.237815,-1.0,-1.0,-1
2018-04-19 01:00:00-04:00,1.237815,1.238405,1.237395,1.23746,-1.0,-1.0,-1
2018-04-19 02:00:00-04:00,1.23746,1.238195,1.236735,1.23806,-1.0,-1.0,-1
2018-04-19 03:00:00-04:00,1.23806,1.24003,1.238045,1.238825,-1.0,-1.0,-1
2018-04-19 04:00:00-04:00,1.238825,1.2389,1.236015,1.236625,-1.0,-1.0,-1
2018-04-19 05:00:00-04:00,1.236625,1.236995,1.235455,1.236985,-1.0,-1.0,-1
2018-04-19 06:00:00-04:00,1.236985,1.237325,1.235565,1.236685,-1.0,-1.0,-1
2018-04-19 07:00:00-04:00,1.236685,1.238105,1.236325,1.2381,-1.0,-1.0,-1
2018-04-19 08:00:00-04:00,1.2381,1.23855,1.23721,1.23793,-1.0,-1.0,-1
2018-04-19 09:00:00-04:00,1.23793,1.238475,1.23698,1.23699,-1.0,-1.0,-1
2018-04-19 10:00:00-04:00,1.23699,1.238235,1.236405,1.23644,-1.0,-1.0,-1
2018-04-19 11:00:00-04:00,1.23644,1.236565,1.23292,1.23363,-1.0,-1.0,-1
2018-04-19 12:00:00-04:00,1.23363,1.234825,1.233305,1.23448,-1.0,-1.0,-1
2018-04-19 13:00:00-04:00,1.23448,1.23583,1.23358,1.2346,-1.0,-1.0,-1
2018-04-19 14:00:00-04:00,1.2346,1.23504,1.23371,1.2338,-1.0,-1.0,-1
2018-04-19 15:00:00-04:00,1.2338,1.235235,1.23369,1.234865,-1.0,-1.0,-1
2018-04-19 16:00:00-04:00,1.234865,1.235235,1.234365,1.23454,-1.0,-1.0,-1
2018-04-19 17:15:00-04:00,1.234825,1.23484,1.234435,1.23467,-1.0,-1.0,-1
2018-04-19 18:00:00-04:00,1.23467,1.234675,1.23427,1.234275,-1.0,-1.0,-1
2018-04-19 19:00:00-04:00,1.234275,1.234685,1.234275,1.234335,-1.0,-1.0,-1
2018-04-19 20:00:00-04:00,1.234335,1.234895,1.23392,1.23473,-1.0,-1.0,-1
2018-04-19 21:00:00-04:00,1.23473,1.234835,1.23364,1.234275,-1.0,-1.0,-1
2018-04-19 22:00:00-04:00,1.234275,1.234685,1.23369,1.23379,-1.0,-1.0,-1
2018-04-19 23:00:00-04:00,1.23379,1.23423,1.233635,1.23414,-1.0,-1.0,-1
2018-04-20 00:00:00-04:00,1.23414,1.234285,1.233935,1.234105,-1.0,-1.0,-1
2018-04-20 01:00:00-04:00,1.234105,1.23459,1.233825,1.234195,-1.0,-1.0,-1
2018-04-20 02:00:00-04:00,1.234195,1.23503,1.23336,1.23424,-1.0,-1.0,-1
2018-04-20 03:00:00-04:00,1.23424,1.235295,1.23246,1.23251,-1.0,-1.0,-1
2018-04-20 04:00:00-04:00,1.23251,1.233375,1.231205,1.231475,-1.0,-1.0,-1
2018-04-20 05:00:00-04:00,1.231475,1.231585,1.22947,1.23016,-1.0,-1.0,-1
2018-04-20 06:00:00-04:00,1.23016,1.2303,1.22931,1.230265,-1.0,-1.0,-1
2018-04-20 07:00:00-04:00,1.230265,1.23114,1.229555,1.230425,-1.0,-1.0,-1
2018-04-20 08:00:00-04:00,1.230425,1.231195,1.229005,1.22906,-1.0,-1.0,-1
2018-04-20 09:00:00-04:00,1.22906,1.229615,1.22661,1.226665,-1.0,-1.0,-1
2018-04-20 10:00:00-04:00,1.226665,1.227955,1.224995,1.227895,-1.0,-1.0,-1
2018-04-20 11:00:00-04:00,1.227895,1.22889,1.22708,1.228175,-1.0,-1.0,-1
2018-04-20 12:00:00-04:00,1.228175,1.23003,1.228025,1.22968,-1.0,-1.0,-1
2018-04-20 13:00:00-04:00,1.22968,1.22968,1.22865,1.22867,-1.0,-1.0,-1
2018-04-20 14:00:00-04:00,1.22867,1.22898,1.22819,1.22827,-1.0,-1.0,-1
2018-04-20 15:00:00-04:00,1.22827,1.228455,1.22802,1.228135,-1.0,-1.0,-1
2018-04-20 16:00:00-04:00,1.228135,1.229285,1.228005,1.2288,-1.0,-1.0,-1
2018-04-22 17:15:00-04:00,1.228575,1.228575,1.228105,1.228285,-1.0,-1.0,-1
2018-04-22 18:00:00-04:00,1.228285,1.228815,1.22777,1.22799,-1.0,-1.0,-1
2018-04-22 19:00:00-04:00,1.22799,1.228295,1.227285,1.227395,-1.0,-1.0,-1
2018-04-22 20:00:00-04:00,1.227395,1.227915,1.22684,1.22707,-1.0,-1.0,-1
2018-04-22 21:00:00-04:00,1.22707,1.227965,1.2265,1.227875,-1.0,-1.0,-1
2018-04-22 22:00:00-04:00,1.227875,1.227875,1.227385,1.227535,-1.0,-1.0,-1
2018-04-22 23:00:00-04:00,1.227535,1.22756,1.227125,1.22717,-1.0,-1.0,-1
2018-04-23 00:00:00-04:00,1.22717,1.227285,1.226975,1.227185,-1.0,-1.0,-1
2018-04-23 01:00:00-04:00,1.227185,1.227515,1.226585,1.227095,-1.0,-1.0,-1
2018-04-23 02:00:00-04:00,1.227095,1.228055,1.226845,1.22739,-1.0,-1.0,-1
2018-04-23 03:00:00-04:00,1.22739,1.22897,1.226275,1.22646,-1.0,-1.0,-1
2018-04-23 04:00:00-04:00,1.22646,1.22687,1.223765,1.22385,-1.0,-1.0,-1
2018-04-23 05:00:00-04:00,1.22385,1.224085,1.22263,1.223235,-1.0,-1.0,-1
2018-04-23 06:00:00-04:00,1.223235,1.223625,1.22257,1.2229,-1.0,-1.0,-1
2018-04-23 07:00:00-04:00,1.2229,1.22369,1.22251,1.223625,-1.0,-1.0,-1
2018-04-23 08:00:00-04:00,1.223625,1.22444,1.223255,1.22407,-1.0,-1.0,-1
2018-04-23 09:00:00-04:00,1.22407,1.224585,1.22189,1.22226,-1.0,-1.0,-1
2018-04-23 10:00:00-04:00,1.22226,1.22367,1.221515,1.22208,-1.0,-1.0,-1
2018-04-23 11:00:00-04:00,1.22208,1.222585,1.221055,1.22151,-1.0,-1.0,-1
2018-04-23 12:00:00-04:00,1.22151,1.2223,1.221175,1.22181,-1.0,-1.0,-1
2018-04-23 13:00:00-04:00,1.22181,1.22182,1.22026,1.220315,-1.0,-1.0,-1
2018-04-23 14:00:00-04:00,1.220315,1.221635,1.22028,1.22031,-1.0,-1.0,-1
2018-04-23 15:00:00-04:00,1.22031,1.221035,1.219755,1.22079,-1.0,-1.0,-1
2018-04-23 16:00:00-04:00,1.22079,1.220915,1.220495,1.22088,-1.0,-1.0,-1
2018-04-23 17:15:00-04:00,1.22085,1.220945,1.220605,1.22086,-1.0,-1.0,-1
2018-04-23 18:00:00-04:00,1.22086,1.221125,1.220675,1.22101,-1.0,-1.0,-1
2018-04-23 19:00:00-04:00,1.22101,1.221125,1.220795,1.220945,-1.0,-1.0,-1
2018-04-23 20:00:00-04:00,1.220945,1.221155,1.220175,1.22067,-1.0,-1.0,-1
2018-04-23 21:00:00-04:00,1.22067,1.22086,1.21847,1.22047,-1.0,-1.0,-1
2018-04-23 22:00:00-04:00,1.22047,1.221195,1.22024,1.220835,-1.0,-1.0,-1
2018-04-23 23:00:00-04:00,1.220835,1.221465,1.220715,1.22132,-1.0,-1.0,-1
2018-04-24 00:00:00-04:00,1.22132,1.22134,1.22082,1.221335,-1.0,-1.0,-1
2018-04-24 01:00:00-04:00,1.221335,1.221965,1.221315,1.221645,-1.0,-1.0,-1
2018-04-24 02:00:00-04:00,1.221645,1.222385,1.22019,1.220225,-1.0,-1.0,-1
2018-04-24 03:00:00-04:00,1.220225,1.22114,1.218905,1.219615,-1.0,-1.0,-1
2018-04-24 04:00:00-04:00,1.219615,1.22037,1.218175,1.22031,-1.0,-1.0,-1
2018-04-24 05:00:00-04:00,1.22031,1.220985,1.21971,1.220815,-1.0,-1.0,-1
2018-04-24 06:00:00-04:00,1.220815,1.222295,1.22081,1.221095,-1.0,-1.0,-1
2018-04-24 07:00:00-04:00,1.221095,1.222325,1.220855,1.22213,-1.0,-1.0,-1
2018-04-24 08:00:00-04:00,1.22213,1.222195,1.21964,1.22068,-1.0,-1.0,-1
2018-04-24 09:00:00-04:00,1.22068,1.223465,1.22014,1.22323,-1.0,-1.0,-1
2018-04-24 10:00:00-04:00,1.22323,1.22348,1.221335,1.221475,-1.0,-1.0,-1
2018-04-24 11:00:00-04:00,1.221475,1.22292,1.22094,1.222795,-1.0,-1.0,-1
2018-04-24 12:00:00-04:00,1.222795,1.22435,1.222265,1.22406,-1.0,-1.0,-1
2018-04-24 13:00:00-04:00,1.22406,1.22432,1.22319,1.224225,-1.0,-1.0,-1
2018-04-24 14:00:00-04:00,1.224225,1.224495,1.223495,1.223705,-1.0,-1.0,-1
2018-04-24 15:00:00-04:00,1.223705,1.224095,1.223215,1.223295,-1.0,-1.0,-1
2018-04-24 16:00:00-04:00,1.223295,1.22356,1.223145,1.223245,-1.0,-1.0,-1
2018-04-24 17:15:00-04:00,1.223325,1.22344,1.223185,1.223375,-1.0,-1.0,-1
2018-04-24 18:00:00-04:00,1.223375,1.223405,1.22312,1.223305,-1.0,-1.0,-1
2018-04-24 19:00:00-04:00,1.223305,1.22389,1.22325,1.22375,-1.0,-1.0,-1
2018-04-24 20:00:00-04:00,1.22375,1.22375,1.222465,1.22296,-1.0,-1.0,-1
2018-04-24 21:00:00-04:00,1.22296,1.223075,1.222065,1.22217,-1.0,-1.0,-1
2018-04-24 22:00:00-04:00,1.22217,1.22284,1.222125,1.222575,-1.0,-1.0,-1
2018-04-24 23:00:00-04:00,1.222575,1.223095,1.222295,1.22235,-1.0,-1.0,-1
2018-04-25 00:00:00-04:00,1.22235,1.22237,1.22155,1.22172,-1.0,-1.0,-1
2018-04-25 01:00:00-04:00,1.22172,1.221855,1.221025,1.22143,-1.0,-1.0,-1
2018-04-25 02:00:00-04:00,1.22143,1.221775,1.220535,1.22137,-1.0,-1.0,-1
2018-04-25 03:00:00-04:00,1.22137,1.22138,1.2188,1.218805,-1.0,-1.0,-1
2018-04-25 04:00:00-04:00,1.218805,1.22038,1.218685,1.220285,-1.0,-1.0,-1
2018-04-25 05:00:00-04:00,1.220285,1.221545,1.220045,1.22058,-1.0,-1.0,-1
2018-04-25 06:00:00-04:00,1.22058,1.221195,1.219825,1.220235,-1.0,-1.0,-1
2018-04-25 07:00:00-04:00,1.220235,1.22051,1.217475,1.21775,-1.0,-1.0,-1
2018-04-25 08:00:00-04:00,1.21775,1.21896,1.21704,1.21836,-1.0,-1.0,-1
2018-04-25 09:00:00-04:00,1.21836,1.22,1.218075,1.218805,-1.0,-1.0,-1
2018-04-25 10:00:00-04:00,1.218805,1.21919,1.2168,1.21721,-1.0,-1.0,-1
2018-04-25 11:00:00-04:00,1.21721,1.218965,1.217165,1.21766,-1.0,-1.0,-1
2018-04-25 12:00:00-04:00,1.21766,1.21874,1.21703,1.21852,-1.0,-1.0,-1
2018-04-25 13:00:00-04:00,1.21852,1.21887,1.217595,1.217645,-1.0,-1.0,-1
2018-04-25 14:00:00-04:00,1.217645,1.218035,1.21727,1.217555,-1.0,-1.0,-1
2018-04-25 15:00:00-04:00,1.217555,1.217815,1.217075,1.2171,-1.0,-1.0,-1
2018-04-25 16:00:00-04:00,1.2171,1.217315,1.216025,1.21609,-1.0,-1.0,-1
2018-04-25 17:15:00-04:00,1.216025,1.216475,1.216025,1.216255,-1.0,-1.0,-1
2018-04-25 18:00:00-04:00,1.216255,1.21693,1.21602,1.216895,-1.0,-1.0,-1
2018-04-25 19:00:00-04:00,1.216895,1.21717,1.21676,1.21706,-1.0,-1.0,-1
2018-04-25 20:00:00-04:00,1.21706,1.21776,1.21633,1.217265,-1.0,-1.0,-1
2018-04-25 21:00:00-04:00,1.217265,1.217855,1.21681,1.21753,-1.0,-1.0,-1
2018-04-25 22:00:00-04:00,1.21753,1.217745,1.21712,1.21716,-1.0,-1.0,-1
2018-04-25 23:00:00-04:00,1.21716,1.218175,1.217115,1.21777,-1.0,-1.0,-1
2018-04-26 00:00:00-04:00,1.21777,1.21804,1.217445,1.21757,-1.0,-1.0,-1
2018-04-26 01:00:00-04:00,1.21757,1.218135,1.217365,1.21781,-1.0,-1.0,-1
2018-04-26 02:00:00-04:00,1.21781,1.21886,1.2173,1.217895,-1.0,-1.0,-1
2018-04-26 03:00:00-04:00,1.217895,1.21876,1.215885,1.216545,-1.0,-1.0,-1
2018-04-26 04:00:00-04:00,1.216545,1.21798,1.215605,1.21715,-1.0,-1.0,-1
2018-04-26 05:00:00-04:00,1.21715,1.218675,1.21688,1.21781,-1.0,-1.0,-1
2018-04-26 06:00:00-04:00,1.21781,1.218795,1.217185,1.218335,-1.0,-1.0,-1
2018-04-26 07:00:00-04:00,1.218335,1.21879,1.21535,1.215725,-1.0,-1.0,-1
2018-04-26 08:00:00-04:00,1.215725,1.22099,1.214515,1.219975,-1.0,-1.0,-1
2018-04-26 09:00:00-04:00,1.219975,1.22042,1.217125,1.21731,-1.0,-1.0,-1
2018-04-26 10:00:00-04:00,1.21731,1.21739,1.21067,1.211495,-1.0,-1.0,-1
2018-04-26 11:00:00-04:00,1.211495,1.212035,1.20982,1.211325,-1.0,-1.0,-1
2018-04-26 12:00:00-04:00,1.211325,1.21292,1.210915,1.21259,-1.0,-1.0,-1
2018-04-26 13:00:00-04:00,1.21259,1.213035,1.211065,1.211415,-1.0,-1.0,-1
2018-04-26 14:00:00-04:00,1.211415,1.21157,1.21001,1.21056,-1.0,-1.0,-1
2018-04-26 15:00:00-04:00,1.21056,1.210675,1.20964,1.21046,-1.0,-1.0,-1
2018-04-26 16:00:00-04:00,1.21046,1.21074,1.210215,1.21033,-1.0,-1.0,-1
2018-04-26 17:15:00-04:00,1.210575,1.210765,1.210395,1.210495,-1.0,-1.0,-1
2018-04-26 18:00:00-04:00,1.210495,1.210945,1.210365,1.210465,-1.0,-1.0,-1
2018-04-26 19:00:00-04:00,1.210465,1.21093,1.21041,1.210815,-1.0,-1.0,-1
2018-04-26 20:00:00-04:00,1.210815,1.210955,1.210135,1.210785,-1.0,-1.0,-1
2018-04-26 21:00:00-04:00,1.210785,1.21099,1.20968,1.21091,-1.0,-1.0,-1
2018-04-26 22:00:00-04:00,1.21091,1.211345,1.21038,1.2112,-1.0,-1.0,-1
2018-04-26 23:00:00-04:00,1.2112,1.211665,1.210895,1.211515,-1.0,-1.0,-1
2018-04-27 00:00:00-04:00,1.211515,1.211515,1.21102,1.211165,-1.0,-1.0,-1
2018-04-27 01:00:00-04:00,1.211165,1.211225,1.210465,1.21065,-1.0,-1.0,-1
2018-04-27 02:00:00-04:00,1.21065,1.21108,1.208435,1.20881,-1.0,-1.0,-1
2018-04-27 03:00:00-04:00,1.20881,1.20902,1.2065,1.207585,-1.0,-1.0,-1
2018-04-27 04:00:00-04:00,1.207585,1.208495,1.20649,1.20716,-1.0,-1.0,-1
2018-04-27 05:00:00-04:00,1.20716,1.208735,1.20716,1.20826,-1.0,-1.0,-1
2018-04-27 06:00:00-04:00,1.20826,1.20952,1.207155,1.20878,-1.0,-1.0,-1
2018-04-27 07:00:00-04:00,1.20878,1.20891,1.206515,1.20662,-1.0,-1.0,-1
2018-04-27 08:00:00-04:00,1.20662,1.208825,1.205535,1.208445,-1.0,-1.0,-1
2018-04-27 09:00:00-04:00,1.208445,1.209465,1.207775,1.20829,-1.0,-1.0,-1
2018-04-27 10:00:00-04:00,1.20829,1.211785,1.207355,1.21011,-1.0,-1.0,-1
2018-04-27 11:00:00-04:00,1.21011,1.21128,1.209645,1.2108,-1.0,-1.0,-1
2018-04-27 12:00:00-04:00,1.2108,1.211575,1.210155,1.21116,-1.0,-1.0,-1
2018-04-27 13:00:00-04:00,1.21116,1.211205,1.210025,1.210535,-1.0,-1.0,-1
2018-04-27 14:00:00-04:00,1.210535,1.212345,1.21037,1.212215,-1.0,-1.0,-1
2018-04-27 15:00:00-04:00,1.212215,1.21329,1.212025,1.213065,-1.0,-1.0,-1
2018-04-27 16:00:00-04:00,1.213065,1.21315,1.212635,1.21309,-1.0,-1.0,-1
2018-04-29 17:15:00-04:00,1.21255,1.213125,1.211165,1.21283,-1.0,-1.0,-1
2018-04-29 18:00:00-04:00,1.21283,1.212875,1.212035,1.21216,-1.0,-1.0,-1
2018-04-29 19:00:00-04:00,1.21216,1.212285,1.211905,1.212275,-1.0,-1.0,-1
2018-04-29 20:00:00-04:00,1.212275,1.213195,1.212185,1.21287,-1.0,-1.0,-1
2018-04-29 21:00:00-04:00,1.21287,1.21343,1.212135,1.213385,-1.0,-1.0,-1
2018-04-29 22:00:00-04:00,1.213385,1.213395,1.21248,1.212745,-1.0,-1.0,-1
2018-04-29 23:00:00-04:00,1.212745,1.21308,1.21242,1.212495,-1.0,-1.0,-1
2018-04-30 00:00:00-04:00,1.212495,1.21296,1.212415,1.212925,-1.0,-1.0,-1
2018-04-30 01:00:00-04:00,1.212925,1.213835,1.212685,1.213655,-1.0,-1.0,-1
2018-04-30 02:00:00-04:00,1.213655,1.21388,1.21241,1.213515,-1.0,-1.0,-1
2018-04-30 03:00:00-04:00,1.213515,1.21378,1.210825,1.21186,-1.0,-1.0,-1
2018-04-30 04:00:00-04:00,1.21186,1.212325,1.210205,1.21042,-1.0,-1.0,-1
2018-04-30 05:00:00-04:00,1.21042,1.21214,1.209825,1.21184,-1.0,-1.0,-1
2018-04-30 06:00:00-04:00,1.21184,1.21184,1.208905,1.209615,-1.0,-1.0,-1
2018-04-30 07:00:00-04:00,1.209615,1.20962,1.207325,1.207755,-1.0,-1.0,-1
2018-04-30 08:00:00-04:00,1.207755,1.208975,1.20724,1.208725,-1.0,-1.0,-1
2018-04-30 09:00:00-04:00,1.208725,1.20902,1.206725,1.20716,-1.0,-1.0,-1
2018-04-30 10:00:00-04:00,1.20716,1.20882,1.20685,1.208175,-1.0,-1.0,-1
2018-04-30 11:00:00-04:00,1.208175,1.208735,1.206435,1.20738,-1.0,-1.0,-1
2018-04-30 12:00:00-04:00,1.20738,1.210635,1.207155,1.21007,-1.0,-1.0,-1
2018-04-30 13:00:00-04:00,1.21007,1.21017,1.208255,1.208595,-1.0,-1.0,-1
2018-04-30 14:00:00-04:00,1.208595,1.209535,1.207975,1.208075,-1.0,-1.0,-1
2018-04-30 15:00:00-04:00,1.208075,1.208395,1.20726,1.207635,-1.0,-1.0,-1
2018-04-30 16:00:00-04:00,1.207635,1.20823,1.207555,1.207735,-1.0,-1.0,-1
2018-04-30 17:15:00-04:00,1.2078,1.208195,1.207595,1.20791,-1.0,-1.0,-1
2018-04-30 18:00:00-04:00,1.20791,1.2081,1.207605,1.20807,-1.0,-1.0,-1
2018-04-30 19:00:00-04:00,1.20807,1.20843,1.207725,1.20817,-1.0,-1.0,-1
2018-04-30 20:00:00-04:00,1.20817,1.20829,1.20768,1.207945,-1.0,-1.0,-1
2018-04-30 21:00:00-04:00,1.207945,1.208055,1.207245,1.207505,-1.0,-1.0,-1
2018-04-30 22:00:00-04:00,1.207505,1.207765,1.20737,1.2076,-1.0,-1.0,-1
2018-04-30 23:00:00-04:00,1.2076,1.20782,1.2075,1.20761,-1.0,-1.0,-1
2018-05-01 00:00:00-04:00,1.20761,1.207725,1.20708,1.207225,-1.0,-1.0,-1
2018-05-01 01:00:00-04:00,1.207225,1.20724,1.20663,1.20693,-1.0,-1.0,-1
2018-05-01 02:00:00-04:00,1.20693,1.20712,1.205665,1.20608,-1.0,-1.0,-1
2018-05-01 03:00:00-04:00,1.20608,1.206585,1.205505,1.205765,-1.0,-1.0,-1
2018-05-01 04:00:00-04:00,1.205765,1.206145,1.20326,1.203435,-1.0,-1.0,-1
2018-05-01 05:00:00-04:00,1.203435,1.204145,1.202765,1.20337,-1.0,-1.0,-1
2018-05-01 06:00:00-04:00,1.20337,1.203625,1.202595,1.203055,-1.0,-1.0,-1
2018-05-01 07:00:00-04:00,1.203055,1.203345,1.202205,1.202545,-1.0,-1.0,-1
2018-05-01 08:00:00-04:00,1.202545,1.20379,1.201705,1.20247,-1.0,-1.0,-1
2018-05-01 09:00:00-04:00,1.20247,1.20316,1.20051,1.20055,-1.0,-1.0,-1
2018-05-01 10:00:00-04:00,1.20055,1.202045,1.198145,1.199185,-1.0,-1.0,-1
2018-05-01 11:00:00-04:00,1.199185,1.200385,1.198545,1.199965,-1.0,-1.0,-1
2018-05-01 12:00:00-04:00,1.199965,1.201995,1.19981,1.20165,-1.0,-1.0,-1
2018-05-01 13:00:00-04:00,1.20165,1.20173,1.199515,1.19991,-1.0,-1.0,-1
2018-05-01 14:00:00-04:00,1.19991,1.200535,1.199345,1.19935,-1.0,-1.0,-1
2018-05-01 15:00:00-04:00,1.19935,1.19968,1.198825,1.19932,-1.0,-1.0,-1
2018-05-01 16:00:00-04:00,1.19932,1.19948,1.19907,1.19929,-1.0,-1.0,-1
2018-05-01 17:15:00-04:00,1.19935,1.19938,1.199055,1.19928,-1.0,-1.0,-1
2018-05-01 18:00:00-04:00,1.19928,1.199545,1.19888,1.198945,-1.0,-1.0,-1
2018-05-01 19:00:00-04:00,1.198945,1.1992,1.198775,1.199125,-1.0,-1.0,-1
2018-05-01 20:00:00-04:00,1.199125,1.199965,1.198765,1.199075,-1.0,-1.0,-1
2018-05-01 21:00:00-04:00,1.199075,1.200715,1.19894,1.20062,-1.0,-1.0,-1
2018-05-01 22:00:00-04:00,1.20062,1.201085,1.200305,1.20066,-1.0,-1.0,-1
2018-05-01 23:00:00-04:00,1.20066,1.20112,1.20044,1.20053,-1.0,-1.0,-1
2018-05-02 00:00:00-04:00,1.20053,1.200665,1.20021,1.20034,-1.0,-1.0,-1
2018-05-02 01:00:00-04:00,1.20034,1.200495,1.199205,1.199695,-1.0,-1.0,-1
2018-05-02 02:00:00-04:00,1.199695,1.20138,1.199005,1.201155,-1.0,-1.0,-1
2018-05-02 03:00:00-04:00,1.201155,1.203175,1.20053,1.201645,-1.0,-1.0,-1
2018-05-02 04:00:00-04:00,1.201645,1.202355,1.1993,1.19998,-1.0,-1.0,-1
2018-05-02 05:00:00-04:00,1.19998,1.20101,1.199335,1.20016,-1.0,-1.0,-1
2018-05-02 06:00:00-04:00,1.20016,1.200575,1.19956,1.20025,-1.0,-1.0,-1
2018-05-02 07:00:00-04:00,1.20025,1.200575,1.19953,1.200235,-1.0,-1.0,-1
2018-05-02 08:00:00-04:00,1.200235,1.201275,1.19966,1.201155,-1.0,-1.0,-1
2018-05-02 09:00:00-04:00,1.201155,1.20123,1.19639,1.19737,-1.0,-1.0,-1
2018-05-02 10:00:00-04:00,1.19737,1.197765,1.195305,1.195695,-1.0,-1.0,-1
2018-05-02 11:00:00-04:00,1.195695,1.197525,1.195415,1.19676,-1.0,-1.0,-1
2018-05-02 12:00:00-04:00,1.19676,1.197155,1.195485,1.196755,-1.0,-1.0,-1
2018-05-02 13:00:00-04:00,1.196755,1.196875,1.195635,1.19598,-1.0,-1.0,-1
2018-05-02 14:00:00-04:00,1.19598,1.202565,1.195535,1.19882,-1.0,-1.0,-1
2018-05-02 15:00:00-04:00,1.19882,1.19899,1.193805,1.19401,-1.0,-1.0,-1
2018-05-02 16:00:00-04:00,1.19401,1.195225,1.193805,1.1951,-1.0,-1.0,-1
2018-05-02 17:15:00-04:00,1.1951,1.19571,1.1951,1.19562,-1.0,-1.0,-1
2018-05-02 18:00:00-04:00,1.19562,1.195985,1.195375,1.195425,-1.0,-1.0,-1
2018-05-02 19:00:00-04:00,1.195425,1.19569,1.194775,1.195075,-1.0,-1.0,-1
2018-05-02 20:00:00-04:00,1.195075,1.19673,1.194805,1.19673,-1.0,-1.0,-1
2018-05-02 21:00:00-04:00,1.19673,1.19833,1.19642,1.197785,-1.0,-1.0,-1
2018-05-02 22:00:00-04:00,1.197785,1.19799,1.197225,1.19784,-1.0,-1.0,-1
2018-05-02 23:00:00-04:00,1.19784,1.19874,1.197735,1.19804,-1.0,-1.0,-1
2018-05-03 00:00:00-04:00,1.19804,1.1989,1.197925,1.198845,-1.0,-1.0,-1
2018-05-03 01:00:00-04:00,1.198845,1.198955,1.19818,1.198315,-1.0,-1.0,-1
2018-05-03 02:00:00-04:00,1.198315,1.19938,1.19757,1.198285,-1.0,-1.0,-1
2018-05-03 03:00:00-04:00,1.198285,1.200885,1.196625,1.200145,-1.0,-1.0,-1
2018-05-03 04:00:00-04:00,1.200145,1.20079,1.19851,1.198565,-1.0,-1.0,-1
2018-05-03 05:00:00-04:00,1.198565,1.200335,1.196525,1.199095,-1.0,-1.0,-1
2018-05-03 06:00:00-04:00,1.199095,1.199835,1.198005,1.198205,-1.0,-1.0,-1
2018-05-03 07:00:00-04:00,1.198205,1.199105,1.196725,1.199105,-1.0,-1.0,-1
2018-05-03 08:00:00-04:00,1.199105,1.200115,1.197525,1.19795,-1.0,-1.0,-1
2018-05-03 09:00:00-04:00,1.19795,1.19807,1.19694,1.197255,-1.0,-1.0,-1
2018-05-03 10:00:00-04:00,1.197255,1.198425,1.195025,1.195085,-1.0,-1.0,-1
2018-05-03 11:00:00-04:00,1.195085,1.197125,1.194925,1.197065,-1.0,-1.0,-1
2018-05-03 12:00:00-04:00,1.197065,1.19904,1.196775,1.198815,-1.0,-1.0,-1
2018-05-03 13:00:00-04:00,1.198815,1.199085,1.197135,1.198355,-1.0,-1.0,-1
2018-05-03 14:00:00-04:00,1.198355,1.200445,1.198165,1.199275,-1.0,-1.0,-1
2018-05-03 15:00:00-04:00,1.199275,1.19963,1.19844,1.19844,-1.0,-1.0,-1
2018-05-03 16:00:00-04:00,1.19844,1.199085,1.19822,1.19889,-1.0,-1.0,-1
2018-05-03 17:15:00-04:00,1.199025,1.199295,1.19868,1.19874,-1.0,-1.0,-1
2018-05-03 18:00:00-04:00,1.19874,1.198845,1.19859,1.19863,-1.0,-1.0,-1
2018-05-03 19:00:00-04:00,1.19863,1.19912,1.198435,1.19888,-1.0,-1.0,-1
2018-05-03 20:00:00-04:00,1.19888,1.19897,1.198025,1.19842,-1.0,-1.0,-1
2018-05-03 21:00:00-04:00,1.19842,1.199475,1.19822,1.19928,-1.0,-1.0,-1
2018-05-03 22:00:00-04:00,1.19928,1.19939,1.19877,1.19894,-1.0,-1.0,-1
2018-05-03 23:00:00-04:00,1.19894,1.19956,1.19883,1.19927,-1.0,-1.0,-1
2018-05-04 00:00:00-04:00,1.19927,1.199395,1.19859,1.198615,-1.0,-1.0,-1
2018-05-04 01:00:00-04:00,1.198615,1.19876,1.198285,1.19834,-1.0,-1.0,-1
2018-05-04 02:00:00-04:00,1.19834,1.19834,1.196225,1.19659,-1.0,-1.0,-1
2018-05-04 03:00:00-04:00,1.19659,1.19763,1.19587,1.196415,-1.0,-1.0,-1
2018-05-04 04:00:00-04:00,1.196415,1.19773,1.196145,1.196315,-1.0,-1.0,-1
2018-05-04 05:00:00-04:00,1.196315,1.196925,1.195615,1.195985,-1.0,-1.0,-1
2018-05-04 06:00:00-04:00,1.195985,1.196815,1.1956,1.196795,-1.0,-1.0,-1
2018-05-04 07:00:00-04:00,1.196795,1.19756,1.19611,1.196775,-1.0,-1.0,-1
2018-05-04 08:00:00-04:00,1.196775,1.19947,1.195305,1.19672,-1.0,-1.0,-1
2018-05-04 09:00:00-04:00,1.19672,1.196745,1.191055,1.192885,-1.0,-1.0,-1
2018-05-04 10:00:00-04:00,1.192885,1.19536,1.192565,1.192825,-1.0,-1.0,-1
2018-05-04 11:00:00-04:00,1.192825,1.194775,1.192245,1.19454,-1.0,-1.0,-1
2018-05-04 12:00:00-04:00,1.19454,1.196605,1.193655,1.196325,-1.0,-1.0,-1
2018-05-04 13:00:00-04:00,1.196325,1.19646,1.195245,1.19594,-1.0,-1.0,-1
2018-05-04 14:00:00-04:00,1.19594,1.19639,1.195345,1.196315,-1.0,-1.0,-1
2018-05-04 15:00:00-04:00,1.196315,1.196315,1.19534,1.19571,-1.0,-1.0,-1
2018-05-04 16:00:00-04:00,1.19571,1.196625,1.195555,1.196285,-1.0,-1.0,-1
2018-05-06 17:15:00-04:00,1.195975,1.19637,1.195575,1.195805,-1.0,-1.0,-1
2018-05-06 18:00:00-04:00,1.195805,1.19636,1.19578,1.196035,-1.0,-1.0,-1
2018-05-06 19:00:00-04:00,1.196035,1.196135,1.19546,1.19546,-1.0,-1.0,-1
2018-05-06 20:00:00-04:00,1.19546,1.19699,1.195345,1.196985,-1.0,-1.0,-1
2018-05-06 21:00:00-04:00,1.196985,1.197695,1.19662,1.196755,-1.0,-1.0,-1
2018-05-06 22:00:00-04:00,1.196755,1.197555,1.196525,1.197255,-1.0,-1.0,-1
2018-05-06 23:00:00-04:00,1.197255,1.19781,1.196695,1.1967,-1.0,-1.0,-1
2018-05-07 00:00:00-04:00,1.1967,1.196725,1.195965,1.19602,-1.0,-1.0,-1
2018-05-07 01:00:00-04:00,1.19602,1.196075,1.194175,1.19523,-1.0,-1.0,-1
2018-05-07 02:00:00-04:00,1.19523,1.195235,1.193685,1.193715,-1.0,-1.0,-1
2018-05-07 03:00:00-04:00,1.193715,1.19407,1.19221,1.193015,-1.0,-1.0,-1
2018-05-07 04:00:00-04:00,1.193015,1.19363,1.192165,1.193085,-1.0,-1.0,-1
2018-05-07 05:00:00-04:00,1.193085,1.193315,1.19237,1.19278,-1.0,-1.0,-1
2018-05-07 06:00:00-04:00,1.19278,1.193055,1.191695,1.19172,-1.0,-1.0,-1
2018-05-07 07:00:00-04:00,1.19172,1.191985,1.18986,1.189945,-1.0,-1.0,-1
2018-05-07 08:00:00-04:00,1.189945,1.19198,1.189745,1.19192,-1.0,-1.0,-1
2018-05-07 09:00:00-04:00,1.19192,1.192195,1.19048,1.191015,-1.0,-1.0,-1
2018-05-07 10:00:00-04:00,1.191015,1.192845,1.19071,1.19132,-1.0,-1.0,-1
2018-05-07 11:00:00-04:00,1.19132,1.19289,1.191165,1.19264,-1.0,-1.0,-1
2018-05-07 12:00:00-04:00,1.19264,1.193825,1.19237,1.193285,-1.0,-1.0,-1
2018-05-07 13:00:00-04:00,1.193285,1.193395,1.192185,1.192625,-1.0,-1.0,-1
2018-05-07 14:00:00-04:00,1.192625,1.192865,1.192275,1.192475,-1.0,-1.0,-1
2018-05-07 15:00:00-04:00,1.192475,1.192765,1.191945,1.19245,-1.0,-1.0,-1
2018-05-07 16:00:00-04:00,1.19245,1.19265,1.19202,1.192275,-1.0,-1.0,-1
2018-05-07 17:15:00-04:00,1.192525,1.192555,1.192035,1.19221,-1.0,-1.0,-1
2018-05-07 18:00:00-04:00,1.19221,1.192515,1.1922,1.19221,-1.0,-1.0,-1
2018-05-07 19:00:00-04:00,1.19221,1.19352,1.19219,1.193315,-1.0,-1.0,-1
2018-05-07 20:00:00-04:00,1.193315,1.193895,1.19262,1.193615,-1.0,-1.0,-1
2018-05-07 21:00:00-04:00,1.193615,1.193635,1.191225,1.192015,-1.0,-1.0,-1
2018-05-07 22:00:00-04:00,1.192015,1.192615,1.19143,1.192515,-1.0,-1.0,-1
2018-05-07 23:00:00-04:00,1.192515,1.192605,1.19132,1.19152,-1.0,-1.0,-1
2018-05-08 00:00:00-04:00,1.19152,1.191575,1.19088,1.191295,-1.0,-1.0,-1
2018-05-08 01:00:00-04:00,1.191295,1.19256,1.190965,1.19223,-1.0,-1.0,-1
2018-05-08 02:00:00-04:00,1.19223,1.193305,1.191755,1.1918,-1.0,-1.0,-1
2018-05-08 03:00:00-04:00,1.1918,1.19287,1.190435,1.191695,-1.0,-1.0,-1
2018-05-08 04:00:00-04:00,1.191695,1.191695,1.1883,1.18884,-1.0,-1.0,-1
2018-05-08 05:00:00-04:00,1.18884,1.189595,1.18742,1.187925,-1.0,-1.0,-1
2018-05-08 06:00:00-04:00,1.187925,1.18833,1.187015,1.18789,-1.0,-1.0,-1
2018-05-08 07:00:00-04:00,1.18789,1.187895,1.186165,1.187205,-1.0,-1.0,-1
2018-05-08 08:00:00-04:00,1.187205,1.18745,1.18631,1.186515,-1.0,-1.0,-1
2018-05-08 09:00:00-04:00,1.186515,1.18666,1.183805,1.184735,-1.0,-1.0,-1
2018-05-08 10:00:00-04:00,1.184735,1.18596,1.18405,1.18532,-1.0,-1.0,-1
2018-05-08 11:00:00-04:00,1.18532,1.186835,1.184455,1.18626,-1.0,-1.0,-1
2018-05-08 12:00:00-04:00,1.18626,1.188635,1.18626,1.187955,-1.0,-1.0,-1
2018-05-08 13:00:00-04:00,1.187955,1.188335,1.186475,1.186515,-1.0,-1.0,-1
2018-05-08 14:00:00-04:00,1.186515,1.188375,1.18559,1.185725,-1.0,-1.0,-1
2018-05-08 15:00:00-04:00,1.185725,1.18638,1.1857,1.18624,-1.0,-1.0,-1
2018-05-08 16:00:00-04:00,1.18624,1.18683,1.18612,1.18648,-1.0,-1.0,-1
2018-05-08 17:15:00-04:00,1.18645,1.18666,1.18613,1.186225,-1.0,-1.0,-1
2018-05-08 18:00:00-04:00,1.186225,1.186495,1.185965,1.18598,-1.0,-1.0,-1
2018-05-08 19:00:00-04:00,1.18598,1.18683,1.18597,1.186735,-1.0,-1.0,-1
2018-05-08 20:00:00-04:00,1.186735,1.186985,1.18535,1.185405,-1.0,-1.0,-1
2018-05-08 21:00:00-04:00,1.185405,1.1855,1.18427,1.18533,-1.0,-1.0,-1
2018-05-08 22:00:00-04:00,1.18533,1.185975,1.185075,1.18537,-1.0,-1.0,-1
2018-05-08 23:00:00-04:00,1.18537,1.18593,1.185115,1.185205,-1.0,-1.0,-1
2018-05-09 00:00:00-04:00,1.185205,1.18561,1.18507,1.185505,-1.0,-1.0,-1
2018-05-09 01:00:00-04:00,1.185505,1.185505,1.184465,1.185105,-1.0,-1.0,-1
2018-05-09 02:00:00-04:00,1.185105,1.18517,1.182585,1.18277,-1.0,-1.0,-1
2018-05-09 03:00:00-04:00,1.18277,1.18395,1.182275,1.183915,-1.0,-1.0,-1
2018-05-09 04:00:00-04:00,1.183915,1.185905,1.18329,1.18562,-1.0,-1.0,-1
2018-05-09 05:00:00-04:00,1.18562,1.186315,1.185435,1.18549,-1.0,-1.0,-1
2018-05-09 06:00:00-04:00,1.18549,1.18766,1.18502,1.187535,-1.0,-1.0,-1
2018-05-09 07:00:00-04:00,1.187535,1.188895,1.18722,1.187945,-1.0,-1.0,-1
2018-05-09 08:00:00-04:00,1.187945,1.1897,1.186925,1.188575,-1.0,-1.0,-1
2018-05-09 09:00:00-04:00,1.188575,1.18865,1.187215,1.18789,-1.0,-1.0,-1
2018-05-09 10:00:00-04:00,1.18789,1.18846,1.185365,1.18553,-1.0,-1.0,-1
2018-05-09 11:00:00-04:00,1.18553,1.186445,1.18515,1.18518,-1.0,-1.0,-1
2018-05-09 12:00:00-04:00,1.18518,1.18611,1.184115,1.18555,-1.0,-1.0,-1
2018-05-09 13:00:00-04:00,1.18555,1.186625,1.185165,1.186145,-1.0,-1.0,-1
2018-05-09 14:00:00-04:00,1.186145,1.186805,1.185955,1.18615,-1.0,-1.0,-1
2018-05-09 15:00:00-04:00,1.18615,1.186235,1.184855,1.18491,-1.0,-1.0,-1
2018-05-09 16:00:00-04:00,1.18491,1.185305,1.184785,1.18506,-1.0,-1.0,-1
2018-05-09 17:15:00-04:00,1.18507,1.185345,1.184955,1.18519,-1.0,-1.0,-1
2018-05-09 18:00:00-04:00,1.18519,1.185375,1.184905,1.18532,-1.0,-1.0,-1
2018-05-09 19:00:00-04:00,1.18532,1.18557,1.184305,1.18468,-1.0,-1.0,-1
2018-05-09 20:00:00-04:00,1.18468,1.18533,1.184395,1.18492,-1.0,-1.0,-1
2018-05-09 21:00:00-04:00,1.18492,1.186585,1.18466,1.18636,-1.0,-1.0,-1
2018-05-09 22:00:00-04:00,1.18636,1.18709,1.186055,1.18606,-1.0,-1.0,-1
2018-05-09 23:00:00-04:00,1.18606,1.186885,1.186055,1.18636,-1.0,-1.0,-1
2018-05-10 00:00:00-04:00,1.18636,1.187545,1.18607,1.18735,-1.0,-1.0,-1
2018-05-10 01:00:00-04:00,1.18735,1.18739,1.18567,1.186015,-1.0,-1.0,-1
2018-05-10 02:00:00-04:00,1.186015,1.187935,1.185155,1.187185,-1.0,-1.0,-1
2018-05-10 03:00:00-04:00,1.187185,1.187275,1.185695,1.185955,-1.0,-1.0,-1
2018-05-10 04:00:00-04:00,1.185955,1.18765,1.185375,1.18738,-1.0,-1.0,-1
2018-05-10 05:00:00-04:00,1.18738,1.18844,1.187175,1.18763,-1.0,-1.0,-1
2018-05-10 06:00:00-04:00,1.18763,1.189065,1.18728,1.188965,-1.0,-1.0,-1
2018-05-10 07:00:00-04:00,1.188965,1.189035,1.187115,1.188285,-1.0,-1.0,-1
2018-05-10 08:00:00-04:00,1.188285,1.193615,1.187105,1.192715,-1.0,-1.0,-1
2018-05-10 09:00:00-04:00,1.192715,1.194655,1.190935,1.19147,-1.0,-1.0,-1
2018-05-10 10:00:00-04:00,1.19147,1.191775,1.18751,1.187965,-1.0,-1.0,-1
2018-05-10 11:00:00-04:00,1.187965,1.189935,1.187845,1.189695,-1.0,-1.0,-1
2018-05-10 12:00:00-04:00,1.189695,1.191635,1.1893,1.191065,-1.0,-1.0,-1
2018-05-10 13:00:00-04:00,1.191065,1.193425,1.190895,1.192845,-1.0,-1.0,-1
2018-05-10 14:00:00-04:00,1.192845,1.19302,1.19185,1.192725,-1.0,-1.0,-1
2018-05-10 15:00:00-04:00,1.192725,1.19319,1.192015,1.192515,-1.0,-1.0,-1
2018-05-10 16:00:00-04:00,1.192515,1.192635,1.191405,1.191535,-1.0,-1.0,-1
2018-05-10 17:15:00-04:00,1.1918,1.192,1.19149,1.191645,-1.0,-1.0,-1
2018-05-10 18:00:00-04:00,1.191645,1.191915,1.191465,1.191795,-1.0,-1.0,-1
2018-05-10 19:00:00-04:00,1.191795,1.19206,1.19137,1.191395,-1.0,-1.0,-1
2018-05-10 20:00:00-04:00,1.191395,1.19242,1.191135,1.192325,-1.0,-1.0,-1
2018-05-10 21:00:00-04:00,1.192325,1.192495,1.191395,1.191645,-1.0,-1.0,-1
2018-05-10 22:00:00-04:00,1.191645,1.191865,1.19118,1.191485,-1.0,-1.0,-1
2018-05-10 23:00:00-04:00,1.191485,1.192,1.19112,1.1918,-1.0,-1.0,-1
2018-05-11 00:00:00-04:00,1.1918,1.19196,1.191405,1.19144,-1.0,-1.0,-1
2018-05-11 01:00:00-04:00,1.19144,1.19187,1.190605,1.19103,-1.0,-1.0,-1
2018-05-11 02:00:00-04:00,1.19103,1.191835,1.18951,1.189745,-1.0,-1.0,-1
2018-05-11 03:00:00-04:00,1.189745,1.191285,1.189125,1.19083,-1.0,-1.0,-1
2018-05-11 04:00:00-04:00,1.19083,1.19258,1.190715,1.192135,-1.0,-1.0,-1
2018-05-11 05:00:00-04:00,1.192135,1.193735,1.191345,1.193585,-1.0,-1.0,-1
2018-05-11 06:00:00-04:00,1.193585,1.194885,1.19311,1.19409,-1.0,-1.0,-1
2018-05-11 07:00:00-04:00,1.19409,1.194335,1.193,1.193415,-1.0,-1.0,-1
2018-05-11 08:00:00-04:00,1.193415,1.19587,1.193195,1.195085,-1.0,-1.0,-1
2018-05-11 09:00:00-04:00,1.195085,1.196595,1.194695,1.19615,-1.0,-1.0,-1
2018-05-11 10:00:00-04:00,1.19615,1.1968,1.193735,1.194385,-1.0,-1.0,-1
2018-05-11 11:00:00-04:00,1.194385,1.19516,1.19333,1.195155,-1.0,-1.0,-1
2018-05-11 12:00:00-04:00,1.195155,1.19597,1.194485,1.1958,-1.0,-1.0,-1
2018-05-11 13:00:00-04:00,1.1958,1.195885,1.19458,1.195325,-1.0,-1.0,-1
2018-05-11 14:00:00-04:00,1.195325,1.195325,1.19351,1.194385,-1.0,-1.0,-1
2018-05-11 15:00:00-04:00,1.194385,1.194985,1.194305,1.194455,-1.0,-1.0,-1
2018-05-11 16:00:00-04:00,1.194455,1.19454,1.1938,1.19389,-1.0,-1.0,-1
2018-05-13 17:15:00-04:00,1.19465,1.196365,1.194125,1.194825,-1.0,-1.0,-1
2018-05-13 18:00:00-04:00,1.194825,1.19487,1.19426,1.194775,-1.0,-1.0,-1
2018-05-13 19:00:00-04:00,1.194775,1.195575,1.19457,1.19528,-1.0,-1.0,-1
2018-05-13 20:00:00-04:00,1.19528,1.196475,1.19511,1.19644,-1.0,-1.0,-1
2018-05-13 21:00:00-04:00,1.19644,1.19666,1.195965,1.19635,-1.0,-1.0,-1
2018-05-13 22:00:00-04:00,1.19635,1.196685,1.195925,1.19649,-1.0,-1.0,-1
2018-05-13 23:00:00-04:00,1.19649,1.196875,1.19626,1.196465,-1.0,-1.0,-1
2018-05-14 00:00:00-04:00,1.196465,1.19647,1.195615,1.195635,-1.0,-1.0,-1
2018-05-14 01:00:00-04:00,1.195635,1.19677,1.19532,1.19673,-1.0,-1.0,-1
2018-05-14 02:00:00-04:00,1.19673,1.197465,1.195365,1.195525,-1.0,-1.0,-1
2018-05-14 03:00:00-04:00,1.195525,1.198405,1.195125,1.197905,-1.0,-1.0,-1
2018-05-14 04:00:00-04:00,1.197905,1.198595,1.19688,1.19845,-1.0,-1.0,-1
2018-05-14 05:00:00-04:00,1.19845,1.199045,1.19762,1.19772,-1.0,-1.0,-1
2018-05-14 06:00:00-04:00,1.19772,1.19839,1.197265,1.1982,-1.0,-1.0,-1
2018-05-14 07:00:00-04:00,1.1982,1.199015,1.19801,1.19843,-1.0,-1.0,-1
2018-05-14 08:00:00-04:00,1.19843,1.199305,1.198135,1.198495,-1.0,-1.0,-1
2018-05-14 09:00:00-04:00,1.198495,1.19962,1.197925,1.19934,-1.0,-1.0,-1
2018-05-14 10:00:00-04:00,1.19934,1.199345,1.196205,1.196835,-1.0,-1.0,-1
2018-05-14 11:00:00-04:00,1.196835,1.19776,1.19625,1.197535,-1.0,-1.0,-1
2018-05-14 12:00:00-04:00,1.197535,1.197755,1.19672,1.19762,-1.0,-1.0,-1
2018-05-14 13:00:00-04:00,1.19762,1.19764,1.19456,1.194625,-1.0,-1.0,-1
2018-05-14 14:00:00-04:00,1.194625,1.1947,1.193625,1.194345,-1.0,-1.0,-1
2018-05-14 15:00:00-04:00,1.194345,1.19458,1.19349,1.193825,-1.0,-1.0,-1
2018-05-14 16:00:00-04:00,1.193825,1.193965,1.19263,1.1927,-1.0,-1.0,-1
2018-05-14 17:15:00-04:00,1.1924,1.193035,1.1924,1.192715,-1.0,-1.0,-1
2018-05-14 18:00:00-04:00,1.192715,1.19319,1.192615,1.19287,-1.0,-1.0,-1
2018-05-14 19:00:00-04:00,1.19287,1.19326,1.19287,1.19311,-1.0,-1.0,-1
2018-05-14 20:00:00-04:00,1.19311,1.19383,1.19281,1.19365,-1.0,-1.0,-1
2018-05-14 21:00:00-04:00,1.19365,1.193845,1.19292,1.193515,-1.0,-1.0,-1
2018-05-14 22:00:00-04:00,1.193515,1.193815,1.193195,1.193455,-1.0,-1.0,-1
2018-05-14 23:00:00-04:00,1.193455,1.193545,1.19322,1.193315,-1.0,-1.0,-1
2018-05-15 00:00:00-04:00,1.193315,1.193325,1.191295,1.19141,-1.0,-1.0,-1
2018-05-15 01:00:00-04:00,1.19141,1.19222,1.191275,1.192065,-1.0,-1.0,-1
2018-05-15 02:00:00-04:00,1.192065,1.193215,1.19104,1.193145,-1.0,-1.0,-1
2018-05-15 03:00:00-04:00,1.193145,1.193725,1.192295,1.19231,-1.0,-1.0,-1
2018-05-15 04:00:00-04:00,1.19231,1.19287,1.191485,1.191865,-1.0,-1.0,-1
2018-05-15 05:00:00-04:00,1.191865,1.192975,1.19163,1.192675,-1.0,-1.0,-1
2018-05-15 06:00:00-04:00,1.192675,1.19279,1.19176,1.191815,-1.0,-1.0,-1
2018-05-15 07:00:00-04:00,1.191815,1.191835,1.18763,1.187855,-1.0,-1.0,-1
2018-05-15 08:00:00-04:00,1.187855,1.189055,1.184705,1.184705,-1.0,-1.0,-1
2018-05-15 09:00:00-04:00,1.184705,1.185265,1.182025,1.183025,-1.0,-1.0,-1
2018-05-15 10:00:00-04:00,1.183025,1.18666,1.18291,1.186115,-1.0,-1.0,-1
2018-05-15 11:00:00-04:00,1.186115,1.187035,1.185375,1.18637,-1.0,-1.0,-1
2018-05-15 12:00:00-04:00,1.18637,1.187545,1.18534,1.18654,-1.0,-1.0,-1
2018-05-15 13:00:00-04:00,1.18654,1.186675,1.184935,1.184975,-1.0,-1.0,-1
2018-05-15 14:00:00-04:00,1.184975,1.186095,1.183615,1.18477,-1.0,-1.0,-1
2018-05-15 15:00:00-04:00,1.18477,1.18535,1.183735,1.184235,-1.0,-1.0,-1
2018-05-15 16:00:00-04:00,1.184235,1.184725,1.183695,1.183765,-1.0,-1.0,-1
2018-05-15 17:15:00-04:00,1.184275,1.184285,1.183725,1.183785,-1.0,-1.0,-1
2018-05-15 18:00:00-04:00,1.183785,1.183875,1.18171,1.181775,-1.0,-1.0,-1
2018-05-15 19:00:00-04:00,1.181775,1.183155,1.181775,1.18206,-1.0,-1.0,-1
2018-05-15 20:00:00-04:00,1.18206,1.183485,1.18202,1.18307,-1.0,-1.0,-1
2018-05-15 21:00:00-04:00,1.18307,1.183085,1.181565,1.18218,-1.0,-1.0,-1
2018-05-15 22:00:00-04:00,1.18218,1.18305,1.18202,1.182665,-1.0,-1.0,-1
2018-05-15 23:00:00-04:00,1.182665,1.18343,1.18246,1.18334,-1.0,-1.0,-1
2018-05-16 00:00:00-04:00,1.18334,1.183375,1.18284,1.183235,-1.0,-1.0,-1
2018-05-16 01:00:00-04:00,1.183235,1.184315,1.18308,1.184185,-1.0,-1.0,-1
2018-05-16 02:00:00-04:00,1.184185,1.184545,1.18245,1.184145,-1.0,-1.0,-1
2018-05-16 03:00:00-04:00,1.184145,1.185435,1.18291,1.184735,-1.0,-1.0,-1
2018-05-16 04:00:00-04:00,1.184735,1.185255,1.182575,1.183675,-1.0,-1.0,-1
2018-05-16 05:00:00-04:00,1.183675,1.1838,1.180065,1.18079,-1.0,-1.0,-1
2018-05-16 06:00:00-04:00,1.18079,1.181025,1.178155,1.179135,-1.0,-1.0,-1
2018-05-16 07:00:00-04:00,1.179135,1.17952,1.17665,1.17869,-1.0,-1.0,-1
2018-05-16 08:00:00-04:00,1.17869,1.17897,1.176355,1.17664,-1.0,-1.0,-1
2018-05-16 09:00:00-04:00,1.17664,1.18079,1.17664,1.179855,-1.0,-1.0,-1
2018-05-16 10:00:00-04:00,1.179855,1.181985,1.178605,1.178625,-1.0,-1.0,-1
2018-05-16 11:00:00-04:00,1.178625,1.17884,1.17781,1.178675,-1.0,-1.0,-1
2018-05-16 12:00:00-04:00,1.178675,1.18162,1.178135,1.181265,-1.0,-1.0,-1
2018-05-16 13:00:00-04:00,1.181265,1.181765,1.1805,1.181705,-1.0,-1.0,-1
2018-05-16 14:00:00-04:00,1.181705,1.181985,1.18003,1.180115,-1.0,-1.0,-1
2018-05-16 15:00:00-04:00,1.180115,1.180425,1.179885,1.180295,-1.0,-1.0,-1
2018-05-16 16:00:00-04:00,1.180295,1.18092,1.180145,1.180755,-1.0,-1.0,-1
2018-05-16 17:15:00-04:00,1.18117,1.181365,1.180675,1.181175,-1.0,-1.0,-1
2018-05-16 18:00:00-04:00,1.181175,1.18171,1.180965,1.181595,-1.0,-1.0,-1
2018-05-16 19:00:00-04:00,1.181595,1.182015,1.18111,1.18148,-1.0,-1.0,-1
2018-05-16 20:00:00-04:00,1.18148,1.18148,1.18071,1.18116,-1.0,-1.0,-1
2018-05-16 21:00:00-04:00,1.18116,1.181855,1.18066,1.181215,-1.0,-1.0,-1
2018-05-16 22:00:00-04:00,1.181215,1.18376,1.181215,1.18311,-1.0,-1.0,-1
2018-05-16 23:00:00-04:00,1.18311,1.183305,1.182285,1.18281,-1.0,-1.0,-1
2018-05-17 00:00:00-04:00,1.18281,1.18281,1.18177,1.181885,-1.0,-1.0,-1
2018-05-17 01:00:00-04:00,1.181885,1.183545,1.18136,1.183295,-1.0,-1.0,-1
2018-05-17 02:00:00-04:00,1.183295,1.183295,1.179375,1.180285,-1.0,-1.0,-1
2018-05-17 03:00:00-04:00,1.180285,1.18308,1.179245,1.182185,-1.0,-1.0,-1
2018-05-17 04:00:00-04:00,1.182185,1.182485,1.18078,1.181485,-1.0,-1.0,-1
2018-05-17 05:00:00-04:00,1.181485,1.182475,1.179735,1.18029,-1.0,-1.0,-1
2018-05-17 06:00:00-04:00,1.18029,1.181045,1.177645,1.179265,-1.0,-1.0,-1
2018-05-17 07:00:00-04:00,1.179265,1.179695,1.178365,1.17902,-1.0,-1.0,-1
2018-05-17 08:00:00-04:00,1.17902,1.181185,1.178475,1.18057,-1.0,-1.0,-1
2018-05-17 09:00:00-04:00,1.18057,1.181095,1.17857,1.179085,-1.0,-1.0,-1
2018-05-17 10:00:00-04:00,1.179085,1.18035,1.17859,1.179015,-1.0,-1.0,-1
2018-05-17 11:00:00-04:00,1.179015,1.179915,1.17853,1.179705,-1.0,-1.0,-1
2018-05-17 12:00:00-04:00,1.179705,1.180885,1.179635,1.18045,-1.0,-1.0,-1
2018-05-17 13:00:00-04:00,1.18045,1.180555,1.17935,1.17958,-1.0,-1.0,-1
2018-05-17 14:00:00-04:00,1.17958,1.180285,1.179325,1.17981,-1.0,-1.0,-1
2018-05-17 15:00:00-04:00,1.17981,1.17995,1.179265,1.17952,-1.0,-1.0,-1
2018-05-17 16:00:00-04:00,1.17952,1.179735,1.179305,1.179455,-1.0,-1.0,-1
2018-05-17 17:15:00-04:00,1.17973,1.17986,1.17943,1.17953,-1.0,-1.0,-1
2018-05-17 18:00:00-04:00,1.17953,1.179755,1.179435,1.179735,-1.0,-1.0,-1
2018-05-17 19:00:00-04:00,1.179735,1.179735,1.179015,1.179015,-1.0,-1.0,-1
2018-05-17 20:00:00-04:00,1.179015,1.180785,1.17893,1.18054,-1.0,-1.0,-1
2018-05-17 21:00:00-04:00,1.18054,1.18076,1.1799,1.180235,-1.0,-1.0,-1
2018-05-17 22:00:00-04:00,1.180235,1.18079,1.18008,1.180175,-1.0,-1.0,-1
2018-05-17 23:00:00-04:00,1.180175,1.1806,1.17973,1.18033,-1.0,-1.0,-1
2018-05-18 00:00:00-04:00,1.18033,1.18065,1.180095,1.180485,-1.0,-1.0,-1
2018-05-18 01:00:00-04:00,1.180485,1.181395,1.180335,1.18112,-1.0,-1.0,-1
2018-05-18 02:00:00-04:00,1.18112,1.18167,1.180635,1.181665,-1.0,-1.0,-1
2018-05-18 03:00:00-04:00,1.181665,1.182225,1.180785,1.181305,-1.0,-1.0,-1
2018-05-18 04:00:00-04:00,1.181305,1.181445,1.180485,1.18064,-1.0,-1.0,-1
2018-05-18 05:00:00-04:00,1.18064,1.180995,1.177475,1.177655,-1.0,-1.0,-1
2018-05-18 06:00:00-04:00,1.177655,1.17878,1.177635,1.17815,-1.0,-1.0,-1
2018-05-18 07:00:00-04:00,1.17815,1.178895,1.17727,1.178415,-1.0,-1.0,-1
2018-05-18 08:00:00-04:00,1.178415,1.178535,1.176165,1.176985,-1.0,-1.0,-1
2018-05-18 09:00:00-04:00,1.176985,1.17733,1.175235,1.175695,-1.0,-1.0,-1
2018-05-18 10:00:00-04:00,1.175695,1.17774,1.17499,1.17696,-1.0,-1.0,-1
2018-05-18 11:00:00-04:00,1.17696,1.17769,1.17618,1.177545,-1.0,-1.0,-1
2018-05-18 12:00:00-04:00,1.177545,1.178875,1.17737,1.17845,-1.0,-1.0,-1
2018-05-18 13:00:00-04:00,1.17845,1.178545,1.17724,1.177495,-1.0,-1.0,-1
2018-05-18 14:00:00-04:00,1.177495,1.177885,1.177245,1.17731,-1.0,-1.0,-1
2018-05-18 15:00:00-04:00,1.17731,1.17757,1.176555,1.176795,-1.0,-1.0,-1
2018-05-18 16:00:00-04:00,1.176795,1.17724,1.176475,1.177025,-1.0,-1.0,-1
2018-05-20 17:15:00-04:00,1.176775,1.17761,1.176675,1.176835,-1.0,-1.0,-1
2018-05-20 18:00:00-04:00,1.176835,1.177115,1.176425,1.176655,-1.0,-1.0,-1
2018-05-20 19:00:00-04:00,1.176655,1.176835,1.17605,1.176545,-1.0,-1.0,-1
2018-05-20 20:00:00-04:00,1.176545,1.176785,1.17442,1.174765,-1.0,-1.0,-1
2018-05-20 21:00:00-04:00,1.174765,1.175875,1.174495,1.175875,-1.0,-1.0,-1
2018-05-20 22:00:00-04:00,1.175875,1.17589,1.17457,1.174725,-1.0,-1.0,-1
2018-05-20 23:00:00-04:00,1.174725,1.175475,1.174665,1.175175,-1.0,-1.0,-1
2018-05-21 00:00:00-04:00,1.175175,1.175355,1.17446,1.175055,-1.0,-1.0,-1
2018-05-21 01:00:00-04:00,1.175055,1.175275,1.174575,1.17503,-1.0,-1.0,-1
2018-05-21 02:00:00-04:00,1.17503,1.175035,1.172795,1.17286,-1.0,-1.0,-1
2018-05-21 03:00:00-04:00,1.17286,1.17332,1.172065,1.172565,-1.0,-1.0,-1
2018-05-21 04:00:00-04:00,1.172565,1.17449,1.171655,1.174175,-1.0,-1.0,-1
2018-05-21 05:00:00-04:00,1.174175,1.174725,1.17333,1.174715,-1.0,-1.0,-1
2018-05-21 06:00:00-04:00,1.174715,1.17596,1.174285,1.175105,-1.0,-1.0,-1
2018-05-21 07:00:00-04:00,1.175105,1.176265,1.174485,1.176165,-1.0,-1.0,-1
2018-05-21 08:00:00-04:00,1.176165,1.17739,1.17526,1.176905,-1.0,-1.0,-1
2018-05-21 09:00:00-04:00,1.176905,1.17797,1.176325,1.176495,-1.0,-1.0,-1
2018-05-21 10:00:00-04:00,1.176495,1.177725,1.17429,1.175195,-1.0,-1.0,-1
2018-05-21 11:00:00-04:00,1.175195,1.17692,1.174975,1.176835,-1.0,-1.0,-1
2018-05-21 12:00:00-04:00,1.176835,1.17749,1.176465,1.17713,-1.0,-1.0,-1
2018-05-21 13:00:00-04:00,1.17713,1.17781,1.176615,1.176975,-1.0,-1.0,-1
2018-05-21 14:00:00-04:00,1.176975,1.177415,1.176585,1.177205,-1.0,-1.0,-1
2018-05-21 15:00:00-04:00,1.177205,1.178835,1.1771,1.178615,-1.0,-1.0,-1
2018-05-21 16:00:00-04:00,1.178615,1.179555,1.17847,1.17916,-1.0,-1.0,-1
2018-05-21 17:15:00-04:00,1.179075,1.17953,1.17903,1.17938,-1.0,-1.0,-1
2018-05-21 18:00:00-04:00,1.17938,1.179685,1.17907,1.17955,-1.0,-1.0,-1
2018-05-21 19:00:00-04:00,1.17955,1.179735,1.178605,1.17901,-1.0,-1.0,-1
2018-05-21 20:00:00-04:00,1.17901,1.179725,1.178595,1.179145,-1.0,-1.0,-1
2018-05-21 21:00:00-04:00,1.179145,1.179185,1.177975,1.178145,-1.0,-1.0,-1
2018-05-21 22:00:00-04:00,1.178145,1.17864,1.177905,1.178205,-1.0,-1.0,-1
2018-05-21 23:00:00-04:00,1.178205,1.178795,1.178155,1.178175,-1.0,-1.0,-1
2018-05-22 00:00:00-04:00,1.178175,1.1782,1.177365,1.17741,-1.0,-1.0,-1
2018-05-22 01:00:00-04:00,1.17741,1.178545,1.17736,1.17836,-1.0,-1.0,-1
2018-05-22 02:00:00-04:00,1.17836,1.17906,1.175955,1.17616,-1.0,-1.0,-1
2018-05-22 03:00:00-04:00,1.17616,1.181945,1.175655,1.18175,-1.0,-1.0,-1
2018-05-22 04:00:00-04:00,1.18175,1.18298,1.180375,1.180825,-1.0,-1.0,-1
2018-05-22 05:00:00-04:00,1.180825,1.18248,1.18061,1.182315,-1.0,-1.0,-1
2018-05-22 06:00:00-04:00,1.182315,1.182715,1.180865,1.181015,-1.0,-1.0,-1
2018-05-22 07:00:00-04:00,1.181015,1.182385,1.180505,1.180895,-1.0,-1.0,-1
2018-05-22 08:00:00-04:00,1.180895,1.18122,1.177555,1.178135,-1.0,-1.0,-1
2018-05-22 09:00:00-04:00,1.178135,1.179395,1.177365,1.178935,-1.0,-1.0,-1
2018-05-22 10:00:00-04:00,1.178935,1.17925,1.176945,1.17728,-1.0,-1.0,-1
2018-05-22 11:00:00-04:00,1.17728,1.179255,1.176895,1.178415,-1.0,-1.0,-1
2018-05-22 12:00:00-04:00,1.178415,1.17879,1.177935,1.178445,-1.0,-1.0,-1
2018-05-22 13:00:00-04:00,1.178445,1.178535,1.17708,1.177675,-1.0,-1.0,-1
2018-05-22 14:00:00-04:00,1.177675,1.178125,1.177145,1.17785,-1.0,-1.0,-1
2018-05-22 15:00:00-04:00,1.17785,1.178475,1.177685,1.178205,-1.0,-1.0,-1
2018-05-22 16:00:00-04:00,1.178205,1.178265,1.17773,1.177875,-1.0,-1.0,-1
2018-05-22 17:15:00-04:00,1.17785,1.177965,1.177635,1.17784,-1.0,-1.0,-1
2018-05-22 18:00:00-04:00,1.17784,1.178305,1.177715,1.17826,-1.0,-1.0,-1
2018-05-22 19:00:00-04:00,1.17826,1.17897,1.1778,1.178825,-1.0,-1.0,-1
2018-05-22 20:00:00-04:00,1.178825,1.17893,1.177925,1.17827,-1.0,-1.0,-1
2018-05-22 21:00:00-04:00,1.17827,1.178785,1.175515,1.176295,-1.0,-1.0,-1
2018-05-22 22:00:00-04:00,1.176295,1.176545,1.175285,1.175425,-1.0,-1.0,-1
2018-05-22 23:00:00-04:00,1.175425,1.17626,1.17503,1.176225,-1.0,-1.0,-1
2018-05-23 00:00:00-04:00,1.176225,1.176785,1.17596,1.176575,-1.0,-1.0,-1
2018-05-23 01:00:00-04:00,1.176575,1.17684,1.17622,1.176285,-1.0,-1.0,-1
2018-05-23 02:00:00-04:00,1.176285,1.1768,1.17516,1.176575,-1.0,-1.0,-1
2018-05-23 03:00:00-04:00,1.176575,1.176575,1.17019,1.17118,-1.0,-1.0,-1
2018-05-23 04:00:00-04:00,1.17118,1.173085,1.169865,1.172905,-1.0,-1.0,-1
2018-05-23 05:00:00-04:00,1.172905,1.174815,1.171505,1.17255,-1.0,-1.0,-1
2018-05-23 06:00:00-04:00,1.17255,1.17332,1.171145,1.171395,-1.0,-1.0,-1
2018-05-23 07:00:00-04:00,1.171395,1.171395,1.169195,1.17002,-1.0,-1.0,-1
2018-05-23 08:00:00-04:00,1.17002,1.17137,1.169675,1.170055,-1.0,-1.0,-1
2018-05-23 09:00:00-04:00,1.170055,1.171775,1.168495,1.170615,-1.0,-1.0,-1
2018-05-23 10:00:00-04:00,1.170615,1.171945,1.16981,1.17034,-1.0,-1.0,-1
2018-05-23 11:00:00-04:00,1.17034,1.171025,1.16904,1.169285,-1.0,-1.0,-1
2018-05-23 12:00:00-04:00,1.169285,1.170725,1.169015,1.169335,-1.0,-1.0,-1
2018-05-23 13:00:00-04:00,1.169335,1.169445,1.16782,1.167885,-1.0,-1.0,-1
2018-05-23 14:00:00-04:00,1.167885,1.17101,1.16759,1.16974,-1.0,-1.0,-1
2018-05-23 15:00:00-04:00,1.16974,1.17072,1.169375,1.170395,-1.0,-1.0,-1
2018-05-23 16:00:00-04:00,1.170395,1.17049,1.169425,1.16962,-1.0,-1.0,-1
2018-05-23 17:15:00-04:00,1.170275,1.170745,1.169955,1.170345,-1.0,-1.0,-1
2018-05-23 18:00:00-04:00,1.170345,1.170655,1.17011,1.170505,-1.0,-1.0,-1
2018-05-23 19:00:00-04:00,1.170505,1.17139,1.170465,1.170935,-1.0,-1.0,-1
2018-05-23 20:00:00-04:00,1.170935,1.170935,1.170105,1.1707,-1.0,-1.0,-1
2018-05-23 21:00:00-04:00,1.1707,1.17121,1.16908,1.16963,-1.0,-1.0,-1
2018-05-23 22:00:00-04:00,1.16963,1.171295,1.16914,1.1706,-1.0,-1.0,-1
2018-05-23 23:00:00-04:00,1.1706,1.17093,1.16982,1.17038,-1.0,-1.0,-1
2018-05-24 00:00:00-04:00,1.17038,1.171395,1.17038,1.170915,-1.0,-1.0,-1
2018-05-24 01:00:00-04:00,1.170915,1.170945,1.169705,1.170745,-1.0,-1.0,-1
2018-05-24 02:00:00-04:00,1.170745,1.17214,1.16932,1.17175,-1.0,-1.0,-1
2018-05-24 03:00:00-04:00,1.17175,1.173295,1.17131,1.172245,-1.0,-1.0,-1
2018-05-24 04:00:00-04:00,1.172245,1.174595,1.172025,1.17385,-1.0,-1.0,-1
2018-05-24 05:00:00-04:00,1.17385,1.174525,1.172675,1.172825,-1.0,-1.0,-1
2018-05-24 06:00:00-04:00,1.172825,1.17308,1.171655,1.172015,-1.0,-1.0,-1
2018-05-24 07:00:00-04:00,1.172015,1.172295,1.170555,1.171385,-1.0,-1.0,-1
2018-05-24 08:00:00-04:00,1.171385,1.173745,1.171335,1.17266,-1.0,-1.0,-1
2018-05-24 09:00:00-04:00,1.17266,1.173535,1.171445,1.17308,-1.0,-1.0,-1
2018-05-24 10:00:00-04:00,1.17308,1.175045,1.171725,1.17244,-1.0,-1.0,-1
2018-05-24 11:00:00-04:00,1.17244,1.173365,1.17204,1.17288,-1.0,-1.0,-1
2018-05-24 12:00:00-04:00,1.17288,1.17332,1.172415,1.173235,-1.0,-1.0,-1
2018-05-24 13:00:00-04:00,1.173235,1.17443,1.173205,1.17393,-1.0,-1.0,-1
2018-05-24 14:00:00-04:00,1.17393,1.17395,1.172475,1.17271,-1.0,-1.0,-1
2018-05-24 15:00:00-04:00,1.17271,1.17287,1.172145,1.172415,-1.0,-1.0,-1
2018-05-24 16:00:00-04:00,1.172415,1.172595,1.17187,1.17195,-1.0,-1.0,-1
2018-05-24 17:15:00-04:00,1.17227,1.17237,1.17206,1.172235,-1.0,-1.0,-1
2018-05-24 18:00:00-04:00,1.172235,1.17237,1.172005,1.17217,-1.0,-1.0,-1
2018-05-24 19:00:00-04:00,1.17217,1.17233,1.171805,1.172225,-1.0,-1.0,-1
2018-05-24 20:00:00-04:00,1.172225,1.17265,1.17156,1.1718,-1.0,-1.0,-1
2018-05-24 21:00:00-04:00,1.1718,1.171825,1.17062,1.17103,-1.0,-1.0,-1
2018-05-24 22:00:00-04:00,1.17103,1.171095,1.170515,1.170835,-1.0,-1.0,-1
2018-05-24 23:00:00-04:00,1.170835,1.171285,1.170635,1.170935,-1.0,-1.0,-1
2018-05-25 00:00:00-04:00,1.170935,1.171135,1.170625,1.17094,-1.0,-1.0,-1
2018-05-25 01:00:00-04:00,1.17094,1.171095,1.17051,1.170595,-1.0,-1.0,-1
2018-05-25 02:00:00-04:00,1.170595,1.1711,1.16986,1.170225,-1.0,-1.0,-1
2018-05-25 03:00:00-04:00,1.170225,1.17045,1.168445,1.16889,-1.0,-1.0,-1
2018-05-25 04:00:00-04:00,1.16889,1.172835,1.16882,1.172725,-1.0,-1.0,-1
2018-05-25 05:00:00-04:00,1.172725,1.172885,1.170445,1.17143,-1.0,-1.0,-1
2018-05-25 06:00:00-04:00,1.17143,1.173365,1.17057,1.170905,-1.0,-1.0,-1
2018-05-25 07:00:00-04:00,1.170905,1.17099,1.16621,1.16684,-1.0,-1.0,-1
2018-05-25 08:00:00-04:00,1.16684,1.168685,1.166405,1.167665,-1.0,-1.0,-1
2018-05-25 09:00:00-04:00,1.167665,1.16802,1.16466,1.165145,-1.0,-1.0,-1
2018-05-25 10:00:00-04:00,1.165145,1.166565,1.164895,1.16552,-1.0,-1.0,-1
2018-05-25 11:00:00-04:00,1.16552,1.167005,1.165225,1.166555,-1.0,-1.0,-1
2018-05-25 12:00:00-04:00,1.166555,1.167055,1.165745,1.166125,-1.0,-1.0,-1
2018-05-25 13:00:00-04:00,1.166125,1.167605,1.16578,1.166015,-1.0,-1.0,-1
2018-05-25 14:00:00-04:00,1.166015,1.16698,1.16549,1.166905,-1.0,-1.0,-1
2018-05-25 15:00:00-04:00,1.166905,1.16699,1.16603,1.16609,-1.0,-1.0,-1
2018-05-25 16:00:00-04:00,1.16609,1.166235,1.164575,1.16519,-1.0,-1.0,-1
2018-05-27 17:15:00-04:00,1.1682,1.169625,1.167025,1.168855,-1.0,-1.0,-1
2018-05-27 18:00:00-04:00,1.168855,1.169045,1.16764,1.16892,-1.0,-1.0,-1
2018-05-27 19:00:00-04:00,1.16892,1.169235,1.16844,1.168855,-1.0,-1.0,-1
2018-05-27 20:00:00-04:00,1.168855,1.170525,1.168415,1.16978,-1.0,-1.0,-1
2018-05-27 21:00:00-04:00,1.16978,1.17125,1.169555,1.170565,-1.0,-1.0,-1
2018-05-27 22:00:00-04:00,1.170565,1.17078,1.169935,1.170725,-1.0,-1.0,-1
2018-05-27 23:00:00-04:00,1.170725,1.17188,1.17066,1.17162,-1.0,-1.0,-1
2018-05-28 00:00:00-04:00,1.17162,1.17247,1.171325,1.172455,-1.0,-1.0,-1
2018-05-28 01:00:00-04:00,1.172455,1.172845,1.172015,1.172665,-1.0,-1.0,-1
2018-05-28 02:00:00-04:00,1.172665,1.17274,1.17047,1.170785,-1.0,-1.0,-1
2018-05-28 03:00:00-04:00,1.170785,1.171145,1.168845,1.1696,-1.0,-1.0,-1
2018-05-28 04:00:00-04:00,1.1696,1.16969,1.167595,1.1678,-1.0,-1.0,-1
2018-05-28 05:00:00-04:00,1.1678,1.167885,1.16607,1.166845,-1.0,-1.0,-1
2018-05-28 06:00:00-04:00,1.166845,1.16685,1.16393,1.16576,-1.0,-1.0,-1
2018-05-28 07:00:00-04:00,1.16576,1.16576,1.163495,1.164055,-1.0,-1.0,-1
2018-05-28 08:00:00-04:00,1.164055,1.164715,1.160785,1.16093,-1.0,-1.0,-1
2018-05-28 09:00:00-04:00,1.16093,1.162525,1.16074,1.16166,-1.0,-1.0,-1
2018-05-28 10:00:00-04:00,1.16166,1.162925,1.1616,1.162125,-1.0,-1.0,-1
2018-05-28 11:00:00-04:00,1.162125,1.16318,1.161985,1.162825,-1.0,-1.0,-1
2018-05-28 12:00:00-04:00,1.162825,1.163285,1.16243,1.16288,-1.0,-1.0,-1
2018-05-28 13:00:00-04:00,1.16288,1.162895,1.162305,1.162745,-1.0,-1.0,-1
2018-05-28 14:00:00-04:00,1.162745,1.16283,1.1627,1.162785,-1.0,-1.0,-1
2018-05-28 15:00:00-04:00,1.162785,1.162875,1.16259,1.162665,-1.0,-1.0,-1
2018-05-28 16:00:00-04:00,1.162665,1.162695,1.16241,1.16246,-1.0,-1.0,-1
2018-05-28 17:15:00-04:00,1.16215,1.162615,1.162125,1.16243,-1.0,-1.0,-1
2018-05-28 18:00:00-04:00,1.16243,1.16281,1.162305,1.162665,-1.0,-1.0,-1
2018-05-28 19:00:00-04:00,1.162665,1.16292,1.162445,1.16263,-1.0,-1.0,-1
2018-05-28 20:00:00-04:00,1.16263,1.16333,1.162255,1.162715,-1.0,-1.0,-1
2018-05-28 21:00:00-04:00,1.162715,1.16287,1.1614,1.16213,-1.0,-1.0,-1
2018-05-28 22:00:00-04:00,1.16213,1.16275,1.16201,1.162395,-1.0,-1.0,-1
2018-05-28 23:00:00-04:00,1.162395,1.163285,1.16202,1.162855,-1.0,-1.0,-1
2018-05-29 00:00:00-04:00,1.162855,1.16323,1.16276,1.162915,-1.0,-1.0,-1
2018-05-29 01:00:00-04:00,1.162915,1.16358,1.16254,1.163085,-1.0,-1.0,-1
2018-05-29 02:00:00-04:00,1.163085,1.16397,1.158585,1.15948,-1.0,-1.0,-1
2018-05-29 03:00:00-04:00,1.15948,1.160025,1.156595,1.156775,-1.0,-1.0,-1
2018-05-29 04:00:00-04:00,1.156775,1.15754,1.153105,1.154295,-1.0,-1.0,-1
2018-05-29 05:00:00-04:00,1.154295,1.155335,1.151005,1.154255,-1.0,-1.0,-1
2018-05-29 06:00:00-04:00,1.154255,1.15693,1.153925,1.15514,-1.0,-1.0,-1
2018-05-29 07:00:00-04:00,1.15514,1.15559,1.153305,1.155475,-1.0,-1.0,-1
2018-05-29 08:00:00-04:00,1.155475,1.158185,1.155145,1.15763,-1.0,-1.0,-1
2018-05-29 09:00:00-04:00,1.15763,1.158475,1.156725,1.1579,-1.0,-1.0,-1
2018-05-29 10:00:00-04:00,1.1579,1.15899,1.156015,1.156455,-1.0,-1.0,-1
2018-05-29 11:00:00-04:00,1.156455,1.156585,1.154185,1.155105,-1.0,-1.0,-1
2018-05-29 12:00:00-04:00,1.155105,1.15599,1.154435,1.15462,-1.0,-1.0,-1
2018-05-29 13:00:00-04:00,1.15462,1.1547,1.15196,1.153485,-1.0,-1.0,-1
2018-05-29 14:00:00-04:00,1.153485,1.154125,1.152395,1.153245,-1.0,-1.0,-1
2018-05-29 15:00:00-04:00,1.153245,1.15419,1.15263,1.153665,-1.0,-1.0,-1
2018-05-29 16:00:00-04:00,1.153665,1.15439,1.15331,1.153975,-1.0,-1.0,-1
2018-05-29 17:15:00-04:00,1.1536,1.154735,1.1536,1.154435,-1.0,-1.0,-1
2018-05-29 18:00:00-04:00,1.154435,1.15491,1.15399,1.154115,-1.0,-1.0,-1
2018-05-29 19:00:00-04:00,1.154115,1.15448,1.15336,1.153775,-1.0,-1.0,-1
2018-05-29 20:00:00-04:00,1.153775,1.15419,1.15322,1.15344,-1.0,-1.0,-1
2018-05-29 21:00:00-04:00,1.15344,1.154645,1.153195,1.15392,-1.0,-1.0,-1
2018-05-29 22:00:00-04:00,1.15392,1.15393,1.151865,1.15268,-1.0,-1.0,-1
2018-05-29 23:00:00-04:00,1.15268,1.15383,1.15205,1.153375,-1.0,-1.0,-1
2018-05-30 00:00:00-04:00,1.153375,1.154265,1.15318,1.154085,-1.0,-1.0,-1
2018-05-30 01:00:00-04:00,1.154085,1.15579,1.152965,1.15561,-1.0,-1.0,-1
2018-05-30 02:00:00-04:00,1.15561,1.158265,1.155035,1.15801,-1.0,-1.0,-1
2018-05-30 03:00:00-04:00,1.15801,1.161215,1.157025,1.160345,-1.0,-1.0,-1
2018-05-30 04:00:00-04:00,1.160345,1.161175,1.158165,1.161155,-1.0,-1.0,-1
2018-05-30 05:00:00-04:00,1.161155,1.161795,1.159235,1.161585,-1.0,-1.0,-1
2018-05-30 06:00:00-04:00,1.161585,1.162995,1.16022,1.16284,-1.0,-1.0,-1
2018-05-30 07:00:00-04:00,1.16284,1.164085,1.162245,1.163755,-1.0,-1.0,-1
2018-05-30 08:00:00-04:00,1.163755,1.164805,1.162475,1.162535,-1.0,-1.0,-1
2018-05-30 09:00:00-04:00,1.162535,1.16323,1.16134,1.161645,-1.0,-1.0,-1
2018-05-30 10:00:00-04:00,1.161645,1.161935,1.159425,1.161105,-1.0,-1.0,-1
2018-05-30 11:00:00-04:00,1.161105,1.16762,1.161015,1.16639,-1.0,-1.0,-1
2018-05-30 12:00:00-04:00,1.16639,1.16674,1.16521,1.166385,-1.0,-1.0,-1
2018-05-30 13:00:00-04:00,1.166385,1.166725,1.165065,1.165185,-1.0,-1.0,-1
2018-05-30 14:00:00-04:00,1.165185,1.16547,1.16452,1.165355,-1.0,-1.0,-1
2018-05-30 15:00:00-04:00,1.165355,1.16639,1.165165,1.166175,-1.0,-1.0,-1
2018-05-30 16:00:00-04:00,1.166175,1.16702,1.165915,1.16653,-1.0,-1.0,-1
2018-05-30 17:15:00-04:00,1.166525,1.166845,1.166365,1.16677,-1.0,-1.0,-1
2018-05-30 18:00:00-04:00,1.16677,1.16695,1.166215,1.1665,-1.0,-1.0,-1
2018-05-30 19:00:00-04:00,1.1665,1.16711,1.166345,1.166475,-1.0,-1.0,-1
2018-05-30 20:00:00-04:00,1.166475,1.16665,1.16552,1.166295,-1.0,-1.0,-1
2018-05-30 21:00:00-04:00,1.166295,1.1663,1.164805,1.16542,-1.0,-1.0,-1
2018-05-30 22:00:00-04:00,1.16542,1.16607,1.165255,1.16581,-1.0,-1.0,-1
2018-05-30 23:00:00-04:00,1.16581,1.16726,1.165715,1.16665,-1.0,-1.0,-1
2018-05-31 00:00:00-04:00,1.16665,1.16679,1.166185,1.1665,-1.0,-1.0,-1
2018-05-31 01:00:00-04:00,1.1665,1.16888,1.165915,1.168145,-1.0,-1.0,-1
2018-05-31 02:00:00-04:00,1.168145,1.169875,1.166455,1.16843,-1.0,-1.0,-1
2018-05-31 03:00:00-04:00,1.16843,1.17192,1.167915,1.171185,-1.0,-1.0,-1
2018-05-31 04:00:00-04:00,1.171185,1.172445,1.17038,1.171985,-1.0,-1.0,-1
2018-05-31 05:00:00-04:00,1.171985,1.17237,1.1692,1.17031,-1.0,-1.0,-1
2018-05-31 06:00:00-04:00,1.17031,1.170405,1.167335,1.167925,-1.0,-1.0,-1
2018-05-31 07:00:00-04:00,1.167925,1.17086,1.167655,1.17078,-1.0,-1.0,-1
2018-05-31 08:00:00-04:00,1.17078,1.170875,1.167025,1.167265,-1.0,-1.0,-1
2018-05-31 09:00:00-04:00,1.167265,1.16746,1.16456,1.16486,-1.0,-1.0,-1
2018-05-31 10:00:00-04:00,1.16486,1.168235,1.16485,1.167025,-1.0,-1.0,-1
2018-05-31 11:00:00-04:00,1.167025,1.169855,1.164115,1.166875,-1.0,-1.0,-1
2018-05-31 12:00:00-04:00,1.166875,1.167495,1.16574,1.167065,-1.0,-1.0,-1
2018-05-31 13:00:00-04:00,1.167065,1.168915,1.167055,1.167845,-1.0,-1.0,-1
2018-05-31 14:00:00-04:00,1.167845,1.169445,1.16733,1.168625,-1.0,-1.0,-1
2018-05-31 15:00:00-04:00,1.168625,1.16935,1.16829,1.16904,-1.0,-1.0,-1
2018-05-31 16:00:00-04:00,1.16904,1.169725,1.16884,1.16937,-1.0,-1.0,-1
2018-05-31 17:15:00-04:00,1.169375,1.169565,1.168965,1.169205,-1.0,-1.0,-1
2018-05-31 18:00:00-04:00,1.169205,1.17066,1.169195,1.170505,-1.0,-1.0,-1
2018-05-31 19:00:00-04:00,1.170505,1.170515,1.169185,1.169235,-1.0,-1.0,-1
2018-05-31 20:00:00-04:00,1.169235,1.16948,1.16859,1.1694,-1.0,-1.0,-1
2018-05-31 21:00:00-04:00,1.1694,1.16964,1.168715,1.16924,-1.0,-1.0,-1
2018-05-31 22:00:00-04:00,1.16924,1.169665,1.168395,1.168495,-1.0,-1.0,-1
2018-05-31 23:00:00-04:00,1.168495,1.16869,1.167715,1.168225,-1.0,-1.0,-1
2018-06-01 00:00:00-04:00,1.168225,1.16827,1.167585,1.16781,-1.0,-1.0,-1
2018-06-01 01:00:00-04:00,1.16781,1.167955,1.16656,1.16753,-1.0,-1.0,-1
2018-06-01 02:00:00-04:00,1.16753,1.16862,1.16656,1.16851,-1.0,-1.0,-1
2018-06-01 03:00:00-04:00,1.16851,1.170295,1.16806,1.168375,-1.0,-1.0,-1
2018-06-01 04:00:00-04:00,1.168375,1.16979,1.167745,1.168195,-1.0,-1.0,-1
2018-06-01 05:00:00-04:00,1.168195,1.170845,1.167775,1.170515,-1.0,-1.0,-1
2018-06-01 06:00:00-04:00,1.170515,1.17181,1.17022,1.17099,-1.0,-1.0,-1
2018-06-01 07:00:00-04:00,1.17099,1.17106,1.16707,1.167385,-1.0,-1.0,-1
2018-06-01 08:00:00-04:00,1.167385,1.1688,1.16479,1.16583,-1.0,-1.0,-1
2018-06-01 09:00:00-04:00,1.16583,1.168365,1.16539,1.16714,-1.0,-1.0,-1
2018-06-01 10:00:00-04:00,1.16714,1.167875,1.16171,1.16636,-1.0,-1.0,-1
2018-06-01 11:00:00-04:00,1.16636,1.16814,1.1661,1.167795,-1.0,-1.0,-1
2018-06-01 12:00:00-04:00,1.167795,1.167985,1.166125,1.166555,-1.0,-1.0,-1
2018-06-01 13:00:00-04:00,1.166555,1.166935,1.165525,1.16578,-1.0,-1.0,-1
2018-06-01 14:00:00-04:00,1.16578,1.166375,1.16564,1.166335,-1.0,-1.0,-1
2018-06-01 15:00:00-04:00,1.166335,1.16635,1.165365,1.16554,-1.0,-1.0,-1
2018-06-01 16:00:00-04:00,1.16554,1.16662,1.16548,1.16599,-1.0,-1.0,-1
2018-06-03 17:15:00-04:00,1.166325,1.166915,1.166025,1.16631,-1.0,-1.0,-1
2018-06-03 18:00:00-04:00,1.16631,1.16643,1.16614,1.166225,-1.0,-1.0,-1
2018-06-03 19:00:00-04:00,1.166225,1.166845,1.166225,1.16674,-1.0,-1.0,-1
2018-06-03 20:00:00-04:00,1.16674,1.167975,1.166715,1.167595,-1.0,-1.0,-1
2018-06-03 21:00:00-04:00,1.167595,1.16912,1.16727,1.16894,-1.0,-1.0,-1
2018-06-03 22:00:00-04:00,1.16894,1.169085,1.168575,1.168705,-1.0,-1.0,-1
2018-06-03 23:00:00-04:00,1.168705,1.169665,1.16867,1.169495,-1.0,-1.0,-1
2018-06-04 00:00:00-04:00,1.169495,1.16959,1.16898,1.16917,-1.0,-1.0,-1
2018-06-04 01:00:00-04:00,1.16917,1.1697,1.1688,1.169085,-1.0,-1.0,-1
2018-06-04 02:00:00-04:00,1.169085,1.16935,1.16763,1.16837,-1.0,-1.0,-1
2018-06-04 03:00:00-04:00,1.16837,1.171495,1.167525,1.16966,-1.0,-1.0,-1
2018-06-04 04:00:00-04:00,1.16966,1.171835,1.168435,1.170985,-1.0,-1.0,-1
2018-06-04 05:00:00-04:00,1.170985,1.17339,1.17078,1.17297,-1.0,-1.0,-1
2018-06-04 06:00:00-04:00,1.17297,1.173745,1.17201,1.172165,-1.0,-1.0,-1
2018-06-04 07:00:00-04:00,1.172165,1.173825,1.17202,1.17374,-1.0,-1.0,-1
2018-06-04 08:00:00-04:00,1.17374,1.17446,1.171535,1.17157,-1.0,-1.0,-1
2018-06-04 09:00:00-04:00,1.17157,1.172355,1.17062,1.171695,-1.0,-1.0,-1
2018-06-04 10:00:00-04:00,1.171695,1.172555,1.169185,1.169745,-1.0,-1.0,-1
2018-06-04 11:00:00-04:00,1.169745,1.170205,1.167725,1.169515,-1.0,-1.0,-1
2018-06-04 12:00:00-04:00,1.169515,1.169765,1.1684,1.168555,-1.0,-1.0,-1
2018-06-04 13:00:00-04:00,1.168555,1.169875,1.16854,1.16987,-1.0,-1.0,-1
2018-06-04 14:00:00-04:00,1.16987,1.170245,1.169295,1.16986,-1.0,-1.0,-1
2018-06-04 15:00:00-04:00,1.16986,1.169955,1.169415,1.16964,-1.0,-1.0,-1
2018-06-04 16:00:00-04:00,1.16964,1.16993,1.169325,1.16986,-1.0,-1.0,-1
2018-06-04 17:15:00-04:00,1.16985,1.16991,1.16964,1.16968,-1.0,-1.0,-1
2018-06-04 18:00:00-04:00,1.16968,1.169985,1.16964,1.16994,-1.0,-1.0,-1
2018-06-04 19:00:00-04:00,1.16994,1.170095,1.16952,1.170025,-1.0,-1.0,-1
2018-06-04 20:00:00-04:00,1.170025,1.170345,1.169285,1.169375,-1.0,-1.0,-1
2018-06-04 21:00:00-04:00,1.169375,1.16978,1.16884,1.169425,-1.0,-1.0,-1
2018-06-04 22:00:00-04:00,1.169425,1.16951,1.168705,1.16903,-1.0,-1.0,-1
2018-06-04 23:00:00-04:00,1.16903,1.16956,1.168945,1.16907,-1.0,-1.0,-1
2018-06-05 00:00:00-04:00,1.16907,1.16917,1.16862,1.168685,-1.0,-1.0,-1
2018-06-05 01:00:00-04:00,1.168685,1.16916,1.168345,1.169115,-1.0,-1.0,-1
2018-06-05 02:00:00-04:00,1.169115,1.17062,1.16838,1.170425,-1.0,-1.0,-1
2018-06-05 03:00:00-04:00,1.170425,1.170825,1.168575,1.169535,-1.0,-1.0,-1
2018-06-05 04:00:00-04:00,1.169535,1.171695,1.16911,1.17048,-1.0,-1.0,-1
2018-06-05 05:00:00-04:00,1.17048,1.170645,1.169245,1.170255,-1.0,-1.0,-1
2018-06-05 06:00:00-04:00,1.170255,1.17029,1.167625,1.167835,-1.0,-1.0,-1
2018-06-05 07:00:00-04:00,1.167835,1.16867,1.16765,1.168265,-1.0,-1.0,-1
2018-06-05 08:00:00-04:00,1.168265,1.168785,1.16622,1.166645,-1.0,-1.0,-1
2018-06-05 09:00:00-04:00,1.166645,1.167515,1.16591,1.16673,-1.0,-1.0,-1
2018-06-05 10:00:00-04:00,1.16673,1.16713,1.16527,1.166755,-1.0,-1.0,-1
2018-06-05 11:00:00-04:00,1.166755,1.16832,1.166465,1.167205,-1.0,-1.0,-1
2018-06-05 12:00:00-04:00,1.167205,1.17274,1.166895,1.171525,-1.0,-1.0,-1
2018-06-05 13:00:00-04:00,1.171525,1.17323,1.171525,1.172995,-1.0,-1.0,-1
2018-06-05 14:00:00-04:00,1.172995,1.17317,1.171215,1.171405,-1.0,-1.0,-1
2018-06-05 15:00:00-04:00,1.171405,1.17153,1.17086,1.171365,-1.0,-1.0,-1
2018-06-05 16:00:00-04:00,1.171365,1.17186,1.17122,1.17177,-1.0,-1.0,-1
2018-06-05 17:15:00-04:00,1.171645,1.171935,1.171375,1.17175,-1.0,-1.0,-1
2018-06-05 18:00:00-04:00,1.17175,1.172065,1.1716,1.17206,-1.0,-1.0,-1
2018-06-05 19:00:00-04:00,1.17206,1.17325,1.17174,1.172635,-1.0,-1.0,-1
2018-06-05 20:00:00-04:00,1.172635,1.172925,1.171795,1.172475,-1.0,-1.0,-1
2018-06-05 21:00:00-04:00,1.172475,1.17346,1.17224,1.17269,-1.0,-1.0,-1
2018-06-05 22:00:00-04:00,1.17269,1.17278,1.17185,1.17231,-1.0,-1.0,-1
2018-06-05 23:00:00-04:00,1.17231,1.17287,1.17194,1.172665,-1.0,-1.0,-1
2018-06-06 00:00:00-04:00,1.172665,1.172675,1.171505,1.17154,-1.0,-1.0,-1
2018-06-06 01:00:00-04:00,1.17154,1.172685,1.171405,1.17226,-1.0,-1.0,-1
2018-06-06 02:00:00-04:00,1.17226,1.17525,1.172065,1.172235,-1.0,-1.0,-1
2018-06-06 03:00:00-04:00,1.172235,1.176725,1.171515,1.176085,-1.0,-1.0,-1
2018-06-06 04:00:00-04:00,1.176085,1.177095,1.17384,1.174245,-1.0,-1.0,-1
2018-06-06 05:00:00-04:00,1.174245,1.177095,1.174165,1.177095,-1.0,-1.0,-1
2018-06-06 06:00:00-04:00,1.177095,1.17758,1.176085,1.17676,-1.0,-1.0,-1
2018-06-06 07:00:00-04:00,1.17676,1.177975,1.17637,1.17709,-1.0,-1.0,-1
2018-06-06 08:00:00-04:00,1.17709,1.177695,1.176195,1.176595,-1.0,-1.0,-1
2018-06-06 09:00:00-04:00,1.176595,1.17957,1.17653,1.17886,-1.0,-1.0,-1
2018-06-06 10:00:00-04:00,1.17886,1.17903,1.177315,1.178105,-1.0,-1.0,-1
2018-06-06 11:00:00-04:00,1.178105,1.17829,1.17616,1.17775,-1.0,-1.0,-1
2018-06-06 12:00:00-04:00,1.17775,1.178395,1.177085,1.177685,-1.0,-1.0,-1
2018-06-06 13:00:00-04:00,1.177685,1.17803,1.17649,1.176495,-1.0,-1.0,-1
2018-06-06 14:00:00-04:00,1.176495,1.177105,1.176065,1.17683,-1.0,-1.0,-1
2018-06-06 15:00:00-04:00,1.17683,1.17777,1.176485,1.1771,-1.0,-1.0,-1
2018-06-06 16:00:00-04:00,1.1771,1.177585,1.17697,1.177395,-1.0,-1.0,-1
2018-06-06 17:15:00-04:00,1.177725,1.177725,1.177305,1.177695,-1.0,-1.0,-1
2018-06-06 18:00:00-04:00,1.177695,1.17829,1.17747,1.178175,-1.0,-1.0,-1
2018-06-06 19:00:00-04:00,1.178175,1.1784,1.17796,1.17815,-1.0,-1.0,-1
2018-06-06 20:00:00-04:00,1.17815,1.17925,1.178115,1.17919,-1.0,-1.0,-1
2018-06-06 21:00:00-04:00,1.17919,1.17999,1.17876,1.17881,-1.0,-1.0,-1
2018-06-06 22:00:00-04:00,1.17881,1.179425,1.1788,1.178915,-1.0,-1.0,-1
2018-06-06 23:00:00-04:00,1.178915,1.179315,1.17844,1.17866,-1.0,-1.0,-1
2018-06-07 00:00:00-04:00,1.17866,1.179505,1.178555,1.179395,-1.0,-1.0,-1
2018-06-07 01:00:00-04:00,1.179395,1.180635,1.17939,1.18053,-1.0,-1.0,-1
2018-06-07 02:00:00-04:00,1.18053,1.181375,1.17908,1.18107,-1.0,-1.0,-1
2018-06-07 03:00:00-04:00,1.18107,1.1838,1.180825,1.18277,-1.0,-1.0,-1
2018-06-07 04:00:00-04:00,1.18277,1.18306,1.181425,1.18213,-1.0,-1.0,-1
2018-06-07 05:00:00-04:00,1.18213,1.182805,1.181615,1.18193,-1.0,-1.0,-1
2018-06-07 06:00:00-04:00,1.18193,1.182965,1.181715,1.18254,-1.0,-1.0,-1
2018-06-07 07:00:00-04:00,1.18254,1.18391,1.181355,1.18298,-1.0,-1.0,-1
2018-06-07 08:00:00-04:00,1.18298,1.183995,1.182765,1.18339,-1.0,-1.0,-1
2018-06-07 09:00:00-04:00,1.18339,1.183695,1.180605,1.181225,-1.0,-1.0,-1
2018-06-07 10:00:00-04:00,1.181225,1.182895,1.18059,1.18286,-1.0,-1.0,-1
2018-06-07 11:00:00-04:00,1.18286,1.183045,1.181325,1.181445,-1.0,-1.0,-1
2018-06-07 12:00:00-04:00,1.181445,1.181945,1.179945,1.18082,-1.0,-1.0,-1
2018-06-07 13:00:00-04:00,1.18082,1.182305,1.18028,1.181005,-1.0,-1.0,-1
2018-06-07 14:00:00-04:00,1.181005,1.18153,1.18055,1.18076,-1.0,-1.0,-1
2018-06-07 15:00:00-04:00,1.18076,1.18093,1.179805,1.179855,-1.0,-1.0,-1
2018-06-07 16:00:00-04:00,1.179855,1.180285,1.17965,1.17995,-1.0,-1.0,-1
2018-06-07 17:15:00-04:00,1.179795,1.17996,1.1797,1.17982,-1.0,-1.0,-1
2018-06-07 18:00:00-04:00,1.17982,1.179965,1.179665,1.179715,-1.0,-1.0,-1
2018-06-07 19:00:00-04:00,1.179715,1.17977,1.179205,1.17933,-1.0,-1.0,-1
2018-06-07 20:00:00-04:00,1.17933,1.18079,1.17917,1.1806,-1.0,-1.0,-1
2018-06-07 21:00:00-04:00,1.1806,1.18104,1.18018,1.18021,-1.0,-1.0,-1
2018-06-07 22:00:00-04:00,1.18021,1.180605,1.179705,1.179995,-1.0,-1.0,-1
2018-06-07 23:00:00-04:00,1.179995,1.18004,1.179265,1.17988,-1.0,-1.0,-1
2018-06-08 00:00:00-04:00,1.17988,1.180655,1.17958,1.180595,-1.0,-1.0,-1
2018-06-08 01:00:00-04:00,1.180595,1.181045,1.18022,1.18055,-1.0,-1.0,-1
2018-06-08 02:00:00-04:00,1.18055,1.180975,1.1771,1.177795,-1.0,-1.0,-1
2018-06-08 03:00:00-04:00,1.177795,1.178485,1.17668,1.178065,-1.0,-1.0,-1
2018-06-08 04:00:00-04:00,1.178065,1.178555,1.17592,1.17642,-1.0,-1.0,-1
2018-06-08 05:00:00-04:00,1.17642,1.177175,1.17623,1.176485,-1.0,-1.0,-1
2018-06-08 06:00:00-04:00,1.176485,1.176485,1.173325,1.173645,-1.0,-1.0,-1
2018-06-08 07:00:00-04:00,1.173645,1.175135,1.17271,1.17478,-1.0,-1.0,-1
2018-06-08 08:00:00-04:00,1.17478,1.175745,1.17363,1.174805,-1.0,-1.0,-1
2018-06-08 09:00:00-04:00,1.174805,1.176995,1.17405,1.175775,-1.0,-1.0,-1
2018-06-08 10:00:00-04:00,1.175775,1.17742,1.17517,1.176685,-1.0,-1.0,-1
2018-06-08 11:00:00-04:00,1.176685,1.177445,1.17591,1.17736,-1.0,-1.0,-1
2018-06-08 12:00:00-04:00,1.17736,1.177805,1.17674,1.177275,-1.0,-1.0,-1
2018-06-08 13:00:00-04:00,1.177275,1.177755,1.176575,1.17668,-1.0,-1.0,-1
2018-06-08 14:00:00-04:00,1.17668,1.177505,1.176505,1.177005,-1.0,-1.0,-1
2018-06-08 15:00:00-04:00,1.177005,1.1771,1.176505,1.176645,-1.0,-1.0,-1
2018-06-08 16:00:00-04:00,1.176645,1.177225,1.176475,1.176885,-1.0,-1.0,-1
2018-06-10 17:15:00-04:00,1.177375,1.177575,1.177025,1.177475,-1.0,-1.0,-1
2018-06-10 18:00:00-04:00,1.177475,1.177525,1.177115,1.177175,-1.0,-1.0,-1
2018-06-10 19:00:00-04:00,1.177175,1.1786,1.177165,1.178465,-1.0,-1.0,-1
2018-06-10 20:00:00-04:00,1.178465,1.179995,1.178,1.179815,-1.0,-1.0,-1
2018-06-10 21:00:00-04:00,1.179815,1.18079,1.179585,1.180355,-1.0,-1.0,-1
2018-06-10 22:00:00-04:00,1.180355,1.18061,1.179375,1.17972,-1.0,-1.0,-1
2018-06-10 23:00:00-04:00,1.17972,1.17973,1.179165,1.179305,-1.0,-1.0,-1
2018-06-11 00:00:00-04:00,1.179305,1.179965,1.17903,1.179875,-1.0,-1.0,-1
2018-06-11 01:00:00-04:00,1.179875,1.179965,1.17923,1.17942,-1.0,-1.0,-1
2018-06-11 02:00:00-04:00,1.17942,1.181595,1.17888,1.18076,-1.0,-1.0,-1
2018-06-11 03:00:00-04:00,1.18076,1.182075,1.180075,1.180255,-1.0,-1.0,-1
2018-06-11 04:00:00-04:00,1.180255,1.18136,1.17841,1.178415,-1.0,-1.0,-1
2018-06-11 05:00:00-04:00,1.178415,1.179185,1.177815,1.178965,-1.0,-1.0,-1
2018-06-11 06:00:00-04:00,1.178965,1.179835,1.177855,1.17835,-1.0,-1.0,-1
2018-06-11 07:00:00-04:00,1.17835,1.17894,1.177855,1.178385,-1.0,-1.0,-1
2018-06-11 08:00:00-04:00,1.178385,1.179845,1.17753,1.179835,-1.0,-1.0,-1
2018-06-11 09:00:00-04:00,1.179835,1.180865,1.17938,1.1806,-1.0,-1.0,-1
2018-06-11 10:00:00-04:00,1.1806,1.181415,1.179985,1.180725,-1.0,-1.0,-1
2018-06-11 11:00:00-04:00,1.180725,1.181125,1.17982,1.180175,-1.0,-1.0,-1
2018-06-11 12:00:00-04:00,1.180175,1.180225,1.178065,1.178845,-1.0,-1.0,-1
2018-06-11 13:00:00-04:00,1.178845,1.17918,1.17821,1.1785,-1.0,-1.0,-1
2018-06-11 14:00:00-04:00,1.1785,1.17894,1.17836,1.17869,-1.0,-1.0,-1
2018-06-11 15:00:00-04:00,1.17869,1.17883,1.17829,1.1785,-1.0,-1.0,-1
2018-06-11 16:00:00-04:00,1.1785,1.178635,1.178305,1.178395,-1.0,-1.0,-1
2018-06-11 17:15:00-04:00,1.17835,1.178485,1.17822,1.178245,-1.0,-1.0,-1
2018-06-11 18:00:00-04:00,1.178245,1.178285,1.177135,1.17752,-1.0,-1.0,-1
2018-06-11 19:00:00-04:00,1.17752,1.177895,1.1772,1.177275,-1.0,-1.0,-1
2018-06-11 20:00:00-04:00,1.177275,1.177355,1.174115,1.175295,-1.0,-1.0,-1
2018-06-11 21:00:00-04:00,1.175295,1.176225,1.174365,1.176005,-1.0,-1.0,-1
2018-06-11 22:00:00-04:00,1.176005,1.1771,1.17552,1.176945,-1.0,-1.0,-1
2018-06-11 23:00:00-04:00,1.176945,1.177145,1.176185,1.17647,-1.0,-1.0,-1
2018-06-12 00:00:00-04:00,1.17647,1.17707,1.17638,1.17691,-1.0,-1.0,-1
2018-06-12 01:00:00-04:00,1.17691,1.17748,1.176695,1.1769,-1.0,-1.0,-1
2018-06-12 02:00:00-04:00,1.1769,1.177155,1.175635,1.17659,-1.0,-1.0,-1
2018-06-12 03:00:00-04:00,1.17659,1.18039,1.17657,1.1794,-1.0,-1.0,-1
2018-06-12 04:00:00-04:00,1.1794,1.18092,1.178745,1.17939,-1.0,-1.0,-1
2018-06-12 05:00:00-04:00,1.17939,1.18034,1.178615,1.17961,-1.0,-1.0,-1
2018-06-12 06:00:00-04:00,1.17961,1.179845,1.178455,1.178455,-1.0,-1.0,-1
2018-06-12 07:00:00-04:00,1.178455,1.17949,1.177625,1.179395,-1.0,-1.0,-1
2018-06-12 08:00:00-04:00,1.179395,1.180095,1.177585,1.180055,-1.0,-1.0,-1
2018-06-12 09:00:00-04:00,1.180055,1.18009,1.178585,1.17885,-1.0,-1.0,-1
2018-06-12 10:00:00-04:00,1.17885,1.1796,1.178255,1.178675,-1.0,-1.0,-1
2018-06-12 11:00:00-04:00,1.178675,1.179555,1.177945,1.17911,-1.0,-1.0,-1
2018-06-12 12:00:00-04:00,1.17911,1.179315,1.177315,1.177365,-1.0,-1.0,-1
2018-06-12 13:00:00-04:00,1.177365,1.177365,1.17365,1.175105,-1.0,-1.0,-1
2018-06-12 14:00:00-04:00,1.175105,1.175165,1.173315,1.174985,-1.0,-1.0,-1
2018-06-12 15:00:00-04:00,1.174985,1.175505,1.174665,1.175155,-1.0,-1.0,-1
2018-06-12 16:00:00-04:00,1.175155,1.175155,1.17443,1.1745,-1.0,-1.0,-1
2018-06-12 17:15:00-04:00,1.17465,1.174765,1.174435,1.17451,-1.0,-1.0,-1
2018-06-12 18:00:00-04:00,1.17451,1.174765,1.174115,1.174605,-1.0,-1.0,-1
2018-06-12 19:00:00-04:00,1.174605,1.174825,1.17422,1.174775,-1.0,-1.0,-1
2018-06-12 20:00:00-04:00,1.174775,1.175245,1.17449,1.174585,-1.0,-1.0,-1
2018-06-12 21:00:00-04:00,1.174585,1.17484,1.174005,1.174565,-1.0,-1.0,-1
2018-06-12 22:00:00-04:00,1.174565,1.17493,1.17443,1.17479,-1.0,-1.0,-1
2018-06-12 23:00:00-04:00,1.17479,1.17479,1.174305,1.17446,-1.0,-1.0,-1
2018-06-13 00:00:00-04:00,1.17446,1.174495,1.173975,1.17438,-1.0,-1.0,-1
2018-06-13 01:00:00-04:00,1.17438,1.175295,1.17412,1.17514,-1.0,-1.0,-1
2018-06-13 02:00:00-04:00,1.17514,1.17514,1.17302,1.173975,-1.0,-1.0,-1
2018-06-13 03:00:00-04:00,1.173975,1.17538,1.173935,1.174645,-1.0,-1.0,-1
2018-06-13 04:00:00-04:00,1.174645,1.174995,1.173315,1.1744,-1.0,-1.0,-1
2018-06-13 05:00:00-04:00,1.1744,1.176225,1.173915,1.175495,-1.0,-1.0,-1
2018-06-13 06:00:00-04:00,1.175495,1.17705,1.17531,1.17622,-1.0,-1.0,-1
2018-06-13 07:00:00-04:00,1.17622,1.17663,1.175135,1.175585,-1.0,-1.0,-1
2018-06-13 08:00:00-04:00,1.175585,1.17759,1.17554,1.17744,-1.0,-1.0,-1
2018-06-13 09:00:00-04:00,1.17744,1.178195,1.176655,1.176775,-1.0,-1.0,-1
2018-06-13 10:00:00-04:00,1.176775,1.178105,1.176775,1.177175,-1.0,-1.0,-1
2018-06-13 11:00:00-04:00,1.177175,1.17883,1.176965,1.178285,-1.0,-1.0,-1
2018-06-13 12:00:00-04:00,1.178285,1.179225,1.178165,1.179085,-1.0,-1.0,-1
2018-06-13 13:00:00-04:00,1.179085,1.179285,1.17836,1.17886,-1.0,-1.0,-1
2018-06-13 14:00:00-04:00,1.17886,1.17891,1.172545,1.177245,-1.0,-1.0,-1
2018-06-13 15:00:00-04:00,1.177245,1.1801,1.177235,1.17903,-1.0,-1.0,-1
2018-06-13 16:00:00-04:00,1.17903,1.17937,1.178585,1.17914,-1.0,-1.0,-1
2018-06-13 17:15:00-04:00,1.179025,1.17946,1.178925,1.179425,-1.0,-1.0,-1
2018-06-13 18:00:00-04:00,1.179425,1.180285,1.179215,1.17992,-1.0,-1.0,-1
2018-06-13 19:00:00-04:00,1.17992,1.18049,1.179545,1.180335,-1.0,-1.0,-1
2018-06-13 20:00:00-04:00,1.180335,1.180385,1.17921,1.179565,-1.0,-1.0,-1
2018-06-13 21:00:00-04:00,1.179565,1.180065,1.179005,1.179785,-1.0,-1.0,-1
2018-06-13 22:00:00-04:00,1.179785,1.179895,1.178965,1.17982,-1.0,-1.0,-1
2018-06-13 23:00:00-04:00,1.17982,1.180275,1.17951,1.180145,-1.0,-1.0,-1
2018-06-14 00:00:00-04:00,1.180145,1.1806,1.180095,1.18041,-1.0,-1.0,-1
2018-06-14 01:00:00-04:00,1.18041,1.1811,1.180015,1.1803,-1.0,-1.0,-1
2018-06-14 02:00:00-04:00,1.1803,1.181675,1.17979,1.18144,-1.0,-1.0,-1
2018-06-14 03:00:00-04:00,1.18144,1.181975,1.180715,1.181775,-1.0,-1.0,-1
2018-06-14 04:00:00-04:00,1.181775,1.18276,1.181325,1.182555,-1.0,-1.0,-1
2018-06-14 05:00:00-04:00,1.182555,1.182605,1.18144,1.182455,-1.0,-1.0,-1
2018-06-14 06:00:00-04:00,1.182455,1.183105,1.18202,1.182455,-1.0,-1.0,-1
2018-06-14 07:00:00-04:00,1.182455,1.185185,1.173875,1.17388,-1.0,-1.0,-1
2018-06-14 08:00:00-04:00,1.17388,1.174405,1.16849,1.168845,-1.0,-1.0,-1
2018-06-14 09:00:00-04:00,1.168845,1.16885,1.165205,1.165205,-1.0,-1.0,-1
2018-06-14 10:00:00-04:00,1.165205,1.16586,1.161925,1.16516,-1.0,-1.0,-1
2018-06-14 11:00:00-04:00,1.16516,1.165245,1.16285,1.163215,-1.0,-1.0,-1
2018-06-14 12:00:00-04:00,1.163215,1.16476,1.16183,1.16336,-1.0,-1.0,-1
2018-06-14 13:00:00-04:00,1.16336,1.164105,1.160115,1.160485,-1.0,-1.0,-1
2018-06-14 14:00:00-04:00,1.160485,1.16092,1.159015,1.15916,-1.0,-1.0,-1
2018-06-14 15:00:00-04:00,1.15916,1.160035,1.15847,1.158605,-1.0,-1.0,-1
2018-06-14 16:00:00-04:00,1.158605,1.1591,1.156315,1.15679,-1.0,-1.0,-1
2018-06-14 17:15:00-04:00,1.15691,1.157485,1.156865,1.157485,-1.0,-1.0,-1
2018-06-14 18:00:00-04:00,1.157485,1.15848,1.157475,1.158365,-1.0,-1.0,-1
2018-06-14 19:00:00-04:00,1.158365,1.158435,1.156105,1.156295,-1.0,-1.0,-1
2018-06-14 20:00:00-04:00,1.156295,1.15682,1.155515,1.155935,-1.0,-1.0,-1
2018-06-14 21:00:00-04:00,1.155935,1.157025,1.155935,1.15691,-1.0,-1.0,-1
2018-06-14 22:00:00-04:00,1.15691,1.156995,1.156205,1.156615,-1.0,-1.0,-1
2018-06-14 23:00:00-04:00,1.156615,1.15677,1.156165,1.156405,-1.0,-1.0,-1
2018-06-15 00:00:00-04:00,1.156405,1.157055,1.156405,1.157055,-1.0,-1.0,-1
2018-06-15 01:00:00-04:00,1.157055,1.157575,1.155955,1.15618,-1.0,-1.0,-1
2018-06-15 02:00:00-04:00,1.15618,1.15719,1.15464,1.156885,-1.0,-1.0,-1
2018-06-15 03:00:00-04:00,1.156885,1.15925,1.154335,1.15895,-1.0,-1.0,-1
2018-06-15 04:00:00-04:00,1.15895,1.16004,1.158365,1.159255,-1.0,-1.0,-1
2018-06-15 05:00:00-04:00,1.159255,1.16154,1.15864,1.160285,-1.0,-1.0,-1
2018-06-15 06:00:00-04:00,1.160285,1.16069,1.15592,1.159465,-1.0,-1.0,-1
2018-06-15 07:00:00-04:00,1.159465,1.159985,1.15819,1.158825,-1.0,-1.0,-1
2018-06-15 08:00:00-04:00,1.158825,1.161125,1.158455,1.160335,-1.0,-1.0,-1
2018-06-15 09:00:00-04:00,1.160335,1.162645,1.15973,1.15987,-1.0,-1.0,-1
2018-06-15 10:00:00-04:00,1.15987,1.162715,1.159655,1.161775,-1.0,-1.0,-1
2018-06-15 11:00:00-04:00,1.161775,1.16269,1.160815,1.16156,-1.0,-1.0,-1
2018-06-15 12:00:00-04:00,1.16156,1.161815,1.16018,1.160515,-1.0,-1.0,-1
2018-06-15 13:00:00-04:00,1.160515,1.16107,1.160025,1.161045,-1.0,-1.0,-1
2018-06-15 14:00:00-04:00,1.161045,1.161485,1.160595,1.16062,-1.0,-1.0,-1
2018-06-15 15:00:00-04:00,1.16062,1.161445,1.160415,1.16115,-1.0,-1.0,-1
2018-06-15 16:00:00-04:00,1.16115,1.161165,1.1606,1.16075,-1.0,-1.0,-1
2018-06-17 17:15:00-04:00,1.159775,1.160325,1.15916,1.15951,-1.0,-1.0,-1
2018-06-17 18:00:00-04:00,1.15951,1.15961,1.159345,1.15949,-1.0,-1.0,-1
2018-06-17 19:00:00-04:00,1.15949,1.159705,1.15906,1.15931,-1.0,-1.0,-1
2018-06-17 20:00:00-04:00,1.15931,1.159485,1.15773,1.15778,-1.0,-1.0,-1
2018-06-17 21:00:00-04:00,1.15778,1.15887,1.15762,1.158865,-1.0,-1.0,-1
2018-06-17 22:00:00-04:00,1.158865,1.158915,1.158375,1.15874,-1.0,-1.0,-1
2018-06-17 23:00:00-04:00,1.15874,1.159365,1.15871,1.159055,-1.0,-1.0,-1
2018-06-18 00:00:00-04:00,1.159055,1.15941,1.15881,1.159105,-1.0,-1.0,-1
2018-06-18 01:00:00-04:00,1.159105,1.159855,1.159105,1.15929,-1.0,-1.0,-1
2018-06-18 02:00:00-04:00,1.15929,1.159755,1.15743,1.15743,-1.0,-1.0,-1
2018-06-18 03:00:00-04:00,1.15743,1.157985,1.15654,1.15726,-1.0,-1.0,-1
2018-06-18 04:00:00-04:00,1.15726,1.15914,1.157025,1.158995,-1.0,-1.0,-1
2018-06-18 05:00:00-04:00,1.158995,1.16109,1.15892,1.159755,-1.0,-1.0,-1
2018-06-18 06:00:00-04:00,1.159755,1.16198,1.159465,1.161875,-1.0,-1.0,-1
2018-06-18 07:00:00-04:00,1.161875,1.16244,1.161035,1.161085,-1.0,-1.0,-1
2018-06-18 08:00:00-04:00,1.161085,1.161995,1.160405,1.160535,-1.0,-1.0,-1
2018-06-18 09:00:00-04:00,1.160535,1.160875,1.159545,1.160445,-1.0,-1.0,-1
2018-06-18 10:00:00-04:00,1.160445,1.162045,1.159715,1.161195,-1.0,-1.0,-1
2018-06-18 11:00:00-04:00,1.161195,1.161735,1.16045,1.160545,-1.0,-1.0,-1
2018-06-18 12:00:00-04:00,1.160545,1.16095,1.160125,1.160475,-1.0,-1.0,-1
2018-06-18 13:00:00-04:00,1.160475,1.161495,1.16028,1.161405,-1.0,-1.0,-1
2018-06-18 14:00:00-04:00,1.161405,1.162165,1.16119,1.161475,-1.0,-1.0,-1
2018-06-18 15:00:00-04:00,1.161475,1.16202,1.161385,1.161655,-1.0,-1.0,-1
2018-06-18 16:00:00-04:00,1.161655,1.16239,1.16147,1.16227,-1.0,-1.0,-1
2018-06-18 17:15:00-04:00,1.16204,1.162425,1.162035,1.16215,-1.0,-1.0,-1
2018-06-18 18:00:00-04:00,1.16215,1.16244,1.162025,1.162145,-1.0,-1.0,-1
2018-06-18 19:00:00-04:00,1.162145,1.1641,1.162095,1.162985,-1.0,-1.0,-1
2018-06-18 20:00:00-04:00,1.162985,1.163555,1.162585,1.16344,-1.0,-1.0,-1
2018-06-18 21:00:00-04:00,1.16344,1.1641,1.16285,1.163635,-1.0,-1.0,-1
2018-06-18 22:00:00-04:00,1.163635,1.16397,1.163115,1.16319,-1.0,-1.0,-1
2018-06-18 23:00:00-04:00,1.16319,1.16446,1.16314,1.16404,-1.0,-1.0,-1
2018-06-19 00:00:00-04:00,1.16404,1.16405,1.162425,1.16275,-1.0,-1.0,-1
2018-06-19 01:00:00-04:00,1.16275,1.16337,1.161905,1.162155,-1.0,-1.0,-1
2018-06-19 02:00:00-04:00,1.162155,1.16243,1.15818,1.158335,-1.0,-1.0,-1
2018-06-19 03:00:00-04:00,1.158335,1.159105,1.157115,1.15805,-1.0,-1.0,-1
2018-06-19 04:00:00-04:00,1.15805,1.15978,1.154225,1.15542,-1.0,-1.0,-1
2018-06-19 05:00:00-04:00,1.15542,1.156025,1.153075,1.155135,-1.0,-1.0,-1
2018-06-19 06:00:00-04:00,1.155135,1.156025,1.154335,1.155255,-1.0,-1.0,-1
2018-06-19 07:00:00-04:00,1.155255,1.15532,1.15399,1.154485,-1.0,-1.0,-1
2018-06-19 08:00:00-04:00,1.154485,1.156345,1.15334,1.15546,-1.0,-1.0,-1
2018-06-19 09:00:00-04:00,1.15546,1.156695,1.15506,1.156115,-1.0,-1.0,-1
2018-06-19 10:00:00-04:00,1.156115,1.157275,1.155585,1.1565,-1.0,-1.0,-1
2018-06-19 11:00:00-04:00,1.1565,1.158765,1.156065,1.157805,-1.0,-1.0,-1
2018-06-19 12:00:00-04:00,1.157805,1.157835,1.156545,1.15702,-1.0,-1.0,-1
2018-06-19 13:00:00-04:00,1.15702,1.158355,1.156845,1.15728,-1.0,-1.0,-1
2018-06-19 14:00:00-04:00,1.15728,1.15876,1.15688,1.15744,-1.0,-1.0,-1
2018-06-19 15:00:00-04:00,1.15744,1.158105,1.15708,1.15808,-1.0,-1.0,-1
2018-06-19 16:00:00-04:00,1.15808,1.159395,1.157985,1.158975,-1.0,-1.0,-1
2018-06-19 17:15:00-04:00,1.159025,1.159025,1.158385,1.15849,-1.0,-1.0,-1
2018-06-19 18:00:00-04:00,1.15849,1.158925,1.15842,1.158875,-1.0,-1.0,-1
2018-06-19 19:00:00-04:00,1.158875,1.159565,1.158755,1.15882,-1.0,-1.0,-1
2018-06-19 20:00:00-04:00,1.15882,1.15892,1.15761,1.15761,-1.0,-1.0,-1
2018-06-19 21:00:00-04:00,1.15761,1.15867,1.157325,1.15818,-1.0,-1.0,-1
2018-06-19 22:00:00-04:00,1.15818,1.15884,1.157735,1.158085,-1.0,-1.0,-1
2018-06-19 23:00:00-04:00,1.158085,1.15817,1.157125,1.15749,-1.0,-1.0,-1
2018-06-20 00:00:00-04:00,1.15749,1.15749,1.15678,1.157035,-1.0,-1.0,-1
2018-06-20 01:00:00-04:00,1.157035,1.15791,1.15671,1.15728,-1.0,-1.0,-1
2018-06-20 02:00:00-04:00,1.15728,1.15844,1.156365,1.156685,-1.0,-1.0,-1
2018-06-20 03:00:00-04:00,1.156685,1.15928,1.1563,1.157675,-1.0,-1.0,-1
2018-06-20 04:00:00-04:00,1.157675,1.157675,1.153695,1.155745,-1.0,-1.0,-1
2018-06-20 05:00:00-04:00,1.155745,1.15757,1.15563,1.15646,-1.0,-1.0,-1
2018-06-20 06:00:00-04:00,1.15646,1.15738,1.15569,1.15612,-1.0,-1.0,-1
2018-06-20 07:00:00-04:00,1.15612,1.157495,1.155715,1.157425,-1.0,-1.0,-1
2018-06-20 08:00:00-04:00,1.157425,1.159705,1.15699,1.159395,-1.0,-1.0,-1
2018-06-20 09:00:00-04:00,1.159395,1.159995,1.15763,1.158265,-1.0,-1.0,-1
2018-06-20 10:00:00-04:00,1.158265,1.158625,1.15665,1.157875,-1.0,-1.0,-1
2018-06-20 11:00:00-04:00,1.157875,1.15919,1.15737,1.15917,-1.0,-1.0,-1
2018-06-20 12:00:00-04:00,1.15917,1.15941,1.15857,1.1589,-1.0,-1.0,-1
2018-06-20 13:00:00-04:00,1.1589,1.15959,1.15851,1.159165,-1.0,-1.0,-1
2018-06-20 14:00:00-04:00,1.159165,1.159285,1.157785,1.158645,-1.0,-1.0,-1
2018-06-20 15:00:00-04:00,1.158645,1.158905,1.157985,1.158095,-1.0,-1.0,-1
2018-06-20 16:00:00-04:00,1.158095,1.15844,1.15711,1.15711,-1.0,-1.0,-1
2018-06-20 17:15:00-04:00,1.15752,1.157635,1.157005,1.15737,-1.0,-1.0,-1
2018-06-20 18:00:00-04:00,1.15737,1.15772,1.15726,1.157685,-1.0,-1.0,-1
2018-06-20 19:00:00-04:00,1.157685,1.157965,1.157195,1.157765,-1.0,-1.0,-1
2018-06-20 20:00:00-04:00,1.157765,1.15803,1.157065,1.15768,-1.0,-1.0,-1
2018-06-20 21:00:00-04:00,1.15768,1.15768,1.15619,1.156735,-1.0,-1.0,-1
2018-06-20 22:00:00-04:00,1.156735,1.157635,1.156595,1.15672,-1.0,-1.0,-1
2018-06-20 23:00:00-04:00,1.15672,1.15677,1.15577,1.156405,-1.0,-1.0,-1
2018-06-21 00:00:00-04:00,1.156405,1.15651,1.155675,1.156225,-1.0,-1.0,-1
2018-06-21 01:00:00-04:00,1.156225,1.15638,1.15541,1.156025,-1.0,-1.0,-1
2018-06-21 02:00:00-04:00,1.156025,1.156075,1.15401,1.154085,-1.0,-1.0,-1
2018-06-21 03:00:00-04:00,1.154085,1.15669,1.153515,1.15651,-1.0,-1.0,-1
2018-06-21 04:00:00-04:00,1.15651,1.156775,1.151735,1.151925,-1.0,-1.0,-1
2018-06-21 05:00:00-04:00,1.151925,1.152875,1.150795,1.152025,-1.0,-1.0,-1
2018-06-21 06:00:00-04:00,1.152025,1.154205,1.151545,1.15383,-1.0,-1.0,-1
2018-06-21 07:00:00-04:00,1.15383,1.15476,1.1529,1.15433,-1.0,-1.0,-1
2018-06-21 08:00:00-04:00,1.15433,1.161095,1.15322,1.158925,-1.0,-1.0,-1
2018-06-21 09:00:00-04:00,1.158925,1.16016,1.15823,1.158655,-1.0,-1.0,-1
2018-06-21 10:00:00-04:00,1.158655,1.16337,1.157525,1.16069,-1.0,-1.0,-1
2018-06-21 11:00:00-04:00,1.16069,1.161275,1.15977,1.159985,-1.0,-1.0,-1
2018-06-21 12:00:00-04:00,1.159985,1.160775,1.159515,1.160725,-1.0,-1.0,-1
2018-06-21 13:00:00-04:00,1.160725,1.161735,1.160605,1.16148,-1.0,-1.0,-1
2018-06-21 14:00:00-04:00,1.16148,1.162845,1.161425,1.16231,-1.0,-1.0,-1
2018-06-21 15:00:00-04:00,1.16231,1.162355,1.161195,1.161195,-1.0,-1.0,-1
2018-06-21 16:00:00-04:00,1.161195,1.16138,1.160275,1.16036,-1.0,-1.0,-1
2018-06-21 17:15:00-04:00,1.160675,1.160965,1.16008,1.160775,-1.0,-1.0,-1
2018-06-21 18:00:00-04:00,1.160775,1.161005,1.16038,1.16098,-1.0,-1.0,-1
2018-06-21 19:00:00-04:00,1.16098,1.161,1.160335,1.16045,-1.0,-1.0,-1
2018-06-21 20:00:00-04:00,1.16045,1.161785,1.160445,1.16118,-1.0,-1.0,-1
2018-06-21 21:00:00-04:00,1.16118,1.16129,1.160075,1.160075,-1.0,-1.0,-1
2018-06-21 22:00:00-04:00,1.160075,1.160705,1.160075,1.160535,-1.0,-1.0,-1
2018-06-21 23:00:00-04:00,1.160535,1.161555,1.160425,1.16133,-1.0,-1.0,-1
2018-06-22 00:00:00-04:00,1.16133,1.16154,1.16088,1.161385,-1.0,-1.0,-1
2018-06-22 01:00:00-04:00,1.161385,1.16382,1.161385,1.163275,-1.0,-1.0,-1
2018-06-22 02:00:00-04:00,1.163275,1.16411,1.16247,1.163695,-1.0,-1.0,-1
2018-06-22 03:00:00-04:00,1.163695,1.167395,1.163695,1.165135,-1.0,-1.0,-1
2018-06-22 04:00:00-04:00,1.165135,1.167125,1.16411,1.166915,-1.0,-1.0,-1
2018-06-22 05:00:00-04:00,1.166915,1.167495,1.16575,1.165835,-1.0,-1.0,-1
2018-06-22 06:00:00-04:00,1.165835,1.165925,1.16322,1.164315,-1.0,-1.0,-1
2018-06-22 07:00:00-04:00,1.164315,1.16529,1.163495,1.164275,-1.0,-1.0,-1
2018-06-22 08:00:00-04:00,1.164275,1.165655,1.163975,1.16542,-1.0,-1.0,-1
2018-06-22 09:00:00-04:00,1.16542,1.16663,1.164305,1.165025,-1.0,-1.0,-1
2018-06-22 10:00:00-04:00,1.165025,1.165465,1.161765,1.16377,-1.0,-1.0,-1
2018-06-22 11:00:00-04:00,1.16377,1.16404,1.162945,1.16297,-1.0,-1.0,-1
2018-06-22 12:00:00-04:00,1.16297,1.16524,1.162935,1.16478,-1.0,-1.0,-1
2018-06-22 13:00:00-04:00,1.16478,1.16622,1.16469,1.16614,-1.0,-1.0,-1
2018-06-22 14:00:00-04:00,1.16614,1.16676,1.16558,1.16627,-1.0,-1.0,-1
2018-06-22 15:00:00-04:00,1.16627,1.16659,1.165785,1.16588,-1.0,-1.0,-1
2018-06-22 16:00:00-04:00,1.16588,1.16636,1.165605,1.165605,-1.0,-1.0,-1
2018-06-24 17:15:00-04:00,1.16615,1.166655,1.16597,1.166535,-1.0,-1.0,-1
2018-06-24 18:00:00-04:00,1.166535,1.16694,1.16632,1.16693,-1.0,-1.0,-1
2018-06-24 19:00:00-04:00,1.16693,1.167275,1.166015,1.166015,-1.0,-1.0,-1
2018-06-24 20:00:00-04:00,1.166015,1.16614,1.165175,1.16568,-1.0,-1.0,-1
2018-06-24 21:00:00-04:00,1.16568,1.16606,1.165005,1.165655,-1.0,-1.0,-1
2018-06-24 22:00:00-04:00,1.165655,1.16581,1.164725,1.164725,-1.0,-1.0,-1
2018-06-24 23:00:00-04:00,1.164725,1.16568,1.164635,1.16561,-1.0,-1.0,-1
2018-06-25 00:00:00-04:00,1.16561,1.16568,1.165035,1.165225,-1.0,-1.0,-1
2018-06-25 01:00:00-04:00,1.165225,1.165685,1.163965,1.16419,-1.0,-1.0,-1
2018-06-25 02:00:00-04:00,1.16419,1.164825,1.16299,1.163095,-1.0,-1.0,-1
2018-06-25 03:00:00-04:00,1.163095,1.164575,1.16286,1.16438,-1.0,-1.0,-1
2018-06-25 04:00:00-04:00,1.16438,1.16709,1.164105,1.1659,-1.0,-1.0,-1
2018-06-25 05:00:00-04:00,1.1659,1.166475,1.16393,1.16497,-1.0,-1.0,-1
2018-06-25 06:00:00-04:00,1.16497,1.165225,1.16395,1.165185,-1.0,-1.0,-1
2018-06-25 07:00:00-04:00,1.165185,1.169345,1.165175,1.168785,-1.0,-1.0,-1
2018-06-25 08:00:00-04:00,1.168785,1.170185,1.16795,1.16821,-1.0,-1.0,-1
2018-06-25 09:00:00-04:00,1.16821,1.169385,1.167795,1.167995,-1.0,-1.0,-1
2018-06-25 10:00:00-04:00,1.167995,1.169045,1.167125,1.168785,-1.0,-1.0,-1
2018-06-25 11:00:00-04:00,1.168785,1.16982,1.168265,1.169315,-1.0,-1.0,-1
2018-06-25 12:00:00-04:00,1.169315,1.170175,1.169015,1.16919,-1.0,-1.0,-1
2018-06-25 13:00:00-04:00,1.16919,1.170185,1.169135,1.169705,-1.0,-1.0,-1
2018-06-25 14:00:00-04:00,1.169705,1.17131,1.169705,1.17043,-1.0,-1.0,-1
2018-06-25 15:00:00-04:00,1.17043,1.171235,1.16988,1.169945,-1.0,-1.0,-1
2018-06-25 16:00:00-04:00,1.169945,1.17051,1.169735,1.17041,-1.0,-1.0,-1
2018-06-25 17:15:00-04:00,1.170475,1.170485,1.16998,1.17012,-1.0,-1.0,-1
2018-06-25 18:00:00-04:00,1.17012,1.170695,1.17006,1.17025,-1.0,-1.0,-1
2018-06-25 19:00:00-04:00,1.17025,1.17059,1.169995,1.170115,-1.0,-1.0,-1
2018-06-25 20:00:00-04:00,1.170115,1.17104,1.1699,1.170455,-1.0,-1.0,-1
2018-06-25 21:00:00-04:00,1.170455,1.17121,1.170125,1.17062,-1.0,-1.0,-1
2018-06-25 22:00:00-04:00,1.17062,1.171795,1.17062,1.171665,-1.0,-1.0,-1
2018-06-25 23:00:00-04:00,1.171665,1.172055,1.17094,1.17098,-1.0,-1.0,-1
2018-06-26 00:00:00-04:00,1.17098,1.17159,1.17098,1.17147,-1.0,-1.0,-1
2018-06-26 01:00:00-04:00,1.17147,1.171895,1.17095,1.171,-1.0,-1.0,-1
2018-06-26 02:00:00-04:00,1.171,1.171125,1.16912,1.169315,-1.0,-1.0,-1
2018-06-26 03:00:00-04:00,1.169315,1.17022,1.168495,1.16859,-1.0,-1.0,-1
2018-06-26 04:00:00-04:00,1.16859,1.168845,1.166965,1.167275,-1.0,-1.0,-1
2018-06-26 05:00:00-04:00,1.167275,1.167705,1.16511,1.16603,-1.0,-1.0,-1
2018-06-26 06:00:00-04:00,1.16603,1.167095,1.165595,1.167,-1.0,-1.0,-1
2018-06-26 07:00:00-04:00,1.167,1.167915,1.16643,1.167415,-1.0,-1.0,-1
2018-06-26 08:00:00-04:00,1.167415,1.16846,1.16682,1.167105,-1.0,-1.0,-1
2018-06-26 09:00:00-04:00,1.167105,1.16745,1.166025,1.166455,-1.0,-1.0,-1
2018-06-26 10:00:00-04:00,1.166455,1.167115,1.165005,1.166595,-1.0,-1.0,-1
2018-06-26 11:00:00-04:00,1.166595,1.167705,1.166445,1.167535,-1.0,-1.0,-1
2018-06-26 12:00:00-04:00,1.167535,1.167625,1.16557,1.165815,-1.0,-1.0,-1
2018-06-26 13:00:00-04:00,1.165815,1.16612,1.163485,1.164195,-1.0,-1.0,-1
2018-06-26 14:00:00-04:00,1.164195,1.165115,1.164145,1.165105,-1.0,-1.0,-1
2018-06-26 15:00:00-04:00,1.165105,1.165425,1.16361,1.164405,-1.0,-1.0,-1
2018-06-26 16:00:00-04:00,1.164405,1.1652,1.16416,1.16474,-1.0,-1.0,-1
2018-06-26 17:15:00-04:00,1.164775,1.1649,1.16464,1.16468,-1.0,-1.0,-1
2018-06-26 18:00:00-04:00,1.16468,1.165175,1.16463,1.164995,-1.0,-1.0,-1
2018-06-26 19:00:00-04:00,1.164995,1.16523,1.16484,1.164955,-1.0,-1.0,-1
2018-06-26 20:00:00-04:00,1.164955,1.165475,1.164385,1.16546,-1.0,-1.0,-1
2018-06-26 21:00:00-04:00,1.16546,1.166005,1.164955,1.16527,-1.0,-1.0,-1
2018-06-26 22:00:00-04:00,1.16527,1.165825,1.165015,1.165325,-1.0,-1.0,-1
2018-06-26 23:00:00-04:00,1.165325,1.166425,1.164955,1.16595,-1.0,-1.0,-1
2018-06-27 00:00:00-04:00,1.16595,1.166065,1.165205,1.16546,-1.0,-1.0,-1
2018-06-27 01:00:00-04:00,1.16546,1.165715,1.163965,1.1653,-1.0,-1.0,-1
2018-06-27 02:00:00-04:00,1.1653,1.166685,1.164935,1.166625,-1.0,-1.0,-1
2018-06-27 03:00:00-04:00,1.166625,1.167215,1.16531,1.165475,-1.0,-1.0,-1
2018-06-27 04:00:00-04:00,1.165475,1.16573,1.162375,1.162785,-1.0,-1.0,-1
2018-06-27 05:00:00-04:00,1.162785,1.16414,1.162155,1.164045,-1.0,-1.0,-1
2018-06-27 06:00:00-04:00,1.164045,1.16436,1.163395,1.163415,-1.0,-1.0,-1
2018-06-27 07:00:00-04:00,1.163415,1.16401,1.16077,1.162875,-1.0,-1.0,-1
2018-06-27 08:00:00-04:00,1.162875,1.16305,1.159395,1.159695,-1.0,-1.0,-1
2018-06-27 09:00:00-04:00,1.159695,1.1613,1.159675,1.160745,-1.0,-1.0,-1
2018-06-27 10:00:00-04:00,1.160745,1.161155,1.159365,1.159395,-1.0,-1.0,-1
2018-06-27 11:00:00-04:00,1.159395,1.159735,1.158165,1.158755,-1.0,-1.0,-1
2018-06-27 12:00:00-04:00,1.158755,1.15915,1.15752,1.158275,-1.0,-1.0,-1
2018-06-27 13:00:00-04:00,1.158275,1.158925,1.156455,1.15673,-1.0,-1.0,-1
2018-06-27 14:00:00-04:00,1.15673,1.15686,1.155265,1.155715,-1.0,-1.0,-1
2018-06-27 15:00:00-04:00,1.155715,1.155825,1.15407,1.15532,-1.0,-1.0,-1
2018-06-27 16:00:00-04:00,1.15532,1.156105,1.155215,1.155395,-1.0,-1.0,-1
2018-06-27 17:15:00-04:00,1.156025,1.156205,1.15563,1.1559,-1.0,-1.0,-1
2018-06-27 18:00:00-04:00,1.1559,1.156285,1.15578,1.155985,-1.0,-1.0,-1
2018-06-27 19:00:00-04:00,1.155985,1.15638,1.15556,1.156295,-1.0,-1.0,-1
2018-06-27 20:00:00-04:00,1.156295,1.15653,1.15539,1.15652,-1.0,-1.0,-1
2018-06-27 21:00:00-04:00,1.15652,1.15673,1.15598,1.156445,-1.0,-1.0,-1
2018-06-27 22:00:00-04:00,1.156445,1.157145,1.156415,1.15709,-1.0,-1.0,-1
2018-06-27 23:00:00-04:00,1.15709,1.15731,1.156535,1.156805,-1.0,-1.0,-1
2018-06-28 00:00:00-04:00,1.156805,1.156905,1.156215,1.15625,-1.0,-1.0,-1
2018-06-28 01:00:00-04:00,1.15625,1.15638,1.154755,1.155595,-1.0,-1.0,-1
2018-06-28 02:00:00-04:00,1.155595,1.15592,1.15273,1.154075,-1.0,-1.0,-1
2018-06-28 03:00:00-04:00,1.154075,1.15699,1.15275,1.15601,-1.0,-1.0,-1
2018-06-28 04:00:00-04:00,1.15601,1.15654,1.153555,1.155505,-1.0,-1.0,-1
2018-06-28 05:00:00-04:00,1.155505,1.158025,1.155315,1.157615,-1.0,-1.0,-1
2018-06-28 06:00:00-04:00,1.157615,1.159795,1.156615,1.159255,-1.0,-1.0,-1
2018-06-28 07:00:00-04:00,1.159255,1.15928,1.157675,1.158595,-1.0,-1.0,-1
2018-06-28 08:00:00-04:00,1.158595,1.160075,1.156425,1.156485,-1.0,-1.0,-1
2018-06-28 09:00:00-04:00,1.156485,1.15799,1.155095,1.157145,-1.0,-1.0,-1
2018-06-28 10:00:00-04:00,1.157145,1.15956,1.15708,1.158065,-1.0,-1.0,-1
2018-06-28 11:00:00-04:00,1.158065,1.15911,1.156725,1.158185,-1.0,-1.0,-1
2018-06-28 12:00:00-04:00,1.158185,1.158505,1.157585,1.158335,-1.0,-1.0,-1
2018-06-28 13:00:00-04:00,1.158335,1.15864,1.15747,1.158335,-1.0,-1.0,-1
2018-06-28 14:00:00-04:00,1.158335,1.15854,1.155105,1.155455,-1.0,-1.0,-1
2018-06-28 15:00:00-04:00,1.155455,1.156675,1.15542,1.15643,-1.0,-1.0,-1
2018-06-28 16:00:00-04:00,1.15643,1.15698,1.156005,1.156885,-1.0,-1.0,-1
2018-06-28 17:15:00-04:00,1.15685,1.15694,1.155995,1.156235,-1.0,-1.0,-1
2018-06-28 18:00:00-04:00,1.156235,1.15647,1.15584,1.15646,-1.0,-1.0,-1
2018-06-28 19:00:00-04:00,1.15646,1.157115,1.156195,1.15635,-1.0,-1.0,-1
2018-06-28 20:00:00-04:00,1.15635,1.157615,1.15633,1.156965,-1.0,-1.0,-1
2018-06-28 21:00:00-04:00,1.156965,1.157305,1.156455,1.156735,-1.0,-1.0,-1
2018-06-28 22:00:00-04:00,1.156735,1.16454,1.156675,1.16407,-1.0,-1.0,-1
2018-06-28 23:00:00-04:00,1.16407,1.16499,1.162515,1.16356,-1.0,-1.0,-1
2018-06-29 00:00:00-04:00,1.16356,1.16664,1.16348,1.165465,-1.0,-1.0,-1
2018-06-29 01:00:00-04:00,1.165465,1.165695,1.16456,1.16498,-1.0,-1.0,-1
2018-06-29 02:00:00-04:00,1.16498,1.16498,1.163165,1.16333,-1.0,-1.0,-1
2018-06-29 03:00:00-04:00,1.16333,1.164745,1.16199,1.16231,-1.0,-1.0,-1
2018-06-29 04:00:00-04:00,1.16231,1.165375,1.1613,1.16498,-1.0,-1.0,-1
2018-06-29 05:00:00-04:00,1.16498,1.166325,1.163915,1.165035,-1.0,-1.0,-1
2018-06-29 06:00:00-04:00,1.165035,1.166085,1.163505,1.164015,-1.0,-1.0,-1
2018-06-29 07:00:00-04:00,1.164015,1.16597,1.163925,1.16498,-1.0,-1.0,-1
2018-06-29 08:00:00-04:00,1.16498,1.16648,1.163535,1.164445,-1.0,-1.0,-1
2018-06-29 09:00:00-04:00,1.164445,1.16533,1.162815,1.16431,-1.0,-1.0,-1
2018-06-29 10:00:00-04:00,1.16431,1.167905,1.163315,1.16762,-1.0,-1.0,-1
2018-06-29 11:00:00-04:00,1.16762,1.168325,1.16651,1.167685,-1.0,-1.0,-1
2018-06-29 12:00:00-04:00,1.167685,1.168195,1.16732,1.167695,-1.0,-1.0,-1
2018-06-29 13:00:00-04:00,1.167695,1.16825,1.16711,1.16782,-1.0,-1.0,-1
2018-06-29 14:00:00-04:00,1.16782,1.16817,1.16668,1.16686,-1.0,-1.0,-1
2018-06-29 15:00:00-04:00,1.16686,1.167925,1.16639,1.16774,-1.0,-1.0,-1
2018-06-29 16:00:00-04:00,1.16774,1.169045,1.167605,1.16868,-1.0,-1.0,-1
2018-07-01 17:15:00-04:00,1.168,1.168025,1.16635,1.166755,-1.0,-1.0,-1
2018-07-01 18:00:00-04:00,1.166755,1.167495,1.16654,1.16743,-1.0,-1.0,-1
2018-07-01 19:00:00-04:00,1.16743,1.168255,1.167065,1.167805,-1.0,-1.0,-1
2018-07-01 20:00:00-04:00,1.167805,1.167905,1.166415,1.166475,-1.0,-1.0,-1
2018-07-01 21:00:00-04:00,1.166475,1.166915,1.165425,1.165925,-1.0,-1.0,-1
2018-07-01 22:00:00-04:00,1.165925,1.16645,1.16558,1.16568,-1.0,-1.0,-1
2018-07-01 23:00:00-04:00,1.16568,1.166125,1.165195,1.16529,-1.0,-1.0,-1
2018-07-02 00:00:00-04:00,1.16529,1.165745,1.16482,1.16499,-1.0,-1.0,-1
2018-07-02 01:00:00-04:00,1.16499,1.165045,1.16371,1.164255,-1.0,-1.0,-1
2018-07-02 02:00:00-04:00,1.164255,1.165555,1.16384,1.16525,-1.0,-1.0,-1
2018-07-02 03:00:00-04:00,1.16525,1.16528,1.162595,1.163065,-1.0,-1.0,-1
2018-07-02 04:00:00-04:00,1.163065,1.164805,1.162665,1.16437,-1.0,-1.0,-1
2018-07-02 05:00:00-04:00,1.16437,1.164785,1.163625,1.164015,-1.0,-1.0,-1
2018-07-02 06:00:00-04:00,1.164015,1.16466,1.16347,1.164225,-1.0,-1.0,-1
2018-07-02 07:00:00-04:00,1.164225,1.16448,1.162785,1.162995,-1.0,-1.0,-1
2018-07-02 08:00:00-04:00,1.162995,1.164245,1.161635,1.161785,-1.0,-1.0,-1
2018-07-02 09:00:00-04:00,1.161785,1.161805,1.159695,1.16087,-1.0,-1.0,-1
2018-07-02 10:00:00-04:00,1.16087,1.162405,1.159955,1.160535,-1.0,-1.0,-1
2018-07-02 11:00:00-04:00,1.160535,1.16094,1.159135,1.160435,-1.0,-1.0,-1
2018-07-02 12:00:00-04:00,1.160435,1.161105,1.159995,1.16,-1.0,-1.0,-1
2018-07-02 13:00:00-04:00,1.16,1.160885,1.16,1.160805,-1.0,-1.0,-1
2018-07-02 14:00:00-04:00,1.160805,1.161055,1.160375,1.16103,-1.0,-1.0,-1
2018-07-02 15:00:00-04:00,1.16103,1.16235,1.160935,1.161735,-1.0,-1.0,-1
2018-07-02 16:00:00-04:00,1.161735,1.16481,1.161625,1.16394,-1.0,-1.0,-1
2018-07-02 17:15:00-04:00,1.163975,1.164075,1.163505,1.16353,-1.0,-1.0,-1
2018-07-02 18:00:00-04:00,1.16353,1.163985,1.16339,1.16397,-1.0,-1.0,-1
2018-07-02 19:00:00-04:00,1.16397,1.164315,1.163875,1.16417,-1.0,-1.0,-1
2018-07-02 20:00:00-04:00,1.16417,1.164385,1.163435,1.16346,-1.0,-1.0,-1
2018-07-02 21:00:00-04:00,1.16346,1.16378,1.16206,1.16308,-1.0,-1.0,-1
2018-07-02 22:00:00-04:00,1.16308,1.16377,1.162605,1.16305,-1.0,-1.0,-1
2018-07-02 23:00:00-04:00,1.16305,1.163585,1.16277,1.16323,-1.0,-1.0,-1
2018-07-03 00:00:00-04:00,1.16323,1.163835,1.162795,1.163235,-1.0,-1.0,-1
2018-07-03 01:00:00-04:00,1.163235,1.16445,1.162675,1.16379,-1.0,-1.0,-1
2018-07-03 02:00:00-04:00,1.16379,1.16543,1.16355,1.164545,-1.0,-1.0,-1
2018-07-03 03:00:00-04:00,1.164545,1.167025,1.16433,1.166975,-1.0,-1.0,-1
2018-07-03 04:00:00-04:00,1.166975,1.167325,1.16578,1.16596,-1.0,-1.0,-1
2018-07-03 05:00:00-04:00,1.16596,1.166495,1.16511,1.16536,-1.0,-1.0,-1
2018-07-03 06:00:00-04:00,1.16536,1.166175,1.164515,1.16471,-1.0,-1.0,-1
2018-07-03 07:00:00-04:00,1.16471,1.166585,1.16465,1.166455,-1.0,-1.0,-1
2018-07-03 08:00:00-04:00,1.166455,1.16669,1.16437,1.16528,-1.0,-1.0,-1
2018-07-03 09:00:00-04:00,1.16528,1.165645,1.164305,1.165645,-1.0,-1.0,-1
2018-07-03 10:00:00-04:00,1.165645,1.166485,1.164795,1.164985,-1.0,-1.0,-1
2018-07-03 11:00:00-04:00,1.164985,1.166165,1.164675,1.16525,-1.0,-1.0,-1
2018-07-03 12:00:00-04:00,1.16525,1.16536,1.1642,1.16498,-1.0,-1.0,-1
2018-07-03 13:00:00-04:00,1.16498,1.165895,1.164425,1.165795,-1.0,-1.0,-1
2018-07-03 14:00:00-04:00,1.165795,1.166125,1.165135,1.16521,-1.0,-1.0,-1
2018-07-03 15:00:00-04:00,1.16521,1.16628,1.165185,1.166145,-1.0,-1.0,-1
2018-07-03 16:00:00-04:00,1.166145,1.166375,1.16575,1.16575,-1.0,-1.0,-1
2018-07-03 17:15:00-04:00,1.165775,1.166145,1.165695,1.165825,-1.0,-1.0,-1
2018-07-03 18:00:00-04:00,1.165825,1.166085,1.165695,1.16598,-1.0,-1.0,-1
2018-07-03 19:00:00-04:00,1.16598,1.16605,1.165475,1.165915,-1.0,-1.0,-1
2018-07-03 20:00:00-04:00,1.165915,1.16718,1.16583,1.167075,-1.0,-1.0,-1
2018-07-03 21:00:00-04:00,1.167075,1.16788,1.16642,1.16746,-1.0,-1.0,-1
2018-07-03 22:00:00-04:00,1.16746,1.167585,1.16643,1.167115,-1.0,-1.0,-1
2018-07-03 23:00:00-04:00,1.167115,1.167125,1.16632,1.166485,-1.0,-1.0,-1
2018-07-04 00:00:00-04:00,1.166485,1.16664,1.165985,1.1663,-1.0,-1.0,-1
2018-07-04 01:00:00-04:00,1.1663,1.167275,1.166095,1.16671,-1.0,-1.0,-1
2018-07-04 02:00:00-04:00,1.16671,1.168185,1.16601,1.167995,-1.0,-1.0,-1
2018-07-04 03:00:00-04:00,1.167995,1.167995,1.165005,1.165105,-1.0,-1.0,-1
2018-07-04 04:00:00-04:00,1.165105,1.165485,1.163605,1.16443,-1.0,-1.0,-1
2018-07-04 05:00:00-04:00,1.16443,1.16467,1.163065,1.16357,-1.0,-1.0,-1
2018-07-04 06:00:00-04:00,1.16357,1.16428,1.163065,1.164125,-1.0,-1.0,-1
2018-07-04 07:00:00-04:00,1.164125,1.16428,1.163285,1.163645,-1.0,-1.0,-1
2018-07-04 08:00:00-04:00,1.163645,1.16452,1.16345,1.16423,-1.0,-1.0,-1
2018-07-04 09:00:00-04:00,1.16423,1.16482,1.16372,1.164555,-1.0,-1.0,-1
2018-07-04 10:00:00-04:00,1.164555,1.165005,1.164265,1.16432,-1.0,-1.0,-1
2018-07-04 11:00:00-04:00,1.16432,1.164465,1.16371,1.164105,-1.0,-1.0,-1
2018-07-04 12:00:00-04:00,1.164105,1.167495,1.163835,1.166675,-1.0,-1.0,-1
2018-07-04 13:00:00-04:00,1.166675,1.16749,1.166295,1.16673,-1.0,-1.0,-1
2018-07-04 14:00:00-04:00,1.16673,1.16688,1.166405,1.166665,-1.0,-1.0,-1
2018-07-04 15:00:00-04:00,1.166665,1.16705,1.165205,1.165515,-1.0,-1.0,-1
2018-07-04 16:00:00-04:00,1.165515,1.16587,1.165225,1.165635,-1.0,-1.0,-1
2018-07-04 17:15:00-04:00,1.165725,1.165785,1.16551,1.1656,-1.0,-1.0,-1
2018-07-04 18:00:00-04:00,1.1656,1.166325,1.165565,1.165925,-1.0,-1.0,-1
2018-07-04 19:00:00-04:00,1.165925,1.166345,1.16577,1.166045,-1.0,-1.0,-1
2018-07-04 20:00:00-04:00,1.166045,1.166325,1.165355,1.165695,-1.0,-1.0,-1
2018-07-04 21:00:00-04:00,1.165695,1.16641,1.16548,1.16597,-1.0,-1.0,-1
2018-07-04 22:00:00-04:00,1.16597,1.16676,1.165805,1.166315,-1.0,-1.0,-1
2018-07-04 23:00:00-04:00,1.166315,1.166375,1.165665,1.165815,-1.0,-1.0,-1
2018-07-05 00:00:00-04:00,1.165815,1.16592,1.16551,1.16571,-1.0,-1.0,-1
2018-07-05 01:00:00-04:00,1.16571,1.16941,1.16499,1.16937,-1.0,-1.0,-1
2018-07-05 02:00:00-04:00,1.16937,1.171085,1.168825,1.169695,-1.0,-1.0,-1
2018-07-05 03:00:00-04:00,1.169695,1.170545,1.16854,1.168585,-1.0,-1.0,-1
2018-07-05 04:00:00-04:00,1.168585,1.16963,1.16785,1.169315,-1.0,-1.0,-1
2018-07-05 05:00:00-04:00,1.169315,1.169635,1.168205,1.168765,-1.0,-1.0,-1
2018-07-05 06:00:00-04:00,1.168765,1.16938,1.16828,1.168635,-1.0,-1.0,-1
2018-07-05 07:00:00-04:00,1.168635,1.17087,1.168545,1.170865,-1.0,-1.0,-1
2018-07-05 08:00:00-04:00,1.170865,1.172035,1.17051,1.171425,-1.0,-1.0,-1
2018-07-05 09:00:00-04:00,1.171425,1.17144,1.169495,1.17029,-1.0,-1.0,-1
2018-07-05 10:00:00-04:00,1.17029,1.170735,1.169115,1.17021,-1.0,-1.0,-1
2018-07-05 11:00:00-04:00,1.17021,1.170545,1.169255,1.169545,-1.0,-1.0,-1
2018-07-05 12:00:00-04:00,1.169545,1.1699,1.169215,1.16978,-1.0,-1.0,-1
2018-07-05 13:00:00-04:00,1.16978,1.169815,1.168095,1.168295,-1.0,-1.0,-1
2018-07-05 14:00:00-04:00,1.168295,1.16922,1.16721,1.168055,-1.0,-1.0,-1
2018-07-05 15:00:00-04:00,1.168055,1.16934,1.167945,1.16929,-1.0,-1.0,-1
2018-07-05 16:00:00-04:00,1.16929,1.16929,1.168705,1.16906,-1.0,-1.0,-1
2018-07-05 17:15:00-04:00,1.169045,1.169145,1.16894,1.169005,-1.0,-1.0,-1
2018-07-05 18:00:00-04:00,1.169005,1.16927,1.16888,1.16912,-1.0,-1.0,-1
2018-07-05 19:00:00-04:00,1.16912,1.169625,1.168985,1.169205,-1.0,-1.0,-1
2018-07-05 20:00:00-04:00,1.169205,1.16973,1.16902,1.16928,-1.0,-1.0,-1
2018-07-05 21:00:00-04:00,1.16928,1.169385,1.168095,1.16819,-1.0,-1.0,-1
2018-07-05 22:00:00-04:00,1.16819,1.168995,1.16801,1.168585,-1.0,-1.0,-1
2018-07-05 23:00:00-04:00,1.168585,1.168845,1.168425,1.168765,-1.0,-1.0,-1
2018-07-06 00:00:00-04:00,1.168765,1.16957,1.168565,1.16857,-1.0,-1.0,-1
2018-07-06 01:00:00-04:00,1.16857,1.170305,1.168415,1.170085,-1.0,-1.0,-1
2018-07-06 02:00:00-04:00,1.170085,1.172705,1.16986,1.17212,-1.0,-1.0,-1
2018-07-06 03:00:00-04:00,1.17212,1.172225,1.17002,1.17025,-1.0,-1.0,-1
2018-07-06 04:00:00-04:00,1.17025,1.17148,1.170125,1.17133,-1.0,-1.0,-1
2018-07-06 05:00:00-04:00,1.17133,1.171975,1.17038,1.170975,-1.0,-1.0,-1
2018-07-06 06:00:00-04:00,1.170975,1.171165,1.17026,1.170665,-1.0,-1.0,-1
2018-07-06 07:00:00-04:00,1.170665,1.171935,1.17051,1.17134,-1.0,-1.0,-1
2018-07-06 08:00:00-04:00,1.17134,1.176345,1.17117,1.17435,-1.0,-1.0,-1
2018-07-06 09:00:00-04:00,1.17435,1.176245,1.17426,1.175755,-1.0,-1.0,-1
2018-07-06 10:00:00-04:00,1.175755,1.176795,1.175105,1.175695,-1.0,-1.0,-1
2018-07-06 11:00:00-04:00,1.175695,1.176135,1.17332,1.17367,-1.0,-1.0,-1
2018-07-06 12:00:00-04:00,1.17367,1.174615,1.173395,1.174555,-1.0,-1.0,-1
2018-07-06 13:00:00-04:00,1.174555,1.17491,1.173925,1.17403,-1.0,-1.0,-1
2018-07-06 14:00:00-04:00,1.17403,1.174475,1.17386,1.174455,-1.0,-1.0,-1
2018-07-06 15:00:00-04:00,1.174455,1.17465,1.174055,1.174265,-1.0,-1.0,-1
2018-07-06 16:00:00-04:00,1.174265,1.17482,1.174025,1.174575,-1.0,-1.0,-1
2018-07-08 17:15:00-04:00,1.17435,1.175395,1.174325,1.17481,-1.0,-1.0,-1
2018-07-08 18:00:00-04:00,1.17481,1.17544,1.17451,1.175015,-1.0,-1.0,-1
2018-07-08 19:00:00-04:00,1.175015,1.17527,1.17437,1.17518,-1.0,-1.0,-1
2018-07-08 20:00:00-04:00,1.17518,1.175895,1.174985,1.1756,-1.0,-1.0,-1
2018-07-08 21:00:00-04:00,1.1756,1.176745,1.175045,1.176475,-1.0,-1.0,-1
2018-07-08 22:00:00-04:00,1.176475,1.17649,1.1757,1.17599,-1.0,-1.0,-1
2018-07-08 23:00:00-04:00,1.17599,1.176605,1.17573,1.176345,-1.0,-1.0,-1
2018-07-09 00:00:00-04:00,1.176345,1.176525,1.176005,1.176155,-1.0,-1.0,-1
2018-07-09 01:00:00-04:00,1.176155,1.176995,1.175655,1.17697,-1.0,-1.0,-1
2018-07-09 02:00:00-04:00,1.17697,1.17794,1.1762,1.17647,-1.0,-1.0,-1
2018-07-09 03:00:00-04:00,1.17647,1.17723,1.175025,1.176965,-1.0,-1.0,-1
2018-07-09 04:00:00-04:00,1.176965,1.178145,1.176565,1.17722,-1.0,-1.0,-1
2018-07-09 05:00:00-04:00,1.17722,1.177535,1.176285,1.176925,-1.0,-1.0,-1
2018-07-09 06:00:00-04:00,1.176925,1.17742,1.176245,1.17737,-1.0,-1.0,-1
2018-07-09 07:00:00-04:00,1.17737,1.178885,1.177005,1.17829,-1.0,-1.0,-1
2018-07-09 08:00:00-04:00,1.17829,1.179075,1.177625,1.177765,-1.0,-1.0,-1
2018-07-09 09:00:00-04:00,1.177765,1.17841,1.17569,1.175925,-1.0,-1.0,-1
2018-07-09 10:00:00-04:00,1.175925,1.176485,1.174615,1.175865,-1.0,-1.0,-1
2018-07-09 11:00:00-04:00,1.175865,1.176185,1.174075,1.17446,-1.0,-1.0,-1
2018-07-09 12:00:00-04:00,1.17446,1.17508,1.1742,1.1747,-1.0,-1.0,-1
2018-07-09 13:00:00-04:00,1.1747,1.175075,1.17328,1.1748,-1.0,-1.0,-1
2018-07-09 14:00:00-04:00,1.1748,1.175195,1.17459,1.17482,-1.0,-1.0,-1
2018-07-09 15:00:00-04:00,1.17482,1.175465,1.17411,1.17462,-1.0,-1.0,-1
2018-07-09 16:00:00-04:00,1.17462,1.17523,1.174535,1.17509,-1.0,-1.0,-1
2018-07-09 17:15:00-04:00,1.175125,1.175275,1.174705,1.174815,-1.0,-1.0,-1
2018-07-09 18:00:00-04:00,1.174815,1.17528,1.174785,1.175035,-1.0,-1.0,-1
2018-07-09 19:00:00-04:00,1.175035,1.175725,1.174875,1.17561,-1.0,-1.0,-1
2018-07-09 20:00:00-04:00,1.17561,1.176275,1.175565,1.175955,-1.0,-1.0,-1
2018-07-09 21:00:00-04:00,1.175955,1.176195,1.17477,1.174805,-1.0,-1.0,-1
2018-07-09 22:00:00-04:00,1.174805,1.17551,1.174605,1.17538,-1.0,-1.0,-1
2018-07-09 23:00:00-04:00,1.17538,1.17563,1.174675,1.17477,-1.0,-1.0,-1
2018-07-10 00:00:00-04:00,1.17477,1.17482,1.174025,1.174105,-1.0,-1.0,-1
2018-07-10 01:00:00-04:00,1.174105,1.174455,1.173735,1.17398,-1.0,-1.0,-1
2018-07-10 02:00:00-04:00,1.17398,1.17493,1.173205,1.174835,-1.0,-1.0,-1
2018-07-10 03:00:00-04:00,1.174835,1.175495,1.173955,1.174525,-1.0,-1.0,-1
2018-07-10 04:00:00-04:00,1.174525,1.17487,1.17213,1.172665,-1.0,-1.0,-1
2018-07-10 05:00:00-04:00,1.172665,1.17268,1.171465,1.172185,-1.0,-1.0,-1
2018-07-10 06:00:00-04:00,1.172185,1.172645,1.170335,1.17039,-1.0,-1.0,-1
2018-07-10 07:00:00-04:00,1.17039,1.171025,1.169035,1.170515,-1.0,-1.0,-1
2018-07-10 08:00:00-04:00,1.170515,1.172015,1.169715,1.171645,-1.0,-1.0,-1
2018-07-10 09:00:00-04:00,1.171645,1.17222,1.170775,1.170855,-1.0,-1.0,-1
2018-07-10 10:00:00-04:00,1.170855,1.172415,1.170395,1.172005,-1.0,-1.0,-1
2018-07-10 11:00:00-04:00,1.172005,1.17394,1.171925,1.172925,-1.0,-1.0,-1
2018-07-10 12:00:00-04:00,1.172925,1.173765,1.17218,1.17332,-1.0,-1.0,-1
2018-07-10 13:00:00-04:00,1.17332,1.1747,1.173205,1.17462,-1.0,-1.0,-1
2018-07-10 14:00:00-04:00,1.17462,1.174915,1.17411,1.17461,-1.0,-1.0,-1
2018-07-10 15:00:00-04:00,1.17461,1.174855,1.174365,1.174655,-1.0,-1.0,-1
2018-07-10 16:00:00-04:00,1.174655,1.17499,1.174365,1.17445,-1.0,-1.0,-1
2018-07-10 17:15:00-04:00,1.17405,1.17451,1.173465,1.173925,-1.0,-1.0,-1
2018-07-10 18:00:00-04:00,1.173925,1.174015,1.173285,1.17359,-1.0,-1.0,-1
2018-07-10 19:00:00-04:00,1.17359,1.17375,1.172525,1.172805,-1.0,-1.0,-1
2018-07-10 20:00:00-04:00,1.172805,1.17323,1.172415,1.17266,-1.0,-1.0,-1
2018-07-10 21:00:00-04:00,1.17266,1.173195,1.172405,1.17313,-1.0,-1.0,-1
2018-07-10 22:00:00-04:00,1.17313,1.17365,1.17279,1.172995,-1.0,-1.0,-1
2018-07-10 23:00:00-04:00,1.172995,1.17321,1.17245,1.172935,-1.0,-1.0,-1
2018-07-11 00:00:00-04:00,1.172935,1.17307,1.17228,1.17271,-1.0,-1.0,-1
2018-07-11 01:00:00-04:00,1.17271,1.17323,1.172545,1.1729,-1.0,-1.0,-1
2018-07-11 02:00:00-04:00,1.1729,1.17403,1.172455,1.173045,-1.0,-1.0,-1
2018-07-11 03:00:00-04:00,1.173045,1.17378,1.1722,1.17333,-1.0,-1.0,-1
2018-07-11 04:00:00-04:00,1.17333,1.174075,1.170825,1.17086,-1.0,-1.0,-1
2018-07-11 05:00:00-04:00,1.17086,1.171155,1.16951,1.17036,-1.0,-1.0,-1
2018-07-11 06:00:00-04:00,1.17036,1.171765,1.170215,1.17121,-1.0,-1.0,-1
2018-07-11 07:00:00-04:00,1.17121,1.17204,1.170005,1.170675,-1.0,-1.0,-1
2018-07-11 08:00:00-04:00,1.170675,1.17548,1.170115,1.175205,-1.0,-1.0,-1
2018-07-11 09:00:00-04:00,1.175205,1.175845,1.1744,1.174665,-1.0,-1.0,-1
2018-07-11 10:00:00-04:00,1.174665,1.174995,1.171815,1.17219,-1.0,-1.0,-1
2018-07-11 11:00:00-04:00,1.17219,1.17282,1.17102,1.172245,-1.0,-1.0,-1
2018-07-11 12:00:00-04:00,1.172245,1.17271,1.169715,1.169965,-1.0,-1.0,-1
2018-07-11 13:00:00-04:00,1.169965,1.169985,1.166755,1.16736,-1.0,-1.0,-1
2018-07-11 14:00:00-04:00,1.16736,1.168285,1.16654,1.167415,-1.0,-1.0,-1
2018-07-11 15:00:00-04:00,1.167415,1.16779,1.166815,1.16695,-1.0,-1.0,-1
2018-07-11 16:00:00-04:00,1.16695,1.167665,1.16695,1.167315,-1.0,-1.0,-1
2018-07-11 17:15:00-04:00,1.16735,1.16786,1.167145,1.167405,-1.0,-1.0,-1
2018-07-11 18:00:00-04:00,1.167405,1.16769,1.167285,1.167605,-1.0,-1.0,-1
2018-07-11 19:00:00-04:00,1.167605,1.16779,1.167215,1.167515,-1.0,-1.0,-1
2018-07-11 20:00:00-04:00,1.167515,1.16786,1.167015,1.16728,-1.0,-1.0,-1
2018-07-11 21:00:00-04:00,1.16728,1.168015,1.167225,1.16748,-1.0,-1.0,-1
2018-07-11 22:00:00-04:00,1.16748,1.167975,1.16721,1.167255,-1.0,-1.0,-1
2018-07-11 23:00:00-04:00,1.167255,1.167725,1.1671,1.167625,-1.0,-1.0,-1
2018-07-12 00:00:00-04:00,1.167625,1.168375,1.16757,1.16826,-1.0,-1.0,-1
2018-07-12 01:00:00-04:00,1.16826,1.16862,1.167795,1.167855,-1.0,-1.0,-1
2018-07-12 02:00:00-04:00,1.167855,1.168675,1.167155,1.168495,-1.0,-1.0,-1
2018-07-12 03:00:00-04:00,1.168495,1.16932,1.16739,1.16849,-1.0,-1.0,-1
2018-07-12 04:00:00-04:00,1.16849,1.16926,1.16727,1.167445,-1.0,-1.0,-1
2018-07-12 05:00:00-04:00,1.167445,1.168345,1.166915,1.16771,-1.0,-1.0,-1
2018-07-12 06:00:00-04:00,1.16771,1.1681,1.166065,1.16613,-1.0,-1.0,-1
2018-07-12 07:00:00-04:00,1.16613,1.166415,1.164985,1.165295,-1.0,-1.0,-1
2018-07-12 08:00:00-04:00,1.165295,1.1688,1.165295,1.16716,-1.0,-1.0,-1
2018-07-12 09:00:00-04:00,1.16716,1.168115,1.166695,1.167295,-1.0,-1.0,-1
2018-07-12 10:00:00-04:00,1.167295,1.168585,1.16691,1.16839,-1.0,-1.0,-1
2018-07-12 11:00:00-04:00,1.16839,1.169575,1.167815,1.169075,-1.0,-1.0,-1
2018-07-12 12:00:00-04:00,1.169075,1.16928,1.16811,1.16823,-1.0,-1.0,-1
2018-07-12 13:00:00-04:00,1.16823,1.168695,1.16698,1.167615,-1.0,-1.0,-1
2018-07-12 14:00:00-04:00,1.167615,1.167795,1.16693,1.167045,-1.0,-1.0,-1
2018-07-12 15:00:00-04:00,1.167045,1.16757,1.166655,1.16742,-1.0,-1.0,-1
2018-07-12 16:00:00-04:00,1.16742,1.16747,1.16693,1.167105,-1.0,-1.0,-1
2018-07-12 17:15:00-04:00,1.1669,1.16709,1.16666,1.166905,-1.0,-1.0,-1
2018-07-12 18:00:00-04:00,1.166905,1.16691,1.165515,1.166395,-1.0,-1.0,-1
2018-07-12 19:00:00-04:00,1.166395,1.166465,1.165885,1.166425,-1.0,-1.0,-1
2018-07-12 20:00:00-04:00,1.166425,1.166975,1.166095,1.166695,-1.0,-1.0,-1
2018-07-12 21:00:00-04:00,1.166695,1.167515,1.16642,1.166905,-1.0,-1.0,-1
2018-07-12 22:00:00-04:00,1.166905,1.16742,1.166595,1.166965,-1.0,-1.0,-1
2018-07-12 23:00:00-04:00,1.166965,1.166965,1.166065,1.166165,-1.0,-1.0,-1
2018-07-13 00:00:00-04:00,1.166165,1.166595,1.165715,1.165715,-1.0,-1.0,-1
2018-07-13 01:00:00-04:00,1.165715,1.16637,1.165475,1.16637,-1.0,-1.0,-1
2018-07-13 02:00:00-04:00,1.16637,1.16637,1.164225,1.164565,-1.0,-1.0,-1
2018-07-13 03:00:00-04:00,1.164565,1.165005,1.16249,1.163095,-1.0,-1.0,-1
2018-07-13 04:00:00-04:00,1.163095,1.163635,1.1613,1.162715,-1.0,-1.0,-1
2018-07-13 05:00:00-04:00,1.162715,1.163785,1.16161,1.16352,-1.0,-1.0,-1
2018-07-13 06:00:00-04:00,1.16352,1.163755,1.162135,1.162425,-1.0,-1.0,-1
2018-07-13 07:00:00-04:00,1.162425,1.16345,1.161875,1.162625,-1.0,-1.0,-1
2018-07-13 08:00:00-04:00,1.162625,1.164685,1.16253,1.164495,-1.0,-1.0,-1
2018-07-13 09:00:00-04:00,1.164495,1.16484,1.163755,1.164145,-1.0,-1.0,-1
2018-07-13 10:00:00-04:00,1.164145,1.166915,1.163995,1.166675,-1.0,-1.0,-1
2018-07-13 11:00:00-04:00,1.166675,1.167295,1.165915,1.166665,-1.0,-1.0,-1
2018-07-13 12:00:00-04:00,1.166665,1.167775,1.16654,1.167355,-1.0,-1.0,-1
2018-07-13 13:00:00-04:00,1.167355,1.16758,1.16662,1.167575,-1.0,-1.0,-1
2018-07-13 14:00:00-04:00,1.167575,1.16829,1.16741,1.167695,-1.0,-1.0,-1
2018-07-13 15:00:00-04:00,1.167695,1.168425,1.16759,1.16811,-1.0,-1.0,-1
2018-07-13 16:00:00-04:00,1.16811,1.16875,1.168105,1.16844,-1.0,-1.0,-1
2018-07-15 17:15:00-04:00,1.168895,1.16941,1.1686,1.1686,-1.0,-1.0,-1
2018-07-15 18:00:00-04:00,1.1686,1.1686,1.167925,1.168315,-1.0,-1.0,-1
2018-07-15 19:00:00-04:00,1.168315,1.16839,1.167705,1.16785,-1.0,-1.0,-1
2018-07-15 20:00:00-04:00,1.16785,1.16851,1.16757,1.168415,-1.0,-1.0,-1
2018-07-15 21:00:00-04:00,1.168415,1.1689,1.167975,1.168495,-1.0,-1.0,-1
2018-07-15 22:00:00-04:00,1.168495,1.16875,1.16799,1.16823,-1.0,-1.0,-1
2018-07-15 23:00:00-04:00,1.16823,1.168795,1.168005,1.16835,-1.0,-1.0,-1
2018-07-16 00:00:00-04:00,1.16835,1.168765,1.16827,1.168625,-1.0,-1.0,-1
2018-07-16 01:00:00-04:00,1.168625,1.17072,1.168625,1.170255,-1.0,-1.0,-1
2018-07-16 02:00:00-04:00,1.170255,1.170675,1.169505,1.169775,-1.0,-1.0,-1
2018-07-16 03:00:00-04:00,1.169775,1.170595,1.168525,1.16915,-1.0,-1.0,-1
2018-07-16 04:00:00-04:00,1.16915,1.170225,1.16876,1.16966,-1.0,-1.0,-1
2018-07-16 05:00:00-04:00,1.16966,1.17099,1.16937,1.17055,-1.0,-1.0,-1
2018-07-16 06:00:00-04:00,1.17055,1.17175,1.170405,1.1716,-1.0,-1.0,-1
2018-07-16 07:00:00-04:00,1.1716,1.17254,1.171445,1.17159,-1.0,-1.0,-1
2018-07-16 08:00:00-04:00,1.17159,1.17227,1.17081,1.17102,-1.0,-1.0,-1
2018-07-16 09:00:00-04:00,1.17102,1.17183,1.170355,1.171825,-1.0,-1.0,-1
2018-07-16 10:00:00-04:00,1.171825,1.172405,1.170445,1.170865,-1.0,-1.0,-1
2018-07-16 11:00:00-04:00,1.170865,1.171395,1.170215,1.17115,-1.0,-1.0,-1
2018-07-16 12:00:00-04:00,1.17115,1.171305,1.169445,1.17058,-1.0,-1.0,-1
2018-07-16 13:00:00-04:00,1.17058,1.171665,1.17057,1.171045,-1.0,-1.0,-1
2018-07-16 14:00:00-04:00,1.171045,1.171835,1.17104,1.171395,-1.0,-1.0,-1
2018-07-16 15:00:00-04:00,1.171395,1.17165,1.17097,1.17107,-1.0,-1.0,-1
2018-07-16 16:00:00-04:00,1.17107,1.171615,1.17096,1.171145,-1.0,-1.0,-1
2018-07-16 17:15:00-04:00,1.1713,1.171405,1.17104,1.171065,-1.0,-1.0,-1
2018-07-16 18:00:00-04:00,1.171065,1.171215,1.17084,1.171035,-1.0,-1.0,-1
2018-07-16 19:00:00-04:00,1.171035,1.17111,1.170545,1.170915,-1.0,-1.0,-1
2018-07-16 20:00:00-04:00,1.170915,1.17143,1.170565,1.17075,-1.0,-1.0,-1
2018-07-16 21:00:00-04:00,1.17075,1.17087,1.17014,1.17057,-1.0,-1.0,-1
2018-07-16 22:00:00-04:00,1.17057,1.170965,1.17031,1.17066,-1.0,-1.0,-1
2018-07-16 23:00:00-04:00,1.17066,1.1721,1.1706,1.17196,-1.0,-1.0,-1
2018-07-17 00:00:00-04:00,1.17196,1.17212,1.17152,1.171835,-1.0,-1.0,-1
2018-07-17 01:00:00-04:00,1.171835,1.171915,1.17131,1.17131,-1.0,-1.0,-1
2018-07-17 02:00:00-04:00,1.17131,1.173535,1.171055,1.173395,-1.0,-1.0,-1
2018-07-17 03:00:00-04:00,1.173395,1.17376,1.172535,1.172815,-1.0,-1.0,-1
2018-07-17 04:00:00-04:00,1.172815,1.17429,1.172625,1.174145,-1.0,-1.0,-1
2018-07-17 05:00:00-04:00,1.174145,1.17447,1.172915,1.172995,-1.0,-1.0,-1
2018-07-17 06:00:00-04:00,1.172995,1.17315,1.171675,1.17174,-1.0,-1.0,-1
2018-07-17 07:00:00-04:00,1.17174,1.17223,1.170275,1.170515,-1.0,-1.0,-1
2018-07-17 08:00:00-04:00,1.170515,1.170955,1.16911,1.169745,-1.0,-1.0,-1
2018-07-17 09:00:00-04:00,1.169745,1.170135,1.168405,1.168615,-1.0,-1.0,-1
2018-07-17 10:00:00-04:00,1.168615,1.170415,1.16805,1.168235,-1.0,-1.0,-1
2018-07-17 11:00:00-04:00,1.168235,1.16929,1.166195,1.166195,-1.0,-1.0,-1
2018-07-17 12:00:00-04:00,1.166195,1.166735,1.16533,1.165385,-1.0,-1.0,-1
2018-07-17 13:00:00-04:00,1.165385,1.16692,1.164935,1.166475,-1.0,-1.0,-1
2018-07-17 14:00:00-04:00,1.166475,1.166475,1.165335,1.16635,-1.0,-1.0,-1
2018-07-17 15:00:00-04:00,1.16635,1.166475,1.16601,1.16642,-1.0,-1.0,-1
2018-07-17 16:00:00-04:00,1.16642,1.16656,1.166035,1.166125,-1.0,-1.0,-1
2018-07-17 17:15:00-04:00,1.1659,1.1661,1.16577,1.1659,-1.0,-1.0,-1
2018-07-17 18:00:00-04:00,1.1659,1.16614,1.165675,1.165805,-1.0,-1.0,-1
2018-07-17 19:00:00-04:00,1.165805,1.16581,1.164865,1.165335,-1.0,-1.0,-1
2018-07-17 20:00:00-04:00,1.165335,1.16598,1.165275,1.165815,-1.0,-1.0,-1
2018-07-17 21:00:00-04:00,1.165815,1.166495,1.16546,1.165675,-1.0,-1.0,-1
2018-07-17 22:00:00-04:00,1.165675,1.16624,1.165455,1.165525,-1.0,-1.0,-1
2018-07-17 23:00:00-04:00,1.165525,1.165675,1.165155,1.165175,-1.0,-1.0,-1
2018-07-18 00:00:00-04:00,1.165175,1.16519,1.16411,1.16414,-1.0,-1.0,-1
2018-07-18 01:00:00-04:00,1.16414,1.16454,1.163175,1.163515,-1.0,-1.0,-1
2018-07-18 02:00:00-04:00,1.163515,1.16383,1.16252,1.163195,-1.0,-1.0,-1
2018-07-18 03:00:00-04:00,1.163195,1.164175,1.16192,1.16239,-1.0,-1.0,-1
2018-07-18 04:00:00-04:00,1.16239,1.16259,1.16072,1.162205,-1.0,-1.0,-1
2018-07-18 05:00:00-04:00,1.162205,1.162985,1.16156,1.16252,-1.0,-1.0,-1
2018-07-18 06:00:00-04:00,1.16252,1.163295,1.16156,1.162195,-1.0,-1.0,-1
2018-07-18 07:00:00-04:00,1.162195,1.162455,1.16049,1.16078,-1.0,-1.0,-1
2018-07-18 08:00:00-04:00,1.16078,1.162785,1.16021,1.1623,-1.0,-1.0,-1
2018-07-18 09:00:00-04:00,1.1623,1.16397,1.162175,1.163555,-1.0,-1.0,-1
2018-07-18 10:00:00-04:00,1.163555,1.16499,1.163365,1.16429,-1.0,-1.0,-1
2018-07-18 11:00:00-04:00,1.16429,1.165025,1.16364,1.16449,-1.0,-1.0,-1
2018-07-18 12:00:00-04:00,1.16449,1.166225,1.164475,1.16527,-1.0,-1.0,-1
2018-07-18 13:00:00-04:00,1.16527,1.16572,1.16492,1.16498,-1.0,-1.0,-1
2018-07-18 14:00:00-04:00,1.16498,1.16507,1.16442,1.16472,-1.0,-1.0,-1
2018-07-18 15:00:00-04:00,1.16472,1.164815,1.163765,1.164255,-1.0,-1.0,-1
2018-07-18 16:00:00-04:00,1.164255,1.164425,1.163785,1.16384,-1.0,-1.0,-1
2018-07-18 17:15:00-04:00,1.164075,1.16454,1.163805,1.16441,-1.0,-1.0,-1
2018-07-18 18:00:00-04:00,1.16441,1.164525,1.164105,1.16437,-1.0,-1.0,-1
2018-07-18 19:00:00-04:00,1.16437,1.16457,1.164135,1.164505,-1.0,-1.0,-1
2018-07-18 20:00:00-04:00,1.164505,1.165435,1.164425,1.16533,-1.0,-1.0,-1
2018-07-18 21:00:00-04:00,1.16533,1.16568,1.164115,1.16493,-1.0,-1.0,-1
2018-07-18 22:00:00-04:00,1.16493,1.16507,1.164015,1.164675,-1.0,-1.0,-1
2018-07-18 23:00:00-04:00,1.164675,1.165495,1.16426,1.16519,-1.0,-1.0,-1
2018-07-19 00:00:00-04:00,1.16519,1.16539,1.164655,1.164775,-1.0,-1.0,-1
2018-07-19 01:00:00-04:00,1.164775,1.164995,1.16402,1.164115,-1.0,-1.0,-1
2018-07-19 02:00:00-04:00,1.164115,1.164445,1.16196,1.162435,-1.0,-1.0,-1
2018-07-19 03:00:00-04:00,1.162435,1.162735,1.160605,1.160805,-1.0,-1.0,-1
2018-07-19 04:00:00-04:00,1.160805,1.16186,1.16038,1.16128,-1.0,-1.0,-1
2018-07-19 05:00:00-04:00,1.16128,1.161575,1.159515,1.160605,-1.0,-1.0,-1
2018-07-19 06:00:00-04:00,1.160605,1.161415,1.159535,1.159555,-1.0,-1.0,-1
2018-07-19 07:00:00-04:00,1.159555,1.160085,1.158595,1.16007,-1.0,-1.0,-1
2018-07-19 08:00:00-04:00,1.16007,1.160075,1.157505,1.15863,-1.0,-1.0,-1
2018-07-19 09:00:00-04:00,1.15863,1.160925,1.15846,1.15967,-1.0,-1.0,-1
2018-07-19 10:00:00-04:00,1.15967,1.162185,1.159615,1.161365,-1.0,-1.0,-1
2018-07-19 11:00:00-04:00,1.161365,1.16139,1.159625,1.160355,-1.0,-1.0,-1
2018-07-19 12:00:00-04:00,1.160355,1.161035,1.16022,1.160735,-1.0,-1.0,-1
2018-07-19 13:00:00-04:00,1.160735,1.167885,1.16059,1.165445,-1.0,-1.0,-1
2018-07-19 14:00:00-04:00,1.165445,1.166475,1.16444,1.164585,-1.0,-1.0,-1
2018-07-19 15:00:00-04:00,1.164585,1.16472,1.163625,1.163655,-1.0,-1.0,-1
2018-07-19 16:00:00-04:00,1.163655,1.16484,1.16321,1.164175,-1.0,-1.0,-1
2018-07-19 17:15:00-04:00,1.1643,1.1648,1.164175,1.16454,-1.0,-1.0,-1
2018-07-19 18:00:00-04:00,1.16454,1.164855,1.164365,1.164545,-1.0,-1.0,-1
2018-07-19 19:00:00-04:00,1.164545,1.165625,1.164285,1.16546,-1.0,-1.0,-1
2018-07-19 20:00:00-04:00,1.16546,1.16568,1.164805,1.165435,-1.0,-1.0,-1
2018-07-19 21:00:00-04:00,1.165435,1.16599,1.16264,1.16355,-1.0,-1.0,-1
2018-07-19 22:00:00-04:00,1.16355,1.165275,1.16323,1.1648,-1.0,-1.0,-1
2018-07-19 23:00:00-04:00,1.1648,1.165495,1.16451,1.16504,-1.0,-1.0,-1
2018-07-20 00:00:00-04:00,1.16504,1.166505,1.164855,1.16641,-1.0,-1.0,-1
2018-07-20 01:00:00-04:00,1.16641,1.167135,1.16594,1.166505,-1.0,-1.0,-1
2018-07-20 02:00:00-04:00,1.166505,1.167375,1.16458,1.165515,-1.0,-1.0,-1
2018-07-20 03:00:00-04:00,1.165515,1.165745,1.163315,1.1641,-1.0,-1.0,-1
2018-07-20 04:00:00-04:00,1.1641,1.165395,1.1638,1.16411,-1.0,-1.0,-1
2018-07-20 05:00:00-04:00,1.16411,1.16599,1.164035,1.16558,-1.0,-1.0,-1
2018-07-20 06:00:00-04:00,1.16558,1.16573,1.164155,1.165045,-1.0,-1.0,-1
2018-07-20 07:00:00-04:00,1.165045,1.166525,1.16472,1.166295,-1.0,-1.0,-1
2018-07-20 08:00:00-04:00,1.166295,1.171515,1.16612,1.171265,-1.0,-1.0,-1
2018-07-20 09:00:00-04:00,1.171265,1.17231,1.17023,1.17152,-1.0,-1.0,-1
2018-07-20 10:00:00-04:00,1.17152,1.172195,1.170385,1.17072,-1.0,-1.0,-1
2018-07-20 11:00:00-04:00,1.17072,1.17136,1.1703,1.170855,-1.0,-1.0,-1
2018-07-20 12:00:00-04:00,1.170855,1.171155,1.170135,1.170945,-1.0,-1.0,-1
2018-07-20 13:00:00-04:00,1.170945,1.172395,1.170745,1.171945,-1.0,-1.0,-1
2018-07-20 14:00:00-04:00,1.171945,1.173895,1.17191,1.172525,-1.0,-1.0,-1
2018-07-20 15:00:00-04:00,1.172525,1.173045,1.17204,1.172625,-1.0,-1.0,-1
2018-07-20 16:00:00-04:00,1.172625,1.17288,1.171785,1.172295,-1.0,-1.0,-1
2018-07-22 17:15:00-04:00,1.172645,1.17284,1.172075,1.172435,-1.0,-1.0,-1
2018-07-22 18:00:00-04:00,1.172435,1.17348,1.172375,1.173395,-1.0,-1.0,-1
2018-07-22 19:00:00-04:00,1.173395,1.174555,1.173325,1.17404,-1.0,-1.0,-1
2018-07-22 20:00:00-04:00,1.17404,1.17467,1.173475,1.1744,-1.0,-1.0,-1
2018-07-22 21:00:00-04:00,1.1744,1.17503,1.17344,1.174095,-1.0,-1.0,-1
2018-07-22 22:00:00-04:00,1.174095,1.174345,1.173325,1.173415,-1.0,-1.0,-1
2018-07-22 23:00:00-04:00,1.173415,1.174235,1.173295,1.174075,-1.0,-1.0,-1
2018-07-23 00:00:00-04:00,1.174075,1.17423,1.17323,1.17333,-1.0,-1.0,-1
2018-07-23 01:00:00-04:00,1.17333,1.173855,1.172205,1.172325,-1.0,-1.0,-1
2018-07-23 02:00:00-04:00,1.172325,1.17323,1.17166,1.17181,-1.0,-1.0,-1
2018-07-23 03:00:00-04:00,1.17181,1.17428,1.171425,1.173215,-1.0,-1.0,-1
2018-07-23 04:00:00-04:00,1.173215,1.17344,1.170455,1.17063,-1.0,-1.0,-1
2018-07-23 05:00:00-04:00,1.17063,1.170765,1.16867,1.169625,-1.0,-1.0,-1
2018-07-23 06:00:00-04:00,1.169625,1.171475,1.169515,1.17139,-1.0,-1.0,-1
2018-07-23 07:00:00-04:00,1.17139,1.172005,1.171305,1.17153,-1.0,-1.0,-1
2018-07-23 08:00:00-04:00,1.17153,1.172755,1.171215,1.17181,-1.0,-1.0,-1
2018-07-23 09:00:00-04:00,1.17181,1.17227,1.16998,1.170265,-1.0,-1.0,-1
2018-07-23 10:00:00-04:00,1.170265,1.17131,1.170135,1.17039,-1.0,-1.0,-1
2018-07-23 11:00:00-04:00,1.17039,1.170945,1.16937,1.17022,-1.0,-1.0,-1
2018-07-23 12:00:00-04:00,1.17022,1.17043,1.16914,1.16995,-1.0,-1.0,-1
2018-07-23 13:00:00-04:00,1.16995,1.170765,1.168375,1.169095,-1.0,-1.0,-1
2018-07-23 14:00:00-04:00,1.169095,1.169395,1.168435,1.16896,-1.0,-1.0,-1
2018-07-23 15:00:00-04:00,1.16896,1.16968,1.16861,1.16937,-1.0,-1.0,-1
2018-07-23 16:00:00-04:00,1.16937,1.16969,1.169025,1.16918,-1.0,-1.0,-1
2018-07-23 17:15:00-04:00,1.169,1.16928,1.16873,1.168915,-1.0,-1.0,-1
2018-07-23 18:00:00-04:00,1.168915,1.16953,1.16891,1.169145,-1.0,-1.0,-1
2018-07-23 19:00:00-04:00,1.169145,1.16938,1.168655,1.169365,-1.0,-1.0,-1
2018-07-23 20:00:00-04:00,1.169365,1.169525,1.168925,1.169255,-1.0,-1.0,-1
2018-07-23 21:00:00-04:00,1.169255,1.169975,1.168825,1.169765,-1.0,-1.0,-1
2018-07-23 22:00:00-04:00,1.169765,1.170185,1.16859,1.16883,-1.0,-1.0,-1
2018-07-23 23:00:00-04:00,1.16883,1.169065,1.16843,1.16869,-1.0,-1.0,-1
2018-07-24 00:00:00-04:00,1.16869,1.16889,1.167535,1.167675,-1.0,-1.0,-1
2018-07-24 01:00:00-04:00,1.167675,1.168585,1.16767,1.16844,-1.0,-1.0,-1
2018-07-24 02:00:00-04:00,1.16844,1.168445,1.165785,1.165965,-1.0,-1.0,-1
2018-07-24 03:00:00-04:00,1.165965,1.170465,1.165475,1.16962,-1.0,-1.0,-1
2018-07-24 04:00:00-04:00,1.16962,1.169725,1.16782,1.16846,-1.0,-1.0,-1
2018-07-24 05:00:00-04:00,1.16846,1.16926,1.16806,1.16917,-1.0,-1.0,-1
2018-07-24 06:00:00-04:00,1.16917,1.17155,1.169135,1.171305,-1.0,-1.0,-1
2018-07-24 07:00:00-04:00,1.171305,1.17168,1.170225,1.171085,-1.0,-1.0,-1
2018-07-24 08:00:00-04:00,1.171085,1.17113,1.16903,1.16942,-1.0,-1.0,-1
2018-07-24 09:00:00-04:00,1.16942,1.171275,1.169005,1.170735,-1.0,-1.0,-1
2018-07-24 10:00:00-04:00,1.170735,1.1717,1.170175,1.1706,-1.0,-1.0,-1
2018-07-24 11:00:00-04:00,1.1706,1.170895,1.16826,1.16829,-1.0,-1.0,-1
2018-07-24 12:00:00-04:00,1.16829,1.168725,1.167455,1.16819,-1.0,-1.0,-1
2018-07-24 13:00:00-04:00,1.16819,1.168625,1.16732,1.168085,-1.0,-1.0,-1
2018-07-24 14:00:00-04:00,1.168085,1.168495,1.167375,1.16834,-1.0,-1.0,-1
2018-07-24 15:00:00-04:00,1.16834,1.168925,1.16812,1.16872,-1.0,-1.0,-1
2018-07-24 16:00:00-04:00,1.16872,1.16877,1.16814,1.168585,-1.0,-1.0,-1
2018-07-24 17:15:00-04:00,1.16812,1.16845,1.1681,1.16833,-1.0,-1.0,-1
2018-07-24 18:00:00-04:00,1.16833,1.16833,1.167985,1.168185,-1.0,-1.0,-1
2018-07-24 19:00:00-04:00,1.168185,1.16859,1.168175,1.168475,-1.0,-1.0,-1
2018-07-24 20:00:00-04:00,1.168475,1.169325,1.1683,1.168825,-1.0,-1.0,-1
2018-07-24 21:00:00-04:00,1.168825,1.16985,1.1685,1.168555,-1.0,-1.0,-1
2018-07-24 22:00:00-04:00,1.168555,1.168625,1.167725,1.16832,-1.0,-1.0,-1
2018-07-24 23:00:00-04:00,1.16832,1.16833,1.167555,1.168205,-1.0,-1.0,-1
2018-07-25 00:00:00-04:00,1.168205,1.168205,1.167615,1.16783,-1.0,-1.0,-1
2018-07-25 01:00:00-04:00,1.16783,1.16902,1.167785,1.168745,-1.0,-1.0,-1
2018-07-25 02:00:00-04:00,1.168745,1.16997,1.168105,1.169865,-1.0,-1.0,-1
2018-07-25 03:00:00-04:00,1.169865,1.16988,1.16847,1.169045,-1.0,-1.0,-1
2018-07-25 04:00:00-04:00,1.169045,1.169725,1.168075,1.16963,-1.0,-1.0,-1
2018-07-25 05:00:00-04:00,1.16963,1.170515,1.16949,1.1704,-1.0,-1.0,-1
2018-07-25 06:00:00-04:00,1.1704,1.170525,1.168965,1.169275,-1.0,-1.0,-1
2018-07-25 07:00:00-04:00,1.169275,1.169985,1.169055,1.16954,-1.0,-1.0,-1
2018-07-25 08:00:00-04:00,1.16954,1.17001,1.16859,1.169935,-1.0,-1.0,-1
2018-07-25 09:00:00-04:00,1.169935,1.171195,1.169505,1.169675,-1.0,-1.0,-1
2018-07-25 10:00:00-04:00,1.169675,1.1699,1.167175,1.167495,-1.0,-1.0,-1
2018-07-25 11:00:00-04:00,1.167495,1.168145,1.16639,1.167615,-1.0,-1.0,-1
2018-07-25 12:00:00-04:00,1.167615,1.168465,1.16678,1.167865,-1.0,-1.0,-1
2018-07-25 13:00:00-04:00,1.167865,1.16997,1.167685,1.169845,-1.0,-1.0,-1
2018-07-25 14:00:00-04:00,1.169845,1.171215,1.169425,1.17009,-1.0,-1.0,-1
2018-07-25 15:00:00-04:00,1.17009,1.173875,1.169895,1.173115,-1.0,-1.0,-1
2018-07-25 16:00:00-04:00,1.173115,1.173725,1.17177,1.17287,-1.0,-1.0,-1
2018-07-25 17:15:00-04:00,1.17315,1.173235,1.17215,1.172475,-1.0,-1.0,-1
2018-07-25 18:00:00-04:00,1.172475,1.173215,1.172215,1.17315,-1.0,-1.0,-1
2018-07-25 19:00:00-04:00,1.17315,1.17389,1.173145,1.17381,-1.0,-1.0,-1
2018-07-25 20:00:00-04:00,1.17381,1.17388,1.173075,1.17351,-1.0,-1.0,-1
2018-07-25 21:00:00-04:00,1.17351,1.17437,1.17306,1.17346,-1.0,-1.0,-1
2018-07-25 22:00:00-04:00,1.17346,1.173815,1.17297,1.17356,-1.0,-1.0,-1
2018-07-25 23:00:00-04:00,1.17356,1.17388,1.173015,1.173245,-1.0,-1.0,-1
2018-07-26 00:00:00-04:00,1.173245,1.173515,1.173015,1.173145,-1.0,-1.0,-1
2018-07-26 01:00:00-04:00,1.173145,1.173775,1.172685,1.17345,-1.0,-1.0,-1
2018-07-26 02:00:00-04:00,1.17345,1.17431,1.172355,1.17251,-1.0,-1.0,-1
2018-07-26 03:00:00-04:00,1.17251,1.17385,1.172245,1.17279,-1.0,-1.0,-1
2018-07-26 04:00:00-04:00,1.17279,1.172805,1.171085,1.17136,-1.0,-1.0,-1
2018-07-26 05:00:00-04:00,1.17136,1.171725,1.17056,1.171485,-1.0,-1.0,-1
2018-07-26 06:00:00-04:00,1.171485,1.171735,1.170715,1.17113,-1.0,-1.0,-1
2018-07-26 07:00:00-04:00,1.17113,1.17177,1.17062,1.171035,-1.0,-1.0,-1
2018-07-26 08:00:00-04:00,1.171035,1.173095,1.16922,1.16945,-1.0,-1.0,-1
2018-07-26 09:00:00-04:00,1.16945,1.16999,1.167305,1.16823,-1.0,-1.0,-1
2018-07-26 10:00:00-04:00,1.16823,1.16823,1.165225,1.16588,-1.0,-1.0,-1
2018-07-26 11:00:00-04:00,1.16588,1.166785,1.16502,1.16542,-1.0,-1.0,-1
2018-07-26 12:00:00-04:00,1.16542,1.166675,1.164925,1.166325,-1.0,-1.0,-1
2018-07-26 13:00:00-04:00,1.166325,1.16643,1.165405,1.165645,-1.0,-1.0,-1
2018-07-26 14:00:00-04:00,1.165645,1.165725,1.164025,1.164515,-1.0,-1.0,-1
2018-07-26 15:00:00-04:00,1.164515,1.16483,1.16408,1.16423,-1.0,-1.0,-1
2018-07-26 16:00:00-04:00,1.16423,1.16482,1.16419,1.164285,-1.0,-1.0,-1
2018-07-26 17:15:00-04:00,1.164175,1.164365,1.163815,1.16393,-1.0,-1.0,-1
2018-07-26 18:00:00-04:00,1.16393,1.16425,1.163875,1.164155,-1.0,-1.0,-1
2018-07-26 19:00:00-04:00,1.164155,1.16451,1.163805,1.164395,-1.0,-1.0,-1
2018-07-26 20:00:00-04:00,1.164395,1.164515,1.164045,1.16418,-1.0,-1.0,-1
2018-07-26 21:00:00-04:00,1.16418,1.16486,1.16379,1.16445,-1.0,-1.0,-1
2018-07-26 22:00:00-04:00,1.16445,1.16528,1.164305,1.16525,-1.0,-1.0,-1
2018-07-26 23:00:00-04:00,1.16525,1.165545,1.164855,1.16491,-1.0,-1.0,-1
2018-07-27 00:00:00-04:00,1.16491,1.16518,1.164625,1.164745,-1.0,-1.0,-1
2018-07-27 01:00:00-04:00,1.164745,1.165035,1.16405,1.164835,-1.0,-1.0,-1
2018-07-27 02:00:00-04:00,1.164835,1.165135,1.16362,1.164625,-1.0,-1.0,-1
2018-07-27 03:00:00-04:00,1.164625,1.165775,1.164245,1.164665,-1.0,-1.0,-1
2018-07-27 04:00:00-04:00,1.164665,1.164735,1.16249,1.162625,-1.0,-1.0,-1
2018-07-27 05:00:00-04:00,1.162625,1.16342,1.162215,1.16251,-1.0,-1.0,-1
2018-07-27 06:00:00-04:00,1.16251,1.163445,1.16226,1.16272,-1.0,-1.0,-1
2018-07-27 07:00:00-04:00,1.16272,1.16305,1.162375,1.162635,-1.0,-1.0,-1
2018-07-27 08:00:00-04:00,1.162635,1.164195,1.16205,1.16387,-1.0,-1.0,-1
2018-07-27 09:00:00-04:00,1.16387,1.165685,1.163665,1.16545,-1.0,-1.0,-1
2018-07-27 10:00:00-04:00,1.16545,1.166175,1.164985,1.165335,-1.0,-1.0,-1
2018-07-27 11:00:00-04:00,1.165335,1.16622,1.164595,1.16596,-1.0,-1.0,-1
2018-07-27 12:00:00-04:00,1.16596,1.166045,1.164805,1.16581,-1.0,-1.0,-1
2018-07-27 13:00:00-04:00,1.16581,1.166245,1.165205,1.165695,-1.0,-1.0,-1
2018-07-27 14:00:00-04:00,1.165695,1.166045,1.165575,1.16563,-1.0,-1.0,-1
2018-07-27 15:00:00-04:00,1.16563,1.16644,1.165575,1.165915,-1.0,-1.0,-1
2018-07-27 16:00:00-04:00,1.165915,1.16612,1.165525,1.16575,-1.0,-1.0,-1
2018-07-29 17:15:00-04:00,1.165925,1.16598,1.165605,1.1659,-1.0,-1.0,-1
2018-07-29 18:00:00-04:00,1.1659,1.166065,1.165775,1.16603,-1.0,-1.0,-1
2018-07-29 19:00:00-04:00,1.16603,1.16606,1.165815,1.16593,-1.0,-1.0,-1
2018-07-29 20:00:00-04:00,1.16593,1.166485,1.165605,1.166005,-1.0,-1.0,-1
2018-07-29 21:00:00-04:00,1.166005,1.16617,1.165155,1.165865,-1.0,-1.0,-1
2018-07-29 22:00:00-04:00,1.165865,1.16588,1.165005,1.165125,-1.0,-1.0,-1
2018-07-29 23:00:00-04:00,1.165125,1.16554,1.165075,1.165435,-1.0,-1.0,-1
2018-07-30 00:00:00-04:00,1.165435,1.165725,1.16531,1.165515,-1.0,-1.0,-1
2018-07-30 01:00:00-04:00,1.165515,1.166485,1.16538,1.1664,-1.0,-1.0,-1
2018-07-30 02:00:00-04:00,1.1664,1.1664,1.16527,1.165535,-1.0,-1.0,-1
2018-07-30 03:00:00-04:00,1.165535,1.1674,1.164815,1.16689,-1.0,-1.0,-1
2018-07-30 04:00:00-04:00,1.16689,1.1677,1.16645,1.167665,-1.0,-1.0,-1
2018-07-30 05:00:00-04:00,1.167665,1.16928,1.167435,1.168555,-1.0,-1.0,-1
2018-07-30 06:00:00-04:00,1.168555,1.168705,1.167755,1.16806,-1.0,-1.0,-1
2018-07-30 07:00:00-04:00,1.16806,1.16878,1.16784,1.16812,-1.0,-1.0,-1
2018-07-30 08:00:00-04:00,1.16812,1.169525,1.167885,1.169515,-1.0,-1.0,-1
2018-07-30 09:00:00-04:00,1.169515,1.171075,1.16916,1.170975,-1.0,-1.0,-1
2018-07-30 10:00:00-04:00,1.170975,1.171625,1.16994,1.171095,-1.0,-1.0,-1
2018-07-30 11:00:00-04:00,1.171095,1.171885,1.170775,1.17171,-1.0,-1.0,-1
2018-07-30 12:00:00-04:00,1.17171,1.171795,1.17106,1.171585,-1.0,-1.0,-1
2018-07-30 13:00:00-04:00,1.171585,1.17175,1.170885,1.171145,-1.0,-1.0,-1
2018-07-30 14:00:00-04:00,1.171145,1.171425,1.170845,1.170965,-1.0,-1.0,-1
2018-07-30 15:00:00-04:00,1.170965,1.171135,1.170265,1.170325,-1.0,-1.0,-1
2018-07-30 16:00:00-04:00,1.170325,1.170725,1.170265,1.170645,-1.0,-1.0,-1
2018-07-30 17:15:00-04:00,1.170775,1.170775,1.170375,1.170535,-1.0,-1.0,-1
2018-07-30 18:00:00-04:00,1.170535,1.170945,1.170535,1.170805,-1.0,-1.0,-1
2018-07-30 19:00:00-04:00,1.170805,1.17095,1.1707,1.170745,-1.0,-1.0,-1
2018-07-30 20:00:00-04:00,1.170745,1.171095,1.17051,1.17094,-1.0,-1.0,-1
2018-07-30 21:00:00-04:00,1.17094,1.171085,1.17017,1.171,-1.0,-1.0,-1
2018-07-30 22:00:00-04:00,1.171,1.17101,1.170255,1.170865,-1.0,-1.0,-1
2018-07-30 23:00:00-04:00,1.170865,1.17101,1.170345,1.17089,-1.0,-1.0,-1
2018-07-31 00:00:00-04:00,1.17089,1.17188,1.170015,1.17162,-1.0,-1.0,-1
2018-07-31 01:00:00-04:00,1.17162,1.17177,1.171085,1.17112,-1.0,-1.0,-1
2018-07-31 02:00:00-04:00,1.17112,1.172565,1.170815,1.172335,-1.0,-1.0,-1
2018-07-31 03:00:00-04:00,1.172335,1.173155,1.170955,1.171575,-1.0,-1.0,-1
2018-07-31 04:00:00-04:00,1.171575,1.17315,1.171085,1.17264,-1.0,-1.0,-1
2018-07-31 05:00:00-04:00,1.17264,1.172955,1.171375,1.17232,-1.0,-1.0,-1
2018-07-31 06:00:00-04:00,1.17232,1.17358,1.172195,1.173195,-1.0,-1.0,-1
2018-07-31 07:00:00-04:00,1.173195,1.174375,1.17312,1.17356,-1.0,-1.0,-1
2018-07-31 08:00:00-04:00,1.17356,1.174605,1.17264,1.17274,-1.0,-1.0,-1
2018-07-31 09:00:00-04:00,1.17274,1.172835,1.1699,1.170605,-1.0,-1.0,-1
2018-07-31 10:00:00-04:00,1.170605,1.171405,1.169635,1.170125,-1.0,-1.0,-1
2018-07-31 11:00:00-04:00,1.170125,1.170775,1.1692,1.17051,-1.0,-1.0,-1
2018-07-31 12:00:00-04:00,1.17051,1.170835,1.16993,1.17051,-1.0,-1.0,-1
2018-07-31 13:00:00-04:00,1.17051,1.170575,1.168915,1.169695,-1.0,-1.0,-1
2018-07-31 14:00:00-04:00,1.169695,1.17029,1.16964,1.16969,-1.0,-1.0,-1
2018-07-31 15:00:00-04:00,1.16969,1.17014,1.169275,1.16928,-1.0,-1.0,-1
2018-07-31 16:00:00-04:00,1.16928,1.16989,1.168425,1.169135,-1.0,-1.0,-1
2018-07-31 17:15:00-04:00,1.16935,1.16936,1.16855,1.16876,-1.0,-1.0,-1
2018-07-31 18:00:00-04:00,1.16876,1.169105,1.168605,1.16868,-1.0,-1.0,-1
2018-07-31 19:00:00-04:00,1.16868,1.16898,1.16858,1.16893,-1.0,-1.0,-1
2018-07-31 20:00:00-04:00,1.16893,1.169235,1.168835,1.169025,-1.0,-1.0,-1
2018-07-31 21:00:00-04:00,1.169025,1.169115,1.168305,1.168925,-1.0,-1.0,-1
2018-07-31 22:00:00-04:00,1.168925,1.16919,1.168215,1.16852,-1.0,-1.0,-1
2018-07-31 23:00:00-04:00,1.16852,1.168785,1.167975,1.167975,-1.0,-1.0,-1
2018-08-01 00:00:00-04:00,1.167975,1.16831,1.167605,1.16778,-1.0,-1.0,-1
2018-08-01 01:00:00-04:00,1.16778,1.1682,1.167595,1.168025,-1.0,-1.0,-1
2018-08-01 02:00:00-04:00,1.168025,1.16855,1.167225,1.168195,-1.0,-1.0,-1
2018-08-01 03:00:00-04:00,1.168195,1.1694,1.167675,1.16875,-1.0,-1.0,-1
2018-08-01 04:00:00-04:00,1.16875,1.16904,1.168135,1.16818,-1.0,-1.0,-1
2018-08-01 05:00:00-04:00,1.16818,1.168535,1.167725,1.16829,-1.0,-1.0,-1
2018-08-01 06:00:00-04:00,1.16829,1.16873,1.16806,1.168645,-1.0,-1.0,-1
2018-08-01 07:00:00-04:00,1.168645,1.168785,1.168085,1.16864,-1.0,-1.0,-1
2018-08-01 08:00:00-04:00,1.16864,1.169975,1.168315,1.169025,-1.0,-1.0,-1
2018-08-01 09:00:00-04:00,1.169025,1.169195,1.167635,1.167715,-1.0,-1.0,-1
2018-08-01 10:00:00-04:00,1.167715,1.168675,1.166845,1.167265,-1.0,-1.0,-1
2018-08-01 11:00:00-04:00,1.167265,1.16762,1.16641,1.166485,-1.0,-1.0,-1
2018-08-01 12:00:00-04:00,1.166485,1.16691,1.166035,1.166775,-1.0,-1.0,-1
2018-08-01 13:00:00-04:00,1.166775,1.167005,1.165725,1.166795,-1.0,-1.0,-1
2018-08-01 14:00:00-04:00,1.166795,1.16779,1.166145,1.166405,-1.0,-1.0,-1
2018-08-01 15:00:00-04:00,1.166405,1.166575,1.165845,1.166245,-1.0,-1.0,-1
2018-08-01 16:00:00-04:00,1.166245,1.166335,1.16588,1.165965,-1.0,-1.0,-1
2018-08-01 17:15:00-04:00,1.166125,1.16627,1.165825,1.16602,-1.0,-1.0,-1
2018-08-01 18:00:00-04:00,1.16602,1.16646,1.16595,1.166315,-1.0,-1.0,-1
2018-08-01 19:00:00-04:00,1.166315,1.166565,1.16625,1.16634,-1.0,-1.0,-1
2018-08-01 20:00:00-04:00,1.16634,1.166555,1.166045,1.1662,-1.0,-1.0,-1
2018-08-01 21:00:00-04:00,1.1662,1.16677,1.166155,1.166515,-1.0,-1.0,-1
2018-08-01 22:00:00-04:00,1.166515,1.166555,1.165415,1.16547,-1.0,-1.0,-1
2018-08-01 23:00:00-04:00,1.16547,1.165645,1.165065,1.165085,-1.0,-1.0,-1
2018-08-02 00:00:00-04:00,1.165085,1.165275,1.164505,1.164735,-1.0,-1.0,-1
2018-08-02 01:00:00-04:00,1.164735,1.1652,1.16463,1.16506,-1.0,-1.0,-1
2018-08-02 02:00:00-04:00,1.16506,1.165405,1.163015,1.16306,-1.0,-1.0,-1
2018-08-02 03:00:00-04:00,1.16306,1.163675,1.162495,1.16314,-1.0,-1.0,-1
2018-08-02 04:00:00-04:00,1.16314,1.163435,1.16182,1.162005,-1.0,-1.0,-1
2018-08-02 05:00:00-04:00,1.162005,1.16213,1.160755,1.161425,-1.0,-1.0,-1
2018-08-02 06:00:00-04:00,1.161425,1.162475,1.161015,1.16226,-1.0,-1.0,-1
2018-08-02 07:00:00-04:00,1.16226,1.16306,1.16012,1.16174,-1.0,-1.0,-1
2018-08-02 08:00:00-04:00,1.16174,1.162745,1.160725,1.16265,-1.0,-1.0,-1
2018-08-02 09:00:00-04:00,1.16265,1.16323,1.162175,1.16253,-1.0,-1.0,-1
2018-08-02 10:00:00-04:00,1.16253,1.16269,1.16079,1.16118,-1.0,-1.0,-1
2018-08-02 11:00:00-04:00,1.16118,1.161685,1.161145,1.16121,-1.0,-1.0,-1
2018-08-02 12:00:00-04:00,1.16121,1.161985,1.160615,1.16094,-1.0,-1.0,-1
2018-08-02 13:00:00-04:00,1.16094,1.160975,1.15974,1.16016,-1.0,-1.0,-1
2018-08-02 14:00:00-04:00,1.16016,1.16024,1.15842,1.15867,-1.0,-1.0,-1
2018-08-02 15:00:00-04:00,1.15867,1.15989,1.158405,1.158895,-1.0,-1.0,-1
2018-08-02 16:00:00-04:00,1.158895,1.15897,1.158205,1.158445,-1.0,-1.0,-1
2018-08-02 17:15:00-04:00,1.158495,1.15881,1.15831,1.158655,-1.0,-1.0,-1
2018-08-02 18:00:00-04:00,1.158655,1.15876,1.158185,1.15862,-1.0,-1.0,-1
2018-08-02 19:00:00-04:00,1.15862,1.159025,1.158475,1.158525,-1.0,-1.0,-1
2018-08-02 20:00:00-04:00,1.158525,1.158855,1.158175,1.15879,-1.0,-1.0,-1
2018-08-02 21:00:00-04:00,1.15879,1.158995,1.15822,1.158365,-1.0,-1.0,-1
2018-08-02 22:00:00-04:00,1.158365,1.158805,1.15812,1.15878,-1.0,-1.0,-1
2018-08-02 23:00:00-04:00,1.15878,1.159315,1.158745,1.159075,-1.0,-1.0,-1
2018-08-03 00:00:00-04:00,1.159075,1.159315,1.158905,1.159185,-1.0,-1.0,-1
2018-08-03 01:00:00-04:00,1.159185,1.159505,1.15901,1.15908,-1.0,-1.0,-1
2018-08-03 02:00:00-04:00,1.15908,1.15908,1.1577,1.15783,-1.0,-1.0,-1
2018-08-03 03:00:00-04:00,1.15783,1.159085,1.1562,1.1562,-1.0,-1.0,-1
2018-08-03 04:00:00-04:00,1.1562,1.157935,1.15616,1.15792,-1.0,-1.0,-1
2018-08-03 05:00:00-04:00,1.15792,1.15848,1.157455,1.157515,-1.0,-1.0,-1
2018-08-03 06:00:00-04:00,1.157515,1.15797,1.157245,1.157965,-1.0,-1.0,-1
2018-08-03 07:00:00-04:00,1.157965,1.16106,1.157945,1.15962,-1.0,-1.0,-1
2018-08-03 08:00:00-04:00,1.15962,1.16096,1.15854,1.15951,-1.0,-1.0,-1
2018-08-03 09:00:00-04:00,1.15951,1.159835,1.156025,1.157205,-1.0,-1.0,-1
2018-08-03 10:00:00-04:00,1.157205,1.159945,1.157195,1.15901,-1.0,-1.0,-1
2018-08-03 11:00:00-04:00,1.15901,1.160355,1.158785,1.15954,-1.0,-1.0,-1
2018-08-03 12:00:00-04:00,1.15954,1.159965,1.158755,1.159495,-1.0,-1.0,-1
2018-08-03 13:00:00-04:00,1.159495,1.159555,1.15831,1.158375,-1.0,-1.0,-1
2018-08-03 14:00:00-04:00,1.158375,1.158505,1.157265,1.157785,-1.0,-1.0,-1
2018-08-03 15:00:00-04:00,1.157785,1.157925,1.156965,1.157285,-1.0,-1.0,-1
2018-08-03 16:00:00-04:00,1.157285,1.157325,1.15638,1.156775,-1.0,-1.0,-1
2018-08-05 17:15:00-04:00,1.157125,1.1572,1.156725,1.156865,-1.0,-1.0,-1
2018-08-05 18:00:00-04:00,1.156865,1.156955,1.156035,1.15612,-1.0,-1.0,-1
2018-08-05 19:00:00-04:00,1.15612,1.156555,1.15608,1.156155,-1.0,-1.0,-1
2018-08-05 20:00:00-04:00,1.156155,1.15644,1.155705,1.156195,-1.0,-1.0,-1
2018-08-05 21:00:00-04:00,1.156195,1.15687,1.15603,1.15658,-1.0,-1.0,-1
2018-08-05 22:00:00-04:00,1.15658,1.1567,1.156,1.156205,-1.0,-1.0,-1
2018-08-05 23:00:00-04:00,1.156205,1.15652,1.15606,1.156375,-1.0,-1.0,-1
2018-08-06 00:00:00-04:00,1.156375,1.156375,1.15562,1.15573,-1.0,-1.0,-1
2018-08-06 01:00:00-04:00,1.15573,1.155955,1.155115,1.155885,-1.0,-1.0,-1
2018-08-06 02:00:00-04:00,1.155885,1.156535,1.15502,1.15618,-1.0,-1.0,-1
2018-08-06 03:00:00-04:00,1.15618,1.156955,1.155375,1.156475,-1.0,-1.0,-1
2018-08-06 04:00:00-04:00,1.156475,1.15675,1.155505,1.15577,-1.0,-1.0,-1
2018-08-06 05:00:00-04:00,1.15577,1.15644,1.155485,1.156285,-1.0,-1.0,-1
2018-08-06 06:00:00-04:00,1.156285,1.156415,1.153005,1.153775,-1.0,-1.0,-1
2018-08-06 07:00:00-04:00,1.153775,1.154275,1.153085,1.154205,-1.0,-1.0,-1
2018-08-06 08:00:00-04:00,1.154205,1.15471,1.153645,1.154265,-1.0,-1.0,-1
2018-08-06 09:00:00-04:00,1.154265,1.155145,1.154075,1.15436,-1.0,-1.0,-1
2018-08-06 10:00:00-04:00,1.15436,1.156365,1.15436,1.155785,-1.0,-1.0,-1
2018-08-06 11:00:00-04:00,1.155785,1.157045,1.155655,1.15634,-1.0,-1.0,-1
2018-08-06 12:00:00-04:00,1.15634,1.156555,1.15562,1.156205,-1.0,-1.0,-1
2018-08-06 13:00:00-04:00,1.156205,1.156305,1.155165,1.15535,-1.0,-1.0,-1
2018-08-06 14:00:00-04:00,1.15535,1.1558,1.154825,1.155665,-1.0,-1.0,-1
2018-08-06 15:00:00-04:00,1.155665,1.155815,1.155275,1.155385,-1.0,-1.0,-1
2018-08-06 16:00:00-04:00,1.155385,1.155635,1.155215,1.155365,-1.0,-1.0,-1
2018-08-06 17:15:00-04:00,1.1553,1.15559,1.15507,1.155275,-1.0,-1.0,-1
2018-08-06 18:00:00-04:00,1.155275,1.15572,1.155265,1.15567,-1.0,-1.0,-1
2018-08-06 19:00:00-04:00,1.15567,1.15593,1.15558,1.155835,-1.0,-1.0,-1
2018-08-06 20:00:00-04:00,1.155835,1.15622,1.15558,1.15612,-1.0,-1.0,-1
2018-08-06 21:00:00-04:00,1.15612,1.15638,1.155635,1.15584,-1.0,-1.0,-1
2018-08-06 22:00:00-04:00,1.15584,1.15638,1.155775,1.156055,-1.0,-1.0,-1
2018-08-06 23:00:00-04:00,1.156055,1.156125,1.155505,1.15556,-1.0,-1.0,-1
2018-08-07 00:00:00-04:00,1.15556,1.15598,1.155495,1.15578,-1.0,-1.0,-1
2018-08-07 01:00:00-04:00,1.15578,1.155865,1.155135,1.15565,-1.0,-1.0,-1
2018-08-07 02:00:00-04:00,1.15565,1.158375,1.155495,1.158055,-1.0,-1.0,-1
2018-08-07 03:00:00-04:00,1.158055,1.158055,1.15691,1.157715,-1.0,-1.0,-1
2018-08-07 04:00:00-04:00,1.157715,1.15908,1.15735,1.15875,-1.0,-1.0,-1
2018-08-07 05:00:00-04:00,1.15875,1.159395,1.158525,1.159105,-1.0,-1.0,-1
2018-08-07 06:00:00-04:00,1.159105,1.160035,1.15833,1.159685,-1.0,-1.0,-1
2018-08-07 07:00:00-04:00,1.159685,1.160395,1.158975,1.160235,-1.0,-1.0,-1
2018-08-07 08:00:00-04:00,1.160235,1.160825,1.15961,1.160375,-1.0,-1.0,-1
2018-08-07 09:00:00-04:00,1.160375,1.160635,1.159255,1.160515,-1.0,-1.0,-1
2018-08-07 10:00:00-04:00,1.160515,1.160515,1.158605,1.159225,-1.0,-1.0,-1
2018-08-07 11:00:00-04:00,1.159225,1.159955,1.15892,1.159655,-1.0,-1.0,-1
2018-08-07 12:00:00-04:00,1.159655,1.159775,1.1589,1.159325,-1.0,-1.0,-1
2018-08-07 13:00:00-04:00,1.159325,1.159595,1.158355,1.158475,-1.0,-1.0,-1
2018-08-07 14:00:00-04:00,1.158475,1.15949,1.158225,1.159405,-1.0,-1.0,-1
2018-08-07 15:00:00-04:00,1.159405,1.15998,1.159355,1.15972,-1.0,-1.0,-1
2018-08-07 16:00:00-04:00,1.15972,1.159975,1.15972,1.159875,-1.0,-1.0,-1
2018-08-07 17:15:00-04:00,1.16,1.16,1.15955,1.15966,-1.0,-1.0,-1
2018-08-07 18:00:00-04:00,1.15966,1.160055,1.159625,1.16,-1.0,-1.0,-1
2018-08-07 19:00:00-04:00,1.16,1.160485,1.159895,1.16032,-1.0,-1.0,-1
2018-08-07 20:00:00-04:00,1.16032,1.16077,1.159975,1.1601,-1.0,-1.0,-1
2018-08-07 21:00:00-04:00,1.1601,1.160985,1.159975,1.16057,-1.0,-1.0,-1
2018-08-07 22:00:00-04:00,1.16057,1.160865,1.160195,1.160535,-1.0,-1.0,-1
2018-08-07 23:00:00-04:00,1.160535,1.162,1.16051,1.16188,-1.0,-1.0,-1
2018-08-08 00:00:00-04:00,1.16188,1.16283,1.161835,1.16238,-1.0,-1.0,-1
2018-08-08 01:00:00-04:00,1.16238,1.162795,1.16191,1.161915,-1.0,-1.0,-1
2018-08-08 02:00:00-04:00,1.161915,1.16197,1.161025,1.161515,-1.0,-1.0,-1
2018-08-08 03:00:00-04:00,1.161515,1.162465,1.16056,1.161005,-1.0,-1.0,-1
2018-08-08 04:00:00-04:00,1.161005,1.161295,1.158405,1.15887,-1.0,-1.0,-1
2018-08-08 05:00:00-04:00,1.15887,1.16004,1.158585,1.15974,-1.0,-1.0,-1
2018-08-08 06:00:00-04:00,1.15974,1.160375,1.159165,1.159495,-1.0,-1.0,-1
2018-08-08 07:00:00-04:00,1.159495,1.159925,1.158065,1.158325,-1.0,-1.0,-1
2018-08-08 08:00:00-04:00,1.158325,1.15919,1.15732,1.158165,-1.0,-1.0,-1
2018-08-08 09:00:00-04:00,1.158165,1.15961,1.158075,1.15884,-1.0,-1.0,-1
2018-08-08 10:00:00-04:00,1.15884,1.160595,1.158655,1.16005,-1.0,-1.0,-1
2018-08-08 11:00:00-04:00,1.16005,1.1609,1.15976,1.159785,-1.0,-1.0,-1
2018-08-08 12:00:00-04:00,1.159785,1.160005,1.159065,1.15949,-1.0,-1.0,-1
2018-08-08 13:00:00-04:00,1.15949,1.16137,1.15945,1.16104,-1.0,-1.0,-1
2018-08-08 14:00:00-04:00,1.16104,1.161985,1.160945,1.161905,-1.0,-1.0,-1
2018-08-08 15:00:00-04:00,1.161905,1.161945,1.161195,1.16124,-1.0,-1.0,-1
2018-08-08 16:00:00-04:00,1.16124,1.161485,1.16096,1.161015,-1.0,-1.0,-1
2018-08-08 17:15:00-04:00,1.16116,1.16143,1.16106,1.161415,-1.0,-1.0,-1
2018-08-08 18:00:00-04:00,1.161415,1.161495,1.16111,1.161195,-1.0,-1.0,-1
2018-08-08 19:00:00-04:00,1.161195,1.16126,1.160925,1.160935,-1.0,-1.0,-1
2018-08-08 20:00:00-04:00,1.160935,1.161245,1.160585,1.16077,-1.0,-1.0,-1
2018-08-08 21:00:00-04:00,1.16077,1.16104,1.160115,1.160675,-1.0,-1.0,-1
2018-08-08 22:00:00-04:00,1.160675,1.16189,1.160675,1.161495,-1.0,-1.0,-1
2018-08-08 23:00:00-04:00,1.161495,1.16194,1.16146,1.16155,-1.0,-1.0,-1
2018-08-09 00:00:00-04:00,1.16155,1.161605,1.160555,1.160625,-1.0,-1.0,-1
2018-08-09 01:00:00-04:00,1.160625,1.161185,1.16016,1.16118,-1.0,-1.0,-1
2018-08-09 02:00:00-04:00,1.16118,1.16156,1.159855,1.16028,-1.0,-1.0,-1
2018-08-09 03:00:00-04:00,1.16028,1.16047,1.15761,1.158385,-1.0,-1.0,-1
2018-08-09 04:00:00-04:00,1.158385,1.1593,1.158215,1.1593,-1.0,-1.0,-1
2018-08-09 05:00:00-04:00,1.1593,1.159905,1.158685,1.15945,-1.0,-1.0,-1
2018-08-09 06:00:00-04:00,1.15945,1.16074,1.159205,1.15937,-1.0,-1.0,-1
2018-08-09 07:00:00-04:00,1.15937,1.159505,1.158795,1.158935,-1.0,-1.0,-1
2018-08-09 08:00:00-04:00,1.158935,1.159995,1.158765,1.15993,-1.0,-1.0,-1
2018-08-09 09:00:00-04:00,1.15993,1.15993,1.15849,1.159185,-1.0,-1.0,-1
2018-08-09 10:00:00-04:00,1.159185,1.159585,1.156665,1.15732,-1.0,-1.0,-1
2018-08-09 11:00:00-04:00,1.15732,1.157525,1.156115,1.156525,-1.0,-1.0,-1
2018-08-09 12:00:00-04:00,1.156525,1.156765,1.155585,1.155725,-1.0,-1.0,-1
2018-08-09 13:00:00-04:00,1.155725,1.155945,1.154915,1.15577,-1.0,-1.0,-1
2018-08-09 14:00:00-04:00,1.15577,1.155785,1.154205,1.15425,-1.0,-1.0,-1
2018-08-09 15:00:00-04:00,1.15425,1.154375,1.152595,1.15293,-1.0,-1.0,-1
2018-08-09 16:00:00-04:00,1.15293,1.153355,1.152615,1.15271,-1.0,-1.0,-1
2018-08-09 17:15:00-04:00,1.15282,1.15304,1.152625,1.15281,-1.0,-1.0,-1
2018-08-09 18:00:00-04:00,1.15281,1.152985,1.152005,1.152055,-1.0,-1.0,-1
2018-08-09 19:00:00-04:00,1.152055,1.15249,1.15164,1.15241,-1.0,-1.0,-1
2018-08-09 20:00:00-04:00,1.15241,1.15351,1.152075,1.153455,-1.0,-1.0,-1
2018-08-09 21:00:00-04:00,1.153455,1.153475,1.152825,1.15315,-1.0,-1.0,-1
2018-08-09 22:00:00-04:00,1.15315,1.153545,1.15293,1.153175,-1.0,-1.0,-1
2018-08-09 23:00:00-04:00,1.153175,1.15366,1.152835,1.153265,-1.0,-1.0,-1
2018-08-10 00:00:00-04:00,1.153265,1.15331,1.151565,1.151655,-1.0,-1.0,-1
2018-08-10 01:00:00-04:00,1.151655,1.15217,1.14379,1.14634,-1.0,-1.0,-1
2018-08-10 02:00:00-04:00,1.14634,1.14749,1.143215,1.14685,-1.0,-1.0,-1
2018-08-10 03:00:00-04:00,1.14685,1.147205,1.144925,1.14657,-1.0,-1.0,-1
2018-08-10 04:00:00-04:00,1.14657,1.146865,1.1443,1.145705,-1.0,-1.0,-1
2018-08-10 05:00:00-04:00,1.145705,1.147415,1.145235,1.14607,-1.0,-1.0,-1
2018-08-10 06:00:00-04:00,1.14607,1.14825,1.14567,1.146305,-1.0,-1.0,-1
2018-08-10 07:00:00-04:00,1.146305,1.147255,1.14532,1.14656,-1.0,-1.0,-1
2018-08-10 08:00:00-04:00,1.14656,1.146565,1.14391,1.14436,-1.0,-1.0,-1
2018-08-10 09:00:00-04:00,1.14436,1.14492,1.141515,1.142405,-1.0,-1.0,-1
2018-08-10 10:00:00-04:00,1.142405,1.14471,1.142275,1.14341,-1.0,-1.0,-1
2018-08-10 11:00:00-04:00,1.14341,1.14356,1.139505,1.139765,-1.0,-1.0,-1
2018-08-10 12:00:00-04:00,1.139765,1.141455,1.139365,1.14022,-1.0,-1.0,-1
2018-08-10 13:00:00-04:00,1.14022,1.140225,1.138825,1.13941,-1.0,-1.0,-1
2018-08-10 14:00:00-04:00,1.13941,1.140445,1.138985,1.139955,-1.0,-1.0,-1
2018-08-10 15:00:00-04:00,1.139955,1.142765,1.139685,1.14017,-1.0,-1.0,-1
2018-08-10 16:00:00-04:00,1.14017,1.141785,1.140165,1.14137,-1.0,-1.0,-1
2018-08-12 17:15:00-04:00,1.13765,1.138655,1.137025,1.138635,-1.0,-1.0,-1
2018-08-12 18:00:00-04:00,1.138635,1.139975,1.13818,1.13981,-1.0,-1.0,-1
2018-08-12 19:00:00-04:00,1.13981,1.14117,1.139035,1.139505,-1.0,-1.0,-1
2018-08-12 20:00:00-04:00,1.139505,1.139975,1.137815,1.137825,-1.0,-1.0,-1
2018-08-12 21:00:00-04:00,1.137825,1.138495,1.1368,1.137805,-1.0,-1.0,-1
2018-08-12 22:00:00-04:00,1.137805,1.13843,1.13697,1.137785,-1.0,-1.0,-1
2018-08-12 23:00:00-04:00,1.137785,1.1388,1.13772,1.138255,-1.0,-1.0,-1
2018-08-13 00:00:00-04:00,1.138255,1.13841,1.13651,1.136675,-1.0,-1.0,-1
2018-08-13 01:00:00-04:00,1.136675,1.139685,1.13667,1.1387,-1.0,-1.0,-1
2018-08-13 02:00:00-04:00,1.1387,1.140675,1.13813,1.139165,-1.0,-1.0,-1
2018-08-13 03:00:00-04:00,1.139165,1.139845,1.136775,1.13745,-1.0,-1.0,-1
2018-08-13 04:00:00-04:00,1.13745,1.13886,1.13655,1.1383,-1.0,-1.0,-1
2018-08-13 05:00:00-04:00,1.1383,1.139075,1.137405,1.138305,-1.0,-1.0,-1
2018-08-13 06:00:00-04:00,1.138305,1.139195,1.137685,1.137875,-1.0,-1.0,-1
2018-08-13 07:00:00-04:00,1.137875,1.141355,1.137195,1.14005,-1.0,-1.0,-1
2018-08-13 08:00:00-04:00,1.14005,1.142455,1.13891,1.14168,-1.0,-1.0,-1
2018-08-13 09:00:00-04:00,1.14168,1.1433,1.141395,1.142805,-1.0,-1.0,-1
2018-08-13 10:00:00-04:00,1.142805,1.143285,1.141305,1.141845,-1.0,-1.0,-1
2018-08-13 11:00:00-04:00,1.141845,1.14186,1.139525,1.139665,-1.0,-1.0,-1
2018-08-13 12:00:00-04:00,1.139665,1.139675,1.138675,1.139375,-1.0,-1.0,-1
2018-08-13 13:00:00-04:00,1.139375,1.140255,1.138555,1.13968,-1.0,-1.0,-1
2018-08-13 14:00:00-04:00,1.13968,1.14009,1.139345,1.139355,-1.0,-1.0,-1
2018-08-13 15:00:00-04:00,1.139355,1.139775,1.13862,1.139745,-1.0,-1.0,-1
2018-08-13 16:00:00-04:00,1.139745,1.141055,1.13962,1.141025,-1.0,-1.0,-1
2018-08-13 17:15:00-04:00,1.141075,1.141175,1.140045,1.14056,-1.0,-1.0,-1
2018-08-13 18:00:00-04:00,1.14056,1.140665,1.140385,1.14051,-1.0,-1.0,-1
2018-08-13 19:00:00-04:00,1.14051,1.14067,1.139905,1.14007,-1.0,-1.0,-1
2018-08-13 20:00:00-04:00,1.14007,1.14056,1.1395,1.140315,-1.0,-1.0,-1
2018-08-13 21:00:00-04:00,1.140315,1.1411,1.140145,1.140785,-1.0,-1.0,-1
2018-08-13 22:00:00-04:00,1.140785,1.141435,1.14039,1.14129,-1.0,-1.0,-1
2018-08-13 23:00:00-04:00,1.14129,1.141745,1.14032,1.14068,-1.0,-1.0,-1
2018-08-14 00:00:00-04:00,1.14068,1.141305,1.140065,1.14018,-1.0,-1.0,-1
2018-08-14 01:00:00-04:00,1.14018,1.14129,1.13958,1.14084,-1.0,-1.0,-1
2018-08-14 02:00:00-04:00,1.14084,1.142895,1.14029,1.14251,-1.0,-1.0,-1
2018-08-14 03:00:00-04:00,1.14251,1.142795,1.14108,1.142275,-1.0,-1.0,-1
2018-08-14 04:00:00-04:00,1.142275,1.142955,1.138405,1.138605,-1.0,-1.0,-1
2018-08-14 05:00:00-04:00,1.138605,1.14093,1.13799,1.140495,-1.0,-1.0,-1
2018-08-14 06:00:00-04:00,1.140495,1.141845,1.140175,1.14062,-1.0,-1.0,-1
2018-08-14 07:00:00-04:00,1.14062,1.140815,1.139535,1.14067,-1.0,-1.0,-1
2018-08-14 08:00:00-04:00,1.14067,1.140715,1.138665,1.139,-1.0,-1.0,-1
2018-08-14 09:00:00-04:00,1.139,1.139555,1.138125,1.138245,-1.0,-1.0,-1
2018-08-14 10:00:00-04:00,1.138245,1.138795,1.137085,1.13724,-1.0,-1.0,-1
2018-08-14 11:00:00-04:00,1.13724,1.137455,1.134405,1.135085,-1.0,-1.0,-1
2018-08-14 12:00:00-04:00,1.135085,1.13526,1.13378,1.13417,-1.0,-1.0,-1
2018-08-14 13:00:00-04:00,1.13417,1.134865,1.133085,1.13458,-1.0,-1.0,-1
2018-08-14 14:00:00-04:00,1.13458,1.13467,1.133015,1.13387,-1.0,-1.0,-1
2018-08-14 15:00:00-04:00,1.13387,1.134665,1.13382,1.13453,-1.0,-1.0,-1
2018-08-14 16:00:00-04:00,1.13453,1.13468,1.13415,1.13442,-1.0,-1.0,-1
2018-08-14 17:15:00-04:00,1.1344,1.134625,1.1343,1.134575,-1.0,-1.0,-1
2018-08-14 18:00:00-04:00,1.134575,1.135025,1.134445,1.13498,-1.0,-1.0,-1
2018-08-14 19:00:00-04:00,1.13498,1.13498,1.134525,1.13468,-1.0,-1.0,-1
2018-08-14 20:00:00-04:00,1.13468,1.13474,1.13364,1.133735,-1.0,-1.0,-1
2018-08-14 21:00:00-04:00,1.133735,1.13463,1.133525,1.134435,-1.0,-1.0,-1
2018-08-14 22:00:00-04:00,1.134435,1.134435,1.132545,1.13266,-1.0,-1.0,-1
2018-08-14 23:00:00-04:00,1.13266,1.13288,1.131965,1.13228,-1.0,-1.0,-1
2018-08-15 00:00:00-04:00,1.13228,1.13277,1.13206,1.132575,-1.0,-1.0,-1
2018-08-15 01:00:00-04:00,1.132575,1.133265,1.131705,1.13286,-1.0,-1.0,-1
2018-08-15 02:00:00-04:00,1.13286,1.134665,1.13231,1.133975,-1.0,-1.0,-1
2018-08-15 03:00:00-04:00,1.133975,1.134435,1.133185,1.13323,-1.0,-1.0,-1
2018-08-15 04:00:00-04:00,1.13323,1.133795,1.131615,1.13255,-1.0,-1.0,-1
2018-08-15 05:00:00-04:00,1.13255,1.133245,1.132005,1.132415,-1.0,-1.0,-1
2018-08-15 06:00:00-04:00,1.132415,1.13299,1.131035,1.131875,-1.0,-1.0,-1
2018-08-15 07:00:00-04:00,1.131875,1.1321,1.130905,1.13203,-1.0,-1.0,-1
2018-08-15 08:00:00-04:00,1.13203,1.132995,1.131515,1.13158,-1.0,-1.0,-1
2018-08-15 09:00:00-04:00,1.13158,1.131805,1.130105,1.13025,-1.0,-1.0,-1
2018-08-15 10:00:00-04:00,1.13025,1.132595,1.130205,1.131175,-1.0,-1.0,-1
2018-08-15 11:00:00-04:00,1.131175,1.13429,1.131175,1.133105,-1.0,-1.0,-1
2018-08-15 12:00:00-04:00,1.133105,1.134975,1.132955,1.13435,-1.0,-1.0,-1
2018-08-15 13:00:00-04:00,1.13435,1.135495,1.13361,1.133665,-1.0,-1.0,-1
2018-08-15 14:00:00-04:00,1.133665,1.134785,1.133515,1.134615,-1.0,-1.0,-1
2018-08-15 15:00:00-04:00,1.134615,1.135365,1.134355,1.134465,-1.0,-1.0,-1
2018-08-15 16:00:00-04:00,1.134465,1.135285,1.134415,1.13452,-1.0,-1.0,-1
2018-08-15 17:15:00-04:00,1.13513,1.13515,1.134535,1.134605,-1.0,-1.0,-1
2018-08-15 18:00:00-04:00,1.134605,1.13473,1.134395,1.13456,-1.0,-1.0,-1
2018-08-15 19:00:00-04:00,1.13456,1.13468,1.133915,1.13417,-1.0,-1.0,-1
2018-08-15 20:00:00-04:00,1.13417,1.13467,1.133585,1.13442,-1.0,-1.0,-1
2018-08-15 21:00:00-04:00,1.13442,1.13777,1.134285,1.13693,-1.0,-1.0,-1
2018-08-15 22:00:00-04:00,1.13693,1.13829,1.136745,1.13752,-1.0,-1.0,-1
2018-08-15 23:00:00-04:00,1.13752,1.139095,1.136775,1.13873,-1.0,-1.0,-1
2018-08-16 00:00:00-04:00,1.13873,1.13892,1.137765,1.1383,-1.0,-1.0,-1
2018-08-16 01:00:00-04:00,1.1383,1.139835,1.13809,1.13913,-1.0,-1.0,-1
2018-08-16 02:00:00-04:00,1.13913,1.139505,1.137395,1.137525,-1.0,-1.0,-1
2018-08-16 03:00:00-04:00,1.137525,1.13791,1.13573,1.13678,-1.0,-1.0,-1
2018-08-16 04:00:00-04:00,1.13678,1.138955,1.136595,1.13824,-1.0,-1.0,-1
2018-08-16 05:00:00-04:00,1.13824,1.138255,1.136505,1.13714,-1.0,-1.0,-1
2018-08-16 06:00:00-04:00,1.13714,1.137545,1.136275,1.136385,-1.0,-1.0,-1
2018-08-16 07:00:00-04:00,1.136385,1.137905,1.136025,1.13683,-1.0,-1.0,-1
2018-08-16 08:00:00-04:00,1.13683,1.139085,1.136225,1.136535,-1.0,-1.0,-1
2018-08-16 09:00:00-04:00,1.136535,1.14093,1.13646,1.140075,-1.0,-1.0,-1
2018-08-16 10:00:00-04:00,1.140075,1.140695,1.138575,1.139135,-1.0,-1.0,-1
2018-08-16 11:00:00-04:00,1.139135,1.139985,1.138225,1.138685,-1.0,-1.0,-1
2018-08-16 12:00:00-04:00,1.138685,1.138775,1.135635,1.136435,-1.0,-1.0,-1
2018-08-16 13:00:00-04:00,1.136435,1.136875,1.134765,1.13558,-1.0,-1.0,-1
2018-08-16 14:00:00-04:00,1.13558,1.13689,1.13522,1.13658,-1.0,-1.0,-1
2018-08-16 15:00:00-04:00,1.13658,1.137355,1.136415,1.137275,-1.0,-1.0,-1
2018-08-16 16:00:00-04:00,1.137275,1.13784,1.13705,1.13768,-1.0,-1.0,-1
2018-08-16 17:15:00-04:00,1.137675,1.137765,1.137255,1.13749,-1.0,-1.0,-1
2018-08-16 18:00:00-04:00,1.13749,1.13767,1.137295,1.137375,-1.0,-1.0,-1
2018-08-16 19:00:00-04:00,1.137375,1.137615,1.13709,1.13719,-1.0,-1.0,-1
2018-08-16 20:00:00-04:00,1.13719,1.13756,1.136655,1.13727,-1.0,-1.0,-1
2018-08-16 21:00:00-04:00,1.13727,1.13891,1.13712,1.13813,-1.0,-1.0,-1
2018-08-16 22:00:00-04:00,1.13813,1.13872,1.13772,1.13824,-1.0,-1.0,-1
2018-08-16 23:00:00-04:00,1.13824,1.138275,1.13751,1.13777,-1.0,-1.0,-1
2018-08-17 00:00:00-04:00,1.13777,1.138275,1.13775,1.13786,-1.0,-1.0,-1
2018-08-17 01:00:00-04:00,1.13786,1.13822,1.137345,1.138105,-1.0,-1.0,-1
2018-08-17 02:00:00-04:00,1.138105,1.139515,1.1374,1.13863,-1.0,-1.0,-1
2018-08-17 03:00:00-04:00,1.13863,1.139315,1.138005,1.138825,-1.0,-1.0,-1
2018-08-17 04:00:00-04:00,1.138825,1.141975,1.13862,1.139655,-1.0,-1.0,-1
2018-08-17 05:00:00-04:00,1.139655,1.139915,1.138255,1.138275,-1.0,-1.0,-1
2018-08-17 06:00:00-04:00,1.138275,1.138965,1.137405,1.138755,-1.0,-1.0,-1
2018-08-17 07:00:00-04:00,1.138755,1.139635,1.13857,1.13891,-1.0,-1.0,-1
2018-08-17 08:00:00-04:00,1.13891,1.14124,1.13803,1.140625,-1.0,-1.0,-1
2018-08-17 09:00:00-04:00,1.140625,1.14184,1.140305,1.141115,-1.0,-1.0,-1
2018-08-17 10:00:00-04:00,1.141115,1.14219,1.140525,1.140945,-1.0,-1.0,-1
2018-08-17 11:00:00-04:00,1.140945,1.141495,1.140095,1.1409,-1.0,-1.0,-1
2018-08-17 12:00:00-04:00,1.1409,1.141815,1.140795,1.140945,-1.0,-1.0,-1
2018-08-17 13:00:00-04:00,1.140945,1.141525,1.140755,1.141285,-1.0,-1.0,-1
2018-08-17 14:00:00-04:00,1.141285,1.144485,1.141075,1.144375,-1.0,-1.0,-1
2018-08-17 15:00:00-04:00,1.144375,1.14449,1.143695,1.14414,-1.0,-1.0,-1
2018-08-17 16:00:00-04:00,1.14414,1.14431,1.143805,1.14385,-1.0,-1.0,-1
2018-08-19 17:15:00-04:00,1.143975,1.14407,1.1437,1.14372,-1.0,-1.0,-1
2018-08-19 18:00:00-04:00,1.14372,1.143885,1.143555,1.14378,-1.0,-1.0,-1
2018-08-19 19:00:00-04:00,1.14378,1.14401,1.14355,1.14379,-1.0,-1.0,-1
2018-08-19 20:00:00-04:00,1.14379,1.14395,1.143225,1.14329,-1.0,-1.0,-1
2018-08-19 21:00:00-04:00,1.14329,1.143495,1.14271,1.14288,-1.0,-1.0,-1
2018-08-19 22:00:00-04:00,1.14288,1.143325,1.142735,1.142835,-1.0,-1.0,-1
2018-08-19 23:00:00-04:00,1.142835,1.143305,1.142725,1.14313,-1.0,-1.0,-1
2018-08-20 00:00:00-04:00,1.14313,1.143365,1.142515,1.142625,-1.0,-1.0,-1
2018-08-20 01:00:00-04:00,1.142625,1.142735,1.142205,1.14243,-1.0,-1.0,-1
2018-08-20 02:00:00-04:00,1.14243,1.14243,1.141125,1.141425,-1.0,-1.0,-1
2018-08-20 03:00:00-04:00,1.141425,1.1426,1.141105,1.142075,-1.0,-1.0,-1
2018-08-20 04:00:00-04:00,1.142075,1.14224,1.140435,1.14067,-1.0,-1.0,-1
2018-08-20 05:00:00-04:00,1.14067,1.1412,1.14029,1.1412,-1.0,-1.0,-1
2018-08-20 06:00:00-04:00,1.1412,1.141315,1.139445,1.14091,-1.0,-1.0,-1
2018-08-20 07:00:00-04:00,1.14091,1.142515,1.14075,1.142165,-1.0,-1.0,-1
2018-08-20 08:00:00-04:00,1.142165,1.143195,1.14163,1.142345,-1.0,-1.0,-1
2018-08-20 09:00:00-04:00,1.142345,1.143745,1.14212,1.14282,-1.0,-1.0,-1
2018-08-20 10:00:00-04:00,1.14282,1.144385,1.142775,1.143195,-1.0,-1.0,-1
2018-08-20 11:00:00-04:00,1.143195,1.14546,1.143175,1.143815,-1.0,-1.0,-1
2018-08-20 12:00:00-04:00,1.143815,1.14637,1.143805,1.14587,-1.0,-1.0,-1
2018-08-20 13:00:00-04:00,1.14587,1.14629,1.145655,1.145825,-1.0,-1.0,-1
2018-08-20 14:00:00-04:00,1.145825,1.147125,1.14562,1.146715,-1.0,-1.0,-1
2018-08-20 15:00:00-04:00,1.146715,1.14792,1.146535,1.147505,-1.0,-1.0,-1
2018-08-20 16:00:00-04:00,1.147505,1.148505,1.14739,1.14818,-1.0,-1.0,-1
2018-08-20 17:15:00-04:00,1.148625,1.149175,1.14839,1.14905,-1.0,-1.0,-1
2018-08-20 18:00:00-04:00,1.14905,1.14923,1.148725,1.149185,-1.0,-1.0,-1
2018-08-20 19:00:00-04:00,1.149185,1.149325,1.14857,1.14919,-1.0,-1.0,-1
2018-08-20 20:00:00-04:00,1.14919,1.154325,1.14856,1.152245,-1.0,-1.0,-1
2018-08-20 21:00:00-04:00,1.152245,1.15313,1.15138,1.151595,-1.0,-1.0,-1
2018-08-20 22:00:00-04:00,1.151595,1.1522,1.151025,1.15209,-1.0,-1.0,-1
2018-08-20 23:00:00-04:00,1.15209,1.15269,1.151645,1.152475,-1.0,-1.0,-1
2018-08-21 00:00:00-04:00,1.152475,1.15345,1.152175,1.15311,-1.0,-1.0,-1
2018-08-21 01:00:00-04:00,1.15311,1.15392,1.152645,1.1528,-1.0,-1.0,-1
2018-08-21 02:00:00-04:00,1.1528,1.15364,1.151265,1.15138,-1.0,-1.0,-1
2018-08-21 03:00:00-04:00,1.15138,1.152275,1.150545,1.151405,-1.0,-1.0,-1
2018-08-21 04:00:00-04:00,1.151405,1.154025,1.151145,1.15339,-1.0,-1.0,-1
2018-08-21 05:00:00-04:00,1.15339,1.15349,1.15132,1.15199,-1.0,-1.0,-1
2018-08-21 06:00:00-04:00,1.15199,1.1527,1.151715,1.152255,-1.0,-1.0,-1
2018-08-21 07:00:00-04:00,1.152255,1.15292,1.15146,1.151795,-1.0,-1.0,-1
2018-08-21 08:00:00-04:00,1.151795,1.151885,1.149195,1.150415,-1.0,-1.0,-1
2018-08-21 09:00:00-04:00,1.150415,1.15249,1.149745,1.152345,-1.0,-1.0,-1
2018-08-21 10:00:00-04:00,1.152345,1.15325,1.151545,1.15196,-1.0,-1.0,-1
2018-08-21 11:00:00-04:00,1.15196,1.15387,1.151305,1.15331,-1.0,-1.0,-1
2018-08-21 12:00:00-04:00,1.15331,1.15726,1.152785,1.15595,-1.0,-1.0,-1
2018-08-21 13:00:00-04:00,1.15595,1.159995,1.155675,1.159225,-1.0,-1.0,-1
2018-08-21 14:00:00-04:00,1.159225,1.16013,1.15687,1.15737,-1.0,-1.0,-1
2018-08-21 15:00:00-04:00,1.15737,1.15763,1.156895,1.156935,-1.0,-1.0,-1
2018-08-21 16:00:00-04:00,1.156935,1.15757,1.156935,1.157045,-1.0,-1.0,-1
2018-08-21 17:15:00-04:00,1.157025,1.157405,1.15689,1.15714,-1.0,-1.0,-1
2018-08-21 18:00:00-04:00,1.15714,1.157585,1.157,1.15745,-1.0,-1.0,-1
2018-08-21 19:00:00-04:00,1.15745,1.157655,1.15706,1.157615,-1.0,-1.0,-1
2018-08-21 20:00:00-04:00,1.157615,1.15823,1.15732,1.15772,-1.0,-1.0,-1
2018-08-21 21:00:00-04:00,1.15772,1.158135,1.157205,1.15763,-1.0,-1.0,-1
2018-08-21 22:00:00-04:00,1.15763,1.15817,1.15721,1.15746,-1.0,-1.0,-1
2018-08-21 23:00:00-04:00,1.15746,1.1577,1.15705,1.157565,-1.0,-1.0,-1
2018-08-22 00:00:00-04:00,1.157565,1.15759,1.15702,1.15759,-1.0,-1.0,-1
2018-08-22 01:00:00-04:00,1.15759,1.158035,1.157185,1.157455,-1.0,-1.0,-1
2018-08-22 02:00:00-04:00,1.157455,1.15781,1.156085,1.156575,-1.0,-1.0,-1
2018-08-22 03:00:00-04:00,1.156575,1.157675,1.156075,1.156205,-1.0,-1.0,-1
2018-08-22 04:00:00-04:00,1.156205,1.157475,1.155325,1.15735,-1.0,-1.0,-1
2018-08-22 05:00:00-04:00,1.15735,1.159895,1.157315,1.15937,-1.0,-1.0,-1
2018-08-22 06:00:00-04:00,1.15937,1.16029,1.158465,1.159145,-1.0,-1.0,-1
2018-08-22 07:00:00-04:00,1.159145,1.161805,1.15912,1.161085,-1.0,-1.0,-1
2018-08-22 08:00:00-04:00,1.161085,1.16203,1.160455,1.161775,-1.0,-1.0,-1
2018-08-22 09:00:00-04:00,1.161775,1.162295,1.159565,1.160165,-1.0,-1.0,-1
2018-08-22 10:00:00-04:00,1.160165,1.160565,1.158405,1.159865,-1.0,-1.0,-1
2018-08-22 11:00:00-04:00,1.159865,1.16039,1.158895,1.159365,-1.0,-1.0,-1
2018-08-22 12:00:00-04:00,1.159365,1.159535,1.158805,1.15901,-1.0,-1.0,-1
2018-08-22 13:00:00-04:00,1.15901,1.15931,1.158205,1.15916,-1.0,-1.0,-1
2018-08-22 14:00:00-04:00,1.15916,1.161975,1.158085,1.158885,-1.0,-1.0,-1
2018-08-22 15:00:00-04:00,1.158885,1.16079,1.158715,1.160405,-1.0,-1.0,-1
2018-08-22 16:00:00-04:00,1.160405,1.160445,1.159545,1.159665,-1.0,-1.0,-1
2018-08-22 17:15:00-04:00,1.1597,1.159835,1.15943,1.159505,-1.0,-1.0,-1
2018-08-22 18:00:00-04:00,1.159505,1.15998,1.15949,1.1597,-1.0,-1.0,-1
2018-08-22 19:00:00-04:00,1.1597,1.159765,1.15843,1.15858,-1.0,-1.0,-1
2018-08-22 20:00:00-04:00,1.15858,1.15873,1.156295,1.156635,-1.0,-1.0,-1
2018-08-22 21:00:00-04:00,1.156635,1.157215,1.155775,1.156355,-1.0,-1.0,-1
2018-08-22 22:00:00-04:00,1.156355,1.15652,1.155365,1.1555,-1.0,-1.0,-1
2018-08-22 23:00:00-04:00,1.1555,1.15573,1.154955,1.155335,-1.0,-1.0,-1
2018-08-23 00:00:00-04:00,1.155335,1.15564,1.154225,1.155635,-1.0,-1.0,-1
2018-08-23 01:00:00-04:00,1.155635,1.156195,1.15524,1.15553,-1.0,-1.0,-1
2018-08-23 02:00:00-04:00,1.15553,1.157225,1.154845,1.15635,-1.0,-1.0,-1
2018-08-23 03:00:00-04:00,1.15635,1.157455,1.155575,1.15678,-1.0,-1.0,-1
2018-08-23 04:00:00-04:00,1.15678,1.156895,1.155125,1.156385,-1.0,-1.0,-1
2018-08-23 05:00:00-04:00,1.156385,1.156975,1.154975,1.156115,-1.0,-1.0,-1
2018-08-23 06:00:00-04:00,1.156115,1.158995,1.155875,1.15886,-1.0,-1.0,-1
2018-08-23 07:00:00-04:00,1.15886,1.158885,1.15748,1.15752,-1.0,-1.0,-1
2018-08-23 08:00:00-04:00,1.15752,1.158295,1.15659,1.15743,-1.0,-1.0,-1
2018-08-23 09:00:00-04:00,1.15743,1.159085,1.155965,1.157905,-1.0,-1.0,-1
2018-08-23 10:00:00-04:00,1.157905,1.158725,1.15542,1.157555,-1.0,-1.0,-1
2018-08-23 11:00:00-04:00,1.157555,1.157875,1.156715,1.156785,-1.0,-1.0,-1
2018-08-23 12:00:00-04:00,1.156785,1.156855,1.155025,1.155535,-1.0,-1.0,-1
2018-08-23 13:00:00-04:00,1.155535,1.155595,1.15308,1.15407,-1.0,-1.0,-1
2018-08-23 14:00:00-04:00,1.15407,1.15471,1.15313,1.15367,-1.0,-1.0,-1
2018-08-23 15:00:00-04:00,1.15367,1.154345,1.153005,1.15409,-1.0,-1.0,-1
2018-08-23 16:00:00-04:00,1.15409,1.154615,1.15403,1.15417,-1.0,-1.0,-1
2018-08-23 17:15:00-04:00,1.1543,1.154625,1.154005,1.154385,-1.0,-1.0,-1
2018-08-23 18:00:00-04:00,1.154385,1.15459,1.15349,1.154035,-1.0,-1.0,-1
2018-08-23 19:00:00-04:00,1.154035,1.15451,1.153985,1.154195,-1.0,-1.0,-1
2018-08-23 20:00:00-04:00,1.154195,1.155125,1.153825,1.1548,-1.0,-1.0,-1
2018-08-23 21:00:00-04:00,1.1548,1.15511,1.15425,1.154525,-1.0,-1.0,-1
2018-08-23 22:00:00-04:00,1.154525,1.155935,1.154155,1.155635,-1.0,-1.0,-1
2018-08-23 23:00:00-04:00,1.155635,1.15583,1.15496,1.1555,-1.0,-1.0,-1
2018-08-24 00:00:00-04:00,1.1555,1.156325,1.15522,1.1563,-1.0,-1.0,-1
2018-08-24 01:00:00-04:00,1.1563,1.157995,1.15612,1.157095,-1.0,-1.0,-1
2018-08-24 02:00:00-04:00,1.157095,1.15766,1.156525,1.157145,-1.0,-1.0,-1
2018-08-24 03:00:00-04:00,1.157145,1.15743,1.155555,1.15568,-1.0,-1.0,-1
2018-08-24 04:00:00-04:00,1.15568,1.156875,1.155525,1.156325,-1.0,-1.0,-1
2018-08-24 05:00:00-04:00,1.156325,1.15709,1.15583,1.156755,-1.0,-1.0,-1
2018-08-24 06:00:00-04:00,1.156755,1.158395,1.15651,1.158095,-1.0,-1.0,-1
2018-08-24 07:00:00-04:00,1.158095,1.160025,1.15784,1.159315,-1.0,-1.0,-1
2018-08-24 08:00:00-04:00,1.159315,1.159465,1.158485,1.15931,-1.0,-1.0,-1
2018-08-24 09:00:00-04:00,1.15931,1.160485,1.158935,1.159065,-1.0,-1.0,-1
2018-08-24 10:00:00-04:00,1.159065,1.163995,1.158145,1.162765,-1.0,-1.0,-1
2018-08-24 11:00:00-04:00,1.162765,1.163595,1.161635,1.16246,-1.0,-1.0,-1
2018-08-24 12:00:00-04:00,1.16246,1.163325,1.162325,1.16241,-1.0,-1.0,-1
2018-08-24 13:00:00-04:00,1.16241,1.163595,1.16191,1.162265,-1.0,-1.0,-1
2018-08-24 14:00:00-04:00,1.162265,1.162805,1.161785,1.16256,-1.0,-1.0,-1
2018-08-24 15:00:00-04:00,1.16256,1.162915,1.162265,1.162685,-1.0,-1.0,-1
2018-08-24 16:00:00-04:00,1.162685,1.162705,1.16202,1.162255,-1.0,-1.0,-1
2018-08-26 17:15:00-04:00,1.162175,1.16248,1.162125,1.162415,-1.0,-1.0,-1
2018-08-26 18:00:00-04:00,1.162415,1.162905,1.16237,1.16282,-1.0,-1.0,-1
2018-08-26 19:00:00-04:00,1.16282,1.165365,1.16276,1.164525,-1.0,-1.0,-1
2018-08-26 20:00:00-04:00,1.164525,1.164675,1.163445,1.163655,-1.0,-1.0,-1
2018-08-26 21:00:00-04:00,1.163655,1.16366,1.16261,1.162985,-1.0,-1.0,-1
2018-08-26 22:00:00-04:00,1.162985,1.163755,1.162575,1.16299,-1.0,-1.0,-1
2018-08-26 23:00:00-04:00,1.16299,1.16349,1.162405,1.162655,-1.0,-1.0,-1
2018-08-27 00:00:00-04:00,1.162655,1.162685,1.16182,1.161845,-1.0,-1.0,-1
2018-08-27 01:00:00-04:00,1.161845,1.162055,1.161295,1.161855,-1.0,-1.0,-1
2018-08-27 02:00:00-04:00,1.161855,1.16244,1.15946,1.16012,-1.0,-1.0,-1
2018-08-27 03:00:00-04:00,1.16012,1.161125,1.159645,1.160015,-1.0,-1.0,-1
2018-08-27 04:00:00-04:00,1.160015,1.161965,1.159995,1.160985,-1.0,-1.0,-1
2018-08-27 05:00:00-04:00,1.160985,1.162205,1.16094,1.161735,-1.0,-1.0,-1
2018-08-27 06:00:00-04:00,1.161735,1.162055,1.16051,1.16104,-1.0,-1.0,-1
2018-08-27 07:00:00-04:00,1.16104,1.163,1.16104,1.16294,-1.0,-1.0,-1
2018-08-27 08:00:00-04:00,1.16294,1.164345,1.16257,1.16379,-1.0,-1.0,-1
2018-08-27 09:00:00-04:00,1.16379,1.16578,1.16332,1.164865,-1.0,-1.0,-1
2018-08-27 10:00:00-04:00,1.164865,1.167435,1.16464,1.167065,-1.0,-1.0,-1
2018-08-27 11:00:00-04:00,1.167065,1.16802,1.16683,1.16761,-1.0,-1.0,-1
2018-08-27 12:00:00-04:00,1.16761,1.16915,1.167285,1.168815,-1.0,-1.0,-1
2018-08-27 13:00:00-04:00,1.168815,1.169375,1.16751,1.16773,-1.0,-1.0,-1
2018-08-27 14:00:00-04:00,1.16773,1.168385,1.167615,1.167925,-1.0,-1.0,-1
2018-08-27 15:00:00-04:00,1.167925,1.16823,1.16767,1.168145,-1.0,-1.0,-1
2018-08-27 16:00:00-04:00,1.168145,1.168535,1.16777,1.1678,-1.0,-1.0,-1
2018-08-27 18:00:00-04:00,1.16804,1.16816,1.16786,1.168065,-1.0,-1.0,-1
2018-08-27 19:00:00-04:00,1.168065,1.168415,1.167825,1.16841,-1.0,-1.0,-1
2018-08-27 20:00:00-04:00,1.16841,1.169725,1.1682,1.16915,-1.0,-1.0,-1
2018-08-27 21:00:00-04:00,1.16915,1.16923,1.16727,1.167705,-1.0,-1.0,-1
2018-08-27 22:00:00-04:00,1.167705,1.167755,1.167135,1.167575,-1.0,-1.0,-1
2018-08-27 23:00:00-04:00,1.167575,1.167775,1.167065,1.16743,-1.0,-1.0,-1
2018-08-28 00:00:00-04:00,1.16743,1.167595,1.166955,1.16739,-1.0,-1.0,-1
2018-08-28 01:00:00-04:00,1.16739,1.16744,1.166265,1.16703,-1.0,-1.0,-1
2018-08-28 02:00:00-04:00,1.16703,1.169155,1.16676,1.168855,-1.0,-1.0,-1
2018-08-28 03:00:00-04:00,1.168855,1.169985,1.167925,1.16859,-1.0,-1.0,-1
2018-08-28 04:00:00-04:00,1.16859,1.169965,1.168035,1.1692,-1.0,-1.0,-1
2018-08-28 05:00:00-04:00,1.1692,1.170485,1.16876,1.170275,-1.0,-1.0,-1
2018-08-28 06:00:00-04:00,1.170275,1.17069,1.16947,1.16983,-1.0,-1.0,-1
2018-08-28 07:00:00-04:00,1.16983,1.171785,1.16946,1.171625,-1.0,-1.0,-1
2018-08-28 08:00:00-04:00,1.171625,1.172165,1.170515,1.17159,-1.0,-1.0,-1
2018-08-28 09:00:00-04:00,1.17159,1.173365,1.171425,1.17315,-1.0,-1.0,-1
2018-08-28 10:00:00-04:00,1.17315,1.173155,1.170265,1.171475,-1.0,-1.0,-1
2018-08-28 11:00:00-04:00,1.171475,1.172275,1.170865,1.17189,-1.0,-1.0,-1
2018-08-28 12:00:00-04:00,1.17189,1.172535,1.17111,1.171755,-1.0,-1.0,-1
2018-08-28 13:00:00-04:00,1.171755,1.172205,1.17103,1.171285,-1.0,-1.0,-1
2018-08-28 14:00:00-04:00,1.171285,1.171285,1.16907,1.16952,-1.0,-1.0,-1
2018-08-28 15:00:00-04:00,1.16952,1.169875,1.16907,1.169235,-1.0,-1.0,-1
2018-08-28 16:00:00-04:00,1.169235,1.16958,1.16923,1.169475,-1.0,-1.0,-1
2018-08-28 17:15:00-04:00,1.16943,1.16957,1.16924,1.169295,-1.0,-1.0,-1
2018-08-28 18:00:00-04:00,1.169295,1.169555,1.169175,1.169535,-1.0,-1.0,-1
2018-08-28 19:00:00-04:00,1.169535,1.16955,1.168675,1.169335,-1.0,-1.0,-1
2018-08-28 20:00:00-04:00,1.169335,1.1697,1.168385,1.168595,-1.0,-1.0,-1
2018-08-28 21:00:00-04:00,1.168595,1.168935,1.168345,1.16841,-1.0,-1.0,-1
2018-08-28 22:00:00-04:00,1.16841,1.16975,1.168345,1.169175,-1.0,-1.0,-1
2018-08-28 23:00:00-04:00,1.169175,1.169495,1.16899,1.169495,-1.0,-1.0,-1
2018-08-29 00:00:00-04:00,1.169495,1.16961,1.169045,1.16957,-1.0,-1.0,-1
2018-08-29 01:00:00-04:00,1.16957,1.16964,1.16735,1.16747,-1.0,-1.0,-1
2018-08-29 02:00:00-04:00,1.16747,1.16817,1.16668,1.16683,-1.0,-1.0,-1
2018-08-29 03:00:00-04:00,1.16683,1.16867,1.16656,1.16659,-1.0,-1.0,-1
2018-08-29 04:00:00-04:00,1.16659,1.16777,1.166335,1.166635,-1.0,-1.0,-1
2018-08-29 05:00:00-04:00,1.166635,1.167615,1.166245,1.167285,-1.0,-1.0,-1
2018-08-29 06:00:00-04:00,1.167285,1.16753,1.166155,1.16628,-1.0,-1.0,-1
2018-08-29 07:00:00-04:00,1.16628,1.16685,1.165185,1.16582,-1.0,-1.0,-1
2018-08-29 08:00:00-04:00,1.16582,1.166755,1.165535,1.166465,-1.0,-1.0,-1
2018-08-29 09:00:00-04:00,1.166465,1.168955,1.166215,1.168955,-1.0,-1.0,-1
2018-08-29 10:00:00-04:00,1.168955,1.170795,1.168315,1.16937,-1.0,-1.0,-1
2018-08-29 11:00:00-04:00,1.16937,1.170355,1.16881,1.169855,-1.0,-1.0,-1
2018-08-29 12:00:00-04:00,1.169855,1.170725,1.169135,1.17051,-1.0,-1.0,-1
2018-08-29 13:00:00-04:00,1.17051,1.17065,1.169515,1.169835,-1.0,-1.0,-1
2018-08-29 14:00:00-04:00,1.169835,1.170225,1.16894,1.16997,-1.0,-1.0,-1
2018-08-29 15:00:00-04:00,1.16997,1.170765,1.169825,1.17037,-1.0,-1.0,-1
2018-08-29 16:00:00-04:00,1.17037,1.170995,1.17031,1.170745,-1.0,-1.0,-1
2018-08-29 17:15:00-04:00,1.170805,1.17094,1.170645,1.17092,-1.0,-1.0,-1
2018-08-29 18:00:00-04:00,1.17092,1.171025,1.170635,1.170645,-1.0,-1.0,-1
2018-08-29 19:00:00-04:00,1.170645,1.171065,1.17064,1.170945,-1.0,-1.0,-1
2018-08-29 20:00:00-04:00,1.170945,1.171375,1.170205,1.170595,-1.0,-1.0,-1
2018-08-29 21:00:00-04:00,1.170595,1.171085,1.169665,1.170435,-1.0,-1.0,-1
2018-08-29 22:00:00-04:00,1.170435,1.170695,1.17007,1.170085,-1.0,-1.0,-1
2018-08-29 23:00:00-04:00,1.170085,1.170545,1.169545,1.170045,-1.0,-1.0,-1
2018-08-30 00:00:00-04:00,1.170045,1.170335,1.169725,1.16993,-1.0,-1.0,-1
2018-08-30 01:00:00-04:00,1.16993,1.169985,1.16858,1.16898,-1.0,-1.0,-1
2018-08-30 02:00:00-04:00,1.16898,1.170605,1.168925,1.17037,-1.0,-1.0,-1
2018-08-30 03:00:00-04:00,1.17037,1.17183,1.16967,1.17024,-1.0,-1.0,-1
2018-08-30 04:00:00-04:00,1.17024,1.170465,1.167515,1.168695,-1.0,-1.0,-1
2018-08-30 05:00:00-04:00,1.168695,1.16999,1.16847,1.169925,-1.0,-1.0,-1
2018-08-30 06:00:00-04:00,1.169925,1.170895,1.169115,1.16976,-1.0,-1.0,-1
2018-08-30 07:00:00-04:00,1.16976,1.169915,1.16823,1.168615,-1.0,-1.0,-1
2018-08-30 08:00:00-04:00,1.168615,1.1696,1.167685,1.167755,-1.0,-1.0,-1
2018-08-30 09:00:00-04:00,1.167755,1.168265,1.164415,1.166005,-1.0,-1.0,-1
2018-08-30 10:00:00-04:00,1.166005,1.166855,1.165065,1.165715,-1.0,-1.0,-1
2018-08-30 11:00:00-04:00,1.165715,1.16621,1.164195,1.16463,-1.0,-1.0,-1
2018-08-30 12:00:00-04:00,1.16463,1.16607,1.164165,1.165735,-1.0,-1.0,-1
2018-08-30 13:00:00-04:00,1.165735,1.167005,1.16499,1.166825,-1.0,-1.0,-1
2018-08-30 14:00:00-04:00,1.166825,1.167215,1.165635,1.166505,-1.0,-1.0,-1
2018-08-30 15:00:00-04:00,1.166505,1.167925,1.16598,1.1677,-1.0,-1.0,-1
2018-08-30 16:00:00-04:00,1.1677,1.1677,1.166515,1.16709,-1.0,-1.0,-1
2018-08-30 17:15:00-04:00,1.166825,1.167125,1.16662,1.166725,-1.0,-1.0,-1
2018-08-30 18:00:00-04:00,1.166725,1.166895,1.16626,1.1663,-1.0,-1.0,-1
2018-08-30 19:00:00-04:00,1.1663,1.166695,1.16615,1.16656,-1.0,-1.0,-1
2018-08-30 20:00:00-04:00,1.16656,1.166865,1.166035,1.166485,-1.0,-1.0,-1
2018-08-30 21:00:00-04:00,1.166485,1.167665,1.16639,1.16669,-1.0,-1.0,-1
2018-08-30 22:00:00-04:00,1.16669,1.167045,1.166115,1.16636,-1.0,-1.0,-1
2018-08-30 23:00:00-04:00,1.16636,1.16676,1.165975,1.166375,-1.0,-1.0,-1
2018-08-31 00:00:00-04:00,1.166375,1.167155,1.166295,1.166975,-1.0,-1.0,-1
2018-08-31 01:00:00-04:00,1.166975,1.169025,1.166915,1.16814,-1.0,-1.0,-1
2018-08-31 02:00:00-04:00,1.16814,1.168495,1.167235,1.16727,-1.0,-1.0,-1
2018-08-31 03:00:00-04:00,1.16727,1.168985,1.167265,1.168385,-1.0,-1.0,-1
2018-08-31 04:00:00-04:00,1.168385,1.168995,1.166705,1.16691,-1.0,-1.0,-1
2018-08-31 05:00:00-04:00,1.16691,1.167315,1.166405,1.16691,-1.0,-1.0,-1
2018-08-31 06:00:00-04:00,1.16691,1.166985,1.165535,1.16662,-1.0,-1.0,-1
2018-08-31 07:00:00-04:00,1.16662,1.166685,1.164355,1.165155,-1.0,-1.0,-1
2018-08-31 08:00:00-04:00,1.165155,1.165555,1.16331,1.163955,-1.0,-1.0,-1
2018-08-31 09:00:00-04:00,1.163955,1.164055,1.162545,1.163605,-1.0,-1.0,-1
2018-08-31 10:00:00-04:00,1.163605,1.165195,1.16297,1.1634,-1.0,-1.0,-1
2018-08-31 11:00:00-04:00,1.1634,1.163635,1.159205,1.159585,-1.0,-1.0,-1
2018-08-31 12:00:00-04:00,1.159585,1.159995,1.158465,1.159495,-1.0,-1.0,-1
2018-08-31 13:00:00-04:00,1.159495,1.160565,1.15891,1.160535,-1.0,-1.0,-1
2018-08-31 14:00:00-04:00,1.160535,1.160925,1.159565,1.15968,-1.0,-1.0,-1
2018-08-31 15:00:00-04:00,1.15968,1.161055,1.159535,1.16073,-1.0,-1.0,-1
2018-08-31 16:00:00-04:00,1.16073,1.16112,1.16017,1.160175,-1.0,-1.0,-1
2018-09-02 17:15:00-04:00,1.159675,1.159845,1.158975,1.159745,-1.0,-1.0,-1
2018-09-02 18:00:00-04:00,1.159745,1.160465,1.159585,1.15976,-1.0,-1.0,-1
2018-09-02 19:00:00-04:00,1.15976,1.159965,1.15927,1.159815,-1.0,-1.0,-1
2018-09-02 20:00:00-04:00,1.159815,1.160345,1.159215,1.15966,-1.0,-1.0,-1
2018-09-02 21:00:00-04:00,1.15966,1.160025,1.15891,1.15966,-1.0,-1.0,-1
2018-09-02 22:00:00-04:00,1.15966,1.16022,1.1593,1.15978,-1.0,-1.0,-1
2018-09-02 23:00:00-04:00,1.15978,1.16031,1.15959,1.15989,-1.0,-1.0,-1
2018-09-03 00:00:00-04:00,1.15989,1.16064,1.159765,1.16063,-1.0,-1.0,-1
2018-09-03 01:00:00-04:00,1.16063,1.161565,1.160515,1.161275,-1.0,-1.0,-1
2018-09-03 02:00:00-04:00,1.161275,1.16156,1.159955,1.16003,-1.0,-1.0,-1
2018-09-03 03:00:00-04:00,1.16003,1.162615,1.15911,1.16109,-1.0,-1.0,-1
2018-09-03 04:00:00-04:00,1.16109,1.162285,1.16071,1.161155,-1.0,-1.0,-1
2018-09-03 05:00:00-04:00,1.161155,1.161455,1.15984,1.15987,-1.0,-1.0,-1
2018-09-03 06:00:00-04:00,1.15987,1.161805,1.159625,1.161625,-1.0,-1.0,-1
2018-09-03 07:00:00-04:00,1.161625,1.162015,1.161005,1.16115,-1.0,-1.0,-1
2018-09-03 08:00:00-04:00,1.16115,1.16165,1.160505,1.160685,-1.0,-1.0,-1
2018-09-03 09:00:00-04:00,1.160685,1.161445,1.16036,1.16097,-1.0,-1.0,-1
2018-09-03 10:00:00-04:00,1.16097,1.16279,1.160805,1.162745,-1.0,-1.0,-1
2018-09-03 11:00:00-04:00,1.162745,1.162765,1.161765,1.16194,-1.0,-1.0,-1
2018-09-03 12:00:00-04:00,1.16194,1.16235,1.16147,1.16167,-1.0,-1.0,-1
2018-09-03 13:00:00-04:00,1.16167,1.162135,1.16164,1.161865,-1.0,-1.0,-1
2018-09-03 14:00:00-04:00,1.161865,1.162125,1.161645,1.16181,-1.0,-1.0,-1
2018-09-03 15:00:00-04:00,1.16181,1.1619,1.161465,1.16158,-1.0,-1.0,-1
2018-09-03 16:00:00-04:00,1.16158,1.161895,1.161505,1.161895,-1.0,-1.0,-1
2018-09-03 17:15:00-04:00,1.161775,1.16179,1.161405,1.161465,-1.0,-1.0,-1
2018-09-03 18:00:00-04:00,1.161465,1.161785,1.161455,1.161725,-1.0,-1.0,-1
2018-09-03 19:00:00-04:00,1.161725,1.161745,1.161365,1.161415,-1.0,-1.0,-1
2018-09-03 20:00:00-04:00,1.161415,1.16143,1.160185,1.160365,-1.0,-1.0,-1
2018-09-03 21:00:00-04:00,1.160365,1.160555,1.159555,1.16021,-1.0,-1.0,-1
2018-09-03 22:00:00-04:00,1.16021,1.160335,1.159585,1.159855,-1.0,-1.0,-1
2018-09-03 23:00:00-04:00,1.159855,1.16018,1.159675,1.16011,-1.0,-1.0,-1
2018-09-04 00:00:00-04:00,1.16011,1.160635,1.159915,1.160415,-1.0,-1.0,-1
2018-09-04 01:00:00-04:00,1.160415,1.16112,1.160185,1.16026,-1.0,-1.0,-1
2018-09-04 02:00:00-04:00,1.16026,1.160475,1.15749,1.15781,-1.0,-1.0,-1
2018-09-04 03:00:00-04:00,1.15781,1.158545,1.156765,1.156965,-1.0,-1.0,-1
2018-09-04 04:00:00-04:00,1.156965,1.15713,1.155795,1.156545,-1.0,-1.0,-1
2018-09-04 05:00:00-04:00,1.156545,1.156765,1.155645,1.15568,-1.0,-1.0,-1
2018-09-04 06:00:00-04:00,1.15568,1.156545,1.154995,1.156075,-1.0,-1.0,-1
2018-09-04 07:00:00-04:00,1.156075,1.156545,1.155325,1.155925,-1.0,-1.0,-1
2018-09-04 08:00:00-04:00,1.155925,1.156885,1.15548,1.156135,-1.0,-1.0,-1
2018-09-04 09:00:00-04:00,1.156135,1.156335,1.15442,1.15451,-1.0,-1.0,-1
2018-09-04 10:00:00-04:00,1.15451,1.15603,1.153015,1.15553,-1.0,-1.0,-1
2018-09-04 11:00:00-04:00,1.15553,1.157,1.155125,1.15656,-1.0,-1.0,-1
2018-09-04 12:00:00-04:00,1.15656,1.15849,1.156415,1.15798,-1.0,-1.0,-1
2018-09-04 13:00:00-04:00,1.15798,1.158435,1.157375,1.157475,-1.0,-1.0,-1
2018-09-04 14:00:00-04:00,1.157475,1.158115,1.157295,1.158005,-1.0,-1.0,-1
2018-09-04 15:00:00-04:00,1.158005,1.158585,1.157415,1.158555,-1.0,-1.0,-1
2018-09-04 16:00:00-04:00,1.158555,1.15896,1.15815,1.158165,-1.0,-1.0,-1
2018-09-04 17:15:00-04:00,1.15815,1.15858,1.15792,1.158125,-1.0,-1.0,-1
2018-09-04 18:00:00-04:00,1.158125,1.158395,1.158125,1.15831,-1.0,-1.0,-1
2018-09-04 19:00:00-04:00,1.15831,1.15873,1.158205,1.15872,-1.0,-1.0,-1
2018-09-04 20:00:00-04:00,1.15872,1.15877,1.158035,1.158535,-1.0,-1.0,-1
2018-09-04 21:00:00-04:00,1.158535,1.160355,1.158095,1.159655,-1.0,-1.0,-1
2018-09-04 22:00:00-04:00,1.159655,1.160825,1.15933,1.16047,-1.0,-1.0,-1
2018-09-04 23:00:00-04:00,1.16047,1.160625,1.159505,1.15966,-1.0,-1.0,-1
2018-09-05 00:00:00-04:00,1.15966,1.159805,1.159265,1.159475,-1.0,-1.0,-1
2018-09-05 01:00:00-04:00,1.159475,1.15957,1.15866,1.159325,-1.0,-1.0,-1
2018-09-05 02:00:00-04:00,1.159325,1.159335,1.156345,1.156425,-1.0,-1.0,-1
2018-09-05 03:00:00-04:00,1.156425,1.15699,1.154265,1.155565,-1.0,-1.0,-1
2018-09-05 04:00:00-04:00,1.155565,1.157155,1.155555,1.156855,-1.0,-1.0,-1
2018-09-05 05:00:00-04:00,1.156855,1.15928,1.156695,1.1575,-1.0,-1.0,-1
2018-09-05 06:00:00-04:00,1.1575,1.159775,1.15675,1.159455,-1.0,-1.0,-1
2018-09-05 07:00:00-04:00,1.159455,1.15961,1.15791,1.15794,-1.0,-1.0,-1
2018-09-05 08:00:00-04:00,1.15794,1.159155,1.157175,1.158485,-1.0,-1.0,-1
2018-09-05 09:00:00-04:00,1.158485,1.164045,1.158315,1.162715,-1.0,-1.0,-1
2018-09-05 10:00:00-04:00,1.162715,1.162775,1.160925,1.16252,-1.0,-1.0,-1
2018-09-05 11:00:00-04:00,1.16252,1.16296,1.160505,1.16185,-1.0,-1.0,-1
2018-09-05 12:00:00-04:00,1.16185,1.162995,1.161765,1.16212,-1.0,-1.0,-1
2018-09-05 13:00:00-04:00,1.16212,1.163215,1.16206,1.16218,-1.0,-1.0,-1
2018-09-05 14:00:00-04:00,1.16218,1.16281,1.162055,1.162405,-1.0,-1.0,-1
2018-09-05 15:00:00-04:00,1.162405,1.163295,1.162145,1.16314,-1.0,-1.0,-1
2018-09-05 16:00:00-04:00,1.16314,1.16341,1.16297,1.16301,-1.0,-1.0,-1
2018-09-05 17:15:00-04:00,1.16335,1.16341,1.16312,1.163345,-1.0,-1.0,-1
2018-09-05 18:00:00-04:00,1.163345,1.163475,1.16316,1.163245,-1.0,-1.0,-1
2018-09-05 19:00:00-04:00,1.163245,1.163505,1.163205,1.16345,-1.0,-1.0,-1
2018-09-05 20:00:00-04:00,1.16345,1.165935,1.16341,1.164505,-1.0,-1.0,-1
2018-09-05 21:00:00-04:00,1.164505,1.16496,1.164105,1.16442,-1.0,-1.0,-1
2018-09-05 22:00:00-04:00,1.16442,1.16509,1.164365,1.16469,-1.0,-1.0,-1
2018-09-05 23:00:00-04:00,1.16469,1.16473,1.163225,1.163445,-1.0,-1.0,-1
2018-09-06 00:00:00-04:00,1.163445,1.163765,1.162995,1.163405,-1.0,-1.0,-1
2018-09-06 01:00:00-04:00,1.163405,1.163475,1.161925,1.162285,-1.0,-1.0,-1
2018-09-06 02:00:00-04:00,1.162285,1.163165,1.161475,1.162105,-1.0,-1.0,-1
2018-09-06 03:00:00-04:00,1.162105,1.163705,1.16139,1.162265,-1.0,-1.0,-1
2018-09-06 04:00:00-04:00,1.162265,1.164215,1.162145,1.16356,-1.0,-1.0,-1
2018-09-06 05:00:00-04:00,1.16356,1.163695,1.161625,1.162125,-1.0,-1.0,-1
2018-09-06 06:00:00-04:00,1.162125,1.16287,1.16164,1.162815,-1.0,-1.0,-1
2018-09-06 07:00:00-04:00,1.162815,1.1638,1.162525,1.163015,-1.0,-1.0,-1
2018-09-06 08:00:00-04:00,1.163015,1.165495,1.16272,1.164165,-1.0,-1.0,-1
2018-09-06 09:00:00-04:00,1.164165,1.16455,1.163115,1.16415,-1.0,-1.0,-1
2018-09-06 10:00:00-04:00,1.16415,1.1647,1.162405,1.163125,-1.0,-1.0,-1
2018-09-06 11:00:00-04:00,1.163125,1.163285,1.160555,1.162335,-1.0,-1.0,-1
2018-09-06 12:00:00-04:00,1.162335,1.162505,1.161275,1.162465,-1.0,-1.0,-1
2018-09-06 13:00:00-04:00,1.162465,1.162655,1.161415,1.161965,-1.0,-1.0,-1
2018-09-06 14:00:00-04:00,1.161965,1.163295,1.16192,1.162555,-1.0,-1.0,-1
2018-09-06 15:00:00-04:00,1.162555,1.162715,1.162125,1.162215,-1.0,-1.0,-1
2018-09-06 16:00:00-04:00,1.162215,1.16278,1.161855,1.16234,-1.0,-1.0,-1
2018-09-06 17:15:00-04:00,1.16213,1.162415,1.16209,1.162345,-1.0,-1.0,-1
2018-09-06 18:00:00-04:00,1.162345,1.162485,1.162245,1.162465,-1.0,-1.0,-1
2018-09-06 19:00:00-04:00,1.162465,1.16253,1.161965,1.161995,-1.0,-1.0,-1
2018-09-06 20:00:00-04:00,1.161995,1.16239,1.161485,1.16183,-1.0,-1.0,-1
2018-09-06 21:00:00-04:00,1.16183,1.162495,1.161415,1.16232,-1.0,-1.0,-1
2018-09-06 22:00:00-04:00,1.16232,1.162645,1.16178,1.16193,-1.0,-1.0,-1
2018-09-06 23:00:00-04:00,1.16193,1.1624,1.16152,1.1624,-1.0,-1.0,-1
2018-09-07 00:00:00-04:00,1.1624,1.16292,1.162345,1.162895,-1.0,-1.0,-1
2018-09-07 01:00:00-04:00,1.162895,1.163115,1.16217,1.16246,-1.0,-1.0,-1
2018-09-07 02:00:00-04:00,1.16246,1.164485,1.16139,1.16405,-1.0,-1.0,-1
2018-09-07 03:00:00-04:00,1.16405,1.164925,1.16326,1.164575,-1.0,-1.0,-1
2018-09-07 04:00:00-04:00,1.164575,1.164845,1.164045,1.16442,-1.0,-1.0,-1
2018-09-07 05:00:00-04:00,1.16442,1.164945,1.163165,1.16364,-1.0,-1.0,-1
2018-09-07 06:00:00-04:00,1.16364,1.163885,1.16226,1.162585,-1.0,-1.0,-1
2018-09-07 07:00:00-04:00,1.162585,1.16283,1.160015,1.16099,-1.0,-1.0,-1
2018-09-07 08:00:00-04:00,1.16099,1.162195,1.156665,1.156685,-1.0,-1.0,-1
2018-09-07 09:00:00-04:00,1.156685,1.158665,1.156175,1.157825,-1.0,-1.0,-1
2018-09-07 10:00:00-04:00,1.157825,1.159345,1.157295,1.158265,-1.0,-1.0,-1
2018-09-07 11:00:00-04:00,1.158265,1.158595,1.15705,1.157115,-1.0,-1.0,-1
2018-09-07 12:00:00-04:00,1.157115,1.157345,1.15557,1.15612,-1.0,-1.0,-1
2018-09-07 13:00:00-04:00,1.15612,1.156325,1.155065,1.15616,-1.0,-1.0,-1
2018-09-07 14:00:00-04:00,1.15616,1.156725,1.155945,1.156475,-1.0,-1.0,-1
2018-09-07 15:00:00-04:00,1.156475,1.156645,1.15582,1.15582,-1.0,-1.0,-1
2018-09-07 16:00:00-04:00,1.15582,1.156115,1.155245,1.155375,-1.0,-1.0,-1
2018-09-09 17:15:00-04:00,1.155245,1.155445,1.15478,1.15512,-1.0,-1.0,-1
2018-09-09 18:00:00-04:00,1.15512,1.155995,1.15492,1.155545,-1.0,-1.0,-1
2018-09-09 19:00:00-04:00,1.155545,1.156095,1.155445,1.156075,-1.0,-1.0,-1
2018-09-09 20:00:00-04:00,1.156075,1.156425,1.155455,1.15642,-1.0,-1.0,-1
2018-09-09 21:00:00-04:00,1.15642,1.15643,1.154955,1.155,-1.0,-1.0,-1
2018-09-09 22:00:00-04:00,1.155,1.15554,1.154715,1.155105,-1.0,-1.0,-1
2018-09-09 23:00:00-04:00,1.155105,1.1553,1.15421,1.154425,-1.0,-1.0,-1
2018-09-10 00:00:00-04:00,1.154425,1.15474,1.153995,1.15474,-1.0,-1.0,-1
2018-09-10 01:00:00-04:00,1.15474,1.155195,1.154425,1.155165,-1.0,-1.0,-1
2018-09-10 02:00:00-04:00,1.155165,1.155405,1.152605,1.15328,-1.0,-1.0,-1
2018-09-10 03:00:00-04:00,1.15328,1.156765,1.153275,1.156625,-1.0,-1.0,-1
2018-09-10 04:00:00-04:00,1.156625,1.157385,1.156205,1.157095,-1.0,-1.0,-1
2018-09-10 05:00:00-04:00,1.157095,1.158445,1.15685,1.157665,-1.0,-1.0,-1
2018-09-10 06:00:00-04:00,1.157665,1.15801,1.15721,1.157665,-1.0,-1.0,-1
2018-09-10 07:00:00-04:00,1.157665,1.15796,1.156945,1.15717,-1.0,-1.0,-1
2018-09-10 08:00:00-04:00,1.15717,1.160445,1.15686,1.16031,-1.0,-1.0,-1
2018-09-10 09:00:00-04:00,1.16031,1.161645,1.159705,1.159995,-1.0,-1.0,-1
2018-09-10 10:00:00-04:00,1.159995,1.161295,1.159755,1.160525,-1.0,-1.0,-1
2018-09-10 11:00:00-04:00,1.160525,1.160965,1.160155,1.160375,-1.0,-1.0,-1
2018-09-10 12:00:00-04:00,1.160375,1.160575,1.159995,1.16015,-1.0,-1.0,-1
2018-09-10 13:00:00-04:00,1.16015,1.160345,1.159565,1.159715,-1.0,-1.0,-1
2018-09-10 14:00:00-04:00,1.159715,1.159895,1.159345,1.1597,-1.0,-1.0,-1
2018-09-10 15:00:00-04:00,1.1597,1.1598,1.159255,1.159665,-1.0,-1.0,-1
2018-09-10 16:00:00-04:00,1.159665,1.159835,1.15937,1.15938,-1.0,-1.0,-1
2018-09-10 17:15:00-04:00,1.159725,1.159805,1.159445,1.159625,-1.0,-1.0,-1
2018-09-10 18:00:00-04:00,1.159625,1.15968,1.159275,1.15945,-1.0,-1.0,-1
2018-09-10 19:00:00-04:00,1.15945,1.15961,1.15934,1.15936,-1.0,-1.0,-1
2018-09-10 20:00:00-04:00,1.15936,1.15998,1.15888,1.15893,-1.0,-1.0,-1
2018-09-10 21:00:00-04:00,1.15893,1.15899,1.157775,1.15865,-1.0,-1.0,-1
2018-09-10 22:00:00-04:00,1.15865,1.159015,1.158315,1.1589,-1.0,-1.0,-1
2018-09-10 23:00:00-04:00,1.1589,1.160005,1.1589,1.159815,-1.0,-1.0,-1
2018-09-11 00:00:00-04:00,1.159815,1.160435,1.159765,1.160095,-1.0,-1.0,-1
2018-09-11 01:00:00-04:00,1.160095,1.16129,1.15975,1.16127,-1.0,-1.0,-1
2018-09-11 02:00:00-04:00,1.16127,1.162895,1.160855,1.16257,-1.0,-1.0,-1
2018-09-11 03:00:00-04:00,1.16257,1.164435,1.162265,1.16302,-1.0,-1.0,-1
2018-09-11 04:00:00-04:00,1.16302,1.163445,1.160565,1.16148,-1.0,-1.0,-1
2018-09-11 05:00:00-04:00,1.16148,1.161735,1.159515,1.159575,-1.0,-1.0,-1
2018-09-11 06:00:00-04:00,1.159575,1.159685,1.157575,1.158465,-1.0,-1.0,-1
2018-09-11 07:00:00-04:00,1.158465,1.15893,1.15796,1.158095,-1.0,-1.0,-1
2018-09-11 08:00:00-04:00,1.158095,1.15866,1.156555,1.157805,-1.0,-1.0,-1
2018-09-11 09:00:00-04:00,1.157805,1.15884,1.157375,1.15802,-1.0,-1.0,-1
2018-09-11 10:00:00-04:00,1.15802,1.159875,1.15791,1.158365,-1.0,-1.0,-1
2018-09-11 11:00:00-04:00,1.158365,1.159145,1.157615,1.159105,-1.0,-1.0,-1
2018-09-11 12:00:00-04:00,1.159105,1.159785,1.158375,1.158805,-1.0,-1.0,-1
2018-09-11 13:00:00-04:00,1.158805,1.159625,1.158465,1.159065,-1.0,-1.0,-1
2018-09-11 14:00:00-04:00,1.159065,1.15936,1.158465,1.15852,-1.0,-1.0,-1
2018-09-11 15:00:00-04:00,1.15852,1.159155,1.158375,1.159145,-1.0,-1.0,-1
2018-09-11 16:00:00-04:00,1.159145,1.161295,1.159015,1.160585,-1.0,-1.0,-1
2018-09-11 17:15:00-04:00,1.1603,1.160475,1.15987,1.16006,-1.0,-1.0,-1
2018-09-11 18:00:00-04:00,1.16006,1.16033,1.15998,1.16023,-1.0,-1.0,-1
2018-09-11 19:00:00-04:00,1.16023,1.160385,1.15956,1.159565,-1.0,-1.0,-1
2018-09-11 20:00:00-04:00,1.159565,1.15992,1.159125,1.159745,-1.0,-1.0,-1
2018-09-11 21:00:00-04:00,1.159745,1.159805,1.15883,1.15902,-1.0,-1.0,-1
2018-09-11 22:00:00-04:00,1.15902,1.159395,1.158815,1.158985,-1.0,-1.0,-1
2018-09-11 23:00:00-04:00,1.158985,1.15939,1.158575,1.158585,-1.0,-1.0,-1
2018-09-12 00:00:00-04:00,1.158585,1.158865,1.158305,1.158715,-1.0,-1.0,-1
2018-09-12 01:00:00-04:00,1.158715,1.15907,1.158005,1.158375,-1.0,-1.0,-1
2018-09-12 02:00:00-04:00,1.158375,1.159745,1.15702,1.15713,-1.0,-1.0,-1
2018-09-12 03:00:00-04:00,1.15713,1.160465,1.157045,1.159675,-1.0,-1.0,-1
2018-09-12 04:00:00-04:00,1.159675,1.16049,1.15758,1.159055,-1.0,-1.0,-1
2018-09-12 05:00:00-04:00,1.159055,1.159885,1.15832,1.159475,-1.0,-1.0,-1
2018-09-12 06:00:00-04:00,1.159475,1.15954,1.157925,1.158065,-1.0,-1.0,-1
2018-09-12 07:00:00-04:00,1.158065,1.159365,1.15721,1.158065,-1.0,-1.0,-1
2018-09-12 08:00:00-04:00,1.158065,1.159935,1.15784,1.159215,-1.0,-1.0,-1
2018-09-12 09:00:00-04:00,1.159215,1.160045,1.158755,1.15978,-1.0,-1.0,-1
2018-09-12 10:00:00-04:00,1.15978,1.162565,1.159695,1.162465,-1.0,-1.0,-1
2018-09-12 11:00:00-04:00,1.162465,1.16498,1.162205,1.162615,-1.0,-1.0,-1
2018-09-12 12:00:00-04:00,1.162615,1.162935,1.161645,1.162925,-1.0,-1.0,-1
2018-09-12 13:00:00-04:00,1.162925,1.164085,1.162805,1.163915,-1.0,-1.0,-1
2018-09-12 14:00:00-04:00,1.163915,1.163935,1.163055,1.163225,-1.0,-1.0,-1
2018-09-12 15:00:00-04:00,1.163225,1.163225,1.162315,1.16266,-1.0,-1.0,-1
2018-09-12 16:00:00-04:00,1.16266,1.162965,1.16252,1.162635,-1.0,-1.0,-1
2018-09-12 17:15:00-04:00,1.163175,1.163175,1.162595,1.162915,-1.0,-1.0,-1
2018-09-12 18:00:00-04:00,1.162915,1.163225,1.16264,1.16278,-1.0,-1.0,-1
2018-09-12 19:00:00-04:00,1.16278,1.16299,1.162555,1.162555,-1.0,-1.0,-1
2018-09-12 20:00:00-04:00,1.162555,1.16364,1.16253,1.16352,-1.0,-1.0,-1
2018-09-12 21:00:00-04:00,1.16352,1.1643,1.163365,1.163715,-1.0,-1.0,-1
2018-09-12 22:00:00-04:00,1.163715,1.163755,1.163115,1.16351,-1.0,-1.0,-1
2018-09-12 23:00:00-04:00,1.16351,1.163945,1.163225,1.163745,-1.0,-1.0,-1
2018-09-13 00:00:00-04:00,1.163745,1.16394,1.162275,1.162305,-1.0,-1.0,-1
2018-09-13 01:00:00-04:00,1.162305,1.16291,1.161845,1.16207,-1.0,-1.0,-1
2018-09-13 02:00:00-04:00,1.16207,1.163255,1.16164,1.162455,-1.0,-1.0,-1
2018-09-13 03:00:00-04:00,1.162455,1.162965,1.161545,1.161565,-1.0,-1.0,-1
2018-09-13 04:00:00-04:00,1.161565,1.16252,1.16147,1.16147,-1.0,-1.0,-1
2018-09-13 05:00:00-04:00,1.16147,1.162,1.160915,1.16174,-1.0,-1.0,-1
2018-09-13 06:00:00-04:00,1.16174,1.162495,1.161505,1.16199,-1.0,-1.0,-1
2018-09-13 07:00:00-04:00,1.16199,1.163445,1.161755,1.162185,-1.0,-1.0,-1
2018-09-13 08:00:00-04:00,1.162185,1.168115,1.16144,1.167875,-1.0,-1.0,-1
2018-09-13 09:00:00-04:00,1.167875,1.170105,1.16733,1.1692,-1.0,-1.0,-1
2018-09-13 10:00:00-04:00,1.1692,1.169595,1.166845,1.167585,-1.0,-1.0,-1
2018-09-13 11:00:00-04:00,1.167585,1.168565,1.167095,1.167155,-1.0,-1.0,-1
2018-09-13 12:00:00-04:00,1.167155,1.168205,1.166955,1.16785,-1.0,-1.0,-1
2018-09-13 13:00:00-04:00,1.16785,1.168865,1.167615,1.168375,-1.0,-1.0,-1
2018-09-13 14:00:00-04:00,1.168375,1.169465,1.16829,1.169205,-1.0,-1.0,-1
2018-09-13 15:00:00-04:00,1.169205,1.169415,1.16863,1.168895,-1.0,-1.0,-1
2018-09-13 16:00:00-04:00,1.168895,1.169195,1.168845,1.169015,-1.0,-1.0,-1
2018-09-13 17:15:00-04:00,1.169125,1.169215,1.16882,1.168985,-1.0,-1.0,-1
2018-09-13 18:00:00-04:00,1.168985,1.16946,1.16897,1.169055,-1.0,-1.0,-1
2018-09-13 19:00:00-04:00,1.169055,1.16964,1.168915,1.16913,-1.0,-1.0,-1
2018-09-13 20:00:00-04:00,1.16913,1.16948,1.168785,1.16907,-1.0,-1.0,-1
2018-09-13 21:00:00-04:00,1.16907,1.169325,1.16885,1.168935,-1.0,-1.0,-1
2018-09-13 22:00:00-04:00,1.168935,1.169635,1.16891,1.16923,-1.0,-1.0,-1
2018-09-13 23:00:00-04:00,1.16923,1.169755,1.169225,1.16931,-1.0,-1.0,-1
2018-09-14 00:00:00-04:00,1.16931,1.169695,1.16894,1.169685,-1.0,-1.0,-1
2018-09-14 01:00:00-04:00,1.169685,1.169895,1.16904,1.16929,-1.0,-1.0,-1
2018-09-14 02:00:00-04:00,1.16929,1.170975,1.169045,1.17057,-1.0,-1.0,-1
2018-09-14 03:00:00-04:00,1.17057,1.172125,1.1699,1.171945,-1.0,-1.0,-1
2018-09-14 04:00:00-04:00,1.171945,1.172165,1.17032,1.170595,-1.0,-1.0,-1
2018-09-14 05:00:00-04:00,1.170595,1.170875,1.169815,1.16996,-1.0,-1.0,-1
2018-09-14 06:00:00-04:00,1.16996,1.17036,1.169515,1.170155,-1.0,-1.0,-1
2018-09-14 07:00:00-04:00,1.170155,1.170295,1.168615,1.168685,-1.0,-1.0,-1
2018-09-14 08:00:00-04:00,1.168685,1.170525,1.166525,1.166735,-1.0,-1.0,-1
2018-09-14 09:00:00-04:00,1.166735,1.167235,1.166015,1.166755,-1.0,-1.0,-1
2018-09-14 10:00:00-04:00,1.166755,1.16717,1.165505,1.1667,-1.0,-1.0,-1
2018-09-14 11:00:00-04:00,1.1667,1.166745,1.16542,1.16554,-1.0,-1.0,-1
2018-09-14 12:00:00-04:00,1.16554,1.16572,1.162635,1.16381,-1.0,-1.0,-1
2018-09-14 13:00:00-04:00,1.16381,1.16382,1.16252,1.16333,-1.0,-1.0,-1
2018-09-14 14:00:00-04:00,1.16333,1.16337,1.16235,1.163215,-1.0,-1.0,-1
2018-09-14 15:00:00-04:00,1.163215,1.1634,1.16208,1.162465,-1.0,-1.0,-1
2018-09-14 16:00:00-04:00,1.162465,1.162805,1.1621,1.162535,-1.0,-1.0,-1
2018-09-16 17:15:00-04:00,1.162925,1.16326,1.162505,1.162745,-1.0,-1.0,-1
2018-09-16 18:00:00-04:00,1.162745,1.162975,1.162355,1.162565,-1.0,-1.0,-1
2018-09-16 19:00:00-04:00,1.162565,1.1627,1.162195,1.16235,-1.0,-1.0,-1
2018-09-16 20:00:00-04:00,1.16235,1.16305,1.162265,1.16297,-1.0,-1.0,-1
2018-09-16 21:00:00-04:00,1.16297,1.163445,1.162855,1.162905,-1.0,-1.0,-1
2018-09-16 22:00:00-04:00,1.162905,1.163545,1.16255,1.16353,-1.0,-1.0,-1
2018-09-16 23:00:00-04:00,1.16353,1.163665,1.163115,1.163625,-1.0,-1.0,-1
2018-09-17 00:00:00-04:00,1.163625,1.163745,1.163155,1.16365,-1.0,-1.0,-1
2018-09-17 01:00:00-04:00,1.16365,1.163845,1.1631,1.163735,-1.0,-1.0,-1
2018-09-17 02:00:00-04:00,1.163735,1.164055,1.162555,1.162875,-1.0,-1.0,-1
2018-09-17 03:00:00-04:00,1.162875,1.16472,1.161775,1.164605,-1.0,-1.0,-1
2018-09-17 04:00:00-04:00,1.164605,1.166075,1.16454,1.16535,-1.0,-1.0,-1
2018-09-17 05:00:00-04:00,1.16535,1.165655,1.164735,1.16495,-1.0,-1.0,-1
2018-09-17 06:00:00-04:00,1.16495,1.166455,1.164775,1.16621,-1.0,-1.0,-1
2018-09-17 07:00:00-04:00,1.16621,1.166665,1.16571,1.166525,-1.0,-1.0,-1
2018-09-17 08:00:00-04:00,1.166525,1.168635,1.166475,1.168465,-1.0,-1.0,-1
2018-09-17 09:00:00-04:00,1.168465,1.169495,1.16814,1.169375,-1.0,-1.0,-1
2018-09-17 10:00:00-04:00,1.169375,1.169495,1.168565,1.169035,-1.0,-1.0,-1
2018-09-17 11:00:00-04:00,1.169035,1.16934,1.168225,1.168445,-1.0,-1.0,-1
2018-09-17 12:00:00-04:00,1.168445,1.169785,1.168445,1.169615,-1.0,-1.0,-1
2018-09-17 13:00:00-04:00,1.169615,1.169825,1.168405,1.168895,-1.0,-1.0,-1
2018-09-17 14:00:00-04:00,1.168895,1.168995,1.168465,1.16867,-1.0,-1.0,-1
2018-09-17 15:00:00-04:00,1.16867,1.168715,1.16819,1.16841,-1.0,-1.0,-1
2018-09-17 16:00:00-04:00,1.16841,1.168675,1.1683,1.16832,-1.0,-1.0,-1
2018-09-17 17:15:00-04:00,1.168525,1.16866,1.168305,1.168525,-1.0,-1.0,-1
2018-09-17 18:00:00-04:00,1.168525,1.16884,1.16705,1.16707,-1.0,-1.0,-1
2018-09-17 19:00:00-04:00,1.16707,1.167395,1.16669,1.16688,-1.0,-1.0,-1
2018-09-17 20:00:00-04:00,1.16688,1.1678,1.16679,1.16741,-1.0,-1.0,-1
2018-09-17 21:00:00-04:00,1.16741,1.168245,1.167185,1.168,-1.0,-1.0,-1
2018-09-17 22:00:00-04:00,1.168,1.168455,1.16764,1.16815,-1.0,-1.0,-1
2018-09-17 23:00:00-04:00,1.16815,1.17031,1.16815,1.16953,-1.0,-1.0,-1
2018-09-18 00:00:00-04:00,1.16953,1.170235,1.168955,1.16909,-1.0,-1.0,-1
2018-09-18 01:00:00-04:00,1.16909,1.170175,1.168485,1.169925,-1.0,-1.0,-1
2018-09-18 02:00:00-04:00,1.169925,1.171785,1.169585,1.169995,-1.0,-1.0,-1
2018-09-18 03:00:00-04:00,1.169995,1.17005,1.167285,1.168185,-1.0,-1.0,-1
2018-09-18 04:00:00-04:00,1.168185,1.168965,1.167725,1.168715,-1.0,-1.0,-1
2018-09-18 05:00:00-04:00,1.168715,1.169285,1.1677,1.16774,-1.0,-1.0,-1
2018-09-18 06:00:00-04:00,1.16774,1.168625,1.167225,1.168315,-1.0,-1.0,-1
2018-09-18 07:00:00-04:00,1.168315,1.17078,1.16791,1.170645,-1.0,-1.0,-1
2018-09-18 08:00:00-04:00,1.170645,1.170995,1.168605,1.170655,-1.0,-1.0,-1
2018-09-18 09:00:00-04:00,1.170655,1.172445,1.170365,1.170425,-1.0,-1.0,-1
2018-09-18 10:00:00-04:00,1.170425,1.17075,1.168805,1.169975,-1.0,-1.0,-1
2018-09-18 11:00:00-04:00,1.169975,1.17025,1.168235,1.169335,-1.0,-1.0,-1
2018-09-18 12:00:00-04:00,1.169335,1.169525,1.16551,1.16595,-1.0,-1.0,-1
2018-09-18 13:00:00-04:00,1.16595,1.16668,1.165225,1.166575,-1.0,-1.0,-1
2018-09-18 14:00:00-04:00,1.166575,1.16724,1.166415,1.16668,-1.0,-1.0,-1
2018-09-18 15:00:00-04:00,1.16668,1.16696,1.16589,1.16691,-1.0,-1.0,-1
2018-09-18 16:00:00-04:00,1.16691,1.167425,1.166645,1.16676,-1.0,-1.0,-1
2018-09-18 17:15:00-04:00,1.166805,1.16731,1.166645,1.16714,-1.0,-1.0,-1
2018-09-18 18:00:00-04:00,1.16714,1.16825,1.166985,1.16793,-1.0,-1.0,-1
2018-09-18 19:00:00-04:00,1.16793,1.168175,1.167755,1.16777,-1.0,-1.0,-1
2018-09-18 20:00:00-04:00,1.16777,1.16788,1.166735,1.16674,-1.0,-1.0,-1
2018-09-18 21:00:00-04:00,1.16674,1.166995,1.165575,1.16586,-1.0,-1.0,-1
2018-09-18 22:00:00-04:00,1.16586,1.16656,1.16574,1.1665,-1.0,-1.0,-1
2018-09-18 23:00:00-04:00,1.1665,1.16765,1.16637,1.167425,-1.0,-1.0,-1
2018-09-19 00:00:00-04:00,1.167425,1.167755,1.16707,1.16752,-1.0,-1.0,-1
2018-09-19 01:00:00-04:00,1.16752,1.168725,1.167415,1.16869,-1.0,-1.0,-1
2018-09-19 02:00:00-04:00,1.16869,1.168715,1.167525,1.1678,-1.0,-1.0,-1
2018-09-19 03:00:00-04:00,1.1678,1.170515,1.167345,1.17012,-1.0,-1.0,-1
2018-09-19 04:00:00-04:00,1.17012,1.171495,1.16972,1.17025,-1.0,-1.0,-1
2018-09-19 05:00:00-04:00,1.17025,1.170575,1.169605,1.16982,-1.0,-1.0,-1
2018-09-19 06:00:00-04:00,1.16982,1.169985,1.168965,1.16898,-1.0,-1.0,-1
2018-09-19 07:00:00-04:00,1.16898,1.169395,1.167015,1.167795,-1.0,-1.0,-1
2018-09-19 08:00:00-04:00,1.167795,1.168,1.166075,1.167505,-1.0,-1.0,-1
2018-09-19 09:00:00-04:00,1.167505,1.1678,1.165815,1.16627,-1.0,-1.0,-1
2018-09-19 10:00:00-04:00,1.16627,1.167665,1.165025,1.166815,-1.0,-1.0,-1
2018-09-19 11:00:00-04:00,1.166815,1.169285,1.166815,1.168675,-1.0,-1.0,-1
2018-09-19 12:00:00-04:00,1.168675,1.16909,1.167965,1.16832,-1.0,-1.0,-1
2018-09-19 13:00:00-04:00,1.16832,1.16832,1.166915,1.16744,-1.0,-1.0,-1
2018-09-19 14:00:00-04:00,1.16744,1.167665,1.16715,1.1674,-1.0,-1.0,-1
2018-09-19 15:00:00-04:00,1.1674,1.16756,1.167275,1.167305,-1.0,-1.0,-1
2018-09-19 16:00:00-04:00,1.167305,1.167755,1.16722,1.167265,-1.0,-1.0,-1
2018-09-19 17:15:00-04:00,1.167725,1.167725,1.167105,1.167225,-1.0,-1.0,-1
2018-09-19 18:00:00-04:00,1.167225,1.16769,1.166935,1.16709,-1.0,-1.0,-1
2018-09-19 19:00:00-04:00,1.16709,1.167475,1.16691,1.167415,-1.0,-1.0,-1
2018-09-19 20:00:00-04:00,1.167415,1.168155,1.167205,1.16808,-1.0,-1.0,-1
2018-09-19 21:00:00-04:00,1.16808,1.168505,1.16762,1.16841,-1.0,-1.0,-1
2018-09-19 22:00:00-04:00,1.16841,1.168455,1.16799,1.16836,-1.0,-1.0,-1
2018-09-19 23:00:00-04:00,1.16836,1.168675,1.16785,1.16785,-1.0,-1.0,-1
2018-09-20 00:00:00-04:00,1.16785,1.16858,1.167775,1.167875,-1.0,-1.0,-1
2018-09-20 01:00:00-04:00,1.167875,1.1685,1.16775,1.168385,-1.0,-1.0,-1
2018-09-20 02:00:00-04:00,1.168385,1.1694,1.167935,1.16841,-1.0,-1.0,-1
2018-09-20 03:00:00-04:00,1.16841,1.170455,1.16837,1.1697,-1.0,-1.0,-1
2018-09-20 04:00:00-04:00,1.1697,1.17087,1.168545,1.16917,-1.0,-1.0,-1
2018-09-20 05:00:00-04:00,1.16917,1.170885,1.168625,1.1704,-1.0,-1.0,-1
2018-09-20 06:00:00-04:00,1.1704,1.172085,1.16977,1.172085,-1.0,-1.0,-1
2018-09-20 07:00:00-04:00,1.172085,1.176445,1.171445,1.175855,-1.0,-1.0,-1
2018-09-20 08:00:00-04:00,1.175855,1.177695,1.17585,1.177025,-1.0,-1.0,-1
2018-09-20 09:00:00-04:00,1.177025,1.17768,1.174395,1.175735,-1.0,-1.0,-1
2018-09-20 10:00:00-04:00,1.175735,1.17639,1.17449,1.175015,-1.0,-1.0,-1
2018-09-20 11:00:00-04:00,1.175015,1.176075,1.174115,1.17428,-1.0,-1.0,-1
2018-09-20 12:00:00-04:00,1.17428,1.175885,1.173895,1.175805,-1.0,-1.0,-1
2018-09-20 13:00:00-04:00,1.175805,1.177375,1.175735,1.176995,-1.0,-1.0,-1
2018-09-20 14:00:00-04:00,1.176995,1.17767,1.1766,1.17763,-1.0,-1.0,-1
2018-09-20 15:00:00-04:00,1.17763,1.178465,1.177485,1.177825,-1.0,-1.0,-1
2018-09-20 16:00:00-04:00,1.177825,1.178305,1.17763,1.177675,-1.0,-1.0,-1
2018-09-20 17:15:00-04:00,1.17745,1.177945,1.17745,1.177695,-1.0,-1.0,-1
2018-09-20 18:00:00-04:00,1.177695,1.17804,1.177655,1.17794,-1.0,-1.0,-1
2018-09-20 19:00:00-04:00,1.17794,1.178035,1.177435,1.177565,-1.0,-1.0,-1
2018-09-20 20:00:00-04:00,1.177565,1.178435,1.17756,1.17835,-1.0,-1.0,-1
2018-09-20 21:00:00-04:00,1.17835,1.17844,1.177595,1.177665,-1.0,-1.0,-1
2018-09-20 22:00:00-04:00,1.177665,1.17833,1.17765,1.178195,-1.0,-1.0,-1
2018-09-20 23:00:00-04:00,1.178195,1.178545,1.17797,1.178405,-1.0,-1.0,-1
2018-09-21 00:00:00-04:00,1.178405,1.178695,1.17776,1.177865,-1.0,-1.0,-1
2018-09-21 01:00:00-04:00,1.177865,1.17853,1.177855,1.178475,-1.0,-1.0,-1
2018-09-21 02:00:00-04:00,1.178475,1.178925,1.177275,1.178475,-1.0,-1.0,-1
2018-09-21 03:00:00-04:00,1.178475,1.180285,1.17692,1.177315,-1.0,-1.0,-1
2018-09-21 04:00:00-04:00,1.177315,1.17974,1.177065,1.179325,-1.0,-1.0,-1
2018-09-21 05:00:00-04:00,1.179325,1.179385,1.177625,1.177735,-1.0,-1.0,-1
2018-09-21 06:00:00-04:00,1.177735,1.177995,1.176095,1.176215,-1.0,-1.0,-1
2018-09-21 07:00:00-04:00,1.176215,1.17698,1.175525,1.17595,-1.0,-1.0,-1
2018-09-21 08:00:00-04:00,1.17595,1.176725,1.175105,1.17575,-1.0,-1.0,-1
2018-09-21 09:00:00-04:00,1.17575,1.175985,1.17328,1.174245,-1.0,-1.0,-1
2018-09-21 10:00:00-04:00,1.174245,1.176725,1.174165,1.17587,-1.0,-1.0,-1
2018-09-21 11:00:00-04:00,1.17587,1.176085,1.173525,1.173885,-1.0,-1.0,-1
2018-09-21 12:00:00-04:00,1.173885,1.17456,1.173495,1.174225,-1.0,-1.0,-1
2018-09-21 13:00:00-04:00,1.174225,1.174675,1.173935,1.174325,-1.0,-1.0,-1
2018-09-21 14:00:00-04:00,1.174325,1.174835,1.174115,1.17472,-1.0,-1.0,-1
2018-09-21 15:00:00-04:00,1.17472,1.17517,1.174555,1.174925,-1.0,-1.0,-1
2018-09-21 16:00:00-04:00,1.174925,1.175535,1.174715,1.175015,-1.0,-1.0,-1
2018-09-23 17:15:00-04:00,1.174675,1.175355,1.173005,1.17459,-1.0,-1.0,-1
2018-09-23 18:00:00-04:00,1.17459,1.1749,1.174515,1.17464,-1.0,-1.0,-1
2018-09-23 19:00:00-04:00,1.17464,1.175005,1.174485,1.174865,-1.0,-1.0,-1
2018-09-23 20:00:00-04:00,1.174865,1.175285,1.17464,1.17471,-1.0,-1.0,-1
2018-09-23 21:00:00-04:00,1.17471,1.17476,1.17374,1.173885,-1.0,-1.0,-1
2018-09-23 22:00:00-04:00,1.173885,1.174225,1.173755,1.173965,-1.0,-1.0,-1
2018-09-23 23:00:00-04:00,1.173965,1.17423,1.17386,1.174225,-1.0,-1.0,-1
2018-09-24 00:00:00-04:00,1.174225,1.174485,1.17395,1.17437,-1.0,-1.0,-1
2018-09-24 01:00:00-04:00,1.17437,1.17486,1.173205,1.17323,-1.0,-1.0,-1
2018-09-24 02:00:00-04:00,1.17323,1.173825,1.172415,1.173635,-1.0,-1.0,-1
2018-09-24 03:00:00-04:00,1.173635,1.174875,1.173475,1.1741,-1.0,-1.0,-1
2018-09-24 04:00:00-04:00,1.1741,1.176835,1.173915,1.176785,-1.0,-1.0,-1
2018-09-24 05:00:00-04:00,1.176785,1.177385,1.176365,1.176975,-1.0,-1.0,-1
2018-09-24 06:00:00-04:00,1.176975,1.177485,1.176255,1.176395,-1.0,-1.0,-1
2018-09-24 07:00:00-04:00,1.176395,1.177075,1.17622,1.176355,-1.0,-1.0,-1
2018-09-24 08:00:00-04:00,1.176355,1.17732,1.175165,1.175185,-1.0,-1.0,-1
2018-09-24 09:00:00-04:00,1.175185,1.18153,1.17497,1.17986,-1.0,-1.0,-1
2018-09-24 10:00:00-04:00,1.17986,1.180035,1.177535,1.178765,-1.0,-1.0,-1
2018-09-24 11:00:00-04:00,1.178765,1.179175,1.175475,1.177275,-1.0,-1.0,-1
2018-09-24 12:00:00-04:00,1.177275,1.177555,1.17645,1.17654,-1.0,-1.0,-1
2018-09-24 13:00:00-04:00,1.17654,1.176575,1.175315,1.175905,-1.0,-1.0,-1
2018-09-24 14:00:00-04:00,1.175905,1.1761,1.175485,1.17585,-1.0,-1.0,-1
2018-09-24 15:00:00-04:00,1.17585,1.175995,1.174445,1.174575,-1.0,-1.0,-1
2018-09-24 16:00:00-04:00,1.174575,1.175165,1.17455,1.17478,-1.0,-1.0,-1
2018-09-24 17:15:00-04:00,1.175,1.175365,1.173605,1.174925,-1.0,-1.0,-1
2018-09-24 18:00:00-04:00,1.174925,1.17508,1.17461,1.17499,-1.0,-1.0,-1
2018-09-24 19:00:00-04:00,1.17499,1.175405,1.174885,1.175265,-1.0,-1.0,-1
2018-09-24 20:00:00-04:00,1.175265,1.17589,1.175125,1.17525,-1.0,-1.0,-1
2018-09-24 21:00:00-04:00,1.17525,1.1756,1.174085,1.174245,-1.0,-1.0,-1
2018-09-24 22:00:00-04:00,1.174245,1.17427,1.173095,1.173815,-1.0,-1.0,-1
2018-09-24 23:00:00-04:00,1.173815,1.17411,1.173435,1.174035,-1.0,-1.0,-1
2018-09-25 00:00:00-04:00,1.174035,1.174345,1.17375,1.174105,-1.0,-1.0,-1
2018-09-25 01:00:00-04:00,1.174105,1.174855,1.17391,1.17482,-1.0,-1.0,-1
2018-09-25 02:00:00-04:00,1.17482,1.176555,1.17438,1.176095,-1.0,-1.0,-1
2018-09-25 03:00:00-04:00,1.176095,1.17745,1.17437,1.176905,-1.0,-1.0,-1
2018-09-25 04:00:00-04:00,1.176905,1.177045,1.173355,1.176065,-1.0,-1.0,-1
2018-09-25 05:00:00-04:00,1.176065,1.176785,1.17581,1.176585,-1.0,-1.0,-1
2018-09-25 06:00:00-04:00,1.176585,1.176625,1.175895,1.176175,-1.0,-1.0,-1
2018-09-25 07:00:00-04:00,1.176175,1.179045,1.175905,1.178155,-1.0,-1.0,-1
2018-09-25 08:00:00-04:00,1.178155,1.17837,1.17718,1.17795,-1.0,-1.0,-1
2018-09-25 09:00:00-04:00,1.17795,1.17886,1.177615,1.178445,-1.0,-1.0,-1
2018-09-25 10:00:00-04:00,1.178445,1.179275,1.17762,1.17859,-1.0,-1.0,-1
2018-09-25 11:00:00-04:00,1.17859,1.178625,1.176525,1.17701,-1.0,-1.0,-1
2018-09-25 12:00:00-04:00,1.17701,1.177535,1.17666,1.177245,-1.0,-1.0,-1
2018-09-25 13:00:00-04:00,1.177245,1.177575,1.1761,1.176305,-1.0,-1.0,-1
2018-09-25 14:00:00-04:00,1.176305,1.177075,1.176095,1.176735,-1.0,-1.0,-1
2018-09-25 15:00:00-04:00,1.176735,1.177095,1.17635,1.176635,-1.0,-1.0,-1
2018-09-25 16:00:00-04:00,1.176635,1.17688,1.176535,1.17667,-1.0,-1.0,-1
2018-09-25 17:15:00-04:00,1.17692,1.176925,1.176455,1.176545,-1.0,-1.0,-1
2018-09-25 18:00:00-04:00,1.176545,1.17672,1.176495,1.176645,-1.0,-1.0,-1
2018-09-25 19:00:00-04:00,1.176645,1.17684,1.176185,1.1763,-1.0,-1.0,-1
2018-09-25 20:00:00-04:00,1.1763,1.17659,1.17569,1.17576,-1.0,-1.0,-1
2018-09-25 21:00:00-04:00,1.17576,1.176435,1.175605,1.17635,-1.0,-1.0,-1
2018-09-25 22:00:00-04:00,1.17635,1.17666,1.17608,1.176455,-1.0,-1.0,-1
2018-09-25 23:00:00-04:00,1.176455,1.17671,1.176225,1.17664,-1.0,-1.0,-1
2018-09-26 00:00:00-04:00,1.17664,1.176815,1.176335,1.176335,-1.0,-1.0,-1
2018-09-26 01:00:00-04:00,1.176335,1.17657,1.175975,1.176065,-1.0,-1.0,-1
2018-09-26 02:00:00-04:00,1.176065,1.176855,1.175805,1.176155,-1.0,-1.0,-1
2018-09-26 03:00:00-04:00,1.176155,1.177565,1.175785,1.176715,-1.0,-1.0,-1
2018-09-26 04:00:00-04:00,1.176715,1.17748,1.176555,1.176715,-1.0,-1.0,-1
2018-09-26 05:00:00-04:00,1.176715,1.176985,1.17631,1.17651,-1.0,-1.0,-1
2018-09-26 06:00:00-04:00,1.17651,1.176525,1.174605,1.174945,-1.0,-1.0,-1
2018-09-26 07:00:00-04:00,1.174945,1.175055,1.173555,1.173635,-1.0,-1.0,-1
2018-09-26 08:00:00-04:00,1.173635,1.174305,1.17306,1.174065,-1.0,-1.0,-1
2018-09-26 09:00:00-04:00,1.174065,1.174085,1.172605,1.173415,-1.0,-1.0,-1
2018-09-26 10:00:00-04:00,1.173415,1.175215,1.173115,1.174835,-1.0,-1.0,-1
2018-09-26 11:00:00-04:00,1.174835,1.17578,1.174435,1.175675,-1.0,-1.0,-1
2018-09-26 12:00:00-04:00,1.175675,1.175755,1.17447,1.175205,-1.0,-1.0,-1
2018-09-26 13:00:00-04:00,1.175205,1.1769,1.175205,1.17664,-1.0,-1.0,-1
2018-09-26 14:00:00-04:00,1.17664,1.179795,1.173125,1.175995,-1.0,-1.0,-1
2018-09-26 15:00:00-04:00,1.175995,1.17714,1.17455,1.17467,-1.0,-1.0,-1
2018-09-26 16:00:00-04:00,1.17467,1.17484,1.173635,1.174025,-1.0,-1.0,-1
2018-09-26 17:15:00-04:00,1.174775,1.175215,1.17413,1.174225,-1.0,-1.0,-1
2018-09-26 18:00:00-04:00,1.174225,1.175165,1.174215,1.17492,-1.0,-1.0,-1
2018-09-26 19:00:00-04:00,1.17492,1.175165,1.174705,1.174705,-1.0,-1.0,-1
2018-09-26 20:00:00-04:00,1.174705,1.175715,1.17461,1.17539,-1.0,-1.0,-1
2018-09-26 21:00:00-04:00,1.17539,1.17557,1.174025,1.17419,-1.0,-1.0,-1
2018-09-26 22:00:00-04:00,1.17419,1.174885,1.174115,1.174615,-1.0,-1.0,-1
2018-09-26 23:00:00-04:00,1.174615,1.175295,1.17461,1.1751,-1.0,-1.0,-1
2018-09-27 00:00:00-04:00,1.1751,1.175245,1.174565,1.174905,-1.0,-1.0,-1
2018-09-27 01:00:00-04:00,1.174905,1.17514,1.169075,1.170385,-1.0,-1.0,-1
2018-09-27 02:00:00-04:00,1.170385,1.171145,1.169185,1.170665,-1.0,-1.0,-1
2018-09-27 03:00:00-04:00,1.170665,1.171655,1.16852,1.170245,-1.0,-1.0,-1
2018-09-27 04:00:00-04:00,1.170245,1.171825,1.169985,1.171135,-1.0,-1.0,-1
2018-09-27 05:00:00-04:00,1.171135,1.172035,1.170255,1.170575,-1.0,-1.0,-1
2018-09-27 06:00:00-04:00,1.170575,1.172005,1.170315,1.17196,-1.0,-1.0,-1
2018-09-27 07:00:00-04:00,1.17196,1.171975,1.169935,1.170335,-1.0,-1.0,-1
2018-09-27 08:00:00-04:00,1.170335,1.171285,1.167315,1.167485,-1.0,-1.0,-1
2018-09-27 09:00:00-04:00,1.167485,1.168535,1.167065,1.168245,-1.0,-1.0,-1
2018-09-27 10:00:00-04:00,1.168245,1.16964,1.167465,1.167585,-1.0,-1.0,-1
2018-09-27 11:00:00-04:00,1.167585,1.167855,1.16632,1.166965,-1.0,-1.0,-1
2018-09-27 12:00:00-04:00,1.166965,1.16849,1.166915,1.167325,-1.0,-1.0,-1
2018-09-27 13:00:00-04:00,1.167325,1.16735,1.166105,1.166505,-1.0,-1.0,-1
2018-09-27 14:00:00-04:00,1.166505,1.16661,1.165365,1.165835,-1.0,-1.0,-1
2018-09-27 15:00:00-04:00,1.165835,1.166235,1.164215,1.164995,-1.0,-1.0,-1
2018-09-27 16:00:00-04:00,1.164995,1.165245,1.1639,1.164065,-1.0,-1.0,-1
2018-09-27 17:15:00-04:00,1.164175,1.164215,1.16389,1.163925,-1.0,-1.0,-1
2018-09-27 18:00:00-04:00,1.163925,1.16415,1.163335,1.163495,-1.0,-1.0,-1
2018-09-27 19:00:00-04:00,1.163495,1.163695,1.163325,1.16361,-1.0,-1.0,-1
2018-09-27 20:00:00-04:00,1.16361,1.16437,1.16357,1.16426,-1.0,-1.0,-1
2018-09-27 21:00:00-04:00,1.16426,1.16457,1.163955,1.164325,-1.0,-1.0,-1
2018-09-27 22:00:00-04:00,1.164325,1.16482,1.164235,1.164755,-1.0,-1.0,-1
2018-09-27 23:00:00-04:00,1.164755,1.164945,1.164475,1.16479,-1.0,-1.0,-1
2018-09-28 00:00:00-04:00,1.16479,1.16494,1.16378,1.16459,-1.0,-1.0,-1
2018-09-28 01:00:00-04:00,1.16459,1.165135,1.164035,1.16489,-1.0,-1.0,-1
2018-09-28 02:00:00-04:00,1.16489,1.165105,1.162365,1.16261,-1.0,-1.0,-1
2018-09-28 03:00:00-04:00,1.16261,1.16288,1.16148,1.16185,-1.0,-1.0,-1
2018-09-28 04:00:00-04:00,1.16185,1.163125,1.161165,1.16144,-1.0,-1.0,-1
2018-09-28 05:00:00-04:00,1.16144,1.161715,1.159435,1.159595,-1.0,-1.0,-1
2018-09-28 06:00:00-04:00,1.159595,1.159645,1.158045,1.158045,-1.0,-1.0,-1
2018-09-28 07:00:00-04:00,1.158045,1.158445,1.156975,1.158265,-1.0,-1.0,-1
2018-09-28 08:00:00-04:00,1.158265,1.158705,1.15718,1.158475,-1.0,-1.0,-1
2018-09-28 09:00:00-04:00,1.158475,1.159345,1.157255,1.15802,-1.0,-1.0,-1
2018-09-28 10:00:00-04:00,1.15802,1.161765,1.157915,1.161425,-1.0,-1.0,-1
2018-09-28 11:00:00-04:00,1.161425,1.162945,1.161225,1.162175,-1.0,-1.0,-1
2018-09-28 12:00:00-04:00,1.162175,1.162525,1.160895,1.161365,-1.0,-1.0,-1
2018-09-28 13:00:00-04:00,1.161365,1.161785,1.160945,1.161325,-1.0,-1.0,-1
2018-09-28 14:00:00-04:00,1.161325,1.161685,1.160635,1.160965,-1.0,-1.0,-1
2018-09-28 15:00:00-04:00,1.160965,1.161445,1.16063,1.16094,-1.0,-1.0,-1
2018-09-28 16:00:00-04:00,1.16094,1.16124,1.16018,1.1603,-1.0,-1.0,-1
2018-09-30 17:15:00-04:00,1.161025,1.161475,1.160815,1.16105,-1.0,-1.0,-1
2018-09-30 18:00:00-04:00,1.16105,1.16112,1.160445,1.160485,-1.0,-1.0,-1
2018-09-30 19:00:00-04:00,1.160485,1.160855,1.160305,1.160545,-1.0,-1.0,-1
2018-09-30 20:00:00-04:00,1.160545,1.161005,1.16043,1.160695,-1.0,-1.0,-1
2018-09-30 21:00:00-04:00,1.160695,1.16086,1.15954,1.16007,-1.0,-1.0,-1
2018-09-30 22:00:00-04:00,1.16007,1.160315,1.15961,1.159655,-1.0,-1.0,-1
2018-09-30 23:00:00-04:00,1.159655,1.1598,1.159345,1.15963,-1.0,-1.0,-1
2018-10-01 00:00:00-04:00,1.15963,1.15965,1.15912,1.15954,-1.0,-1.0,-1
2018-10-01 01:00:00-04:00,1.15954,1.159825,1.15858,1.158875,-1.0,-1.0,-1
2018-10-01 02:00:00-04:00,1.158875,1.15951,1.157535,1.158075,-1.0,-1.0,-1
2018-10-01 03:00:00-04:00,1.158075,1.159785,1.157395,1.159605,-1.0,-1.0,-1
2018-10-01 04:00:00-04:00,1.159605,1.16082,1.15926,1.16073,-1.0,-1.0,-1
2018-10-01 05:00:00-04:00,1.16073,1.161925,1.15998,1.161575,-1.0,-1.0,-1
2018-10-01 06:00:00-04:00,1.161575,1.161865,1.16048,1.160855,-1.0,-1.0,-1
2018-10-01 07:00:00-04:00,1.160855,1.161385,1.158845,1.159915,-1.0,-1.0,-1
2018-10-01 08:00:00-04:00,1.159915,1.162485,1.159515,1.160985,-1.0,-1.0,-1
2018-10-01 09:00:00-04:00,1.160985,1.16108,1.159405,1.16029,-1.0,-1.0,-1
2018-10-01 10:00:00-04:00,1.16029,1.161115,1.157315,1.158435,-1.0,-1.0,-1
2018-10-01 11:00:00-04:00,1.158435,1.15897,1.156365,1.156605,-1.0,-1.0,-1
2018-10-01 12:00:00-04:00,1.156605,1.15787,1.15659,1.156855,-1.0,-1.0,-1
2018-10-01 13:00:00-04:00,1.156855,1.157505,1.156415,1.157495,-1.0,-1.0,-1
2018-10-01 14:00:00-04:00,1.157495,1.157875,1.157235,1.157475,-1.0,-1.0,-1
2018-10-01 15:00:00-04:00,1.157475,1.158035,1.157435,1.157835,-1.0,-1.0,-1
2018-10-01 16:00:00-04:00,1.157835,1.157995,1.157625,1.157825,-1.0,-1.0,-1
2018-10-01 17:15:00-04:00,1.157875,1.15788,1.15739,1.157445,-1.0,-1.0,-1
2018-10-01 18:00:00-04:00,1.157445,1.1579,1.157445,1.15757,-1.0,-1.0,-1
2018-10-01 19:00:00-04:00,1.15757,1.15788,1.15757,1.15771,-1.0,-1.0,-1
2018-10-01 20:00:00-04:00,1.15771,1.157775,1.15726,1.15758,-1.0,-1.0,-1
2018-10-01 21:00:00-04:00,1.15758,1.158025,1.156885,1.157265,-1.0,-1.0,-1
2018-10-01 22:00:00-04:00,1.157265,1.157475,1.15686,1.157095,-1.0,-1.0,-1
2018-10-01 23:00:00-04:00,1.157095,1.157265,1.156965,1.15704,-1.0,-1.0,-1
2018-10-02 00:00:00-04:00,1.15704,1.15749,1.156915,1.15695,-1.0,-1.0,-1
2018-10-02 01:00:00-04:00,1.15695,1.157035,1.154505,1.154755,-1.0,-1.0,-1
2018-10-02 02:00:00-04:00,1.154755,1.154885,1.15348,1.153835,-1.0,-1.0,-1
2018-10-02 03:00:00-04:00,1.153835,1.15478,1.152505,1.154365,-1.0,-1.0,-1
2018-10-02 04:00:00-04:00,1.154365,1.15458,1.151165,1.15146,-1.0,-1.0,-1
2018-10-02 05:00:00-04:00,1.15146,1.15217,1.150525,1.15152,-1.0,-1.0,-1
2018-10-02 06:00:00-04:00,1.15152,1.152115,1.150805,1.151745,-1.0,-1.0,-1
2018-10-02 07:00:00-04:00,1.151745,1.15324,1.151735,1.152915,-1.0,-1.0,-1
2018-10-02 08:00:00-04:00,1.152915,1.154645,1.152765,1.153835,-1.0,-1.0,-1
2018-10-02 09:00:00-04:00,1.153835,1.15433,1.152905,1.153305,-1.0,-1.0,-1
2018-10-02 10:00:00-04:00,1.153305,1.155765,1.153285,1.155655,-1.0,-1.0,-1
2018-10-02 11:00:00-04:00,1.155655,1.157035,1.15521,1.15586,-1.0,-1.0,-1
2018-10-02 12:00:00-04:00,1.15586,1.15678,1.15506,1.15507,-1.0,-1.0,-1
2018-10-02 13:00:00-04:00,1.15507,1.155285,1.15427,1.154275,-1.0,-1.0,-1
2018-10-02 14:00:00-04:00,1.154275,1.154835,1.15397,1.154445,-1.0,-1.0,-1
2018-10-02 15:00:00-04:00,1.154445,1.15555,1.154145,1.155185,-1.0,-1.0,-1
2018-10-02 16:00:00-04:00,1.155185,1.155345,1.15455,1.15463,-1.0,-1.0,-1
2018-10-02 17:15:00-04:00,1.15465,1.15499,1.15455,1.154695,-1.0,-1.0,-1
2018-10-02 18:00:00-04:00,1.154695,1.15513,1.154585,1.155075,-1.0,-1.0,-1
2018-10-02 19:00:00-04:00,1.155075,1.155285,1.15506,1.15506,-1.0,-1.0,-1
2018-10-02 20:00:00-04:00,1.15506,1.155435,1.15427,1.15445,-1.0,-1.0,-1
2018-10-02 21:00:00-04:00,1.15445,1.157495,1.153595,1.157,-1.0,-1.0,-1
2018-10-02 22:00:00-04:00,1.157,1.15937,1.156445,1.158515,-1.0,-1.0,-1
2018-10-02 23:00:00-04:00,1.158515,1.15884,1.157925,1.158005,-1.0,-1.0,-1
2018-10-03 00:00:00-04:00,1.158005,1.15832,1.15753,1.15778,-1.0,-1.0,-1
2018-10-03 01:00:00-04:00,1.15778,1.158945,1.15763,1.158635,-1.0,-1.0,-1
2018-10-03 02:00:00-04:00,1.158635,1.159285,1.1574,1.158255,-1.0,-1.0,-1
2018-10-03 03:00:00-04:00,1.158255,1.158425,1.157115,1.157825,-1.0,-1.0,-1
2018-10-03 04:00:00-04:00,1.157825,1.15814,1.156625,1.15751,-1.0,-1.0,-1
2018-10-03 05:00:00-04:00,1.15751,1.15751,1.155825,1.15689,-1.0,-1.0,-1
2018-10-03 06:00:00-04:00,1.15689,1.15695,1.155345,1.15535,-1.0,-1.0,-1
2018-10-03 07:00:00-04:00,1.15535,1.155595,1.15427,1.154785,-1.0,-1.0,-1
2018-10-03 08:00:00-04:00,1.154785,1.155425,1.152775,1.152945,-1.0,-1.0,-1
2018-10-03 09:00:00-04:00,1.152945,1.154075,1.152765,1.153855,-1.0,-1.0,-1
2018-10-03 10:00:00-04:00,1.153855,1.154675,1.151555,1.153715,-1.0,-1.0,-1
2018-10-03 11:00:00-04:00,1.153715,1.153955,1.151725,1.1524,-1.0,-1.0,-1
2018-10-03 12:00:00-04:00,1.1524,1.152845,1.151225,1.151475,-1.0,-1.0,-1
2018-10-03 13:00:00-04:00,1.151475,1.152575,1.150955,1.15194,-1.0,-1.0,-1
2018-10-03 14:00:00-04:00,1.15194,1.152125,1.151265,1.15168,-1.0,-1.0,-1
2018-10-03 15:00:00-04:00,1.15168,1.15177,1.150925,1.15147,-1.0,-1.0,-1
2018-10-03 16:00:00-04:00,1.15147,1.151635,1.146435,1.147795,-1.0,-1.0,-1
2018-10-03 17:15:00-04:00,1.147325,1.14836,1.146995,1.148125,-1.0,-1.0,-1
2018-10-03 18:00:00-04:00,1.148125,1.148765,1.148125,1.14838,-1.0,-1.0,-1
2018-10-03 19:00:00-04:00,1.14838,1.14853,1.14737,1.147655,-1.0,-1.0,-1
2018-10-03 20:00:00-04:00,1.147655,1.14807,1.147215,1.14769,-1.0,-1.0,-1
2018-10-03 21:00:00-04:00,1.14769,1.147715,1.146535,1.147245,-1.0,-1.0,-1
2018-10-03 22:00:00-04:00,1.147245,1.14773,1.146565,1.147115,-1.0,-1.0,-1
2018-10-03 23:00:00-04:00,1.147115,1.147345,1.146725,1.147265,-1.0,-1.0,-1
2018-10-04 00:00:00-04:00,1.147265,1.14751,1.14635,1.14699,-1.0,-1.0,-1
2018-10-04 01:00:00-04:00,1.14699,1.147825,1.14662,1.147365,-1.0,-1.0,-1
2018-10-04 02:00:00-04:00,1.147365,1.14874,1.146705,1.14765,-1.0,-1.0,-1
2018-10-04 03:00:00-04:00,1.14765,1.149715,1.14751,1.14935,-1.0,-1.0,-1
2018-10-04 04:00:00-04:00,1.14935,1.149945,1.148165,1.148655,-1.0,-1.0,-1
2018-10-04 05:00:00-04:00,1.148655,1.150575,1.148655,1.149645,-1.0,-1.0,-1
2018-10-04 06:00:00-04:00,1.149645,1.150435,1.149475,1.149975,-1.0,-1.0,-1
2018-10-04 07:00:00-04:00,1.149975,1.150995,1.14962,1.150445,-1.0,-1.0,-1
2018-10-04 08:00:00-04:00,1.150445,1.151575,1.14947,1.15085,-1.0,-1.0,-1
2018-10-04 09:00:00-04:00,1.15085,1.152695,1.150765,1.151785,-1.0,-1.0,-1
2018-10-04 10:00:00-04:00,1.151785,1.15428,1.151435,1.15226,-1.0,-1.0,-1
2018-10-04 11:00:00-04:00,1.15226,1.152535,1.150435,1.150535,-1.0,-1.0,-1
2018-10-04 12:00:00-04:00,1.150535,1.150975,1.149905,1.150415,-1.0,-1.0,-1
2018-10-04 13:00:00-04:00,1.150415,1.150885,1.14927,1.150865,-1.0,-1.0,-1
2018-10-04 14:00:00-04:00,1.150865,1.15155,1.150145,1.151485,-1.0,-1.0,-1
2018-10-04 15:00:00-04:00,1.151485,1.15197,1.150995,1.151355,-1.0,-1.0,-1
2018-10-04 16:00:00-04:00,1.151355,1.151595,1.151205,1.15143,-1.0,-1.0,-1
2018-10-04 17:15:00-04:00,1.15105,1.15164,1.150625,1.15141,-1.0,-1.0,-1
2018-10-04 18:00:00-04:00,1.15141,1.151735,1.15128,1.15165,-1.0,-1.0,-1
2018-10-04 19:00:00-04:00,1.15165,1.15181,1.151455,1.151745,-1.0,-1.0,-1
2018-10-04 20:00:00-04:00,1.151745,1.15199,1.151125,1.15132,-1.0,-1.0,-1
2018-10-04 21:00:00-04:00,1.15132,1.151835,1.15115,1.15118,-1.0,-1.0,-1
2018-10-04 22:00:00-04:00,1.15118,1.151325,1.150765,1.150795,-1.0,-1.0,-1
2018-10-04 23:00:00-04:00,1.150795,1.150925,1.150515,1.150655,-1.0,-1.0,-1
2018-10-05 00:00:00-04:00,1.150655,1.151215,1.15051,1.1509,-1.0,-1.0,-1
2018-10-05 01:00:00-04:00,1.1509,1.15102,1.149735,1.14985,-1.0,-1.0,-1
2018-10-05 02:00:00-04:00,1.14985,1.151645,1.14984,1.1509,-1.0,-1.0,-1
2018-10-05 03:00:00-04:00,1.1509,1.15164,1.150085,1.15076,-1.0,-1.0,-1
2018-10-05 04:00:00-04:00,1.15076,1.15085,1.149125,1.149215,-1.0,-1.0,-1
2018-10-05 05:00:00-04:00,1.149215,1.14978,1.148725,1.149735,-1.0,-1.0,-1
2018-10-05 06:00:00-04:00,1.149735,1.15055,1.14914,1.149795,-1.0,-1.0,-1
2018-10-05 07:00:00-04:00,1.149795,1.15146,1.149675,1.150675,-1.0,-1.0,-1
2018-10-05 08:00:00-04:00,1.150675,1.153785,1.1484,1.153255,-1.0,-1.0,-1
2018-10-05 09:00:00-04:00,1.153255,1.154985,1.15231,1.153615,-1.0,-1.0,-1
2018-10-05 10:00:00-04:00,1.153615,1.15398,1.15077,1.15077,-1.0,-1.0,-1
2018-10-05 11:00:00-04:00,1.15077,1.151895,1.149795,1.15003,-1.0,-1.0,-1
2018-10-05 12:00:00-04:00,1.15003,1.151445,1.149915,1.151345,-1.0,-1.0,-1
2018-10-05 13:00:00-04:00,1.151345,1.15254,1.15111,1.15209,-1.0,-1.0,-1
2018-10-05 14:00:00-04:00,1.15209,1.152665,1.151615,1.15263,-1.0,-1.0,-1
2018-10-05 15:00:00-04:00,1.15263,1.153165,1.151905,1.15228,-1.0,-1.0,-1
2018-10-05 16:00:00-04:00,1.15228,1.152525,1.151805,1.152005,-1.0,-1.0,-1
2018-10-07 17:15:00-04:00,1.1526,1.153065,1.15217,1.15233,-1.0,-1.0,-1
2018-10-07 18:00:00-04:00,1.15233,1.152715,1.15223,1.152545,-1.0,-1.0,-1
2018-10-07 19:00:00-04:00,1.152545,1.152615,1.152015,1.1524,-1.0,-1.0,-1
2018-10-07 20:00:00-04:00,1.1524,1.152965,1.151795,1.15208,-1.0,-1.0,-1
2018-10-07 21:00:00-04:00,1.15208,1.152125,1.151515,1.152025,-1.0,-1.0,-1
2018-10-07 22:00:00-04:00,1.152025,1.152035,1.15121,1.15158,-1.0,-1.0,-1
2018-10-07 23:00:00-04:00,1.15158,1.151655,1.151095,1.15126,-1.0,-1.0,-1
2018-10-08 00:00:00-04:00,1.15126,1.15146,1.151055,1.151145,-1.0,-1.0,-1
2018-10-08 01:00:00-04:00,1.151145,1.151595,1.150515,1.15105,-1.0,-1.0,-1
2018-10-08 02:00:00-04:00,1.15105,1.15131,1.14982,1.14982,-1.0,-1.0,-1
2018-10-08 03:00:00-04:00,1.14982,1.1505,1.148965,1.149045,-1.0,-1.0,-1
2018-10-08 04:00:00-04:00,1.149045,1.149185,1.147185,1.147405,-1.0,-1.0,-1
2018-10-08 05:00:00-04:00,1.147405,1.148685,1.147105,1.14745,-1.0,-1.0,-1
2018-10-08 06:00:00-04:00,1.14745,1.14795,1.14669,1.147285,-1.0,-1.0,-1
2018-10-08 07:00:00-04:00,1.147285,1.148445,1.146515,1.14778,-1.0,-1.0,-1
2018-10-08 08:00:00-04:00,1.14778,1.148085,1.146005,1.146355,-1.0,-1.0,-1
2018-10-08 09:00:00-04:00,1.146355,1.147695,1.14602,1.147235,-1.0,-1.0,-1
2018-10-08 10:00:00-04:00,1.147235,1.148955,1.146965,1.147415,-1.0,-1.0,-1
2018-10-08 11:00:00-04:00,1.147415,1.14796,1.147125,1.14764,-1.0,-1.0,-1
2018-10-08 12:00:00-04:00,1.14764,1.14818,1.147095,1.147985,-1.0,-1.0,-1
2018-10-08 13:00:00-04:00,1.147985,1.14919,1.147105,1.14895,-1.0,-1.0,-1
2018-10-08 14:00:00-04:00,1.14895,1.149235,1.148595,1.148865,-1.0,-1.0,-1
2018-10-08 15:00:00-04:00,1.148865,1.14989,1.14872,1.149625,-1.0,-1.0,-1
2018-10-08 16:00:00-04:00,1.149625,1.149625,1.149055,1.14914,-1.0,-1.0,-1
2018-10-08 17:15:00-04:00,1.14956,1.14961,1.14873,1.149205,-1.0,-1.0,-1
2018-10-08 18:00:00-04:00,1.149205,1.14956,1.148795,1.14925,-1.0,-1.0,-1
2018-10-08 19:00:00-04:00,1.14925,1.149485,1.149005,1.149415,-1.0,-1.0,-1
2018-10-08 20:00:00-04:00,1.149415,1.149445,1.14867,1.1489,-1.0,-1.0,-1
2018-10-08 21:00:00-04:00,1.1489,1.14948,1.14848,1.14855,-1.0,-1.0,-1
2018-10-08 22:00:00-04:00,1.14855,1.14939,1.148475,1.149235,-1.0,-1.0,-1
2018-10-08 23:00:00-04:00,1.149235,1.14929,1.148865,1.149035,-1.0,-1.0,-1
2018-10-09 00:00:00-04:00,1.149035,1.150275,1.14899,1.149825,-1.0,-1.0,-1
2018-10-09 01:00:00-04:00,1.149825,1.149945,1.149145,1.149565,-1.0,-1.0,-1
2018-10-09 02:00:00-04:00,1.149565,1.149565,1.14655,1.147455,-1.0,-1.0,-1
2018-10-09 03:00:00-04:00,1.147455,1.148725,1.146395,1.14743,-1.0,-1.0,-1
2018-10-09 04:00:00-04:00,1.14743,1.148075,1.146635,1.147805,-1.0,-1.0,-1
2018-10-09 05:00:00-04:00,1.147805,1.14791,1.144895,1.14529,-1.0,-1.0,-1
2018-10-09 06:00:00-04:00,1.14529,1.145305,1.144055,1.14491,-1.0,-1.0,-1
2018-10-09 07:00:00-04:00,1.14491,1.144915,1.143255,1.143435,-1.0,-1.0,-1
2018-10-09 08:00:00-04:00,1.143435,1.145435,1.143225,1.144965,-1.0,-1.0,-1
2018-10-09 09:00:00-04:00,1.144965,1.145725,1.144305,1.144645,-1.0,-1.0,-1
2018-10-09 10:00:00-04:00,1.144645,1.148715,1.14464,1.146875,-1.0,-1.0,-1
2018-10-09 11:00:00-04:00,1.146875,1.148815,1.146465,1.148115,-1.0,-1.0,-1
2018-10-09 12:00:00-04:00,1.148115,1.149065,1.147605,1.14804,-1.0,-1.0,-1
2018-10-09 13:00:00-04:00,1.14804,1.149405,1.14763,1.148775,-1.0,-1.0,-1
2018-10-09 14:00:00-04:00,1.148775,1.150335,1.14857,1.14976,-1.0,-1.0,-1
2018-10-09 15:00:00-04:00,1.14976,1.14982,1.14886,1.14971,-1.0,-1.0,-1
2018-10-09 16:00:00-04:00,1.14971,1.149715,1.149055,1.149055,-1.0,-1.0,-1
2018-10-09 17:15:00-04:00,1.149225,1.149545,1.148935,1.149255,-1.0,-1.0,-1
2018-10-09 18:00:00-04:00,1.149255,1.149765,1.14923,1.149565,-1.0,-1.0,-1
2018-10-09 19:00:00-04:00,1.149565,1.150885,1.149505,1.150495,-1.0,-1.0,-1
2018-10-09 20:00:00-04:00,1.150495,1.150855,1.150175,1.150845,-1.0,-1.0,-1
2018-10-09 21:00:00-04:00,1.150845,1.151465,1.150545,1.151205,-1.0,-1.0,-1
2018-10-09 22:00:00-04:00,1.151205,1.151555,1.15056,1.150755,-1.0,-1.0,-1
2018-10-09 23:00:00-04:00,1.150755,1.151135,1.15067,1.151045,-1.0,-1.0,-1
2018-10-10 00:00:00-04:00,1.151045,1.151315,1.15056,1.150655,-1.0,-1.0,-1
2018-10-10 01:00:00-04:00,1.150655,1.15152,1.15054,1.15098,-1.0,-1.0,-1
2018-10-10 02:00:00-04:00,1.15098,1.15147,1.14971,1.15055,-1.0,-1.0,-1
2018-10-10 03:00:00-04:00,1.15055,1.15111,1.148305,1.149415,-1.0,-1.0,-1
2018-10-10 04:00:00-04:00,1.149415,1.14975,1.148555,1.148645,-1.0,-1.0,-1
2018-10-10 05:00:00-04:00,1.148645,1.149225,1.14799,1.148865,-1.0,-1.0,-1
2018-10-10 06:00:00-04:00,1.148865,1.150555,1.148775,1.150285,-1.0,-1.0,-1
2018-10-10 07:00:00-04:00,1.150285,1.150735,1.149665,1.149775,-1.0,-1.0,-1
2018-10-10 08:00:00-04:00,1.149775,1.150575,1.14883,1.150235,-1.0,-1.0,-1
2018-10-10 09:00:00-04:00,1.150235,1.152365,1.15017,1.151965,-1.0,-1.0,-1
2018-10-10 10:00:00-04:00,1.151965,1.153465,1.15193,1.153425,-1.0,-1.0,-1
2018-10-10 11:00:00-04:00,1.153425,1.154315,1.1519,1.15409,-1.0,-1.0,-1
2018-10-10 12:00:00-04:00,1.15409,1.154535,1.15357,1.153885,-1.0,-1.0,-1
2018-10-10 13:00:00-04:00,1.153885,1.154315,1.152875,1.153485,-1.0,-1.0,-1
2018-10-10 14:00:00-04:00,1.153485,1.154205,1.152445,1.152445,-1.0,-1.0,-1
2018-10-10 15:00:00-04:00,1.152445,1.152675,1.151455,1.151705,-1.0,-1.0,-1
2018-10-10 16:00:00-04:00,1.151705,1.1524,1.151625,1.152015,-1.0,-1.0,-1
2018-10-10 17:15:00-04:00,1.152975,1.152975,1.15209,1.15273,-1.0,-1.0,-1
2018-10-10 18:00:00-04:00,1.15273,1.153635,1.152725,1.153575,-1.0,-1.0,-1
2018-10-10 19:00:00-04:00,1.153575,1.15369,1.15281,1.15333,-1.0,-1.0,-1
2018-10-10 20:00:00-04:00,1.15333,1.154235,1.153125,1.153665,-1.0,-1.0,-1
2018-10-10 21:00:00-04:00,1.153665,1.157185,1.153355,1.15641,-1.0,-1.0,-1
2018-10-10 22:00:00-04:00,1.15641,1.15671,1.155665,1.15603,-1.0,-1.0,-1
2018-10-10 23:00:00-04:00,1.15603,1.157245,1.155815,1.156835,-1.0,-1.0,-1
2018-10-11 00:00:00-04:00,1.156835,1.156835,1.155945,1.156195,-1.0,-1.0,-1
2018-10-11 01:00:00-04:00,1.156195,1.1563,1.15522,1.155515,-1.0,-1.0,-1
2018-10-11 02:00:00-04:00,1.155515,1.15591,1.15412,1.15443,-1.0,-1.0,-1
2018-10-11 03:00:00-04:00,1.15443,1.155275,1.153525,1.15405,-1.0,-1.0,-1
2018-10-11 04:00:00-04:00,1.15405,1.155275,1.153835,1.154575,-1.0,-1.0,-1
2018-10-11 05:00:00-04:00,1.154575,1.156275,1.154255,1.155885,-1.0,-1.0,-1
2018-10-11 06:00:00-04:00,1.155885,1.157555,1.155725,1.157295,-1.0,-1.0,-1
2018-10-11 07:00:00-04:00,1.157295,1.158205,1.156955,1.157655,-1.0,-1.0,-1
2018-10-11 08:00:00-04:00,1.157655,1.159945,1.156885,1.157435,-1.0,-1.0,-1
2018-10-11 09:00:00-04:00,1.157435,1.157875,1.156005,1.156435,-1.0,-1.0,-1
2018-10-11 10:00:00-04:00,1.156435,1.157315,1.154535,1.155885,-1.0,-1.0,-1
2018-10-11 11:00:00-04:00,1.155885,1.1573,1.15493,1.156465,-1.0,-1.0,-1
2018-10-11 12:00:00-04:00,1.156465,1.158275,1.156435,1.157485,-1.0,-1.0,-1
2018-10-11 13:00:00-04:00,1.157485,1.158645,1.157275,1.1584,-1.0,-1.0,-1
2018-10-11 14:00:00-04:00,1.1584,1.1598,1.15833,1.159435,-1.0,-1.0,-1
2018-10-11 15:00:00-04:00,1.159435,1.159475,1.158525,1.159355,-1.0,-1.0,-1
2018-10-11 16:00:00-04:00,1.159355,1.159845,1.15914,1.159355,-1.0,-1.0,-1
2018-10-11 17:15:00-04:00,1.15938,1.15938,1.158755,1.15919,-1.0,-1.0,-1
2018-10-11 18:00:00-04:00,1.15919,1.159485,1.15901,1.159235,-1.0,-1.0,-1
2018-10-11 19:00:00-04:00,1.159235,1.15926,1.1589,1.15901,-1.0,-1.0,-1
2018-10-11 20:00:00-04:00,1.15901,1.16025,1.158775,1.159795,-1.0,-1.0,-1
2018-10-11 21:00:00-04:00,1.159795,1.16033,1.159425,1.159645,-1.0,-1.0,-1
2018-10-11 22:00:00-04:00,1.159645,1.160915,1.159375,1.16053,-1.0,-1.0,-1
2018-10-11 23:00:00-04:00,1.16053,1.16062,1.160055,1.16028,-1.0,-1.0,-1
2018-10-12 00:00:00-04:00,1.16028,1.160735,1.160175,1.160585,-1.0,-1.0,-1
2018-10-12 01:00:00-04:00,1.160585,1.161055,1.15898,1.159075,-1.0,-1.0,-1
2018-10-12 02:00:00-04:00,1.159075,1.159595,1.158635,1.15916,-1.0,-1.0,-1
2018-10-12 03:00:00-04:00,1.15916,1.160415,1.159105,1.159525,-1.0,-1.0,-1
2018-10-12 04:00:00-04:00,1.159525,1.15955,1.157565,1.158685,-1.0,-1.0,-1
2018-10-12 05:00:00-04:00,1.158685,1.158875,1.157935,1.15823,-1.0,-1.0,-1
2018-10-12 06:00:00-04:00,1.15823,1.158595,1.15717,1.158015,-1.0,-1.0,-1
2018-10-12 07:00:00-04:00,1.158015,1.158665,1.15718,1.157765,-1.0,-1.0,-1
2018-10-12 08:00:00-04:00,1.157765,1.157965,1.155255,1.155765,-1.0,-1.0,-1
2018-10-12 09:00:00-04:00,1.155765,1.156275,1.154115,1.15445,-1.0,-1.0,-1
2018-10-12 10:00:00-04:00,1.15445,1.156385,1.153405,1.156115,-1.0,-1.0,-1
2018-10-12 11:00:00-04:00,1.156115,1.156865,1.15542,1.15575,-1.0,-1.0,-1
2018-10-12 12:00:00-04:00,1.15575,1.15671,1.155625,1.15626,-1.0,-1.0,-1
2018-10-12 13:00:00-04:00,1.15626,1.156415,1.155285,1.155755,-1.0,-1.0,-1
2018-10-12 14:00:00-04:00,1.155755,1.156415,1.155605,1.156365,-1.0,-1.0,-1
2018-10-12 15:00:00-04:00,1.156365,1.156565,1.155715,1.15576,-1.0,-1.0,-1
2018-10-12 16:00:00-04:00,1.15576,1.156205,1.155575,1.15588,-1.0,-1.0,-1
2018-10-14 17:15:00-04:00,1.154775,1.155185,1.15459,1.155185,-1.0,-1.0,-1
2018-10-14 18:00:00-04:00,1.155185,1.155295,1.154615,1.1551,-1.0,-1.0,-1
2018-10-14 19:00:00-04:00,1.1551,1.155365,1.155035,1.155045,-1.0,-1.0,-1
2018-10-14 20:00:00-04:00,1.155045,1.15559,1.15481,1.154945,-1.0,-1.0,-1
2018-10-14 21:00:00-04:00,1.154945,1.155365,1.154345,1.15495,-1.0,-1.0,-1
2018-10-14 22:00:00-04:00,1.15495,1.155355,1.154855,1.15489,-1.0,-1.0,-1
2018-10-14 23:00:00-04:00,1.15489,1.154945,1.15454,1.154735,-1.0,-1.0,-1
2018-10-15 00:00:00-04:00,1.154735,1.15506,1.15431,1.154945,-1.0,-1.0,-1
2018-10-15 01:00:00-04:00,1.154945,1.15539,1.15445,1.155245,-1.0,-1.0,-1
2018-10-15 02:00:00-04:00,1.155245,1.156455,1.15515,1.156435,-1.0,-1.0,-1
2018-10-15 03:00:00-04:00,1.156435,1.157585,1.1561,1.156765,-1.0,-1.0,-1
2018-10-15 04:00:00-04:00,1.156765,1.157385,1.15576,1.15726,-1.0,-1.0,-1
2018-10-15 05:00:00-04:00,1.15726,1.159295,1.15703,1.158735,-1.0,-1.0,-1
2018-10-15 06:00:00-04:00,1.158735,1.160045,1.158525,1.159895,-1.0,-1.0,-1
2018-10-15 07:00:00-04:00,1.159895,1.159925,1.157785,1.158075,-1.0,-1.0,-1
2018-10-15 08:00:00-04:00,1.158075,1.160625,1.157925,1.16054,-1.0,-1.0,-1
2018-10-15 09:00:00-04:00,1.16054,1.160625,1.1584,1.159105,-1.0,-1.0,-1
2018-10-15 10:00:00-04:00,1.159105,1.159225,1.157825,1.15851,-1.0,-1.0,-1
2018-10-15 11:00:00-04:00,1.15851,1.159575,1.158305,1.159415,-1.0,-1.0,-1
2018-10-15 12:00:00-04:00,1.159415,1.159455,1.158355,1.158445,-1.0,-1.0,-1
2018-10-15 13:00:00-04:00,1.158445,1.158755,1.157525,1.15774,-1.0,-1.0,-1
2018-10-15 14:00:00-04:00,1.15774,1.158425,1.157605,1.158345,-1.0,-1.0,-1
2018-10-15 15:00:00-04:00,1.158345,1.158455,1.157435,1.15779,-1.0,-1.0,-1
2018-10-15 16:00:00-04:00,1.15779,1.158205,1.157765,1.157955,-1.0,-1.0,-1
2018-10-15 17:15:00-04:00,1.158025,1.158355,1.157805,1.158225,-1.0,-1.0,-1
2018-10-15 18:00:00-04:00,1.158225,1.15857,1.15821,1.158395,-1.0,-1.0,-1
2018-10-15 19:00:00-04:00,1.158395,1.158525,1.158155,1.15831,-1.0,-1.0,-1
2018-10-15 20:00:00-04:00,1.15831,1.159255,1.1582,1.159015,-1.0,-1.0,-1
2018-10-15 21:00:00-04:00,1.159015,1.15916,1.158225,1.15844,-1.0,-1.0,-1
2018-10-15 22:00:00-04:00,1.15844,1.158865,1.157185,1.157315,-1.0,-1.0,-1
2018-10-15 23:00:00-04:00,1.157315,1.157635,1.15717,1.157625,-1.0,-1.0,-1
2018-10-16 00:00:00-04:00,1.157625,1.157685,1.15721,1.157265,-1.0,-1.0,-1
2018-10-16 01:00:00-04:00,1.157265,1.157275,1.156615,1.15711,-1.0,-1.0,-1
2018-10-16 02:00:00-04:00,1.15711,1.158105,1.156825,1.157695,-1.0,-1.0,-1
2018-10-16 03:00:00-04:00,1.157695,1.15986,1.15703,1.159385,-1.0,-1.0,-1
2018-10-16 04:00:00-04:00,1.159385,1.15965,1.1584,1.158795,-1.0,-1.0,-1
2018-10-16 05:00:00-04:00,1.158795,1.15889,1.156605,1.157325,-1.0,-1.0,-1
2018-10-16 06:00:00-04:00,1.157325,1.158095,1.15671,1.15779,-1.0,-1.0,-1
2018-10-16 07:00:00-04:00,1.15779,1.15901,1.15746,1.158985,-1.0,-1.0,-1
2018-10-16 08:00:00-04:00,1.158985,1.15906,1.15773,1.158795,-1.0,-1.0,-1
2018-10-16 09:00:00-04:00,1.158795,1.162145,1.158775,1.160105,-1.0,-1.0,-1
2018-10-16 10:00:00-04:00,1.160105,1.160105,1.157375,1.158065,-1.0,-1.0,-1
2018-10-16 11:00:00-04:00,1.158065,1.159315,1.15752,1.159255,-1.0,-1.0,-1
2018-10-16 12:00:00-04:00,1.159255,1.15946,1.15822,1.158335,-1.0,-1.0,-1
2018-10-16 13:00:00-04:00,1.158335,1.158685,1.15714,1.157445,-1.0,-1.0,-1
2018-10-16 14:00:00-04:00,1.157445,1.157975,1.157395,1.157785,-1.0,-1.0,-1
2018-10-16 15:00:00-04:00,1.157785,1.15809,1.15753,1.158065,-1.0,-1.0,-1
2018-10-16 16:00:00-04:00,1.158065,1.158125,1.15715,1.15741,-1.0,-1.0,-1
2018-10-16 17:15:00-04:00,1.157325,1.15772,1.1572,1.15724,-1.0,-1.0,-1
2018-10-16 18:00:00-04:00,1.15724,1.157585,1.157215,1.157395,-1.0,-1.0,-1
2018-10-16 19:00:00-04:00,1.157395,1.157735,1.157215,1.15764,-1.0,-1.0,-1
2018-10-16 20:00:00-04:00,1.15764,1.158055,1.15749,1.15772,-1.0,-1.0,-1
2018-10-16 21:00:00-04:00,1.15772,1.157955,1.156945,1.15716,-1.0,-1.0,-1
2018-10-16 22:00:00-04:00,1.15716,1.157235,1.155825,1.156125,-1.0,-1.0,-1
2018-10-16 23:00:00-04:00,1.156125,1.156355,1.1557,1.15612,-1.0,-1.0,-1
2018-10-17 00:00:00-04:00,1.15612,1.156535,1.15568,1.155845,-1.0,-1.0,-1
2018-10-17 01:00:00-04:00,1.155845,1.155955,1.154805,1.155465,-1.0,-1.0,-1
2018-10-17 02:00:00-04:00,1.155465,1.157175,1.155465,1.157165,-1.0,-1.0,-1
2018-10-17 03:00:00-04:00,1.157165,1.157215,1.155605,1.15638,-1.0,-1.0,-1
2018-10-17 04:00:00-04:00,1.15638,1.157785,1.15617,1.15656,-1.0,-1.0,-1
2018-10-17 05:00:00-04:00,1.15656,1.156995,1.15524,1.156715,-1.0,-1.0,-1
2018-10-17 06:00:00-04:00,1.156715,1.157525,1.15456,1.154755,-1.0,-1.0,-1
2018-10-17 07:00:00-04:00,1.154755,1.15476,1.152625,1.153165,-1.0,-1.0,-1
2018-10-17 08:00:00-04:00,1.153165,1.153545,1.15211,1.153535,-1.0,-1.0,-1
2018-10-17 09:00:00-04:00,1.153535,1.154205,1.152565,1.153765,-1.0,-1.0,-1
2018-10-17 10:00:00-04:00,1.153765,1.154715,1.152515,1.152955,-1.0,-1.0,-1
2018-10-17 11:00:00-04:00,1.152955,1.154425,1.15251,1.154015,-1.0,-1.0,-1
2018-10-17 12:00:00-04:00,1.154015,1.154075,1.152735,1.152765,-1.0,-1.0,-1
2018-10-17 13:00:00-04:00,1.152765,1.152785,1.151315,1.15167,-1.0,-1.0,-1
2018-10-17 14:00:00-04:00,1.15167,1.152265,1.150615,1.150645,-1.0,-1.0,-1
2018-10-17 15:00:00-04:00,1.150645,1.150795,1.150115,1.150625,-1.0,-1.0,-1
2018-10-17 16:00:00-04:00,1.150625,1.150635,1.149575,1.150065,-1.0,-1.0,-1
2018-10-17 17:15:00-04:00,1.150175,1.150335,1.14986,1.150045,-1.0,-1.0,-1
2018-10-17 18:00:00-04:00,1.150045,1.150365,1.149835,1.14984,-1.0,-1.0,-1
2018-10-17 19:00:00-04:00,1.14984,1.150225,1.149555,1.150125,-1.0,-1.0,-1
2018-10-17 20:00:00-04:00,1.150125,1.150525,1.149475,1.150155,-1.0,-1.0,-1
2018-10-17 21:00:00-04:00,1.150155,1.15048,1.14949,1.149795,-1.0,-1.0,-1
2018-10-17 22:00:00-04:00,1.149795,1.150425,1.149435,1.150065,-1.0,-1.0,-1
2018-10-17 23:00:00-04:00,1.150065,1.15038,1.149775,1.150005,-1.0,-1.0,-1
2018-10-18 00:00:00-04:00,1.150005,1.15025,1.149505,1.150025,-1.0,-1.0,-1
2018-10-18 01:00:00-04:00,1.150025,1.150075,1.149075,1.14913,-1.0,-1.0,-1
2018-10-18 02:00:00-04:00,1.14913,1.14913,1.148175,1.148875,-1.0,-1.0,-1
2018-10-18 03:00:00-04:00,1.148875,1.151575,1.148755,1.15155,-1.0,-1.0,-1
2018-10-18 04:00:00-04:00,1.15155,1.152135,1.150935,1.151765,-1.0,-1.0,-1
2018-10-18 05:00:00-04:00,1.151765,1.152735,1.151495,1.152665,-1.0,-1.0,-1
2018-10-18 06:00:00-04:00,1.152665,1.15267,1.151675,1.15188,-1.0,-1.0,-1
2018-10-18 07:00:00-04:00,1.15188,1.152225,1.15096,1.151525,-1.0,-1.0,-1
2018-10-18 08:00:00-04:00,1.151525,1.151615,1.14997,1.150145,-1.0,-1.0,-1
2018-10-18 09:00:00-04:00,1.150145,1.150325,1.148875,1.149215,-1.0,-1.0,-1
2018-10-18 10:00:00-04:00,1.149215,1.149845,1.148005,1.148965,-1.0,-1.0,-1
2018-10-18 11:00:00-04:00,1.148965,1.151825,1.148245,1.1493,-1.0,-1.0,-1
2018-10-18 12:00:00-04:00,1.1493,1.14971,1.146635,1.147165,-1.0,-1.0,-1
2018-10-18 13:00:00-04:00,1.147165,1.14717,1.14565,1.146025,-1.0,-1.0,-1
2018-10-18 14:00:00-04:00,1.146025,1.147075,1.1452,1.146475,-1.0,-1.0,-1
2018-10-18 15:00:00-04:00,1.146475,1.146945,1.14493,1.145425,-1.0,-1.0,-1
2018-10-18 16:00:00-04:00,1.145425,1.146045,1.14513,1.14531,-1.0,-1.0,-1
2018-10-18 17:15:00-04:00,1.145325,1.14582,1.14527,1.145645,-1.0,-1.0,-1
2018-10-18 18:00:00-04:00,1.145645,1.14576,1.14515,1.14557,-1.0,-1.0,-1
2018-10-18 19:00:00-04:00,1.14557,1.14586,1.1454,1.145405,-1.0,-1.0,-1
2018-10-18 20:00:00-04:00,1.145405,1.14602,1.14536,1.14581,-1.0,-1.0,-1
2018-10-18 21:00:00-04:00,1.14581,1.146215,1.145445,1.145895,-1.0,-1.0,-1
2018-10-18 22:00:00-04:00,1.145895,1.146205,1.14563,1.145975,-1.0,-1.0,-1
2018-10-18 23:00:00-04:00,1.145975,1.146055,1.145585,1.145775,-1.0,-1.0,-1
2018-10-19 00:00:00-04:00,1.145775,1.146255,1.145565,1.14591,-1.0,-1.0,-1
2018-10-19 01:00:00-04:00,1.14591,1.146585,1.14576,1.14624,-1.0,-1.0,-1
2018-10-19 02:00:00-04:00,1.14624,1.146985,1.145185,1.146005,-1.0,-1.0,-1
2018-10-19 03:00:00-04:00,1.146005,1.14603,1.143305,1.14467,-1.0,-1.0,-1
2018-10-19 04:00:00-04:00,1.14467,1.145525,1.144065,1.144905,-1.0,-1.0,-1
2018-10-19 05:00:00-04:00,1.144905,1.146075,1.144145,1.145935,-1.0,-1.0,-1
2018-10-19 06:00:00-04:00,1.145935,1.147005,1.145815,1.146215,-1.0,-1.0,-1
2018-10-19 07:00:00-04:00,1.146215,1.147675,1.145985,1.146635,-1.0,-1.0,-1
2018-10-19 08:00:00-04:00,1.146635,1.147125,1.145735,1.146465,-1.0,-1.0,-1
2018-10-19 09:00:00-04:00,1.146465,1.149255,1.146075,1.149035,-1.0,-1.0,-1
2018-10-19 10:00:00-04:00,1.149035,1.149735,1.147565,1.149695,-1.0,-1.0,-1
2018-10-19 11:00:00-04:00,1.149695,1.151665,1.148565,1.151265,-1.0,-1.0,-1
2018-10-19 12:00:00-04:00,1.151265,1.153475,1.150935,1.152015,-1.0,-1.0,-1
2018-10-19 13:00:00-04:00,1.152015,1.152045,1.151055,1.151145,-1.0,-1.0,-1
2018-10-19 14:00:00-04:00,1.151145,1.15182,1.150915,1.150925,-1.0,-1.0,-1
2018-10-19 15:00:00-04:00,1.150925,1.151095,1.150185,1.15076,-1.0,-1.0,-1
2018-10-19 16:00:00-04:00,1.15076,1.15243,1.15052,1.15143,-1.0,-1.0,-1
2018-10-21 17:15:00-04:00,1.1516,1.151695,1.150975,1.151445,-1.0,-1.0,-1
2018-10-21 18:00:00-04:00,1.151445,1.151795,1.151085,1.15117,-1.0,-1.0,-1
2018-10-21 19:00:00-04:00,1.15117,1.15142,1.150855,1.15107,-1.0,-1.0,-1
2018-10-21 20:00:00-04:00,1.15107,1.15141,1.14982,1.15032,-1.0,-1.0,-1
2018-10-21 21:00:00-04:00,1.15032,1.15068,1.15006,1.150635,-1.0,-1.0,-1
2018-10-21 22:00:00-04:00,1.150635,1.15126,1.150465,1.150805,-1.0,-1.0,-1
2018-10-21 23:00:00-04:00,1.150805,1.151785,1.150675,1.15147,-1.0,-1.0,-1
2018-10-22 00:00:00-04:00,1.15147,1.151875,1.151065,1.151115,-1.0,-1.0,-1
2018-10-22 01:00:00-04:00,1.151115,1.151725,1.150865,1.15131,-1.0,-1.0,-1
2018-10-22 02:00:00-04:00,1.15131,1.154615,1.151115,1.15432,-1.0,-1.0,-1
2018-10-22 03:00:00-04:00,1.15432,1.155025,1.15304,1.153185,-1.0,-1.0,-1
2018-10-22 04:00:00-04:00,1.153185,1.153325,1.151235,1.151555,-1.0,-1.0,-1
2018-10-22 05:00:00-04:00,1.151555,1.151625,1.150205,1.150325,-1.0,-1.0,-1
2018-10-22 06:00:00-04:00,1.150325,1.151245,1.149605,1.150205,-1.0,-1.0,-1
2018-10-22 07:00:00-04:00,1.150205,1.150615,1.149135,1.14954,-1.0,-1.0,-1
2018-10-22 08:00:00-04:00,1.14954,1.150075,1.148535,1.148555,-1.0,-1.0,-1
2018-10-22 09:00:00-04:00,1.148555,1.148785,1.147125,1.148025,-1.0,-1.0,-1
2018-10-22 10:00:00-04:00,1.148025,1.148085,1.146695,1.147025,-1.0,-1.0,-1
2018-10-22 11:00:00-04:00,1.147025,1.147305,1.146155,1.146655,-1.0,-1.0,-1
2018-10-22 12:00:00-04:00,1.146655,1.147195,1.145585,1.146895,-1.0,-1.0,-1
2018-10-22 13:00:00-04:00,1.146895,1.147625,1.146565,1.147135,-1.0,-1.0,-1
2018-10-22 14:00:00-04:00,1.147135,1.14724,1.146615,1.146615,-1.0,-1.0,-1
2018-10-22 15:00:00-04:00,1.146615,1.147055,1.14646,1.14646,-1.0,-1.0,-1
2018-10-22 16:00:00-04:00,1.14646,1.146825,1.146365,1.14646,-1.0,-1.0,-1
2018-10-22 17:15:00-04:00,1.146725,1.146725,1.146405,1.146515,-1.0,-1.0,-1
2018-10-22 18:00:00-04:00,1.146515,1.146725,1.146405,1.146565,-1.0,-1.0,-1
2018-10-22 19:00:00-04:00,1.146565,1.14664,1.146335,1.146465,-1.0,-1.0,-1
2018-10-22 20:00:00-04:00,1.146465,1.146495,1.14588,1.146085,-1.0,-1.0,-1
2018-10-22 21:00:00-04:00,1.146085,1.146595,1.1458,1.14635,-1.0,-1.0,-1
2018-10-22 22:00:00-04:00,1.14635,1.14664,1.145965,1.146135,-1.0,-1.0,-1
2018-10-22 23:00:00-04:00,1.146135,1.146135,1.145325,1.145435,-1.0,-1.0,-1
2018-10-23 00:00:00-04:00,1.145435,1.145585,1.145225,1.14556,-1.0,-1.0,-1
2018-10-23 01:00:00-04:00,1.14556,1.14615,1.145345,1.14544,-1.0,-1.0,-1
2018-10-23 02:00:00-04:00,1.14544,1.146875,1.143935,1.146575,-1.0,-1.0,-1
2018-10-23 03:00:00-04:00,1.146575,1.14743,1.144795,1.146795,-1.0,-1.0,-1
2018-10-23 04:00:00-04:00,1.146795,1.147395,1.146205,1.146675,-1.0,-1.0,-1
2018-10-23 05:00:00-04:00,1.146675,1.1484,1.14632,1.1484,-1.0,-1.0,-1
2018-10-23 06:00:00-04:00,1.1484,1.148605,1.146655,1.146875,-1.0,-1.0,-1
2018-10-23 07:00:00-04:00,1.146875,1.148055,1.14558,1.147955,-1.0,-1.0,-1
2018-10-23 08:00:00-04:00,1.147955,1.1483,1.146115,1.1466,-1.0,-1.0,-1
2018-10-23 09:00:00-04:00,1.1466,1.147585,1.145365,1.14672,-1.0,-1.0,-1
2018-10-23 10:00:00-04:00,1.14672,1.146785,1.144885,1.145985,-1.0,-1.0,-1
2018-10-23 11:00:00-04:00,1.145985,1.14936,1.145605,1.147935,-1.0,-1.0,-1
2018-10-23 12:00:00-04:00,1.147935,1.148695,1.147605,1.148215,-1.0,-1.0,-1
2018-10-23 13:00:00-04:00,1.148215,1.148965,1.147515,1.147565,-1.0,-1.0,-1
2018-10-23 14:00:00-04:00,1.147565,1.148565,1.14656,1.14682,-1.0,-1.0,-1
2018-10-23 15:00:00-04:00,1.14682,1.14783,1.146665,1.14709,-1.0,-1.0,-1
2018-10-23 16:00:00-04:00,1.14709,1.147295,1.14688,1.147025,-1.0,-1.0,-1
2018-10-23 17:15:00-04:00,1.147155,1.147325,1.14705,1.14718,-1.0,-1.0,-1
2018-10-23 18:00:00-04:00,1.14718,1.147275,1.14682,1.14699,-1.0,-1.0,-1
2018-10-23 19:00:00-04:00,1.14699,1.147495,1.146815,1.14708,-1.0,-1.0,-1
2018-10-23 20:00:00-04:00,1.14708,1.147495,1.14677,1.146855,-1.0,-1.0,-1
2018-10-23 21:00:00-04:00,1.146855,1.146985,1.146345,1.14638,-1.0,-1.0,-1
2018-10-23 22:00:00-04:00,1.14638,1.146685,1.146135,1.146435,-1.0,-1.0,-1
2018-10-23 23:00:00-04:00,1.146435,1.14754,1.146325,1.147115,-1.0,-1.0,-1
2018-10-24 00:00:00-04:00,1.147115,1.147345,1.146725,1.146835,-1.0,-1.0,-1
2018-10-24 01:00:00-04:00,1.146835,1.14699,1.146475,1.146485,-1.0,-1.0,-1
2018-10-24 02:00:00-04:00,1.146485,1.1467,1.145535,1.145965,-1.0,-1.0,-1
2018-10-24 03:00:00-04:00,1.145965,1.147675,1.14233,1.14299,-1.0,-1.0,-1
2018-10-24 04:00:00-04:00,1.14299,1.14304,1.14075,1.141615,-1.0,-1.0,-1
2018-10-24 05:00:00-04:00,1.141615,1.142565,1.141515,1.141675,-1.0,-1.0,-1
2018-10-24 06:00:00-04:00,1.141675,1.14184,1.13948,1.141325,-1.0,-1.0,-1
2018-10-24 07:00:00-04:00,1.141325,1.141405,1.13926,1.13927,-1.0,-1.0,-1
2018-10-24 08:00:00-04:00,1.13927,1.14093,1.13789,1.140495,-1.0,-1.0,-1
2018-10-24 09:00:00-04:00,1.140495,1.140925,1.139365,1.139405,-1.0,-1.0,-1
2018-10-24 10:00:00-04:00,1.139405,1.140985,1.139315,1.13962,-1.0,-1.0,-1
2018-10-24 11:00:00-04:00,1.13962,1.140355,1.138855,1.138915,-1.0,-1.0,-1
2018-10-24 12:00:00-04:00,1.138915,1.13962,1.138605,1.139365,-1.0,-1.0,-1
2018-10-24 13:00:00-04:00,1.139365,1.139395,1.138075,1.138875,-1.0,-1.0,-1
2018-10-24 14:00:00-04:00,1.138875,1.13949,1.138525,1.138725,-1.0,-1.0,-1
2018-10-24 15:00:00-04:00,1.138725,1.140295,1.138685,1.139915,-1.0,-1.0,-1
2018-10-24 16:00:00-04:00,1.139915,1.14009,1.139045,1.139195,-1.0,-1.0,-1
2018-10-24 17:15:00-04:00,1.139655,1.14002,1.139435,1.139745,-1.0,-1.0,-1
2018-10-24 18:00:00-04:00,1.139745,1.140035,1.139545,1.13991,-1.0,-1.0,-1
2018-10-24 19:00:00-04:00,1.13991,1.13996,1.13952,1.139895,-1.0,-1.0,-1
2018-10-24 20:00:00-04:00,1.139895,1.14096,1.13979,1.140675,-1.0,-1.0,-1
2018-10-24 21:00:00-04:00,1.140675,1.141105,1.14056,1.14091,-1.0,-1.0,-1
2018-10-24 22:00:00-04:00,1.14091,1.14141,1.140685,1.141065,-1.0,-1.0,-1
2018-10-24 23:00:00-04:00,1.141065,1.141195,1.140905,1.14113,-1.0,-1.0,-1
2018-10-25 00:00:00-04:00,1.14113,1.141265,1.140475,1.14126,-1.0,-1.0,-1
2018-10-25 01:00:00-04:00,1.14126,1.14164,1.140495,1.14129,-1.0,-1.0,-1
2018-10-25 02:00:00-04:00,1.14129,1.14201,1.14084,1.141175,-1.0,-1.0,-1
2018-10-25 03:00:00-04:00,1.141175,1.141635,1.139705,1.140055,-1.0,-1.0,-1
2018-10-25 04:00:00-04:00,1.140055,1.141395,1.1395,1.140975,-1.0,-1.0,-1
2018-10-25 05:00:00-04:00,1.140975,1.14172,1.140875,1.140935,-1.0,-1.0,-1
2018-10-25 06:00:00-04:00,1.140935,1.141615,1.140095,1.140565,-1.0,-1.0,-1
2018-10-25 07:00:00-04:00,1.140565,1.141515,1.140105,1.141125,-1.0,-1.0,-1
2018-10-25 08:00:00-04:00,1.141125,1.143275,1.140915,1.143015,-1.0,-1.0,-1
2018-10-25 09:00:00-04:00,1.143015,1.143235,1.137095,1.138075,-1.0,-1.0,-1
2018-10-25 10:00:00-04:00,1.138075,1.138605,1.13728,1.13797,-1.0,-1.0,-1
2018-10-25 11:00:00-04:00,1.13797,1.138195,1.13645,1.137365,-1.0,-1.0,-1
2018-10-25 12:00:00-04:00,1.137365,1.137575,1.13667,1.137225,-1.0,-1.0,-1
2018-10-25 13:00:00-04:00,1.137225,1.137245,1.13587,1.136045,-1.0,-1.0,-1
2018-10-25 14:00:00-04:00,1.136045,1.136395,1.135625,1.136275,-1.0,-1.0,-1
2018-10-25 15:00:00-04:00,1.136275,1.137185,1.135665,1.137165,-1.0,-1.0,-1
2018-10-25 16:00:00-04:00,1.137165,1.137545,1.136925,1.13751,-1.0,-1.0,-1
2018-10-25 17:15:00-04:00,1.137475,1.137595,1.13717,1.13735,-1.0,-1.0,-1
2018-10-25 18:00:00-04:00,1.13735,1.13769,1.13716,1.13742,-1.0,-1.0,-1
2018-10-25 19:00:00-04:00,1.13742,1.13766,1.137235,1.137545,-1.0,-1.0,-1
2018-10-25 20:00:00-04:00,1.137545,1.13755,1.13669,1.1368,-1.0,-1.0,-1
2018-10-25 21:00:00-04:00,1.1368,1.137365,1.136255,1.137105,-1.0,-1.0,-1
2018-10-25 22:00:00-04:00,1.137105,1.137515,1.13654,1.136915,-1.0,-1.0,-1
2018-10-25 23:00:00-04:00,1.136915,1.1371,1.136165,1.13652,-1.0,-1.0,-1
2018-10-26 00:00:00-04:00,1.13652,1.136935,1.136095,1.13686,-1.0,-1.0,-1
2018-10-26 01:00:00-04:00,1.13686,1.13693,1.1358,1.136405,-1.0,-1.0,-1
2018-10-26 02:00:00-04:00,1.136405,1.137555,1.1364,1.136805,-1.0,-1.0,-1
2018-10-26 03:00:00-04:00,1.136805,1.13838,1.13646,1.137635,-1.0,-1.0,-1
2018-10-26 04:00:00-04:00,1.137635,1.138085,1.1364,1.137925,-1.0,-1.0,-1
2018-10-26 05:00:00-04:00,1.137925,1.137995,1.135005,1.135565,-1.0,-1.0,-1
2018-10-26 06:00:00-04:00,1.135565,1.136325,1.134465,1.134965,-1.0,-1.0,-1
2018-10-26 07:00:00-04:00,1.134965,1.135055,1.13358,1.133735,-1.0,-1.0,-1
2018-10-26 08:00:00-04:00,1.133735,1.135355,1.133735,1.134465,-1.0,-1.0,-1
2018-10-26 09:00:00-04:00,1.134465,1.13596,1.134425,1.135935,-1.0,-1.0,-1
2018-10-26 10:00:00-04:00,1.135935,1.138835,1.135535,1.137035,-1.0,-1.0,-1
2018-10-26 11:00:00-04:00,1.137035,1.13944,1.136865,1.138775,-1.0,-1.0,-1
2018-10-26 12:00:00-04:00,1.138775,1.141335,1.138725,1.139585,-1.0,-1.0,-1
2018-10-26 13:00:00-04:00,1.139585,1.14012,1.139115,1.13948,-1.0,-1.0,-1
2018-10-26 14:00:00-04:00,1.13948,1.141155,1.13948,1.141115,-1.0,-1.0,-1
2018-10-26 15:00:00-04:00,1.141115,1.14154,1.140445,1.1408,-1.0,-1.0,-1
2018-10-26 16:00:00-04:00,1.1408,1.142115,1.140095,1.140255,-1.0,-1.0,-1
2018-10-28 17:15:00-04:00,1.139725,1.14017,1.139525,1.139875,-1.0,-1.0,-1
2018-10-28 18:00:00-04:00,1.139875,1.140415,1.1397,1.14041,-1.0,-1.0,-1
2018-10-28 19:00:00-04:00,1.14041,1.14041,1.13971,1.139805,-1.0,-1.0,-1
2018-10-28 20:00:00-04:00,1.139805,1.140065,1.138975,1.13898,-1.0,-1.0,-1
2018-10-28 21:00:00-04:00,1.13898,1.13917,1.138645,1.13914,-1.0,-1.0,-1
2018-10-28 22:00:00-04:00,1.13914,1.139445,1.13892,1.13929,-1.0,-1.0,-1
2018-10-28 23:00:00-04:00,1.13929,1.139705,1.13923,1.139465,-1.0,-1.0,-1
2018-10-29 00:00:00-04:00,1.139465,1.139525,1.138825,1.1392,-1.0,-1.0,-1
2018-10-29 01:00:00-04:00,1.1392,1.139635,1.13889,1.13961,-1.0,-1.0,-1
2018-10-29 02:00:00-04:00,1.13961,1.14017,1.139005,1.13926,-1.0,-1.0,-1
2018-10-29 03:00:00-04:00,1.13926,1.141285,1.13914,1.140855,-1.0,-1.0,-1
2018-10-29 04:00:00-04:00,1.140855,1.14115,1.137885,1.13833,-1.0,-1.0,-1
2018-10-29 05:00:00-04:00,1.13833,1.13933,1.136055,1.13795,-1.0,-1.0,-1
2018-10-29 06:00:00-04:00,1.13795,1.141655,1.137905,1.139535,-1.0,-1.0,-1
2018-10-29 07:00:00-04:00,1.139535,1.141635,1.139375,1.139435,-1.0,-1.0,-1
2018-10-29 08:00:00-04:00,1.139435,1.139775,1.137495,1.13861,-1.0,-1.0,-1
2018-10-29 09:00:00-04:00,1.13861,1.138645,1.136915,1.137055,-1.0,-1.0,-1
2018-10-29 10:00:00-04:00,1.137055,1.13856,1.136755,1.138525,-1.0,-1.0,-1
2018-10-29 11:00:00-04:00,1.138525,1.140035,1.137555,1.138965,-1.0,-1.0,-1
2018-10-29 12:00:00-04:00,1.138965,1.139865,1.137435,1.137915,-1.0,-1.0,-1
2018-10-29 13:00:00-04:00,1.137915,1.13904,1.137505,1.138805,-1.0,-1.0,-1
2018-10-29 14:00:00-04:00,1.138805,1.139575,1.138585,1.13902,-1.0,-1.0,-1
2018-10-29 15:00:00-04:00,1.13902,1.13944,1.138505,1.13853,-1.0,-1.0,-1
2018-10-29 16:00:00-04:00,1.13853,1.13887,1.137165,1.137295,-1.0,-1.0,-1
2018-10-29 17:15:00-04:00,1.1373,1.137375,1.13714,1.13726,-1.0,-1.0,-1
2018-10-29 18:00:00-04:00,1.13726,1.137455,1.1371,1.13732,-1.0,-1.0,-1
2018-10-29 19:00:00-04:00,1.13732,1.13769,1.13721,1.137585,-1.0,-1.0,-1
2018-10-29 20:00:00-04:00,1.137585,1.137915,1.137415,1.13764,-1.0,-1.0,-1
2018-10-29 21:00:00-04:00,1.13764,1.13798,1.13731,1.13756,-1.0,-1.0,-1
2018-10-29 22:00:00-04:00,1.13756,1.13851,1.137485,1.138215,-1.0,-1.0,-1
2018-10-29 23:00:00-04:00,1.138215,1.138425,1.13794,1.13819,-1.0,-1.0,-1
2018-10-30 00:00:00-04:00,1.13819,1.138305,1.137635,1.138095,-1.0,-1.0,-1
2018-10-30 01:00:00-04:00,1.138095,1.138165,1.137685,1.137845,-1.0,-1.0,-1
2018-10-30 02:00:00-04:00,1.137845,1.138085,1.13704,1.13745,-1.0,-1.0,-1
2018-10-30 03:00:00-04:00,1.13745,1.13878,1.135815,1.13635,-1.0,-1.0,-1
2018-10-30 04:00:00-04:00,1.13635,1.137995,1.136055,1.1378,-1.0,-1.0,-1
2018-10-30 05:00:00-04:00,1.1378,1.137915,1.136515,1.136545,-1.0,-1.0,-1
2018-10-30 06:00:00-04:00,1.136545,1.136545,1.135065,1.13576,-1.0,-1.0,-1
2018-10-30 07:00:00-04:00,1.13576,1.135895,1.134565,1.134655,-1.0,-1.0,-1
2018-10-30 08:00:00-04:00,1.134655,1.137185,1.13458,1.13709,-1.0,-1.0,-1
2018-10-30 09:00:00-04:00,1.13709,1.13821,1.136845,1.137515,-1.0,-1.0,-1
2018-10-30 10:00:00-04:00,1.137515,1.13807,1.136275,1.13733,-1.0,-1.0,-1
2018-10-30 11:00:00-04:00,1.13733,1.13742,1.13591,1.136395,-1.0,-1.0,-1
2018-10-30 12:00:00-04:00,1.136395,1.13672,1.135205,1.13523,-1.0,-1.0,-1
2018-10-30 13:00:00-04:00,1.13523,1.135815,1.134635,1.134865,-1.0,-1.0,-1
2018-10-30 14:00:00-04:00,1.134865,1.134965,1.134055,1.134175,-1.0,-1.0,-1
2018-10-30 15:00:00-04:00,1.134175,1.13474,1.134135,1.134575,-1.0,-1.0,-1
2018-10-30 16:00:00-04:00,1.134575,1.1347,1.134355,1.13449,-1.0,-1.0,-1
2018-10-30 17:15:00-04:00,1.1345,1.1345,1.13418,1.13437,-1.0,-1.0,-1
2018-10-30 18:00:00-04:00,1.13437,1.134475,1.134205,1.134295,-1.0,-1.0,-1
2018-10-30 19:00:00-04:00,1.134295,1.134695,1.134205,1.134545,-1.0,-1.0,-1
2018-10-30 20:00:00-04:00,1.134545,1.134745,1.134005,1.13426,-1.0,-1.0,-1
2018-10-30 21:00:00-04:00,1.13426,1.135025,1.13398,1.134505,-1.0,-1.0,-1
2018-10-30 22:00:00-04:00,1.134505,1.134875,1.134385,1.13443,-1.0,-1.0,-1
2018-10-30 23:00:00-04:00,1.13443,1.134485,1.133905,1.134085,-1.0,-1.0,-1
2018-10-31 00:00:00-04:00,1.134085,1.134295,1.133615,1.13421,-1.0,-1.0,-1
2018-10-31 01:00:00-04:00,1.13421,1.13473,1.13377,1.134215,-1.0,-1.0,-1
2018-10-31 02:00:00-04:00,1.134215,1.134625,1.133845,1.134475,-1.0,-1.0,-1
2018-10-31 03:00:00-04:00,1.134475,1.135375,1.13359,1.1347,-1.0,-1.0,-1
2018-10-31 04:00:00-04:00,1.1347,1.136015,1.134485,1.135415,-1.0,-1.0,-1
2018-10-31 05:00:00-04:00,1.135415,1.135565,1.133075,1.133815,-1.0,-1.0,-1
2018-10-31 06:00:00-04:00,1.133815,1.13435,1.133205,1.133845,-1.0,-1.0,-1
2018-10-31 07:00:00-04:00,1.133845,1.135335,1.13356,1.134365,-1.0,-1.0,-1
2018-10-31 08:00:00-04:00,1.134365,1.134805,1.13214,1.13224,-1.0,-1.0,-1
2018-10-31 09:00:00-04:00,1.13224,1.132375,1.131125,1.131965,-1.0,-1.0,-1
2018-10-31 10:00:00-04:00,1.131965,1.132645,1.131055,1.13207,-1.0,-1.0,-1
2018-10-31 11:00:00-04:00,1.13207,1.1347,1.131525,1.133105,-1.0,-1.0,-1
2018-10-31 12:00:00-04:00,1.133105,1.133235,1.130525,1.13136,-1.0,-1.0,-1
2018-10-31 13:00:00-04:00,1.13136,1.131425,1.13022,1.1306,-1.0,-1.0,-1
2018-10-31 14:00:00-04:00,1.1306,1.131775,1.130595,1.131385,-1.0,-1.0,-1
2018-10-31 15:00:00-04:00,1.131385,1.13283,1.13136,1.132785,-1.0,-1.0,-1
2018-10-31 16:00:00-04:00,1.132785,1.132795,1.130875,1.131175,-1.0,-1.0,-1
2018-10-31 17:15:00-04:00,1.131505,1.13163,1.130825,1.13144,-1.0,-1.0,-1
2018-10-31 18:00:00-04:00,1.13144,1.131795,1.13128,1.13171,-1.0,-1.0,-1
2018-10-31 19:00:00-04:00,1.13171,1.131925,1.13147,1.131475,-1.0,-1.0,-1
2018-10-31 20:00:00-04:00,1.131475,1.133075,1.13128,1.13281,-1.0,-1.0,-1
2018-10-31 21:00:00-04:00,1.13281,1.133825,1.1326,1.133615,-1.0,-1.0,-1
2018-10-31 22:00:00-04:00,1.133615,1.134335,1.133415,1.13409,-1.0,-1.0,-1
2018-10-31 23:00:00-04:00,1.13409,1.135005,1.13401,1.134645,-1.0,-1.0,-1
2018-11-01 00:00:00-04:00,1.134645,1.13486,1.134225,1.134335,-1.0,-1.0,-1
2018-11-01 01:00:00-04:00,1.134335,1.134575,1.133775,1.134205,-1.0,-1.0,-1
2018-11-01 02:00:00-04:00,1.134205,1.13527,1.13382,1.135015,-1.0,-1.0,-1
2018-11-01 03:00:00-04:00,1.135015,1.136525,1.13475,1.136055,-1.0,-1.0,-1
2018-11-01 04:00:00-04:00,1.136055,1.138125,1.135315,1.137835,-1.0,-1.0,-1
2018-11-01 05:00:00-04:00,1.137835,1.138845,1.137265,1.138015,-1.0,-1.0,-1
2018-11-01 06:00:00-04:00,1.138015,1.138325,1.136855,1.13722,-1.0,-1.0,-1
2018-11-01 07:00:00-04:00,1.13722,1.140375,1.137115,1.139495,-1.0,-1.0,-1
2018-11-01 08:00:00-04:00,1.139495,1.140435,1.138575,1.138755,-1.0,-1.0,-1
2018-11-01 09:00:00-04:00,1.138755,1.139645,1.138515,1.13934,-1.0,-1.0,-1
2018-11-01 10:00:00-04:00,1.13934,1.141335,1.139305,1.14087,-1.0,-1.0,-1
2018-11-01 11:00:00-04:00,1.14087,1.141105,1.139455,1.139645,-1.0,-1.0,-1
2018-11-01 12:00:00-04:00,1.139645,1.140995,1.13901,1.14075,-1.0,-1.0,-1
2018-11-01 13:00:00-04:00,1.14075,1.142425,1.14058,1.141075,-1.0,-1.0,-1
2018-11-01 14:00:00-04:00,1.141075,1.14169,1.140465,1.140865,-1.0,-1.0,-1
2018-11-01 15:00:00-04:00,1.140865,1.141365,1.1406,1.14107,-1.0,-1.0,-1
2018-11-01 16:00:00-04:00,1.14107,1.141175,1.140655,1.14087,-1.0,-1.0,-1
2018-11-01 17:15:00-04:00,1.140815,1.14114,1.140135,1.140295,-1.0,-1.0,-1
2018-11-01 18:00:00-04:00,1.140295,1.14079,1.14017,1.14045,-1.0,-1.0,-1
2018-11-01 19:00:00-04:00,1.14045,1.140565,1.140225,1.14029,-1.0,-1.0,-1
2018-11-01 20:00:00-04:00,1.14029,1.140585,1.13997,1.14014,-1.0,-1.0,-1
2018-11-01 21:00:00-04:00,1.14014,1.14016,1.139135,1.139345,-1.0,-1.0,-1
2018-11-01 22:00:00-04:00,1.139345,1.139885,1.139225,1.139695,-1.0,-1.0,-1
2018-11-01 23:00:00-04:00,1.139695,1.140225,1.139475,1.14004,-1.0,-1.0,-1
2018-11-02 00:00:00-04:00,1.14004,1.1418,1.139845,1.14091,-1.0,-1.0,-1
2018-11-02 01:00:00-04:00,1.14091,1.142855,1.140785,1.142445,-1.0,-1.0,-1
2018-11-02 02:00:00-04:00,1.142445,1.142995,1.141755,1.142025,-1.0,-1.0,-1
2018-11-02 03:00:00-04:00,1.142025,1.144315,1.14172,1.14374,-1.0,-1.0,-1
2018-11-02 04:00:00-04:00,1.14374,1.144315,1.14301,1.143025,-1.0,-1.0,-1
2018-11-02 05:00:00-04:00,1.143025,1.14448,1.14237,1.143815,-1.0,-1.0,-1
2018-11-02 06:00:00-04:00,1.143815,1.144995,1.143515,1.144945,-1.0,-1.0,-1
2018-11-02 07:00:00-04:00,1.144945,1.14559,1.144355,1.144555,-1.0,-1.0,-1
2018-11-02 08:00:00-04:00,1.144555,1.145045,1.141085,1.141725,-1.0,-1.0,-1
2018-11-02 09:00:00-04:00,1.141725,1.14233,1.140525,1.14177,-1.0,-1.0,-1
2018-11-02 10:00:00-04:00,1.14177,1.143125,1.141615,1.141935,-1.0,-1.0,-1
2018-11-02 11:00:00-04:00,1.141935,1.141945,1.137365,1.13777,-1.0,-1.0,-1
2018-11-02 12:00:00-04:00,1.13777,1.138615,1.137235,1.138575,-1.0,-1.0,-1
2018-11-02 13:00:00-04:00,1.138575,1.138645,1.137575,1.138315,-1.0,-1.0,-1
2018-11-02 14:00:00-04:00,1.138315,1.138925,1.13788,1.138545,-1.0,-1.0,-1
2018-11-02 15:00:00-04:00,1.138545,1.140175,1.138475,1.139525,-1.0,-1.0,-1
2018-11-02 16:00:00-04:00,1.139525,1.13971,1.138645,1.13877,-1.0,-1.0,-1
2018-11-04 17:15:00-05:00,1.13915,1.1395,1.138825,1.13915,-1.0,-1.0,-1
2018-11-04 18:00:00-05:00,1.13915,1.13996,1.13904,1.13978,-1.0,-1.0,-1
2018-11-04 19:00:00-05:00,1.13978,1.139795,1.139325,1.13956,-1.0,-1.0,-1
2018-11-04 20:00:00-05:00,1.13956,1.13957,1.13848,1.13892,-1.0,-1.0,-1
2018-11-04 21:00:00-05:00,1.13892,1.139245,1.138365,1.138425,-1.0,-1.0,-1
2018-11-04 22:00:00-05:00,1.138425,1.138785,1.138275,1.138335,-1.0,-1.0,-1
2018-11-04 23:00:00-05:00,1.138335,1.138775,1.138295,1.138475,-1.0,-1.0,-1
2018-11-05 00:00:00-05:00,1.138475,1.139155,1.138395,1.139005,-1.0,-1.0,-1
2018-11-05 01:00:00-05:00,1.139005,1.13971,1.13883,1.138855,-1.0,-1.0,-1
2018-11-05 02:00:00-05:00,1.138855,1.13988,1.137755,1.13821,-1.0,-1.0,-1
2018-11-05 03:00:00-05:00,1.13821,1.13946,1.137885,1.138155,-1.0,-1.0,-1
2018-11-05 04:00:00-05:00,1.138155,1.13859,1.137435,1.138155,-1.0,-1.0,-1
2018-11-05 05:00:00-05:00,1.138155,1.138775,1.137685,1.13836,-1.0,-1.0,-1
2018-11-05 06:00:00-05:00,1.13836,1.138535,1.136535,1.13722,-1.0,-1.0,-1
2018-11-05 07:00:00-05:00,1.13722,1.137435,1.135345,1.136795,-1.0,-1.0,-1
2018-11-05 08:00:00-05:00,1.136795,1.137985,1.136505,1.137825,-1.0,-1.0,-1
2018-11-05 09:00:00-05:00,1.137825,1.140025,1.13778,1.13988,-1.0,-1.0,-1
2018-11-05 10:00:00-05:00,1.13988,1.14061,1.139405,1.139915,-1.0,-1.0,-1
2018-11-05 11:00:00-05:00,1.139915,1.14058,1.13926,1.139265,-1.0,-1.0,-1
2018-11-05 12:00:00-05:00,1.139265,1.139965,1.139045,1.139525,-1.0,-1.0,-1
2018-11-05 13:00:00-05:00,1.139525,1.142405,1.139465,1.14218,-1.0,-1.0,-1
2018-11-05 14:00:00-05:00,1.14218,1.142365,1.141305,1.141845,-1.0,-1.0,-1
2018-11-05 15:00:00-05:00,1.141845,1.141885,1.140805,1.140825,-1.0,-1.0,-1
2018-11-05 16:00:00-05:00,1.140825,1.141075,1.14067,1.14073,-1.0,-1.0,-1
2018-11-05 17:15:00-05:00,1.140875,1.141355,1.140715,1.140855,-1.0,-1.0,-1
2018-11-05 18:00:00-05:00,1.140855,1.14119,1.140685,1.14085,-1.0,-1.0,-1
2018-11-05 19:00:00-05:00,1.14085,1.14142,1.140775,1.14116,-1.0,-1.0,-1
2018-11-05 20:00:00-05:00,1.14116,1.141405,1.140545,1.140705,-1.0,-1.0,-1
2018-11-05 21:00:00-05:00,1.140705,1.14106,1.140505,1.1409,-1.0,-1.0,-1
2018-11-05 22:00:00-05:00,1.1409,1.141035,1.140505,1.140605,-1.0,-1.0,-1
2018-11-05 23:00:00-05:00,1.140605,1.140605,1.13991,1.139985,-1.0,-1.0,-1
2018-11-06 00:00:00-05:00,1.139985,1.140605,1.139985,1.140545,-1.0,-1.0,-1
2018-11-06 01:00:00-05:00,1.140545,1.14144,1.140215,1.141255,-1.0,-1.0,-1
2018-11-06 02:00:00-05:00,1.141255,1.141985,1.140335,1.141375,-1.0,-1.0,-1
2018-11-06 03:00:00-05:00,1.141375,1.142485,1.140755,1.14216,-1.0,-1.0,-1
2018-11-06 04:00:00-05:00,1.14216,1.142565,1.14041,1.140615,-1.0,-1.0,-1
2018-11-06 05:00:00-05:00,1.140615,1.14078,1.13915,1.140225,-1.0,-1.0,-1
2018-11-06 06:00:00-05:00,1.140225,1.140755,1.13935,1.140725,-1.0,-1.0,-1
2018-11-06 07:00:00-05:00,1.140725,1.142285,1.140525,1.141815,-1.0,-1.0,-1
2018-11-06 08:00:00-05:00,1.141815,1.143785,1.141815,1.142745,-1.0,-1.0,-1
2018-11-06 09:00:00-05:00,1.142745,1.142975,1.14137,1.141725,-1.0,-1.0,-1
2018-11-06 10:00:00-05:00,1.141725,1.14199,1.141055,1.141675,-1.0,-1.0,-1
2018-11-06 11:00:00-05:00,1.141675,1.141925,1.140645,1.141105,-1.0,-1.0,-1
2018-11-06 12:00:00-05:00,1.141105,1.142425,1.141025,1.14117,-1.0,-1.0,-1
2018-11-06 13:00:00-05:00,1.14117,1.141425,1.140615,1.141165,-1.0,-1.0,-1
2018-11-06 14:00:00-05:00,1.141165,1.141735,1.14116,1.141255,-1.0,-1.0,-1
2018-11-06 15:00:00-05:00,1.141255,1.141875,1.141085,1.14178,-1.0,-1.0,-1
2018-11-06 16:00:00-05:00,1.14178,1.142825,1.141505,1.142665,-1.0,-1.0,-1
2018-11-06 17:15:00-05:00,1.142585,1.14264,1.141805,1.14197,-1.0,-1.0,-1
2018-11-06 18:00:00-05:00,1.14197,1.14418,1.141875,1.144125,-1.0,-1.0,-1
2018-11-06 19:00:00-05:00,1.144125,1.14699,1.14313,1.146615,-1.0,-1.0,-1
2018-11-06 20:00:00-05:00,1.146615,1.147315,1.13983,1.142005,-1.0,-1.0,-1
2018-11-06 21:00:00-05:00,1.142005,1.144205,1.13947,1.143945,-1.0,-1.0,-1
2018-11-06 22:00:00-05:00,1.143945,1.146595,1.14344,1.146575,-1.0,-1.0,-1
2018-11-06 23:00:00-05:00,1.146575,1.1471,1.145625,1.145755,-1.0,-1.0,-1
2018-11-07 00:00:00-05:00,1.145755,1.146195,1.14465,1.145205,-1.0,-1.0,-1
2018-11-07 01:00:00-05:00,1.145205,1.145595,1.143095,1.14356,-1.0,-1.0,-1
2018-11-07 02:00:00-05:00,1.14356,1.14673,1.143455,1.145325,-1.0,-1.0,-1
2018-11-07 03:00:00-05:00,1.145325,1.147545,1.145145,1.147305,-1.0,-1.0,-1
2018-11-07 04:00:00-05:00,1.147305,1.149395,1.147115,1.149145,-1.0,-1.0,-1
2018-11-07 05:00:00-05:00,1.149145,1.149955,1.148515,1.149145,-1.0,-1.0,-1
2018-11-07 06:00:00-05:00,1.149145,1.149975,1.14875,1.149,-1.0,-1.0,-1
2018-11-07 07:00:00-05:00,1.149,1.149185,1.147415,1.148955,-1.0,-1.0,-1
2018-11-07 08:00:00-05:00,1.148955,1.14914,1.147925,1.14793,-1.0,-1.0,-1
2018-11-07 09:00:00-05:00,1.14793,1.148375,1.146225,1.147805,-1.0,-1.0,-1
2018-11-07 10:00:00-05:00,1.147805,1.148655,1.146595,1.147025,-1.0,-1.0,-1
2018-11-07 11:00:00-05:00,1.147025,1.147575,1.145615,1.145855,-1.0,-1.0,-1
2018-11-07 12:00:00-05:00,1.145855,1.14678,1.145655,1.146405,-1.0,-1.0,-1
2018-11-07 13:00:00-05:00,1.146405,1.146765,1.144295,1.144995,-1.0,-1.0,-1
2018-11-07 14:00:00-05:00,1.144995,1.145525,1.144355,1.145495,-1.0,-1.0,-1
2018-11-07 15:00:00-05:00,1.145495,1.1458,1.14356,1.143915,-1.0,-1.0,-1
2018-11-07 16:00:00-05:00,1.143915,1.14432,1.14251,1.14261,-1.0,-1.0,-1
2018-11-07 17:15:00-05:00,1.14338,1.143385,1.14266,1.143055,-1.0,-1.0,-1
2018-11-07 18:00:00-05:00,1.143055,1.143475,1.142475,1.143285,-1.0,-1.0,-1
2018-11-07 19:00:00-05:00,1.143285,1.14367,1.142835,1.143295,-1.0,-1.0,-1
2018-11-07 20:00:00-05:00,1.143295,1.143495,1.14304,1.1433,-1.0,-1.0,-1
2018-11-07 21:00:00-05:00,1.1433,1.143405,1.142475,1.14269,-1.0,-1.0,-1
2018-11-07 22:00:00-05:00,1.14269,1.143055,1.14259,1.142895,-1.0,-1.0,-1
2018-11-07 23:00:00-05:00,1.142895,1.14299,1.14225,1.142485,-1.0,-1.0,-1
2018-11-08 00:00:00-05:00,1.142485,1.143415,1.14245,1.14339,-1.0,-1.0,-1
2018-11-08 01:00:00-05:00,1.14339,1.143535,1.14295,1.143425,-1.0,-1.0,-1
2018-11-08 02:00:00-05:00,1.143425,1.143685,1.141195,1.14354,-1.0,-1.0,-1
2018-11-08 03:00:00-05:00,1.14354,1.144485,1.142625,1.142995,-1.0,-1.0,-1
2018-11-08 04:00:00-05:00,1.142995,1.143235,1.141445,1.14231,-1.0,-1.0,-1
2018-11-08 05:00:00-05:00,1.14231,1.14284,1.141195,1.14201,-1.0,-1.0,-1
2018-11-08 06:00:00-05:00,1.14201,1.142245,1.140415,1.14111,-1.0,-1.0,-1
2018-11-08 07:00:00-05:00,1.14111,1.14265,1.1409,1.141865,-1.0,-1.0,-1
2018-11-08 08:00:00-05:00,1.141865,1.143185,1.14185,1.142655,-1.0,-1.0,-1
2018-11-08 09:00:00-05:00,1.142655,1.144145,1.142415,1.143455,-1.0,-1.0,-1
2018-11-08 10:00:00-05:00,1.143455,1.144715,1.142565,1.14258,-1.0,-1.0,-1
2018-11-08 11:00:00-05:00,1.14258,1.142735,1.141105,1.1416,-1.0,-1.0,-1
2018-11-08 12:00:00-05:00,1.1416,1.141705,1.13888,1.139275,-1.0,-1.0,-1
2018-11-08 13:00:00-05:00,1.139275,1.140155,1.138985,1.13998,-1.0,-1.0,-1
2018-11-08 14:00:00-05:00,1.13998,1.14104,1.135625,1.135645,-1.0,-1.0,-1
2018-11-08 15:00:00-05:00,1.135645,1.136515,1.135165,1.13605,-1.0,-1.0,-1
2018-11-08 16:00:00-05:00,1.13605,1.13669,1.135895,1.13636,-1.0,-1.0,-1
2018-11-08 17:15:00-05:00,1.136625,1.13666,1.136365,1.136425,-1.0,-1.0,-1
2018-11-08 18:00:00-05:00,1.136425,1.13689,1.136375,1.13681,-1.0,-1.0,-1
2018-11-08 19:00:00-05:00,1.13681,1.136895,1.136385,1.136625,-1.0,-1.0,-1
2018-11-08 20:00:00-05:00,1.136625,1.13677,1.135775,1.135885,-1.0,-1.0,-1
2018-11-08 21:00:00-05:00,1.135885,1.136085,1.13522,1.135375,-1.0,-1.0,-1
2018-11-08 22:00:00-05:00,1.135375,1.13564,1.13408,1.134645,-1.0,-1.0,-1
2018-11-08 23:00:00-05:00,1.134645,1.134895,1.13411,1.134785,-1.0,-1.0,-1
2018-11-09 00:00:00-05:00,1.134785,1.135155,1.134455,1.134925,-1.0,-1.0,-1
2018-11-09 01:00:00-05:00,1.134925,1.135085,1.134215,1.13457,-1.0,-1.0,-1
2018-11-09 02:00:00-05:00,1.13457,1.134935,1.133515,1.13368,-1.0,-1.0,-1
2018-11-09 03:00:00-05:00,1.13368,1.134705,1.133025,1.133085,-1.0,-1.0,-1
2018-11-09 04:00:00-05:00,1.133085,1.134385,1.132985,1.13376,-1.0,-1.0,-1
2018-11-09 05:00:00-05:00,1.13376,1.134845,1.132705,1.134495,-1.0,-1.0,-1
2018-11-09 06:00:00-05:00,1.134495,1.13566,1.134115,1.135415,-1.0,-1.0,-1
2018-11-09 07:00:00-05:00,1.135415,1.135465,1.134155,1.13497,-1.0,-1.0,-1
2018-11-09 08:00:00-05:00,1.13497,1.135315,1.133065,1.135135,-1.0,-1.0,-1
2018-11-09 09:00:00-05:00,1.135135,1.135995,1.13412,1.13413,-1.0,-1.0,-1
2018-11-09 10:00:00-05:00,1.13413,1.135665,1.133995,1.135265,-1.0,-1.0,-1
2018-11-09 11:00:00-05:00,1.135265,1.135845,1.132375,1.1325,-1.0,-1.0,-1
2018-11-09 12:00:00-05:00,1.1325,1.133815,1.13163,1.13323,-1.0,-1.0,-1
2018-11-09 13:00:00-05:00,1.13323,1.13391,1.132715,1.13312,-1.0,-1.0,-1
2018-11-09 14:00:00-05:00,1.13312,1.13395,1.133035,1.13358,-1.0,-1.0,-1
2018-11-09 15:00:00-05:00,1.13358,1.133815,1.133015,1.133765,-1.0,-1.0,-1
2018-11-09 16:00:00-05:00,1.133765,1.133985,1.133295,1.133515,-1.0,-1.0,-1
2018-11-11 17:15:00-05:00,1.132475,1.132805,1.131505,1.13173,-1.0,-1.0,-1
2018-11-11 18:00:00-05:00,1.13173,1.132485,1.13173,1.13241,-1.0,-1.0,-1
2018-11-11 19:00:00-05:00,1.13241,1.132615,1.13197,1.1326,-1.0,-1.0,-1
2018-11-11 20:00:00-05:00,1.1326,1.132815,1.13228,1.132485,-1.0,-1.0,-1
2018-11-11 21:00:00-05:00,1.132485,1.133,1.132475,1.13297,-1.0,-1.0,-1
2018-11-11 22:00:00-05:00,1.13297,1.133065,1.132485,1.132585,-1.0,-1.0,-1
2018-11-11 23:00:00-05:00,1.132585,1.132595,1.13196,1.132305,-1.0,-1.0,-1
2018-11-12 00:00:00-05:00,1.132305,1.132325,1.130785,1.131,-1.0,-1.0,-1
2018-11-12 01:00:00-05:00,1.131,1.131175,1.12686,1.127265,-1.0,-1.0,-1
2018-11-12 02:00:00-05:00,1.127265,1.128185,1.125835,1.125995,-1.0,-1.0,-1
2018-11-12 03:00:00-05:00,1.125995,1.12621,1.12403,1.12611,-1.0,-1.0,-1
2018-11-12 04:00:00-05:00,1.12611,1.126505,1.12544,1.125675,-1.0,-1.0,-1
2018-11-12 05:00:00-05:00,1.125675,1.12689,1.125135,1.126075,-1.0,-1.0,-1
2018-11-12 06:00:00-05:00,1.126075,1.12621,1.12473,1.126195,-1.0,-1.0,-1
2018-11-12 07:00:00-05:00,1.126195,1.12741,1.1261,1.127275,-1.0,-1.0,-1
2018-11-12 08:00:00-05:00,1.127275,1.12785,1.12627,1.12724,-1.0,-1.0,-1
2018-11-12 09:00:00-05:00,1.12724,1.127285,1.126025,1.126475,-1.0,-1.0,-1
2018-11-12 10:00:00-05:00,1.126475,1.127265,1.124955,1.125025,-1.0,-1.0,-1
2018-11-12 11:00:00-05:00,1.125025,1.125575,1.124195,1.125485,-1.0,-1.0,-1
2018-11-12 12:00:00-05:00,1.125485,1.125655,1.124255,1.124485,-1.0,-1.0,-1
2018-11-12 13:00:00-05:00,1.124485,1.124585,1.12358,1.12413,-1.0,-1.0,-1
2018-11-12 14:00:00-05:00,1.12413,1.124495,1.12382,1.124025,-1.0,-1.0,-1
2018-11-12 15:00:00-05:00,1.124025,1.12429,1.12337,1.12337,-1.0,-1.0,-1
2018-11-12 16:00:00-05:00,1.12337,1.123585,1.121565,1.12182,-1.0,-1.0,-1
2018-11-12 17:15:00-05:00,1.122125,1.122525,1.12195,1.122025,-1.0,-1.0,-1
2018-11-12 18:00:00-05:00,1.122025,1.122575,1.12198,1.122375,-1.0,-1.0,-1
2018-11-12 19:00:00-05:00,1.122375,1.122895,1.122205,1.12278,-1.0,-1.0,-1
2018-11-12 20:00:00-05:00,1.12278,1.123685,1.122735,1.1236,-1.0,-1.0,-1
2018-11-12 21:00:00-05:00,1.1236,1.123785,1.122885,1.123405,-1.0,-1.0,-1
2018-11-12 22:00:00-05:00,1.123405,1.125,1.12325,1.124525,-1.0,-1.0,-1
2018-11-12 23:00:00-05:00,1.124525,1.125185,1.124145,1.124645,-1.0,-1.0,-1
2018-11-13 00:00:00-05:00,1.124645,1.124905,1.1239,1.123975,-1.0,-1.0,-1
2018-11-13 01:00:00-05:00,1.123975,1.12523,1.123655,1.125205,-1.0,-1.0,-1
2018-11-13 02:00:00-05:00,1.125205,1.12575,1.1234,1.123795,-1.0,-1.0,-1
2018-11-13 03:00:00-05:00,1.123795,1.12505,1.1225,1.123555,-1.0,-1.0,-1
2018-11-13 04:00:00-05:00,1.123555,1.123945,1.122765,1.123475,-1.0,-1.0,-1
2018-11-13 05:00:00-05:00,1.123475,1.124395,1.12219,1.124145,-1.0,-1.0,-1
2018-11-13 06:00:00-05:00,1.124145,1.125445,1.123675,1.125345,-1.0,-1.0,-1
2018-11-13 07:00:00-05:00,1.125345,1.127125,1.124735,1.125955,-1.0,-1.0,-1
2018-11-13 08:00:00-05:00,1.125955,1.127155,1.125785,1.126755,-1.0,-1.0,-1
2018-11-13 09:00:00-05:00,1.126755,1.127925,1.12645,1.126495,-1.0,-1.0,-1
2018-11-13 10:00:00-05:00,1.126495,1.12838,1.12637,1.128045,-1.0,-1.0,-1
2018-11-13 11:00:00-05:00,1.128045,1.129375,1.127115,1.128725,-1.0,-1.0,-1
2018-11-13 12:00:00-05:00,1.128725,1.128805,1.12726,1.127885,-1.0,-1.0,-1
2018-11-13 13:00:00-05:00,1.127885,1.12814,1.125585,1.12574,-1.0,-1.0,-1
2018-11-13 14:00:00-05:00,1.12574,1.126985,1.125275,1.126825,-1.0,-1.0,-1
2018-11-13 15:00:00-05:00,1.126825,1.128645,1.126735,1.12851,-1.0,-1.0,-1
2018-11-13 16:00:00-05:00,1.12851,1.129235,1.128205,1.12911,-1.0,-1.0,-1
2018-11-13 17:15:00-05:00,1.128925,1.12997,1.128575,1.129945,-1.0,-1.0,-1
2018-11-13 18:00:00-05:00,1.129945,1.132065,1.12988,1.13113,-1.0,-1.0,-1
2018-11-13 19:00:00-05:00,1.13113,1.131935,1.13037,1.130425,-1.0,-1.0,-1
2018-11-13 20:00:00-05:00,1.130425,1.13083,1.13034,1.13075,-1.0,-1.0,-1
2018-11-13 21:00:00-05:00,1.13075,1.130895,1.129735,1.129955,-1.0,-1.0,-1
2018-11-13 22:00:00-05:00,1.129955,1.130595,1.12976,1.13008,-1.0,-1.0,-1
2018-11-13 23:00:00-05:00,1.13008,1.13009,1.12861,1.12874,-1.0,-1.0,-1
2018-11-14 00:00:00-05:00,1.12874,1.129395,1.128705,1.129025,-1.0,-1.0,-1
2018-11-14 01:00:00-05:00,1.129025,1.130175,1.12858,1.129685,-1.0,-1.0,-1
2018-11-14 02:00:00-05:00,1.129685,1.12988,1.12763,1.129315,-1.0,-1.0,-1
2018-11-14 03:00:00-05:00,1.129315,1.12934,1.127815,1.128265,-1.0,-1.0,-1
2018-11-14 04:00:00-05:00,1.128265,1.128795,1.12671,1.127005,-1.0,-1.0,-1
2018-11-14 05:00:00-05:00,1.127005,1.12728,1.126465,1.12698,-1.0,-1.0,-1
2018-11-14 06:00:00-05:00,1.12698,1.127375,1.126305,1.12728,-1.0,-1.0,-1
2018-11-14 07:00:00-05:00,1.12728,1.128865,1.127115,1.128335,-1.0,-1.0,-1
2018-11-14 08:00:00-05:00,1.128335,1.131175,1.12829,1.128475,-1.0,-1.0,-1
2018-11-14 09:00:00-05:00,1.128475,1.134805,1.128465,1.133365,-1.0,-1.0,-1
2018-11-14 10:00:00-05:00,1.133365,1.134045,1.130665,1.130825,-1.0,-1.0,-1
2018-11-14 11:00:00-05:00,1.130825,1.13192,1.13057,1.13127,-1.0,-1.0,-1
2018-11-14 12:00:00-05:00,1.13127,1.13187,1.12832,1.12937,-1.0,-1.0,-1
2018-11-14 13:00:00-05:00,1.12937,1.131185,1.127615,1.1309,-1.0,-1.0,-1
2018-11-14 14:00:00-05:00,1.1309,1.134085,1.13013,1.134,-1.0,-1.0,-1
2018-11-14 15:00:00-05:00,1.134,1.134475,1.132235,1.132275,-1.0,-1.0,-1
2018-11-14 16:00:00-05:00,1.132275,1.132305,1.130585,1.130895,-1.0,-1.0,-1
2018-11-14 17:15:00-05:00,1.13135,1.13154,1.130915,1.131385,-1.0,-1.0,-1
2018-11-14 18:00:00-05:00,1.131385,1.131995,1.131085,1.131215,-1.0,-1.0,-1
2018-11-14 19:00:00-05:00,1.131215,1.132055,1.13114,1.131865,-1.0,-1.0,-1
2018-11-14 20:00:00-05:00,1.131865,1.13239,1.13132,1.131535,-1.0,-1.0,-1
2018-11-14 21:00:00-05:00,1.131535,1.13318,1.131525,1.132725,-1.0,-1.0,-1
2018-11-14 22:00:00-05:00,1.132725,1.13341,1.132325,1.133005,-1.0,-1.0,-1
2018-11-14 23:00:00-05:00,1.133005,1.134185,1.13273,1.13379,-1.0,-1.0,-1
2018-11-15 00:00:00-05:00,1.13379,1.13384,1.132875,1.133285,-1.0,-1.0,-1
2018-11-15 01:00:00-05:00,1.133285,1.134745,1.133165,1.134285,-1.0,-1.0,-1
2018-11-15 02:00:00-05:00,1.134285,1.13465,1.132825,1.1336,-1.0,-1.0,-1
2018-11-15 03:00:00-05:00,1.1336,1.135205,1.130725,1.132085,-1.0,-1.0,-1
2018-11-15 04:00:00-05:00,1.132085,1.132655,1.128525,1.128555,-1.0,-1.0,-1
2018-11-15 05:00:00-05:00,1.128555,1.130195,1.127085,1.12999,-1.0,-1.0,-1
2018-11-15 06:00:00-05:00,1.12999,1.131845,1.129755,1.13128,-1.0,-1.0,-1
2018-11-15 07:00:00-05:00,1.13128,1.13158,1.13008,1.130775,-1.0,-1.0,-1
2018-11-15 08:00:00-05:00,1.130775,1.130975,1.128755,1.129055,-1.0,-1.0,-1
2018-11-15 09:00:00-05:00,1.129055,1.131525,1.12878,1.13002,-1.0,-1.0,-1
2018-11-15 10:00:00-05:00,1.13002,1.13227,1.130005,1.131805,-1.0,-1.0,-1
2018-11-15 11:00:00-05:00,1.131805,1.13404,1.130715,1.13225,-1.0,-1.0,-1
2018-11-15 12:00:00-05:00,1.13225,1.13263,1.131035,1.13153,-1.0,-1.0,-1
2018-11-15 13:00:00-05:00,1.13153,1.133825,1.13092,1.131755,-1.0,-1.0,-1
2018-11-15 14:00:00-05:00,1.131755,1.136245,1.13171,1.135125,-1.0,-1.0,-1
2018-11-15 15:00:00-05:00,1.135125,1.135145,1.133145,1.13325,-1.0,-1.0,-1
2018-11-15 16:00:00-05:00,1.13325,1.133505,1.132175,1.132945,-1.0,-1.0,-1
2018-11-15 17:15:00-05:00,1.132725,1.133035,1.13235,1.132355,-1.0,-1.0,-1
2018-11-15 18:00:00-05:00,1.132355,1.132765,1.1322,1.132455,-1.0,-1.0,-1
2018-11-15 19:00:00-05:00,1.132455,1.13372,1.132405,1.133505,-1.0,-1.0,-1
2018-11-15 20:00:00-05:00,1.133505,1.134325,1.13341,1.133955,-1.0,-1.0,-1
2018-11-15 21:00:00-05:00,1.133955,1.13432,1.13345,1.13355,-1.0,-1.0,-1
2018-11-15 22:00:00-05:00,1.13355,1.133775,1.13326,1.133585,-1.0,-1.0,-1
2018-11-15 23:00:00-05:00,1.133585,1.133725,1.13316,1.133395,-1.0,-1.0,-1
2018-11-16 00:00:00-05:00,1.133395,1.13432,1.133345,1.1342,-1.0,-1.0,-1
2018-11-16 01:00:00-05:00,1.1342,1.13496,1.133735,1.134885,-1.0,-1.0,-1
2018-11-16 02:00:00-05:00,1.134885,1.135665,1.133615,1.134265,-1.0,-1.0,-1
2018-11-16 03:00:00-05:00,1.134265,1.136825,1.134265,1.13484,-1.0,-1.0,-1
2018-11-16 04:00:00-05:00,1.13484,1.135445,1.13376,1.134035,-1.0,-1.0,-1
2018-11-16 05:00:00-05:00,1.134035,1.134035,1.132505,1.132925,-1.0,-1.0,-1
2018-11-16 06:00:00-05:00,1.132925,1.133295,1.132165,1.13297,-1.0,-1.0,-1
2018-11-16 07:00:00-05:00,1.13297,1.134245,1.132725,1.133725,-1.0,-1.0,-1
2018-11-16 08:00:00-05:00,1.133725,1.1392,1.132465,1.138895,-1.0,-1.0,-1
2018-11-16 09:00:00-05:00,1.138895,1.141155,1.138895,1.140525,-1.0,-1.0,-1
2018-11-16 10:00:00-05:00,1.140525,1.140665,1.139125,1.139485,-1.0,-1.0,-1
2018-11-16 11:00:00-05:00,1.139485,1.14102,1.13926,1.140155,-1.0,-1.0,-1
2018-11-16 12:00:00-05:00,1.140155,1.141985,1.140155,1.14123,-1.0,-1.0,-1
2018-11-16 13:00:00-05:00,1.14123,1.142015,1.14104,1.141095,-1.0,-1.0,-1
2018-11-16 14:00:00-05:00,1.141095,1.141415,1.140325,1.1414,-1.0,-1.0,-1
2018-11-16 15:00:00-05:00,1.1414,1.14203,1.140845,1.141615,-1.0,-1.0,-1
2018-11-16 16:00:00-05:00,1.141615,1.14205,1.141275,1.1415,-1.0,-1.0,-1
2018-11-18 17:15:00-05:00,1.1417,1.142075,1.141475,1.141685,-1.0,-1.0,-1
2018-11-18 18:00:00-05:00,1.141685,1.14213,1.14063,1.141375,-1.0,-1.0,-1
2018-11-18 19:00:00-05:00,1.141375,1.141375,1.140605,1.141035,-1.0,-1.0,-1
2018-11-18 20:00:00-05:00,1.141035,1.141545,1.14075,1.141155,-1.0,-1.0,-1
2018-11-18 21:00:00-05:00,1.141155,1.141365,1.14079,1.14082,-1.0,-1.0,-1
2018-11-18 22:00:00-05:00,1.14082,1.14123,1.140385,1.14058,-1.0,-1.0,-1
2018-11-18 23:00:00-05:00,1.14058,1.140685,1.13974,1.139795,-1.0,-1.0,-1
2018-11-19 00:00:00-05:00,1.139795,1.140065,1.139615,1.139715,-1.0,-1.0,-1
2018-11-19 01:00:00-05:00,1.139715,1.140565,1.1394,1.140305,-1.0,-1.0,-1
2018-11-19 02:00:00-05:00,1.140305,1.141565,1.1401,1.140955,-1.0,-1.0,-1
2018-11-19 03:00:00-05:00,1.140955,1.142935,1.14036,1.141805,-1.0,-1.0,-1
2018-11-19 04:00:00-05:00,1.141805,1.14295,1.141245,1.142765,-1.0,-1.0,-1
2018-11-19 05:00:00-05:00,1.142765,1.14286,1.141655,1.14188,-1.0,-1.0,-1
2018-11-19 06:00:00-05:00,1.14188,1.143465,1.141725,1.142465,-1.0,-1.0,-1
2018-11-19 07:00:00-05:00,1.142465,1.142915,1.141505,1.142205,-1.0,-1.0,-1
2018-11-19 08:00:00-05:00,1.142205,1.14379,1.141945,1.142845,-1.0,-1.0,-1
2018-11-19 09:00:00-05:00,1.142845,1.143585,1.142375,1.14278,-1.0,-1.0,-1
2018-11-19 10:00:00-05:00,1.14278,1.14646,1.142525,1.145275,-1.0,-1.0,-1
2018-11-19 11:00:00-05:00,1.145275,1.145675,1.14457,1.144825,-1.0,-1.0,-1
2018-11-19 12:00:00-05:00,1.144825,1.145835,1.14415,1.14578,-1.0,-1.0,-1
2018-11-19 13:00:00-05:00,1.14578,1.14581,1.145085,1.145095,-1.0,-1.0,-1
2018-11-19 14:00:00-05:00,1.145095,1.145805,1.145045,1.145445,-1.0,-1.0,-1
2018-11-19 15:00:00-05:00,1.145445,1.14564,1.144965,1.145125,-1.0,-1.0,-1
2018-11-19 16:00:00-05:00,1.145125,1.145415,1.14502,1.145375,-1.0,-1.0,-1
2018-11-19 17:15:00-05:00,1.1452,1.145595,1.144815,1.145305,-1.0,-1.0,-1
2018-11-19 18:00:00-05:00,1.145305,1.14577,1.145265,1.14542,-1.0,-1.0,-1
2018-11-19 19:00:00-05:00,1.14542,1.14582,1.144795,1.144975,-1.0,-1.0,-1
2018-11-19 20:00:00-05:00,1.144975,1.145075,1.144305,1.144695,-1.0,-1.0,-1
2018-11-19 21:00:00-05:00,1.144695,1.145165,1.144485,1.145055,-1.0,-1.0,-1
2018-11-19 22:00:00-05:00,1.145055,1.14564,1.144705,1.145445,-1.0,-1.0,-1
2018-11-19 23:00:00-05:00,1.145445,1.14554,1.144475,1.144615,-1.0,-1.0,-1
2018-11-20 00:00:00-05:00,1.144615,1.14515,1.144535,1.144845,-1.0,-1.0,-1
2018-11-20 01:00:00-05:00,1.144845,1.14565,1.144585,1.14518,-1.0,-1.0,-1
2018-11-20 02:00:00-05:00,1.14518,1.146495,1.144855,1.145775,-1.0,-1.0,-1
2018-11-20 03:00:00-05:00,1.145775,1.147235,1.14289,1.143155,-1.0,-1.0,-1
2018-11-20 04:00:00-05:00,1.143155,1.143685,1.14222,1.142785,-1.0,-1.0,-1
2018-11-20 05:00:00-05:00,1.142785,1.14396,1.142725,1.143115,-1.0,-1.0,-1
2018-11-20 06:00:00-05:00,1.143115,1.143745,1.142455,1.14318,-1.0,-1.0,-1
2018-11-20 07:00:00-05:00,1.14318,1.143535,1.14146,1.14181,-1.0,-1.0,-1
2018-11-20 08:00:00-05:00,1.14181,1.142195,1.14043,1.140725,-1.0,-1.0,-1
2018-11-20 09:00:00-05:00,1.140725,1.141035,1.139305,1.139835,-1.0,-1.0,-1
2018-11-20 10:00:00-05:00,1.139835,1.141165,1.13839,1.14097,-1.0,-1.0,-1
2018-11-20 11:00:00-05:00,1.14097,1.141345,1.138875,1.139045,-1.0,-1.0,-1
2018-11-20 12:00:00-05:00,1.139045,1.139335,1.137315,1.137625,-1.0,-1.0,-1
2018-11-20 13:00:00-05:00,1.137625,1.137645,1.135875,1.136525,-1.0,-1.0,-1
2018-11-20 14:00:00-05:00,1.136525,1.136955,1.135825,1.136685,-1.0,-1.0,-1
2018-11-20 15:00:00-05:00,1.136685,1.137185,1.13626,1.13693,-1.0,-1.0,-1
2018-11-20 16:00:00-05:00,1.13693,1.13724,1.136635,1.13703,-1.0,-1.0,-1
2018-11-20 17:15:00-05:00,1.136855,1.137075,1.13667,1.13673,-1.0,-1.0,-1
2018-11-20 18:00:00-05:00,1.13673,1.137285,1.136695,1.13723,-1.0,-1.0,-1
2018-11-20 19:00:00-05:00,1.13723,1.13734,1.13663,1.13667,-1.0,-1.0,-1
2018-11-20 20:00:00-05:00,1.13667,1.137115,1.136565,1.13696,-1.0,-1.0,-1
2018-11-20 21:00:00-05:00,1.13696,1.137475,1.1368,1.137355,-1.0,-1.0,-1
2018-11-20 22:00:00-05:00,1.137355,1.13751,1.137095,1.13718,-1.0,-1.0,-1
2018-11-20 23:00:00-05:00,1.13718,1.137785,1.137045,1.137775,-1.0,-1.0,-1
2018-11-21 00:00:00-05:00,1.137775,1.138185,1.137565,1.138035,-1.0,-1.0,-1
2018-11-21 01:00:00-05:00,1.138035,1.14009,1.137755,1.13926,-1.0,-1.0,-1
2018-11-21 02:00:00-05:00,1.13926,1.140225,1.138585,1.138765,-1.0,-1.0,-1
2018-11-21 03:00:00-05:00,1.138765,1.141015,1.138755,1.140205,-1.0,-1.0,-1
2018-11-21 04:00:00-05:00,1.140205,1.140565,1.137855,1.13843,-1.0,-1.0,-1
2018-11-21 05:00:00-05:00,1.13843,1.140685,1.136725,1.13747,-1.0,-1.0,-1
2018-11-21 06:00:00-05:00,1.13747,1.141815,1.13743,1.140195,-1.0,-1.0,-1
2018-11-21 07:00:00-05:00,1.140195,1.141525,1.139155,1.14102,-1.0,-1.0,-1
2018-11-21 08:00:00-05:00,1.14102,1.142485,1.140525,1.14122,-1.0,-1.0,-1
2018-11-21 09:00:00-05:00,1.14122,1.141225,1.138745,1.139375,-1.0,-1.0,-1
2018-11-21 10:00:00-05:00,1.139375,1.14149,1.139105,1.139375,-1.0,-1.0,-1
2018-11-21 11:00:00-05:00,1.139375,1.140595,1.139115,1.139265,-1.0,-1.0,-1
2018-11-21 12:00:00-05:00,1.139265,1.14025,1.138035,1.13961,-1.0,-1.0,-1
2018-11-21 13:00:00-05:00,1.13961,1.139715,1.138295,1.139,-1.0,-1.0,-1
2018-11-21 14:00:00-05:00,1.139,1.139385,1.138475,1.13882,-1.0,-1.0,-1
2018-11-21 15:00:00-05:00,1.13882,1.13909,1.138135,1.13826,-1.0,-1.0,-1
2018-11-21 16:00:00-05:00,1.13826,1.13861,1.138185,1.138485,-1.0,-1.0,-1
2018-11-21 17:15:00-05:00,1.138325,1.13876,1.138215,1.13846,-1.0,-1.0,-1
2018-11-21 18:00:00-05:00,1.13846,1.13901,1.138455,1.138885,-1.0,-1.0,-1
2018-11-21 19:00:00-05:00,1.138885,1.139255,1.13856,1.138745,-1.0,-1.0,-1
2018-11-21 20:00:00-05:00,1.138745,1.13912,1.138545,1.139055,-1.0,-1.0,-1
2018-11-21 21:00:00-05:00,1.139055,1.14011,1.13897,1.13968,-1.0,-1.0,-1
2018-11-21 22:00:00-05:00,1.13968,1.13997,1.13944,1.139455,-1.0,-1.0,-1
2018-11-21 23:00:00-05:00,1.139455,1.13976,1.139185,1.13923,-1.0,-1.0,-1
2018-11-22 00:00:00-05:00,1.13923,1.139945,1.13923,1.13972,-1.0,-1.0,-1
2018-11-22 01:00:00-05:00,1.13972,1.14123,1.139535,1.1405,-1.0,-1.0,-1
2018-11-22 02:00:00-05:00,1.1405,1.14095,1.13961,1.140045,-1.0,-1.0,-1
2018-11-22 03:00:00-05:00,1.140045,1.140795,1.139405,1.140345,-1.0,-1.0,-1
2018-11-22 04:00:00-05:00,1.140345,1.14085,1.140125,1.140345,-1.0,-1.0,-1
2018-11-22 05:00:00-05:00,1.140345,1.14341,1.140105,1.14152,-1.0,-1.0,-1
2018-11-22 06:00:00-05:00,1.14152,1.142045,1.139835,1.141965,-1.0,-1.0,-1
2018-11-22 07:00:00-05:00,1.141965,1.14198,1.140465,1.140635,-1.0,-1.0,-1
2018-11-22 08:00:00-05:00,1.140635,1.140705,1.140155,1.14034,-1.0,-1.0,-1
2018-11-22 09:00:00-05:00,1.14034,1.14139,1.14014,1.14041,-1.0,-1.0,-1
2018-11-22 10:00:00-05:00,1.14041,1.141145,1.139115,1.140625,-1.0,-1.0,-1
2018-11-22 11:00:00-05:00,1.140625,1.140845,1.139915,1.14081,-1.0,-1.0,-1
2018-11-22 12:00:00-05:00,1.14081,1.141005,1.13997,1.140775,-1.0,-1.0,-1
2018-11-22 13:00:00-05:00,1.140775,1.140845,1.14042,1.14083,-1.0,-1.0,-1
2018-11-22 14:00:00-05:00,1.14083,1.140875,1.140155,1.14061,-1.0,-1.0,-1
2018-11-22 15:00:00-05:00,1.14061,1.140675,1.140335,1.14057,-1.0,-1.0,-1
2018-11-22 16:00:00-05:00,1.14057,1.140815,1.14017,1.14022,-1.0,-1.0,-1
2018-11-22 17:15:00-05:00,1.1404,1.140665,1.140185,1.140375,-1.0,-1.0,-1
2018-11-22 18:00:00-05:00,1.140375,1.140645,1.14007,1.140285,-1.0,-1.0,-1
2018-11-22 19:00:00-05:00,1.140285,1.1406,1.14013,1.140505,-1.0,-1.0,-1
2018-11-22 20:00:00-05:00,1.140505,1.140785,1.14038,1.14069,-1.0,-1.0,-1
2018-11-22 21:00:00-05:00,1.14069,1.141255,1.14037,1.14092,-1.0,-1.0,-1
2018-11-22 22:00:00-05:00,1.14092,1.141605,1.140745,1.141385,-1.0,-1.0,-1
2018-11-22 23:00:00-05:00,1.141385,1.14164,1.14135,1.14137,-1.0,-1.0,-1
2018-11-23 00:00:00-05:00,1.14137,1.141675,1.14128,1.14146,-1.0,-1.0,-1
2018-11-23 01:00:00-05:00,1.14146,1.142135,1.141025,1.141325,-1.0,-1.0,-1
2018-11-23 02:00:00-05:00,1.141325,1.141725,1.140675,1.141325,-1.0,-1.0,-1
2018-11-23 03:00:00-05:00,1.141325,1.14188,1.13652,1.13703,-1.0,-1.0,-1
2018-11-23 04:00:00-05:00,1.13703,1.138475,1.136665,1.137445,-1.0,-1.0,-1
2018-11-23 05:00:00-05:00,1.137445,1.138015,1.13464,1.134965,-1.0,-1.0,-1
2018-11-23 06:00:00-05:00,1.134965,1.135275,1.133755,1.134795,-1.0,-1.0,-1
2018-11-23 07:00:00-05:00,1.134795,1.136015,1.13455,1.134835,-1.0,-1.0,-1
2018-11-23 08:00:00-05:00,1.134835,1.135775,1.133905,1.135075,-1.0,-1.0,-1
2018-11-23 09:00:00-05:00,1.135075,1.135725,1.134415,1.134695,-1.0,-1.0,-1
2018-11-23 10:00:00-05:00,1.134695,1.135945,1.134265,1.134305,-1.0,-1.0,-1
2018-11-23 11:00:00-05:00,1.134305,1.134535,1.13316,1.133265,-1.0,-1.0,-1
2018-11-23 12:00:00-05:00,1.133265,1.133955,1.133125,1.13349,-1.0,-1.0,-1
2018-11-23 13:00:00-05:00,1.13349,1.133495,1.13302,1.13303,-1.0,-1.0,-1
2018-11-23 14:00:00-05:00,1.13303,1.133135,1.13277,1.132925,-1.0,-1.0,-1
2018-11-23 15:00:00-05:00,1.132925,1.133575,1.132855,1.133075,-1.0,-1.0,-1
2018-11-23 16:00:00-05:00,1.133075,1.133825,1.132925,1.13357,-1.0,-1.0,-1
2018-11-25 17:15:00-05:00,1.134095,1.134105,1.133425,1.133665,-1.0,-1.0,-1
2018-11-25 18:00:00-05:00,1.133665,1.13378,1.133075,1.13376,-1.0,-1.0,-1
2018-11-25 19:00:00-05:00,1.13376,1.134015,1.13329,1.133435,-1.0,-1.0,-1
2018-11-25 20:00:00-05:00,1.133435,1.133745,1.132655,1.133065,-1.0,-1.0,-1
2018-11-25 21:00:00-05:00,1.133065,1.13335,1.1328,1.13288,-1.0,-1.0,-1
2018-11-25 22:00:00-05:00,1.13288,1.13403,1.13288,1.13374,-1.0,-1.0,-1
2018-11-25 23:00:00-05:00,1.13374,1.13461,1.133695,1.134575,-1.0,-1.0,-1
2018-11-26 00:00:00-05:00,1.134575,1.134965,1.13427,1.13478,-1.0,-1.0,-1
2018-11-26 01:00:00-05:00,1.13478,1.13544,1.134385,1.135255,-1.0,-1.0,-1
2018-11-26 02:00:00-05:00,1.135255,1.137055,1.13506,1.136265,-1.0,-1.0,-1
2018-11-26 03:00:00-05:00,1.136265,1.13775,1.13575,1.137095,-1.0,-1.0,-1
2018-11-26 04:00:00-05:00,1.137095,1.138385,1.136715,1.137435,-1.0,-1.0,-1
2018-11-26 05:00:00-05:00,1.137435,1.137665,1.136015,1.136685,-1.0,-1.0,-1
2018-11-26 06:00:00-05:00,1.136685,1.137095,1.13628,1.136925,-1.0,-1.0,-1
2018-11-26 07:00:00-05:00,1.136925,1.137095,1.135445,1.13567,-1.0,-1.0,-1
2018-11-26 08:00:00-05:00,1.13567,1.137575,1.13546,1.13652,-1.0,-1.0,-1
2018-11-26 09:00:00-05:00,1.13652,1.136685,1.13496,1.135325,-1.0,-1.0,-1
2018-11-26 10:00:00-05:00,1.135325,1.135725,1.133805,1.134,-1.0,-1.0,-1
2018-11-26 11:00:00-05:00,1.134,1.134825,1.133505,1.133525,-1.0,-1.0,-1
2018-11-26 12:00:00-05:00,1.133525,1.13447,1.13342,1.133925,-1.0,-1.0,-1
2018-11-26 13:00:00-05:00,1.133925,1.134255,1.132555,1.13304,-1.0,-1.0,-1
2018-11-26 14:00:00-05:00,1.13304,1.13347,1.132835,1.13286,-1.0,-1.0,-1
2018-11-26 15:00:00-05:00,1.13286,1.133535,1.13286,1.13339,-1.0,-1.0,-1
2018-11-26 16:00:00-05:00,1.13339,1.133555,1.132495,1.132805,-1.0,-1.0,-1
2018-11-26 17:15:00-05:00,1.13275,1.133315,1.13275,1.13306,-1.0,-1.0,-1
2018-11-26 18:00:00-05:00,1.13306,1.13345,1.132975,1.133315,-1.0,-1.0,-1
2018-11-26 19:00:00-05:00,1.133315,1.13354,1.133065,1.13331,-1.0,-1.0,-1
2018-11-26 20:00:00-05:00,1.13331,1.13339,1.13285,1.13294,-1.0,-1.0,-1
2018-11-26 21:00:00-05:00,1.13294,1.133585,1.132845,1.133295,-1.0,-1.0,-1
2018-11-26 22:00:00-05:00,1.133295,1.133965,1.133205,1.13338,-1.0,-1.0,-1
2018-11-26 23:00:00-05:00,1.13338,1.133855,1.133335,1.13374,-1.0,-1.0,-1
2018-11-27 00:00:00-05:00,1.13374,1.13431,1.133635,1.13428,-1.0,-1.0,-1
2018-11-27 01:00:00-05:00,1.13428,1.134375,1.1323,1.13291,-1.0,-1.0,-1
2018-11-27 02:00:00-05:00,1.13291,1.134315,1.130975,1.131185,-1.0,-1.0,-1
2018-11-27 03:00:00-05:00,1.131185,1.131825,1.13053,1.131205,-1.0,-1.0,-1
2018-11-27 04:00:00-05:00,1.131205,1.132565,1.13093,1.130985,-1.0,-1.0,-1
2018-11-27 05:00:00-05:00,1.130985,1.133195,1.130925,1.13178,-1.0,-1.0,-1
2018-11-27 06:00:00-05:00,1.13178,1.132415,1.13154,1.13196,-1.0,-1.0,-1
2018-11-27 07:00:00-05:00,1.13196,1.132865,1.13141,1.132755,-1.0,-1.0,-1
2018-11-27 08:00:00-05:00,1.132755,1.133655,1.13149,1.13203,-1.0,-1.0,-1
2018-11-27 09:00:00-05:00,1.13203,1.132985,1.129675,1.12973,-1.0,-1.0,-1
2018-11-27 10:00:00-05:00,1.12973,1.131055,1.128805,1.129035,-1.0,-1.0,-1
2018-11-27 11:00:00-05:00,1.129035,1.12935,1.127805,1.128085,-1.0,-1.0,-1
2018-11-27 12:00:00-05:00,1.128085,1.129275,1.12776,1.128535,-1.0,-1.0,-1
2018-11-27 13:00:00-05:00,1.128535,1.130275,1.128455,1.1297,-1.0,-1.0,-1
2018-11-27 14:00:00-05:00,1.1297,1.129955,1.12932,1.12948,-1.0,-1.0,-1
2018-11-27 15:00:00-05:00,1.12948,1.129845,1.129055,1.12966,-1.0,-1.0,-1
2018-11-27 16:00:00-05:00,1.12966,1.129705,1.128575,1.1289,-1.0,-1.0,-1
2018-11-27 17:15:00-05:00,1.12935,1.12957,1.12929,1.12939,-1.0,-1.0,-1
2018-11-27 18:00:00-05:00,1.12939,1.12994,1.129145,1.12973,-1.0,-1.0,-1
2018-11-27 19:00:00-05:00,1.12973,1.129735,1.128525,1.128895,-1.0,-1.0,-1
2018-11-27 20:00:00-05:00,1.128895,1.129105,1.12858,1.1288,-1.0,-1.0,-1
2018-11-27 21:00:00-05:00,1.1288,1.12944,1.1288,1.129395,-1.0,-1.0,-1
2018-11-27 22:00:00-05:00,1.129395,1.129595,1.12928,1.12934,-1.0,-1.0,-1
2018-11-27 23:00:00-05:00,1.12934,1.12957,1.129055,1.12956,-1.0,-1.0,-1
2018-11-28 00:00:00-05:00,1.12956,1.12983,1.129335,1.12944,-1.0,-1.0,-1
2018-11-28 01:00:00-05:00,1.12944,1.13011,1.129435,1.12978,-1.0,-1.0,-1
2018-11-28 02:00:00-05:00,1.12978,1.129885,1.12767,1.127845,-1.0,-1.0,-1
2018-11-28 03:00:00-05:00,1.127845,1.128435,1.126715,1.1284,-1.0,-1.0,-1
2018-11-28 04:00:00-05:00,1.1284,1.128905,1.127425,1.128075,-1.0,-1.0,-1
2018-11-28 05:00:00-05:00,1.128075,1.129375,1.12792,1.129195,-1.0,-1.0,-1
2018-11-28 06:00:00-05:00,1.129195,1.129435,1.127865,1.127945,-1.0,-1.0,-1
2018-11-28 07:00:00-05:00,1.127945,1.129015,1.127815,1.12882,-1.0,-1.0,-1
2018-11-28 08:00:00-05:00,1.12882,1.129195,1.127925,1.128755,-1.0,-1.0,-1
2018-11-28 09:00:00-05:00,1.128755,1.128845,1.126855,1.127575,-1.0,-1.0,-1
2018-11-28 10:00:00-05:00,1.127575,1.128595,1.126975,1.127525,-1.0,-1.0,-1
2018-11-28 11:00:00-05:00,1.127525,1.128715,1.12711,1.128495,-1.0,-1.0,-1
2018-11-28 12:00:00-05:00,1.128495,1.136995,1.128495,1.134415,-1.0,-1.0,-1
2018-11-28 13:00:00-05:00,1.134415,1.13877,1.13379,1.137485,-1.0,-1.0,-1
2018-11-28 14:00:00-05:00,1.137485,1.138545,1.136725,1.137545,-1.0,-1.0,-1
2018-11-28 15:00:00-05:00,1.137545,1.137615,1.136715,1.136955,-1.0,-1.0,-1
2018-11-28 16:00:00-05:00,1.136955,1.136995,1.136585,1.136625,-1.0,-1.0,-1
2018-11-28 17:15:00-05:00,1.136825,1.13714,1.136575,1.136875,-1.0,-1.0,-1
2018-11-28 18:00:00-05:00,1.136875,1.137095,1.136745,1.136765,-1.0,-1.0,-1
2018-11-28 19:00:00-05:00,1.136765,1.13709,1.136325,1.136675,-1.0,-1.0,-1
2018-11-28 20:00:00-05:00,1.136675,1.137205,1.1366,1.13707,-1.0,-1.0,-1
2018-11-28 21:00:00-05:00,1.13707,1.137495,1.1369,1.13737,-1.0,-1.0,-1
2018-11-28 22:00:00-05:00,1.13737,1.137955,1.13726,1.137775,-1.0,-1.0,-1
2018-11-28 23:00:00-05:00,1.137775,1.13887,1.137645,1.13861,-1.0,-1.0,-1
2018-11-29 00:00:00-05:00,1.13861,1.139235,1.138365,1.13864,-1.0,-1.0,-1
2018-11-29 01:00:00-05:00,1.13864,1.139165,1.137825,1.13808,-1.0,-1.0,-1
2018-11-29 02:00:00-05:00,1.13808,1.139775,1.13749,1.13896,-1.0,-1.0,-1
2018-11-29 03:00:00-05:00,1.13896,1.139755,1.13721,1.137645,-1.0,-1.0,-1
2018-11-29 04:00:00-05:00,1.137645,1.13789,1.136525,1.13707,-1.0,-1.0,-1
2018-11-29 05:00:00-05:00,1.13707,1.13759,1.135085,1.13509,-1.0,-1.0,-1
2018-11-29 06:00:00-05:00,1.13509,1.136865,1.134875,1.136655,-1.0,-1.0,-1
2018-11-29 07:00:00-05:00,1.136655,1.139475,1.136455,1.13866,-1.0,-1.0,-1
2018-11-29 08:00:00-05:00,1.13866,1.14017,1.137055,1.13718,-1.0,-1.0,-1
2018-11-29 09:00:00-05:00,1.13718,1.138645,1.136575,1.138405,-1.0,-1.0,-1
2018-11-29 10:00:00-05:00,1.138405,1.138665,1.13645,1.13865,-1.0,-1.0,-1
2018-11-29 11:00:00-05:00,1.13865,1.13978,1.13751,1.13822,-1.0,-1.0,-1
2018-11-29 12:00:00-05:00,1.13822,1.138385,1.13635,1.137295,-1.0,-1.0,-1
2018-11-29 13:00:00-05:00,1.137295,1.138025,1.1369,1.137685,-1.0,-1.0,-1
2018-11-29 14:00:00-05:00,1.137685,1.139155,1.136445,1.13891,-1.0,-1.0,-1
2018-11-29 15:00:00-05:00,1.13891,1.139615,1.138155,1.138965,-1.0,-1.0,-1
2018-11-29 16:00:00-05:00,1.138965,1.139475,1.138765,1.13933,-1.0,-1.0,-1
2018-11-29 17:15:00-05:00,1.13925,1.139325,1.13851,1.138865,-1.0,-1.0,-1
2018-11-29 18:00:00-05:00,1.138865,1.139285,1.13872,1.13927,-1.0,-1.0,-1
2018-11-29 19:00:00-05:00,1.13927,1.139615,1.138905,1.13892,-1.0,-1.0,-1
2018-11-29 20:00:00-05:00,1.13892,1.139105,1.13848,1.139075,-1.0,-1.0,-1
2018-11-29 21:00:00-05:00,1.139075,1.139855,1.13879,1.139835,-1.0,-1.0,-1
2018-11-29 22:00:00-05:00,1.139835,1.140055,1.139265,1.13957,-1.0,-1.0,-1
2018-11-29 23:00:00-05:00,1.13957,1.13964,1.13902,1.13928,-1.0,-1.0,-1
2018-11-30 00:00:00-05:00,1.13928,1.139575,1.139035,1.139185,-1.0,-1.0,-1
2018-11-30 01:00:00-05:00,1.139185,1.13973,1.13878,1.139085,-1.0,-1.0,-1
2018-11-30 02:00:00-05:00,1.139085,1.139475,1.138035,1.138125,-1.0,-1.0,-1
2018-11-30 03:00:00-05:00,1.138125,1.13876,1.137475,1.138745,-1.0,-1.0,-1
2018-11-30 04:00:00-05:00,1.138745,1.138885,1.13702,1.137085,-1.0,-1.0,-1
2018-11-30 05:00:00-05:00,1.137085,1.137325,1.135755,1.137045,-1.0,-1.0,-1
2018-11-30 06:00:00-05:00,1.137045,1.137965,1.13695,1.137155,-1.0,-1.0,-1
2018-11-30 07:00:00-05:00,1.137155,1.137175,1.136165,1.13661,-1.0,-1.0,-1
2018-11-30 08:00:00-05:00,1.13661,1.13681,1.135565,1.13571,-1.0,-1.0,-1
2018-11-30 09:00:00-05:00,1.13571,1.136955,1.133235,1.133845,-1.0,-1.0,-1
2018-11-30 10:00:00-05:00,1.133845,1.134475,1.13184,1.13238,-1.0,-1.0,-1
2018-11-30 11:00:00-05:00,1.13238,1.132655,1.13108,1.132155,-1.0,-1.0,-1
2018-11-30 12:00:00-05:00,1.132155,1.132615,1.131125,1.1315,-1.0,-1.0,-1
2018-11-30 13:00:00-05:00,1.1315,1.13158,1.130555,1.13147,-1.0,-1.0,-1
2018-11-30 14:00:00-05:00,1.13147,1.13163,1.13088,1.13091,-1.0,-1.0,-1
2018-11-30 15:00:00-05:00,1.13091,1.132175,1.130815,1.132165,-1.0,-1.0,-1
2018-11-30 16:00:00-05:00,1.132165,1.13224,1.131335,1.131615,-1.0,-1.0,-1
2018-12-02 17:15:00-05:00,1.1345,1.13476,1.133165,1.1332,-1.0,-1.0,-1
2018-12-02 18:00:00-05:00,1.1332,1.134265,1.13283,1.13423,-1.0,-1.0,-1
2018-12-02 19:00:00-05:00,1.13423,1.13424,1.13305,1.13377,-1.0,-1.0,-1
2018-12-02 20:00:00-05:00,1.13377,1.134335,1.13373,1.13387,-1.0,-1.0,-1
2018-12-02 21:00:00-05:00,1.13387,1.13559,1.133865,1.13527,-1.0,-1.0,-1
2018-12-02 22:00:00-05:00,1.13527,1.135295,1.13453,1.134785,-1.0,-1.0,-1
2018-12-02 23:00:00-05:00,1.134785,1.13571,1.13466,1.13499,-1.0,-1.0,-1
2018-12-03 00:00:00-05:00,1.13499,1.13698,1.134625,1.13663,-1.0,-1.0,-1
2018-12-03 01:00:00-05:00,1.13663,1.1368,1.135815,1.136365,-1.0,-1.0,-1
2018-12-03 02:00:00-05:00,1.136365,1.13798,1.136035,1.136855,-1.0,-1.0,-1
2018-12-03 03:00:00-05:00,1.136855,1.13739,1.135645,1.136915,-1.0,-1.0,-1
2018-12-03 04:00:00-05:00,1.136915,1.13707,1.135425,1.136575,-1.0,-1.0,-1
2018-12-03 05:00:00-05:00,1.136575,1.136635,1.13391,1.13391,-1.0,-1.0,-1
2018-12-03 06:00:00-05:00,1.13391,1.133965,1.131935,1.13349,-1.0,-1.0,-1
2018-12-03 07:00:00-05:00,1.13349,1.134145,1.13308,1.133375,-1.0,-1.0,-1
2018-12-03 08:00:00-05:00,1.133375,1.13438,1.132455,1.132455,-1.0,-1.0,-1
2018-12-03 09:00:00-05:00,1.132455,1.13523,1.132375,1.13471,-1.0,-1.0,-1
2018-12-03 10:00:00-05:00,1.13471,1.135875,1.133495,1.134675,-1.0,-1.0,-1
2018-12-03 11:00:00-05:00,1.134675,1.1362,1.134615,1.135575,-1.0,-1.0,-1
2018-12-03 12:00:00-05:00,1.135575,1.136385,1.135185,1.135355,-1.0,-1.0,-1
2018-12-03 13:00:00-05:00,1.135355,1.135605,1.134615,1.135135,-1.0,-1.0,-1
2018-12-03 14:00:00-05:00,1.135135,1.135255,1.134065,1.134255,-1.0,-1.0,-1
2018-12-03 15:00:00-05:00,1.134255,1.134595,1.1339,1.1345,-1.0,-1.0,-1
2018-12-03 16:00:00-05:00,1.1345,1.13557,1.13448,1.135485,-1.0,-1.0,-1
2018-12-03 17:15:00-05:00,1.1354,1.13546,1.13522,1.13539,-1.0,-1.0,-1
2018-12-03 18:00:00-05:00,1.13539,1.135635,1.13537,1.135435,-1.0,-1.0,-1
2018-12-03 19:00:00-05:00,1.135435,1.135755,1.135005,1.13543,-1.0,-1.0,-1
2018-12-03 20:00:00-05:00,1.13543,1.13666,1.13526,1.13663,-1.0,-1.0,-1
2018-12-03 21:00:00-05:00,1.13663,1.136955,1.13625,1.136715,-1.0,-1.0,-1
2018-12-03 22:00:00-05:00,1.136715,1.13719,1.13639,1.13702,-1.0,-1.0,-1
2018-12-03 23:00:00-05:00,1.13702,1.13819,1.136845,1.137795,-1.0,-1.0,-1
2018-12-04 00:00:00-05:00,1.137795,1.137885,1.137055,1.137495,-1.0,-1.0,-1
2018-12-04 01:00:00-05:00,1.137495,1.13882,1.13737,1.138595,-1.0,-1.0,-1
2018-12-04 02:00:00-05:00,1.138595,1.13927,1.137595,1.13804,-1.0,-1.0,-1
2018-12-04 03:00:00-05:00,1.13804,1.139825,1.137565,1.137815,-1.0,-1.0,-1
2018-12-04 04:00:00-05:00,1.137815,1.141905,1.137725,1.141075,-1.0,-1.0,-1
2018-12-04 05:00:00-05:00,1.141075,1.14119,1.140165,1.140625,-1.0,-1.0,-1
2018-12-04 06:00:00-05:00,1.140625,1.141725,1.139225,1.139445,-1.0,-1.0,-1
2018-12-04 07:00:00-05:00,1.139445,1.14084,1.138885,1.14075,-1.0,-1.0,-1
2018-12-04 08:00:00-05:00,1.14075,1.140955,1.138365,1.138955,-1.0,-1.0,-1
2018-12-04 09:00:00-05:00,1.138955,1.139875,1.138225,1.138865,-1.0,-1.0,-1
2018-12-04 10:00:00-05:00,1.138865,1.139195,1.135015,1.135045,-1.0,-1.0,-1
2018-12-04 11:00:00-05:00,1.135045,1.13602,1.13428,1.134525,-1.0,-1.0,-1
2018-12-04 12:00:00-05:00,1.134525,1.134545,1.131865,1.134285,-1.0,-1.0,-1
2018-12-04 13:00:00-05:00,1.134285,1.13487,1.13349,1.133745,-1.0,-1.0,-1
2018-12-04 14:00:00-05:00,1.133745,1.13435,1.13373,1.134175,-1.0,-1.0,-1
2018-12-04 15:00:00-05:00,1.134175,1.13433,1.133755,1.133775,-1.0,-1.0,-1
2018-12-04 16:00:00-05:00,1.133775,1.134305,1.13374,1.13427,-1.0,-1.0,-1
2018-12-04 17:15:00-05:00,1.13425,1.13443,1.13398,1.13415,-1.0,-1.0,-1
2018-12-04 18:00:00-05:00,1.13415,1.13448,1.134125,1.134265,-1.0,-1.0,-1
2018-12-04 19:00:00-05:00,1.134265,1.13465,1.13352,1.134,-1.0,-1.0,-1
2018-12-04 20:00:00-05:00,1.134,1.134045,1.133295,1.133625,-1.0,-1.0,-1
2018-12-04 21:00:00-05:00,1.133625,1.133625,1.132875,1.132875,-1.0,-1.0,-1
2018-12-04 22:00:00-05:00,1.132875,1.13338,1.132295,1.13303,-1.0,-1.0,-1
2018-12-04 23:00:00-05:00,1.13303,1.133355,1.132305,1.132845,-1.0,-1.0,-1
2018-12-05 00:00:00-05:00,1.132845,1.132875,1.13181,1.13195,-1.0,-1.0,-1
2018-12-05 01:00:00-05:00,1.13195,1.13318,1.131695,1.13312,-1.0,-1.0,-1
2018-12-05 02:00:00-05:00,1.13312,1.13373,1.132275,1.13312,-1.0,-1.0,-1
2018-12-05 03:00:00-05:00,1.13312,1.13441,1.13216,1.13379,-1.0,-1.0,-1
2018-12-05 04:00:00-05:00,1.13379,1.134455,1.133305,1.133755,-1.0,-1.0,-1
2018-12-05 05:00:00-05:00,1.133755,1.13456,1.133455,1.134315,-1.0,-1.0,-1
2018-12-05 06:00:00-05:00,1.134315,1.135835,1.133205,1.13549,-1.0,-1.0,-1
2018-12-05 07:00:00-05:00,1.13549,1.135785,1.135115,1.135575,-1.0,-1.0,-1
2018-12-05 08:00:00-05:00,1.135575,1.136135,1.13522,1.13558,-1.0,-1.0,-1
2018-12-05 09:00:00-05:00,1.13558,1.1359,1.13226,1.132325,-1.0,-1.0,-1
2018-12-05 10:00:00-05:00,1.132325,1.13426,1.131105,1.1342,-1.0,-1.0,-1
2018-12-05 11:00:00-05:00,1.1342,1.135225,1.134005,1.13494,-1.0,-1.0,-1
2018-12-05 12:00:00-05:00,1.13494,1.135845,1.134385,1.135,-1.0,-1.0,-1
2018-12-05 13:00:00-05:00,1.135,1.13541,1.134515,1.134545,-1.0,-1.0,-1
2018-12-05 14:00:00-05:00,1.134545,1.134795,1.13404,1.13407,-1.0,-1.0,-1
2018-12-05 15:00:00-05:00,1.13407,1.134575,1.13391,1.134465,-1.0,-1.0,-1
2018-12-05 16:00:00-05:00,1.134465,1.13472,1.134295,1.134465,-1.0,-1.0,-1
2018-12-05 17:15:00-05:00,1.13452,1.13493,1.134475,1.134815,-1.0,-1.0,-1
2018-12-05 18:00:00-05:00,1.134815,1.135075,1.134525,1.134895,-1.0,-1.0,-1
2018-12-05 19:00:00-05:00,1.134895,1.1352,1.134465,1.134965,-1.0,-1.0,-1
2018-12-05 20:00:00-05:00,1.134965,1.13522,1.13443,1.13478,-1.0,-1.0,-1
2018-12-05 21:00:00-05:00,1.13478,1.13514,1.13421,1.134295,-1.0,-1.0,-1
2018-12-05 22:00:00-05:00,1.134295,1.134625,1.134105,1.13428,-1.0,-1.0,-1
2018-12-05 23:00:00-05:00,1.13428,1.134745,1.13391,1.13474,-1.0,-1.0,-1
2018-12-06 00:00:00-05:00,1.13474,1.135275,1.134395,1.134585,-1.0,-1.0,-1
2018-12-06 01:00:00-05:00,1.134585,1.13459,1.13278,1.13328,-1.0,-1.0,-1
2018-12-06 02:00:00-05:00,1.13328,1.13409,1.13243,1.132465,-1.0,-1.0,-1
2018-12-06 03:00:00-05:00,1.132465,1.133835,1.132105,1.133425,-1.0,-1.0,-1
2018-12-06 04:00:00-05:00,1.133425,1.13464,1.13236,1.134075,-1.0,-1.0,-1
2018-12-06 05:00:00-05:00,1.134075,1.134335,1.132265,1.133035,-1.0,-1.0,-1
2018-12-06 06:00:00-05:00,1.133035,1.13437,1.132815,1.133865,-1.0,-1.0,-1
2018-12-06 07:00:00-05:00,1.133865,1.135085,1.13371,1.13482,-1.0,-1.0,-1
2018-12-06 08:00:00-05:00,1.13482,1.13684,1.134595,1.135965,-1.0,-1.0,-1
2018-12-06 09:00:00-05:00,1.135965,1.139975,1.135785,1.13955,-1.0,-1.0,-1
2018-12-06 10:00:00-05:00,1.13955,1.141275,1.13812,1.13819,-1.0,-1.0,-1
2018-12-06 11:00:00-05:00,1.13819,1.138585,1.135775,1.13731,-1.0,-1.0,-1
2018-12-06 12:00:00-05:00,1.13731,1.139005,1.13728,1.13865,-1.0,-1.0,-1
2018-12-06 13:00:00-05:00,1.13865,1.139285,1.138095,1.138365,-1.0,-1.0,-1
2018-12-06 14:00:00-05:00,1.138365,1.139025,1.137205,1.137335,-1.0,-1.0,-1
2018-12-06 15:00:00-05:00,1.137335,1.138235,1.13677,1.13822,-1.0,-1.0,-1
2018-12-06 16:00:00-05:00,1.13822,1.13839,1.1376,1.137665,-1.0,-1.0,-1
2018-12-06 17:15:00-05:00,1.137555,1.1381,1.137225,1.13774,-1.0,-1.0,-1
2018-12-06 18:00:00-05:00,1.13774,1.137885,1.137375,1.1376,-1.0,-1.0,-1
2018-12-06 19:00:00-05:00,1.1376,1.1378,1.13713,1.137395,-1.0,-1.0,-1
2018-12-06 20:00:00-05:00,1.137395,1.13779,1.13729,1.13759,-1.0,-1.0,-1
2018-12-06 21:00:00-05:00,1.13759,1.13776,1.137305,1.137465,-1.0,-1.0,-1
2018-12-06 22:00:00-05:00,1.137465,1.13821,1.137455,1.13775,-1.0,-1.0,-1
2018-12-06 23:00:00-05:00,1.13775,1.137865,1.137385,1.137385,-1.0,-1.0,-1
2018-12-07 00:00:00-05:00,1.137385,1.137515,1.136595,1.1367,-1.0,-1.0,-1
2018-12-07 01:00:00-05:00,1.1367,1.13741,1.136525,1.13738,-1.0,-1.0,-1
2018-12-07 02:00:00-05:00,1.13738,1.137575,1.136045,1.13733,-1.0,-1.0,-1
2018-12-07 03:00:00-05:00,1.13733,1.13826,1.136355,1.137765,-1.0,-1.0,-1
2018-12-07 04:00:00-05:00,1.137765,1.137995,1.136315,1.13662,-1.0,-1.0,-1
2018-12-07 05:00:00-05:00,1.13662,1.137455,1.136305,1.13707,-1.0,-1.0,-1
2018-12-07 06:00:00-05:00,1.13707,1.138425,1.13698,1.13809,-1.0,-1.0,-1
2018-12-07 07:00:00-05:00,1.13809,1.138245,1.136495,1.136615,-1.0,-1.0,-1
2018-12-07 08:00:00-05:00,1.136615,1.141545,1.136545,1.138885,-1.0,-1.0,-1
2018-12-07 09:00:00-05:00,1.138885,1.140475,1.137365,1.13866,-1.0,-1.0,-1
2018-12-07 10:00:00-05:00,1.13866,1.139175,1.13764,1.139075,-1.0,-1.0,-1
2018-12-07 11:00:00-05:00,1.139075,1.140405,1.13849,1.139005,-1.0,-1.0,-1
2018-12-07 12:00:00-05:00,1.139005,1.139765,1.138225,1.139445,-1.0,-1.0,-1
2018-12-07 13:00:00-05:00,1.139445,1.14089,1.139205,1.140745,-1.0,-1.0,-1
2018-12-07 14:00:00-05:00,1.140745,1.142355,1.140605,1.14228,-1.0,-1.0,-1
2018-12-07 15:00:00-05:00,1.14228,1.142305,1.140545,1.14111,-1.0,-1.0,-1
2018-12-07 16:00:00-05:00,1.14111,1.14119,1.138135,1.138775,-1.0,-1.0,-1
2018-12-09 17:15:00-05:00,1.139525,1.139915,1.13915,1.13982,-1.0,-1.0,-1
2018-12-09 18:00:00-05:00,1.13982,1.14068,1.13936,1.139985,-1.0,-1.0,-1
2018-12-09 19:00:00-05:00,1.139985,1.14098,1.139945,1.140905,-1.0,-1.0,-1
2018-12-09 20:00:00-05:00,1.140905,1.143945,1.14076,1.14371,-1.0,-1.0,-1
2018-12-09 21:00:00-05:00,1.14371,1.144275,1.143285,1.14357,-1.0,-1.0,-1
2018-12-09 22:00:00-05:00,1.14357,1.143585,1.143045,1.143175,-1.0,-1.0,-1
2018-12-09 23:00:00-05:00,1.143175,1.143235,1.14251,1.142825,-1.0,-1.0,-1
2018-12-10 00:00:00-05:00,1.142825,1.14369,1.14251,1.14359,-1.0,-1.0,-1
2018-12-10 01:00:00-05:00,1.14359,1.14398,1.142815,1.142875,-1.0,-1.0,-1
2018-12-10 02:00:00-05:00,1.142875,1.14401,1.142405,1.142635,-1.0,-1.0,-1
2018-12-10 03:00:00-05:00,1.142635,1.14348,1.140875,1.141335,-1.0,-1.0,-1
2018-12-10 04:00:00-05:00,1.141335,1.142225,1.140555,1.14124,-1.0,-1.0,-1
2018-12-10 05:00:00-05:00,1.14124,1.14137,1.140175,1.140565,-1.0,-1.0,-1
2018-12-10 06:00:00-05:00,1.140565,1.142575,1.140465,1.14095,-1.0,-1.0,-1
2018-12-10 07:00:00-05:00,1.14095,1.142685,1.14093,1.142335,-1.0,-1.0,-1
2018-12-10 08:00:00-05:00,1.142335,1.142815,1.14056,1.141115,-1.0,-1.0,-1
2018-12-10 09:00:00-05:00,1.141115,1.14142,1.139355,1.140735,-1.0,-1.0,-1
2018-12-10 10:00:00-05:00,1.140735,1.141515,1.137215,1.137495,-1.0,-1.0,-1
2018-12-10 11:00:00-05:00,1.137495,1.137845,1.135685,1.13674,-1.0,-1.0,-1
2018-12-10 12:00:00-05:00,1.13674,1.137795,1.13598,1.13601,-1.0,-1.0,-1
2018-12-10 13:00:00-05:00,1.13601,1.13624,1.135165,1.1361,-1.0,-1.0,-1
2018-12-10 14:00:00-05:00,1.1361,1.136135,1.135055,1.13528,-1.0,-1.0,-1
2018-12-10 15:00:00-05:00,1.13528,1.135755,1.13506,1.13549,-1.0,-1.0,-1
2018-12-10 16:00:00-05:00,1.13549,1.135705,1.135265,1.135565,-1.0,-1.0,-1
2018-12-10 17:15:00-05:00,1.13525,1.13577,1.13509,1.135095,-1.0,-1.0,-1
2018-12-10 18:00:00-05:00,1.135095,1.13576,1.13509,1.13559,-1.0,-1.0,-1
2018-12-10 19:00:00-05:00,1.13559,1.135925,1.135305,1.135705,-1.0,-1.0,-1
2018-12-10 20:00:00-05:00,1.135705,1.136535,1.135615,1.13626,-1.0,-1.0,-1
2018-12-10 21:00:00-05:00,1.13626,1.13682,1.136175,1.136645,-1.0,-1.0,-1
2018-12-10 22:00:00-05:00,1.136645,1.13701,1.13646,1.136525,-1.0,-1.0,-1
2018-12-10 23:00:00-05:00,1.136525,1.13698,1.13634,1.136915,-1.0,-1.0,-1
2018-12-11 00:00:00-05:00,1.136915,1.137195,1.13665,1.13709,-1.0,-1.0,-1
2018-12-11 01:00:00-05:00,1.13709,1.13716,1.13581,1.136345,-1.0,-1.0,-1
2018-12-11 02:00:00-05:00,1.136345,1.137725,1.136095,1.13683,-1.0,-1.0,-1
2018-12-11 03:00:00-05:00,1.13683,1.138715,1.136645,1.13781,-1.0,-1.0,-1
2018-12-11 04:00:00-05:00,1.13781,1.138445,1.13753,1.138205,-1.0,-1.0,-1
2018-12-11 05:00:00-05:00,1.138205,1.139065,1.137655,1.138795,-1.0,-1.0,-1
2018-12-11 06:00:00-05:00,1.138795,1.140025,1.13835,1.13931,-1.0,-1.0,-1
2018-12-11 07:00:00-05:00,1.13931,1.1397,1.13756,1.138365,-1.0,-1.0,-1
2018-12-11 08:00:00-05:00,1.138365,1.138715,1.136755,1.13698,-1.0,-1.0,-1
2018-12-11 09:00:00-05:00,1.13698,1.13716,1.133215,1.13359,-1.0,-1.0,-1
2018-12-11 10:00:00-05:00,1.13359,1.134145,1.131805,1.132285,-1.0,-1.0,-1
2018-12-11 11:00:00-05:00,1.132285,1.13277,1.13066,1.131315,-1.0,-1.0,-1
2018-12-11 12:00:00-05:00,1.131315,1.132345,1.13064,1.13194,-1.0,-1.0,-1
2018-12-11 13:00:00-05:00,1.13194,1.13251,1.131275,1.131915,-1.0,-1.0,-1
2018-12-11 14:00:00-05:00,1.131915,1.132785,1.131185,1.13265,-1.0,-1.0,-1
2018-12-11 15:00:00-05:00,1.13265,1.132775,1.13171,1.13266,-1.0,-1.0,-1
2018-12-11 16:00:00-05:00,1.13266,1.13268,1.13171,1.131725,-1.0,-1.0,-1
2018-12-11 17:15:00-05:00,1.1318,1.13209,1.13169,1.131985,-1.0,-1.0,-1
2018-12-11 18:00:00-05:00,1.131985,1.132465,1.131915,1.132175,-1.0,-1.0,-1
2018-12-11 19:00:00-05:00,1.132175,1.13335,1.13217,1.13301,-1.0,-1.0,-1
2018-12-11 20:00:00-05:00,1.13301,1.13333,1.132845,1.13308,-1.0,-1.0,-1
2018-12-11 21:00:00-05:00,1.13308,1.133425,1.13283,1.13297,-1.0,-1.0,-1
2018-12-11 22:00:00-05:00,1.13297,1.13321,1.13254,1.132625,-1.0,-1.0,-1
2018-12-11 23:00:00-05:00,1.132625,1.132845,1.132265,1.13263,-1.0,-1.0,-1
2018-12-12 00:00:00-05:00,1.13263,1.13334,1.132495,1.13329,-1.0,-1.0,-1
2018-12-12 01:00:00-05:00,1.13329,1.133315,1.13221,1.13285,-1.0,-1.0,-1
2018-12-12 02:00:00-05:00,1.13285,1.133285,1.131515,1.132405,-1.0,-1.0,-1
2018-12-12 03:00:00-05:00,1.132405,1.133295,1.131535,1.132225,-1.0,-1.0,-1
2018-12-12 04:00:00-05:00,1.132225,1.133775,1.131955,1.13335,-1.0,-1.0,-1
2018-12-12 05:00:00-05:00,1.13335,1.133835,1.13295,1.133515,-1.0,-1.0,-1
2018-12-12 06:00:00-05:00,1.133515,1.133745,1.13285,1.133475,-1.0,-1.0,-1
2018-12-12 07:00:00-05:00,1.133475,1.13645,1.13253,1.134095,-1.0,-1.0,-1
2018-12-12 08:00:00-05:00,1.134095,1.136275,1.13399,1.135955,-1.0,-1.0,-1
2018-12-12 09:00:00-05:00,1.135955,1.136775,1.134175,1.136425,-1.0,-1.0,-1
2018-12-12 10:00:00-05:00,1.136425,1.13792,1.135635,1.13655,-1.0,-1.0,-1
2018-12-12 11:00:00-05:00,1.13655,1.137255,1.135495,1.13619,-1.0,-1.0,-1
2018-12-12 12:00:00-05:00,1.13619,1.13769,1.135865,1.137685,-1.0,-1.0,-1
2018-12-12 13:00:00-05:00,1.137685,1.13875,1.135975,1.136265,-1.0,-1.0,-1
2018-12-12 14:00:00-05:00,1.136265,1.136795,1.13585,1.136745,-1.0,-1.0,-1
2018-12-12 15:00:00-05:00,1.136745,1.137935,1.136495,1.137135,-1.0,-1.0,-1
2018-12-12 16:00:00-05:00,1.137135,1.137845,1.136015,1.136835,-1.0,-1.0,-1
2018-12-12 17:15:00-05:00,1.136825,1.1376,1.136825,1.1372,-1.0,-1.0,-1
2018-12-12 18:00:00-05:00,1.1372,1.137745,1.137105,1.137265,-1.0,-1.0,-1
2018-12-12 19:00:00-05:00,1.137265,1.13747,1.136835,1.136865,-1.0,-1.0,-1
2018-12-12 20:00:00-05:00,1.136865,1.137035,1.136605,1.136815,-1.0,-1.0,-1
2018-12-12 21:00:00-05:00,1.136815,1.137125,1.136605,1.137005,-1.0,-1.0,-1
2018-12-12 22:00:00-05:00,1.137005,1.137185,1.136845,1.13694,-1.0,-1.0,-1
2018-12-12 23:00:00-05:00,1.13694,1.13694,1.13646,1.136505,-1.0,-1.0,-1
2018-12-13 00:00:00-05:00,1.136505,1.136925,1.136285,1.136615,-1.0,-1.0,-1
2018-12-13 01:00:00-05:00,1.136615,1.137245,1.136425,1.137035,-1.0,-1.0,-1
2018-12-13 02:00:00-05:00,1.137035,1.138745,1.136875,1.13825,-1.0,-1.0,-1
2018-12-13 03:00:00-05:00,1.13825,1.13935,1.138005,1.138405,-1.0,-1.0,-1
2018-12-13 04:00:00-05:00,1.138405,1.138575,1.136685,1.137765,-1.0,-1.0,-1
2018-12-13 05:00:00-05:00,1.137765,1.138385,1.13712,1.137245,-1.0,-1.0,-1
2018-12-13 06:00:00-05:00,1.137245,1.13817,1.137185,1.137875,-1.0,-1.0,-1
2018-12-13 07:00:00-05:00,1.137875,1.139195,1.13588,1.13683,-1.0,-1.0,-1
2018-12-13 08:00:00-05:00,1.13683,1.13879,1.13386,1.134485,-1.0,-1.0,-1
2018-12-13 09:00:00-05:00,1.134485,1.137015,1.133115,1.134365,-1.0,-1.0,-1
2018-12-13 10:00:00-05:00,1.134365,1.135205,1.13312,1.134695,-1.0,-1.0,-1
2018-12-13 11:00:00-05:00,1.134695,1.136245,1.134635,1.135825,-1.0,-1.0,-1
2018-12-13 12:00:00-05:00,1.135825,1.136415,1.134725,1.1357,-1.0,-1.0,-1
2018-12-13 13:00:00-05:00,1.1357,1.137205,1.135505,1.13626,-1.0,-1.0,-1
2018-12-13 14:00:00-05:00,1.13626,1.1368,1.135905,1.136605,-1.0,-1.0,-1
2018-12-13 15:00:00-05:00,1.136605,1.136805,1.136155,1.136395,-1.0,-1.0,-1
2018-12-13 16:00:00-05:00,1.136395,1.13645,1.135475,1.13593,-1.0,-1.0,-1
2018-12-13 17:15:00-05:00,1.13625,1.136425,1.13565,1.13574,-1.0,-1.0,-1
2018-12-13 18:00:00-05:00,1.13574,1.13633,1.135615,1.136305,-1.0,-1.0,-1
2018-12-13 19:00:00-05:00,1.136305,1.136515,1.135915,1.136095,-1.0,-1.0,-1
2018-12-13 20:00:00-05:00,1.136095,1.136345,1.13566,1.13634,-1.0,-1.0,-1
2018-12-13 21:00:00-05:00,1.13634,1.13634,1.135525,1.135995,-1.0,-1.0,-1
2018-12-13 22:00:00-05:00,1.135995,1.136095,1.135875,1.136075,-1.0,-1.0,-1
2018-12-13 23:00:00-05:00,1.136075,1.136195,1.13588,1.13619,-1.0,-1.0,-1
2018-12-14 00:00:00-05:00,1.13619,1.13619,1.135785,1.136065,-1.0,-1.0,-1
2018-12-14 01:00:00-05:00,1.136065,1.1361,1.134555,1.13491,-1.0,-1.0,-1
2018-12-14 02:00:00-05:00,1.13491,1.135585,1.134345,1.13554,-1.0,-1.0,-1
2018-12-14 03:00:00-05:00,1.13554,1.135885,1.129075,1.129225,-1.0,-1.0,-1
2018-12-14 04:00:00-05:00,1.129225,1.130035,1.128625,1.12929,-1.0,-1.0,-1
2018-12-14 05:00:00-05:00,1.12929,1.129905,1.128895,1.129785,-1.0,-1.0,-1
2018-12-14 06:00:00-05:00,1.129785,1.130715,1.12824,1.12843,-1.0,-1.0,-1
2018-12-14 07:00:00-05:00,1.12843,1.12924,1.12842,1.12887,-1.0,-1.0,-1
2018-12-14 08:00:00-05:00,1.12887,1.12899,1.126995,1.127375,-1.0,-1.0,-1
2018-12-14 09:00:00-05:00,1.127375,1.1289,1.12721,1.128345,-1.0,-1.0,-1
2018-12-14 10:00:00-05:00,1.128345,1.12991,1.128325,1.12973,-1.0,-1.0,-1
2018-12-14 11:00:00-05:00,1.12973,1.130155,1.12928,1.12992,-1.0,-1.0,-1
2018-12-14 12:00:00-05:00,1.12992,1.130755,1.12983,1.130095,-1.0,-1.0,-1
2018-12-14 13:00:00-05:00,1.130095,1.130565,1.129535,1.130365,-1.0,-1.0,-1
2018-12-14 14:00:00-05:00,1.130365,1.130735,1.129875,1.130325,-1.0,-1.0,-1
2018-12-14 15:00:00-05:00,1.130325,1.130835,1.130065,1.13007,-1.0,-1.0,-1
2018-12-14 16:00:00-05:00,1.13007,1.130725,1.129945,1.13054,-1.0,-1.0,-1
2018-12-16 17:15:00-05:00,1.1303,1.130865,1.130085,1.13059,-1.0,-1.0,-1
2018-12-16 18:00:00-05:00,1.13059,1.13086,1.130445,1.130485,-1.0,-1.0,-1
2018-12-16 19:00:00-05:00,1.130485,1.131005,1.130295,1.13048,-1.0,-1.0,-1
2018-12-16 20:00:00-05:00,1.13048,1.13107,1.13048,1.130705,-1.0,-1.0,-1
2018-12-16 21:00:00-05:00,1.130705,1.13112,1.130565,1.13106,-1.0,-1.0,-1
2018-12-16 22:00:00-05:00,1.13106,1.131335,1.13101,1.13101,-1.0,-1.0,-1
2018-12-16 23:00:00-05:00,1.13101,1.13131,1.13081,1.13096,-1.0,-1.0,-1
2018-12-17 00:00:00-05:00,1.13096,1.131225,1.13066,1.130805,-1.0,-1.0,-1
2018-12-17 01:00:00-05:00,1.130805,1.13131,1.130625,1.131135,-1.0,-1.0,-1
2018-12-17 02:00:00-05:00,1.131135,1.13198,1.131035,1.131845,-1.0,-1.0,-1
2018-12-17 03:00:00-05:00,1.131845,1.132735,1.13111,1.132355,-1.0,-1.0,-1
2018-12-17 04:00:00-05:00,1.132355,1.13314,1.132225,1.13294,-1.0,-1.0,-1
2018-12-17 05:00:00-05:00,1.13294,1.134445,1.132725,1.13391,-1.0,-1.0,-1
2018-12-17 06:00:00-05:00,1.13391,1.13514,1.133605,1.13505,-1.0,-1.0,-1
2018-12-17 07:00:00-05:00,1.13505,1.135365,1.133465,1.133985,-1.0,-1.0,-1
2018-12-17 08:00:00-05:00,1.133985,1.13523,1.133645,1.13505,-1.0,-1.0,-1
2018-12-17 09:00:00-05:00,1.13505,1.13508,1.13351,1.1343,-1.0,-1.0,-1
2018-12-17 10:00:00-05:00,1.1343,1.13438,1.133025,1.13362,-1.0,-1.0,-1
2018-12-17 11:00:00-05:00,1.13362,1.13459,1.133025,1.133865,-1.0,-1.0,-1
2018-12-17 12:00:00-05:00,1.133865,1.135475,1.133825,1.135105,-1.0,-1.0,-1
2018-12-17 13:00:00-05:00,1.135105,1.135775,1.135085,1.135505,-1.0,-1.0,-1
2018-12-17 14:00:00-05:00,1.135505,1.13578,1.134905,1.135005,-1.0,-1.0,-1
2018-12-17 15:00:00-05:00,1.135005,1.135025,1.134515,1.134545,-1.0,-1.0,-1
2018-12-17 16:00:00-05:00,1.134545,1.13485,1.134415,1.134745,-1.0,-1.0,-1
2018-12-17 17:15:00-05:00,1.135,1.135,1.134615,1.13475,-1.0,-1.0,-1
2018-12-17 18:00:00-05:00,1.13475,1.13525,1.13475,1.134945,-1.0,-1.0,-1
2018-12-17 19:00:00-05:00,1.134945,1.135415,1.13443,1.1346,-1.0,-1.0,-1
2018-12-17 20:00:00-05:00,1.1346,1.136015,1.134535,1.13589,-1.0,-1.0,-1
2018-12-17 21:00:00-05:00,1.13589,1.13589,1.135185,1.13535,-1.0,-1.0,-1
2018-12-17 22:00:00-05:00,1.13535,1.13553,1.13487,1.13545,-1.0,-1.0,-1
2018-12-17 23:00:00-05:00,1.13545,1.135555,1.13474,1.134745,-1.0,-1.0,-1
2018-12-18 00:00:00-05:00,1.134745,1.13483,1.13399,1.134525,-1.0,-1.0,-1
2018-12-18 01:00:00-05:00,1.134525,1.134525,1.13385,1.1339,-1.0,-1.0,-1
2018-12-18 02:00:00-05:00,1.1339,1.135845,1.133675,1.135805,-1.0,-1.0,-1
2018-12-18 03:00:00-05:00,1.135805,1.137705,1.13557,1.13698,-1.0,-1.0,-1
2018-12-18 04:00:00-05:00,1.13698,1.13819,1.13639,1.137625,-1.0,-1.0,-1
2018-12-18 05:00:00-05:00,1.137625,1.138875,1.137395,1.138795,-1.0,-1.0,-1
2018-12-18 06:00:00-05:00,1.138795,1.14023,1.13856,1.139375,-1.0,-1.0,-1
2018-12-18 07:00:00-05:00,1.139375,1.139615,1.137875,1.138,-1.0,-1.0,-1
2018-12-18 08:00:00-05:00,1.138,1.138665,1.137275,1.13791,-1.0,-1.0,-1
2018-12-18 09:00:00-05:00,1.13791,1.138035,1.136415,1.136545,-1.0,-1.0,-1
2018-12-18 10:00:00-05:00,1.136545,1.137465,1.13621,1.136465,-1.0,-1.0,-1
2018-12-18 11:00:00-05:00,1.136465,1.137185,1.135715,1.13606,-1.0,-1.0,-1
2018-12-18 12:00:00-05:00,1.13606,1.13725,1.135895,1.13601,-1.0,-1.0,-1
2018-12-18 13:00:00-05:00,1.13601,1.137395,1.135005,1.1369,-1.0,-1.0,-1
2018-12-18 14:00:00-05:00,1.1369,1.137535,1.135475,1.13555,-1.0,-1.0,-1
2018-12-18 15:00:00-05:00,1.13555,1.136495,1.13549,1.13637,-1.0,-1.0,-1
2018-12-18 16:00:00-05:00,1.13637,1.136725,1.135655,1.136095,-1.0,-1.0,-1
2018-12-18 17:15:00-05:00,1.136455,1.13704,1.13644,1.137015,-1.0,-1.0,-1
2018-12-18 18:00:00-05:00,1.137015,1.137745,1.136905,1.13759,-1.0,-1.0,-1
2018-12-18 19:00:00-05:00,1.13759,1.13866,1.137475,1.138315,-1.0,-1.0,-1
2018-12-18 20:00:00-05:00,1.138315,1.13854,1.13763,1.138105,-1.0,-1.0,-1
2018-12-18 21:00:00-05:00,1.138105,1.13865,1.13792,1.13856,-1.0,-1.0,-1
2018-12-18 22:00:00-05:00,1.13856,1.138735,1.13843,1.13852,-1.0,-1.0,-1
2018-12-18 23:00:00-05:00,1.13852,1.13898,1.138065,1.13813,-1.0,-1.0,-1
2018-12-19 00:00:00-05:00,1.13813,1.13885,1.13784,1.138785,-1.0,-1.0,-1
2018-12-19 01:00:00-05:00,1.138785,1.139045,1.138085,1.13851,-1.0,-1.0,-1
2018-12-19 02:00:00-05:00,1.13851,1.1405,1.138295,1.139745,-1.0,-1.0,-1
2018-12-19 03:00:00-05:00,1.139745,1.140595,1.139425,1.140125,-1.0,-1.0,-1
2018-12-19 04:00:00-05:00,1.140125,1.14052,1.138865,1.13891,-1.0,-1.0,-1
2018-12-19 05:00:00-05:00,1.13891,1.140995,1.138265,1.14081,-1.0,-1.0,-1
2018-12-19 06:00:00-05:00,1.14081,1.141425,1.139575,1.14038,-1.0,-1.0,-1
2018-12-19 07:00:00-05:00,1.14038,1.140565,1.139505,1.140375,-1.0,-1.0,-1
2018-12-19 08:00:00-05:00,1.140375,1.140655,1.139595,1.14015,-1.0,-1.0,-1
2018-12-19 09:00:00-05:00,1.14015,1.143225,1.140095,1.142945,-1.0,-1.0,-1
2018-12-19 10:00:00-05:00,1.142945,1.143935,1.14199,1.142125,-1.0,-1.0,-1
2018-12-19 11:00:00-05:00,1.142125,1.143245,1.14198,1.142185,-1.0,-1.0,-1
2018-12-19 12:00:00-05:00,1.142185,1.143185,1.14182,1.142525,-1.0,-1.0,-1
2018-12-19 13:00:00-05:00,1.142525,1.143795,1.142265,1.143225,-1.0,-1.0,-1
2018-12-19 14:00:00-05:00,1.143225,1.14328,1.13645,1.137155,-1.0,-1.0,-1
2018-12-19 15:00:00-05:00,1.137155,1.13879,1.136455,1.137345,-1.0,-1.0,-1
2018-12-19 16:00:00-05:00,1.137345,1.138665,1.13684,1.13758,-1.0,-1.0,-1
2018-12-19 17:15:00-05:00,1.137975,1.138335,1.137625,1.138035,-1.0,-1.0,-1
2018-12-19 18:00:00-05:00,1.138035,1.138895,1.138015,1.13869,-1.0,-1.0,-1
2018-12-19 19:00:00-05:00,1.13869,1.1388,1.138055,1.138255,-1.0,-1.0,-1
2018-12-19 20:00:00-05:00,1.138255,1.13841,1.137725,1.138195,-1.0,-1.0,-1
2018-12-19 21:00:00-05:00,1.138195,1.138405,1.13783,1.138005,-1.0,-1.0,-1
2018-12-19 22:00:00-05:00,1.138005,1.138325,1.13781,1.138165,-1.0,-1.0,-1
2018-12-19 23:00:00-05:00,1.138165,1.138595,1.13795,1.138585,-1.0,-1.0,-1
2018-12-20 00:00:00-05:00,1.138585,1.13894,1.138235,1.13891,-1.0,-1.0,-1
2018-12-20 01:00:00-05:00,1.13891,1.140995,1.138475,1.140905,-1.0,-1.0,-1
2018-12-20 02:00:00-05:00,1.140905,1.142555,1.140535,1.141595,-1.0,-1.0,-1
2018-12-20 03:00:00-05:00,1.141595,1.14345,1.141085,1.142975,-1.0,-1.0,-1
2018-12-20 04:00:00-05:00,1.142975,1.148075,1.142545,1.147815,-1.0,-1.0,-1
2018-12-20 05:00:00-05:00,1.147815,1.148625,1.146965,1.14767,-1.0,-1.0,-1
2018-12-20 06:00:00-05:00,1.14767,1.148275,1.146415,1.146675,-1.0,-1.0,-1
2018-12-20 07:00:00-05:00,1.146675,1.146725,1.145005,1.145025,-1.0,-1.0,-1
2018-12-20 08:00:00-05:00,1.145025,1.14629,1.14439,1.144585,-1.0,-1.0,-1
2018-12-20 09:00:00-05:00,1.144585,1.146095,1.144195,1.144905,-1.0,-1.0,-1
2018-12-20 10:00:00-05:00,1.144905,1.144925,1.140225,1.141635,-1.0,-1.0,-1
2018-12-20 11:00:00-05:00,1.141635,1.143295,1.140825,1.143165,-1.0,-1.0,-1
2018-12-20 12:00:00-05:00,1.143165,1.146485,1.143085,1.145855,-1.0,-1.0,-1
2018-12-20 13:00:00-05:00,1.145855,1.147565,1.145145,1.14705,-1.0,-1.0,-1
2018-12-20 14:00:00-05:00,1.14705,1.148505,1.146545,1.147165,-1.0,-1.0,-1
2018-12-20 15:00:00-05:00,1.147165,1.147245,1.14591,1.14602,-1.0,-1.0,-1
2018-12-20 16:00:00-05:00,1.14602,1.146065,1.144475,1.144625,-1.0,-1.0,-1
2018-12-20 17:15:00-05:00,1.144825,1.14534,1.144635,1.144915,-1.0,-1.0,-1
2018-12-20 18:00:00-05:00,1.144915,1.14597,1.14489,1.145655,-1.0,-1.0,-1
2018-12-20 19:00:00-05:00,1.145655,1.14617,1.144825,1.14497,-1.0,-1.0,-1
2018-12-20 20:00:00-05:00,1.14497,1.14538,1.144915,1.14522,-1.0,-1.0,-1
2018-12-20 21:00:00-05:00,1.14522,1.145495,1.144845,1.144875,-1.0,-1.0,-1
2018-12-20 22:00:00-05:00,1.144875,1.145065,1.144715,1.144895,-1.0,-1.0,-1
2018-12-20 23:00:00-05:00,1.144895,1.145015,1.144175,1.144435,-1.0,-1.0,-1
2018-12-21 00:00:00-05:00,1.144435,1.145015,1.144205,1.144675,-1.0,-1.0,-1
2018-12-21 01:00:00-05:00,1.144675,1.145635,1.144645,1.145585,-1.0,-1.0,-1
2018-12-21 02:00:00-05:00,1.145585,1.147345,1.14554,1.14691,-1.0,-1.0,-1
2018-12-21 03:00:00-05:00,1.14691,1.14742,1.14429,1.14444,-1.0,-1.0,-1
2018-12-21 04:00:00-05:00,1.14444,1.144495,1.141225,1.142785,-1.0,-1.0,-1
2018-12-21 05:00:00-05:00,1.142785,1.1429,1.141365,1.142025,-1.0,-1.0,-1
2018-12-21 06:00:00-05:00,1.142025,1.142805,1.141525,1.14242,-1.0,-1.0,-1
2018-12-21 07:00:00-05:00,1.14242,1.142645,1.140015,1.141485,-1.0,-1.0,-1
2018-12-21 08:00:00-05:00,1.141485,1.14249,1.140615,1.141075,-1.0,-1.0,-1
2018-12-21 09:00:00-05:00,1.141075,1.14237,1.14018,1.14019,-1.0,-1.0,-1
2018-12-21 10:00:00-05:00,1.14019,1.14157,1.13826,1.14151,-1.0,-1.0,-1
2018-12-21 11:00:00-05:00,1.14151,1.14216,1.13991,1.14008,-1.0,-1.0,-1
2018-12-21 12:00:00-05:00,1.14008,1.140395,1.13848,1.138575,-1.0,-1.0,-1
2018-12-21 13:00:00-05:00,1.138575,1.13863,1.136235,1.13644,-1.0,-1.0,-1
2018-12-21 14:00:00-05:00,1.13644,1.137315,1.136375,1.136925,-1.0,-1.0,-1
2018-12-21 15:00:00-05:00,1.136925,1.13714,1.13561,1.135905,-1.0,-1.0,-1
2018-12-21 16:00:00-05:00,1.135905,1.137465,1.135725,1.137275,-1.0,-1.0,-1
2018-12-23 17:15:00-05:00,1.136675,1.13694,1.136095,1.136895,-1.0,-1.0,-1
2018-12-23 18:00:00-05:00,1.136895,1.13739,1.13666,1.13724,-1.0,-1.0,-1
2018-12-23 19:00:00-05:00,1.13724,1.13806,1.137065,1.13782,-1.0,-1.0,-1
2018-12-23 20:00:00-05:00,1.13782,1.138135,1.13768,1.138035,-1.0,-1.0,-1
2018-12-23 21:00:00-05:00,1.138035,1.139045,1.13778,1.13878,-1.0,-1.0,-1
2018-12-23 22:00:00-05:00,1.13878,1.139185,1.13852,1.13898,-1.0,-1.0,-1
2018-12-23 23:00:00-05:00,1.13898,1.139205,1.138705,1.13919,-1.0,-1.0,-1
2018-12-24 00:00:00-05:00,1.13919,1.13927,1.138695,1.139085,-1.0,-1.0,-1
2018-12-24 01:00:00-05:00,1.139085,1.13924,1.137935,1.138085,-1.0,-1.0,-1
2018-12-24 02:00:00-05:00,1.138085,1.13916,1.137755,1.13776,-1.0,-1.0,-1
2018-12-24 03:00:00-05:00,1.13776,1.140005,1.137425,1.139925,-1.0,-1.0,-1
2018-12-24 04:00:00-05:00,1.139925,1.14083,1.139425,1.13951,-1.0,-1.0,-1
2018-12-24 05:00:00-05:00,1.13951,1.141195,1.139445,1.140225,-1.0,-1.0,-1
2018-12-24 06:00:00-05:00,1.140225,1.14064,1.139525,1.139725,-1.0,-1.0,-1
2018-12-24 07:00:00-05:00,1.139725,1.140535,1.1389,1.140275,-1.0,-1.0,-1
2018-12-24 08:00:00-05:00,1.140275,1.141765,1.13997,1.1414,-1.0,-1.0,-1
2018-12-24 09:00:00-05:00,1.1414,1.14387,1.141355,1.14277,-1.0,-1.0,-1
2018-12-24 10:00:00-05:00,1.14277,1.143385,1.139975,1.141355,-1.0,-1.0,-1
2018-12-24 11:00:00-05:00,1.141355,1.142245,1.140535,1.14181,-1.0,-1.0,-1
2018-12-24 12:00:00-05:00,1.14181,1.14199,1.140925,1.140955,-1.0,-1.0,-1
2018-12-24 13:00:00-05:00,1.140955,1.142215,1.140795,1.141705,-1.0,-1.0,-1
2018-12-24 14:00:00-05:00,1.141705,1.141705,1.139505,1.139965,-1.0,-1.0,-1
2018-12-24 15:00:00-05:00,1.139965,1.14114,1.13955,1.1408,-1.0,-1.0,-1
2018-12-25 19:00:00-05:00,1.14137,1.1416,1.14048,1.140595,-1.0,-1.0,-1
2018-12-25 20:00:00-05:00,1.140595,1.1411,1.139925,1.141015,-1.0,-1.0,-1
2018-12-25 21:00:00-05:00,1.141015,1.14157,1.141015,1.141145,-1.0,-1.0,-1
2018-12-25 22:00:00-05:00,1.141145,1.14165,1.14108,1.141465,-1.0,-1.0,-1
2018-12-25 23:00:00-05:00,1.141465,1.141485,1.140485,1.140555,-1.0,-1.0,-1
2018-12-26 00:00:00-05:00,1.140555,1.14065,1.13977,1.14026,-1.0,-1.0,-1
2018-12-26 01:00:00-05:00,1.14026,1.140785,1.139765,1.14052,-1.0,-1.0,-1
2018-12-26 02:00:00-05:00,1.14052,1.140665,1.13992,1.140245,-1.0,-1.0,-1
2018-12-26 03:00:00-05:00,1.140245,1.14025,1.138515,1.13922,-1.0,-1.0,-1
2018-12-26 04:00:00-05:00,1.13922,1.13961,1.138125,1.13844,-1.0,-1.0,-1
2018-12-26 05:00:00-05:00,1.13844,1.13894,1.13816,1.13851,-1.0,-1.0,-1
2018-12-26 06:00:00-05:00,1.13851,1.138975,1.13814,1.138265,-1.0,-1.0,-1
2018-12-26 07:00:00-05:00,1.138265,1.13877,1.13754,1.13845,-1.0,-1.0,-1
2018-12-26 08:00:00-05:00,1.13845,1.138965,1.13771,1.13892,-1.0,-1.0,-1
2018-12-26 09:00:00-05:00,1.13892,1.139445,1.13823,1.13854,-1.0,-1.0,-1
2018-12-26 10:00:00-05:00,1.13854,1.141425,1.138535,1.14066,-1.0,-1.0,-1
2018-12-26 11:00:00-05:00,1.14066,1.141125,1.140465,1.14064,-1.0,-1.0,-1
2018-12-26 12:00:00-05:00,1.14064,1.14075,1.135555,1.1356,-1.0,-1.0,-1
2018-12-26 13:00:00-05:00,1.1356,1.136595,1.135515,1.13605,-1.0,-1.0,-1
2018-12-26 14:00:00-05:00,1.13605,1.13668,1.134965,1.13529,-1.0,-1.0,-1
2018-12-26 15:00:00-05:00,1.13529,1.135855,1.13431,1.135385,-1.0,-1.0,-1
2018-12-26 16:00:00-05:00,1.135385,1.135525,1.13487,1.135275,-1.0,-1.0,-1
2018-12-26 17:15:00-05:00,1.1357,1.1357,1.135285,1.135575,-1.0,-1.0,-1
2018-12-26 18:00:00-05:00,1.135575,1.136175,1.13555,1.13605,-1.0,-1.0,-1
2018-12-26 19:00:00-05:00,1.13605,1.13724,1.135825,1.136995,-1.0,-1.0,-1
2018-12-26 20:00:00-05:00,1.136995,1.13781,1.136505,1.13737,-1.0,-1.0,-1
2018-12-26 21:00:00-05:00,1.13737,1.13868,1.13734,1.13809,-1.0,-1.0,-1
2018-12-26 22:00:00-05:00,1.13809,1.138445,1.137795,1.13812,-1.0,-1.0,-1
2018-12-26 23:00:00-05:00,1.13812,1.139,1.138115,1.13848,-1.0,-1.0,-1
2018-12-27 00:00:00-05:00,1.13848,1.13852,1.137765,1.138305,-1.0,-1.0,-1
2018-12-27 01:00:00-05:00,1.138305,1.13882,1.137495,1.138375,-1.0,-1.0,-1
2018-12-27 02:00:00-05:00,1.138375,1.138925,1.137165,1.13792,-1.0,-1.0,-1
2018-12-27 03:00:00-05:00,1.13792,1.139865,1.137865,1.13932,-1.0,-1.0,-1
2018-12-27 04:00:00-05:00,1.13932,1.140005,1.13886,1.139425,-1.0,-1.0,-1
2018-12-27 05:00:00-05:00,1.139425,1.140535,1.139005,1.14029,-1.0,-1.0,-1
2018-12-27 06:00:00-05:00,1.14029,1.140965,1.138275,1.138915,-1.0,-1.0,-1
2018-12-27 07:00:00-05:00,1.138915,1.14012,1.13646,1.1368,-1.0,-1.0,-1
2018-12-27 08:00:00-05:00,1.1368,1.140765,1.13674,1.13976,-1.0,-1.0,-1
2018-12-27 09:00:00-05:00,1.13976,1.14365,1.139225,1.143475,-1.0,-1.0,-1
2018-12-27 10:00:00-05:00,1.143475,1.143525,1.139795,1.140035,-1.0,-1.0,-1
2018-12-27 11:00:00-05:00,1.140035,1.141815,1.139965,1.141195,-1.0,-1.0,-1
2018-12-27 12:00:00-05:00,1.141195,1.144975,1.141095,1.143605,-1.0,-1.0,-1
2018-12-27 13:00:00-05:00,1.143605,1.145435,1.142945,1.144795,-1.0,-1.0,-1
2018-12-27 14:00:00-05:00,1.144795,1.14538,1.14431,1.144865,-1.0,-1.0,-1
2018-12-27 15:00:00-05:00,1.144865,1.14502,1.14272,1.143995,-1.0,-1.0,-1
2018-12-27 16:00:00-05:00,1.143995,1.144125,1.14302,1.143025,-1.0,-1.0,-1
2018-12-27 17:15:00-05:00,1.14318,1.143275,1.142765,1.142995,-1.0,-1.0,-1
2018-12-27 18:00:00-05:00,1.142995,1.14346,1.14288,1.14305,-1.0,-1.0,-1
2018-12-27 19:00:00-05:00,1.14305,1.144785,1.143015,1.14457,-1.0,-1.0,-1
2018-12-27 20:00:00-05:00,1.14457,1.144885,1.144145,1.14482,-1.0,-1.0,-1
2018-12-27 21:00:00-05:00,1.14482,1.146305,1.144685,1.14617,-1.0,-1.0,-1
2018-12-27 22:00:00-05:00,1.14617,1.146695,1.145605,1.145605,-1.0,-1.0,-1
2018-12-27 23:00:00-05:00,1.145605,1.146015,1.145055,1.14514,-1.0,-1.0,-1
2018-12-28 00:00:00-05:00,1.14514,1.145895,1.145115,1.145465,-1.0,-1.0,-1
2018-12-28 01:00:00-05:00,1.145465,1.146375,1.14534,1.14597,-1.0,-1.0,-1
2018-12-28 02:00:00-05:00,1.14597,1.146205,1.144855,1.145495,-1.0,-1.0,-1
2018-12-28 03:00:00-05:00,1.145495,1.146735,1.14511,1.14574,-1.0,-1.0,-1
2018-12-28 04:00:00-05:00,1.14574,1.145875,1.143105,1.144295,-1.0,-1.0,-1
2018-12-28 05:00:00-05:00,1.144295,1.14704,1.14382,1.14651,-1.0,-1.0,-1
2018-12-28 06:00:00-05:00,1.14651,1.147285,1.14606,1.14662,-1.0,-1.0,-1
2018-12-28 07:00:00-05:00,1.14662,1.147035,1.14475,1.14515,-1.0,-1.0,-1
2018-12-28 08:00:00-05:00,1.14515,1.146125,1.14394,1.146115,-1.0,-1.0,-1
2018-12-28 09:00:00-05:00,1.146115,1.146905,1.144395,1.145415,-1.0,-1.0,-1
2018-12-28 10:00:00-05:00,1.145415,1.145705,1.143305,1.143705,-1.0,-1.0,-1
2018-12-28 11:00:00-05:00,1.143705,1.14488,1.14304,1.14436,-1.0,-1.0,-1
2018-12-28 12:00:00-05:00,1.14436,1.144875,1.14313,1.14405,-1.0,-1.0,-1
2018-12-28 13:00:00-05:00,1.14405,1.144875,1.143425,1.14385,-1.0,-1.0,-1
2018-12-28 14:00:00-05:00,1.14385,1.144575,1.14342,1.144145,-1.0,-1.0,-1
2018-12-28 15:00:00-05:00,1.144145,1.1454,1.14412,1.14421,-1.0,-1.0,-1
2018-12-28 16:00:00-05:00,1.14421,1.145085,1.14402,1.14428,-1.0,-1.0,-1
2018-12-30 17:15:00-05:00,1.143825,1.144025,1.14371,1.14398,-1.0,-1.0,-1
2018-12-30 18:00:00-05:00,1.14398,1.14409,1.143815,1.14392,-1.0,-1.0,-1
2018-12-30 19:00:00-05:00,1.14392,1.14503,1.143835,1.14469,-1.0,-1.0,-1
2018-12-30 20:00:00-05:00,1.14469,1.144695,1.14377,1.143885,-1.0,-1.0,-1
2018-12-30 21:00:00-05:00,1.143885,1.144005,1.14334,1.14356,-1.0,-1.0,-1
2018-12-30 22:00:00-05:00,1.14356,1.14409,1.143445,1.143855,-1.0,-1.0,-1
2018-12-30 23:00:00-05:00,1.143855,1.14396,1.14224,1.142245,-1.0,-1.0,-1
2018-12-31 00:00:00-05:00,1.142245,1.142945,1.14214,1.142905,-1.0,-1.0,-1
2018-12-31 01:00:00-05:00,1.142905,1.14321,1.142435,1.142705,-1.0,-1.0,-1
2018-12-31 02:00:00-05:00,1.142705,1.14444,1.142425,1.144315,-1.0,-1.0,-1
2018-12-31 03:00:00-05:00,1.144315,1.144705,1.142935,1.143255,-1.0,-1.0,-1
2018-12-31 04:00:00-05:00,1.143255,1.14426,1.143165,1.14365,-1.0,-1.0,-1
2018-12-31 05:00:00-05:00,1.14365,1.145265,1.143545,1.14488,-1.0,-1.0,-1
2018-12-31 06:00:00-05:00,1.14488,1.146605,1.144615,1.14523,-1.0,-1.0,-1
2018-12-31 07:00:00-05:00,1.14523,1.145875,1.14385,1.14572,-1.0,-1.0,-1
2018-12-31 08:00:00-05:00,1.14572,1.14572,1.144385,1.144615,-1.0,-1.0,-1
2018-12-31 09:00:00-05:00,1.144615,1.144865,1.14268,1.143525,-1.0,-1.0,-1
2018-12-31 10:00:00-05:00,1.143525,1.14524,1.14256,1.143385,-1.0,-1.0,-1
2018-12-31 11:00:00-05:00,1.143385,1.145975,1.142705,1.145475,-1.0,-1.0,-1
2018-12-31 12:00:00-05:00,1.145475,1.145675,1.14447,1.14517,-1.0,-1.0,-1
2018-12-31 13:00:00-05:00,1.14517,1.145495,1.14426,1.144545,-1.0,-1.0,-1
2018-12-31 14:00:00-05:00,1.144545,1.14566,1.144485,1.145385,-1.0,-1.0,-1
2018-12-31 15:00:00-05:00,1.145385,1.14614,1.14538,1.145635,-1.0,-1.0,-1
