Time,Open,High,Low,Close,Volume,average,barCount
2025-10-29 17:15:00-04:00,1.16035,1.16047,1.1602,1.160305,-1.0,-1.0,-1
2025-10-29 18:00:00-04:00,1.160305,1.16056,1.160125,1.160395,-1.0,-1.0,-1
2025-10-29 19:00:00-04:00,1.160395,1.160535,1.16015,1.1603,-1.0,-1.0,-1
2025-10-29 20:00:00-04:00,1.1603,1.161555,1.15969,1.16121,-1.0,-1.0,-1
2025-10-29 21:00:00-04:00,1.16121,1.161525,1.160875,1.161385,-1.0,-1.0,-1
2025-10-29 22:00:00-04:00,1.161385,1.16199,1.16123,1.161735,-1.0,-1.0,-1
2025-10-29 23:00:00-04:00,1.161735,1.162,1.16069,1.161555,-1.0,-1.0,-1
2025-10-30 00:00:00-04:00,1.161555,1.163755,1.16136,1.16322,-1.0,-1.0,-1
2025-10-30 01:00:00-04:00,1.16322,1.163405,1.162365,1.16241,-1.0,-1.0,-1
2025-10-30 02:00:00-04:00,1.16241,1.162975,1.16182,1.161975,-1.0,-1.0,-1
2025-10-30 03:00:00-04:00,1.161975,1.16227,1.16096,1.16186,-1.0,-1.0,-1
2025-10-30 04:00:00-04:00,1.16186,1.16203,1.160665,1.16174,-1.0,-1.0,-1
2025-10-30 05:00:00-04:00,1.16174,1.16284,1.161435,1.16166,-1.0,-1.0,-1
2025-10-30 06:00:00-04:00,1.16166,1.161995,1.1606,1.16068,-1.0,-1.0,-1
2025-10-30 07:00:00-04:00,1.16068,1.16112,1.159625,1.159795,-1.0,-1.0,-1
2025-10-30 08:00:00-04:00,1.159795,1.15992,1.15532,1.155515,-1.0,-1.0,-1
2025-10-30 09:00:00-04:00,1.155515,1.157965,1.15471,1.157965,-1.0,-1.0,-1
2025-10-30 10:00:00-04:00,1.157965,1.158635,1.156785,1.15731,-1.0,-1.0,-1
2025-10-30 11:00:00-04:00,1.15731,1.157735,1.156065,1.15636,-1.0,-1.0,-1
2025-10-30 12:00:00-04:00,1.15636,1.15715,1.155945,1.156915,-1.0,-1.0,-1
2025-10-30 13:00:00-04:00,1.156915,1.156985,1.15604,1.15664,-1.0,-1.0,-1
2025-10-30 14:00:00-04:00,1.15664,1.157045,1.156435,1.1568,-1.0,-1.0,-1
2025-10-30 15:00:00-04:00,1.1568,1.157165,1.15618,1.15642,-1.0,-1.0,-1
2025-10-30 16:00:00-04:00,1.15642,1.15724,1.156355,1.15646,-1.0,-1.0,-1
2025-10-30 17:15:00-04:00,1.15668,1.15699,1.15641,1.15691,-1.0,-1.0,-1
2025-10-30 18:00:00-04:00,1.15691,1.156985,1.15661,1.156825,-1.0,-1.0,-1
2025-10-30 19:00:00-04:00,1.156825,1.157335,1.1566,1.15717,-1.0,-1.0,-1
2025-10-30 20:00:00-04:00,1.15717,1.15771,1.15702,1.157395,-1.0,-1.0,-1
2025-10-30 21:00:00-04:00,1.157395,1.157755,1.156665,1.15677,-1.0,-1.0,-1
2025-10-30 22:00:00-04:00,1.15677,1.15746,1.15651,1.156815,-1.0,-1.0,-1
2025-10-30 23:00:00-04:00,1.156815,1.1571,1.156615,1.15673,-1.0,-1.0,-1
2025-10-31 00:00:00-04:00,1.15673,1.15734,1.156635,1.15721,-1.0,-1.0,-1
2025-10-31 01:00:00-04:00,1.15721,1.15721,1.156635,1.156815,-1.0,-1.0,-1
2025-10-31 02:00:00-04:00,1.156815,1.15734,1.15609,1.15614,-1.0,-1.0,-1
2025-10-31 03:00:00-04:00,1.15614,1.15659,1.155495,1.15649,-1.0,-1.0,-1
2025-10-31 04:00:00-04:00,1.15649,1.157135,1.15598,1.15708,-1.0,-1.0,-1
2025-10-31 05:00:00-04:00,1.15708,1.157685,1.15656,1.15761,-1.0,-1.0,-1
2025-10-31 06:00:00-04:00,1.15761,1.15763,1.15673,1.157095,-1.0,-1.0,-1
2025-10-31 07:00:00-04:00,1.157095,1.157435,1.155805,1.156685,-1.0,-1.0,-1
2025-10-31 08:00:00-04:00,1.156685,1.156685,1.155345,1.155595,-1.0,-1.0,-1
2025-10-31 09:00:00-04:00,1.155595,1.15563,1.15301,1.153885,-1.0,-1.0,-1
2025-10-31 10:00:00-04:00,1.153885,1.154275,1.152205,1.153415,-1.0,-1.0,-1
2025-10-31 11:00:00-04:00,1.153415,1.15431,1.15238,1.154095,-1.0,-1.0,-1
2025-10-31 12:00:00-04:00,1.154095,1.15435,1.152805,1.153015,-1.0,-1.0,-1
2025-10-31 13:00:00-04:00,1.153015,1.15313,1.15221,1.152415,-1.0,-1.0,-1
2025-10-31 14:00:00-04:00,1.152415,1.152705,1.15216,1.152505,-1.0,-1.0,-1
2025-10-31 15:00:00-04:00,1.152505,1.153175,1.1523,1.15256,-1.0,-1.0,-1
2025-10-31 16:00:00-04:00,1.15256,1.15396,1.152545,1.15365,-1.0,-1.0,-1
2025-11-02 17:15:00-05:00,1.15312,1.15348,1.153075,1.153425,-1.0,-1.0,-1
2025-11-02 18:00:00-05:00,1.153425,1.15385,1.152535,1.152765,-1.0,-1.0,-1
2025-11-02 19:00:00-05:00,1.152765,1.153105,1.15243,1.15259,-1.0,-1.0,-1
2025-11-02 20:00:00-05:00,1.15259,1.152895,1.152165,1.152705,-1.0,-1.0,-1
2025-11-02 21:00:00-05:00,1.152705,1.1534,1.152645,1.15316,-1.0,-1.0,-1
2025-11-02 22:00:00-05:00,1.15316,1.153445,1.15302,1.153375,-1.0,-1.0,-1
2025-11-02 23:00:00-05:00,1.153375,1.15371,1.153195,1.1534,-1.0,-1.0,-1
2025-11-03 00:00:00-05:00,1.1534,1.153755,1.153235,1.153515,-1.0,-1.0,-1
2025-11-03 01:00:00-05:00,1.153515,1.15413,1.15344,1.15377,-1.0,-1.0,-1
2025-11-03 02:00:00-05:00,1.15377,1.154115,1.15333,1.15399,-1.0,-1.0,-1
2025-11-03 03:00:00-05:00,1.15399,1.154025,1.15095,1.15135,-1.0,-1.0,-1
2025-11-03 04:00:00-05:00,1.15135,1.152095,1.151105,1.15145,-1.0,-1.0,-1
2025-11-03 05:00:00-05:00,1.15145,1.15201,1.150795,1.15155,-1.0,-1.0,-1
2025-11-03 06:00:00-05:00,1.15155,1.152005,1.151265,1.15155,-1.0,-1.0,-1
2025-11-03 07:00:00-05:00,1.15155,1.152235,1.151405,1.151725,-1.0,-1.0,-1
2025-11-03 08:00:00-05:00,1.151725,1.15178,1.150585,1.15111,-1.0,-1.0,-1
2025-11-03 09:00:00-05:00,1.15111,1.15129,1.15051,1.151015,-1.0,-1.0,-1
2025-11-03 10:00:00-05:00,1.151015,1.15252,1.1506,1.15252,-1.0,-1.0,-1
2025-11-03 11:00:00-05:00,1.15252,1.153185,1.152145,1.153085,-1.0,-1.0,-1
2025-11-03 12:00:00-05:00,1.153085,1.153785,1.15266,1.15272,-1.0,-1.0,-1
2025-11-03 13:00:00-05:00,1.15272,1.15312,1.152055,1.152315,-1.0,-1.0,-1
2025-11-03 14:00:00-05:00,1.152315,1.15251,1.151655,1.15195,-1.0,-1.0,-1
2025-11-03 15:00:00-05:00,1.15195,1.15233,1.15179,1.15195,-1.0,-1.0,-1
2025-11-03 16:00:00-05:00,1.15195,1.15205,1.151615,1.151995,-1.0,-1.0,-1
2025-11-03 17:15:00-05:00,1.152,1.152105,1.15187,1.1521,-1.0,-1.0,-1
2025-11-03 18:00:00-05:00,1.1521,1.152115,1.15186,1.15186,-1.0,-1.0,-1
2025-11-03 19:00:00-05:00,1.15186,1.15186,1.15057,1.15085,-1.0,-1.0,-1
2025-11-03 20:00:00-05:00,1.15085,1.151015,1.149825,1.15101,-1.0,-1.0,-1
2025-11-03 21:00:00-05:00,1.15101,1.15111,1.1505,1.151105,-1.0,-1.0,-1
2025-11-03 22:00:00-05:00,1.151105,1.151775,1.151055,1.151345,-1.0,-1.0,-1
2025-11-03 23:00:00-05:00,1.151345,1.151755,1.150935,1.15096,-1.0,-1.0,-1
2025-11-04 00:00:00-05:00,1.15096,1.151405,1.150765,1.15126,-1.0,-1.0,-1
2025-11-04 01:00:00-05:00,1.15126,1.152665,1.15116,1.152345,-1.0,-1.0,-1
2025-11-04 02:00:00-05:00,1.152345,1.15336,1.15226,1.152715,-1.0,-1.0,-1
2025-11-04 03:00:00-05:00,1.152715,1.152885,1.151345,1.151385,-1.0,-1.0,-1
2025-11-04 04:00:00-05:00,1.151385,1.15172,1.150005,1.15011,-1.0,-1.0,-1
2025-11-04 05:00:00-05:00,1.15011,1.150995,1.14989,1.1504,-1.0,-1.0,-1
2025-11-04 06:00:00-05:00,1.1504,1.15058,1.14894,1.149005,-1.0,-1.0,-1
2025-11-04 07:00:00-05:00,1.149005,1.1493,1.14769,1.14893,-1.0,-1.0,-1
2025-11-04 08:00:00-05:00,1.14893,1.149685,1.14883,1.149225,-1.0,-1.0,-1
2025-11-04 09:00:00-05:00,1.149225,1.149475,1.14731,1.14811,-1.0,-1.0,-1
2025-11-04 10:00:00-05:00,1.14811,1.14929,1.147475,1.149175,-1.0,-1.0,-1
2025-11-04 11:00:00-05:00,1.149175,1.149675,1.148745,1.148965,-1.0,-1.0,-1
2025-11-04 12:00:00-05:00,1.148965,1.14903,1.148365,1.148395,-1.0,-1.0,-1
2025-11-04 13:00:00-05:00,1.148395,1.148655,1.148115,1.148405,-1.0,-1.0,-1
2025-11-04 14:00:00-05:00,1.148405,1.14873,1.14788,1.14792,-1.0,-1.0,-1
2025-11-04 15:00:00-05:00,1.14792,1.14834,1.14753,1.147985,-1.0,-1.0,-1
2025-11-04 16:00:00-05:00,1.147985,1.148295,1.147905,1.14821,-1.0,-1.0,-1
2025-11-04 17:15:00-05:00,1.148175,1.14859,1.148135,1.14839,-1.0,-1.0,-1
2025-11-04 18:00:00-05:00,1.14839,1.148585,1.148275,1.148535,-1.0,-1.0,-1
2025-11-04 19:00:00-05:00,1.148535,1.148545,1.14808,1.148395,-1.0,-1.0,-1
2025-11-04 20:00:00-05:00,1.148395,1.149815,1.147985,1.14895,-1.0,-1.0,-1
2025-11-04 21:00:00-05:00,1.14895,1.149235,1.14851,1.148855,-1.0,-1.0,-1
2025-11-04 22:00:00-05:00,1.148855,1.149255,1.148585,1.14888,-1.0,-1.0,-1
2025-11-04 23:00:00-05:00,1.14888,1.149185,1.14876,1.149085,-1.0,-1.0,-1
2025-11-05 00:00:00-05:00,1.149085,1.149435,1.14895,1.14918,-1.0,-1.0,-1
2025-11-05 01:00:00-05:00,1.14918,1.14943,1.14871,1.148815,-1.0,-1.0,-1
2025-11-05 02:00:00-05:00,1.148815,1.1491,1.14834,1.148705,-1.0,-1.0,-1
2025-11-05 03:00:00-05:00,1.148705,1.14954,1.148565,1.148895,-1.0,-1.0,-1
2025-11-05 04:00:00-05:00,1.148895,1.14927,1.14815,1.148455,-1.0,-1.0,-1
2025-11-05 05:00:00-05:00,1.148455,1.148525,1.147605,1.148335,-1.0,-1.0,-1
2025-11-05 06:00:00-05:00,1.148335,1.148925,1.147895,1.148815,-1.0,-1.0,-1
2025-11-05 07:00:00-05:00,1.148815,1.14927,1.148715,1.1491,-1.0,-1.0,-1
2025-11-05 08:00:00-05:00,1.1491,1.149355,1.1473,1.14735,-1.0,-1.0,-1
2025-11-05 09:00:00-05:00,1.14735,1.14932,1.14687,1.148715,-1.0,-1.0,-1
2025-11-05 10:00:00-05:00,1.148715,1.148745,1.147,1.147925,-1.0,-1.0,-1
2025-11-05 11:00:00-05:00,1.147925,1.14859,1.14701,1.14839,-1.0,-1.0,-1
2025-11-05 12:00:00-05:00,1.14839,1.1486,1.14764,1.148045,-1.0,-1.0,-1
2025-11-05 13:00:00-05:00,1.148045,1.148385,1.147885,1.14816,-1.0,-1.0,-1
2025-11-05 14:00:00-05:00,1.14816,1.148765,1.148055,1.148605,-1.0,-1.0,-1
2025-11-05 15:00:00-05:00,1.148605,1.149185,1.148605,1.14884,-1.0,-1.0,-1
2025-11-05 16:00:00-05:00,1.14884,1.149435,1.148745,1.149235,-1.0,-1.0,-1
2025-11-05 17:15:00-05:00,1.149125,1.14931,1.1491,1.14926,-1.0,-1.0,-1
2025-11-05 18:00:00-05:00,1.14926,1.14971,1.149115,1.149575,-1.0,-1.0,-1
2025-11-05 19:00:00-05:00,1.149575,1.150185,1.14933,1.150075,-1.0,-1.0,-1
2025-11-05 20:00:00-05:00,1.150075,1.15089,1.150075,1.150735,-1.0,-1.0,-1
2025-11-05 21:00:00-05:00,1.150735,1.150885,1.15033,1.150535,-1.0,-1.0,-1
2025-11-05 22:00:00-05:00,1.150535,1.150795,1.15034,1.15071,-1.0,-1.0,-1
2025-11-05 23:00:00-05:00,1.15071,1.15084,1.150405,1.15071,-1.0,-1.0,-1
2025-11-06 00:00:00-05:00,1.15071,1.151105,1.15038,1.151025,-1.0,-1.0,-1
2025-11-06 01:00:00-05:00,1.151025,1.15138,1.15054,1.150715,-1.0,-1.0,-1
2025-11-06 02:00:00-05:00,1.150715,1.15134,1.150675,1.15084,-1.0,-1.0,-1
2025-11-06 03:00:00-05:00,1.15084,1.152345,1.150605,1.15212,-1.0,-1.0,-1
2025-11-06 04:00:00-05:00,1.15212,1.152395,1.15112,1.15137,-1.0,-1.0,-1
2025-11-06 05:00:00-05:00,1.15137,1.151745,1.15102,1.151045,-1.0,-1.0,-1
2025-11-06 06:00:00-05:00,1.151045,1.1521,1.15103,1.152025,-1.0,-1.0,-1
2025-11-06 07:00:00-05:00,1.152025,1.153275,1.151415,1.153085,-1.0,-1.0,-1
2025-11-06 08:00:00-05:00,1.153085,1.154415,1.152915,1.15357,-1.0,-1.0,-1
2025-11-06 09:00:00-05:00,1.15357,1.15375,1.152,1.152055,-1.0,-1.0,-1
2025-11-06 10:00:00-05:00,1.152055,1.15428,1.151905,1.153955,-1.0,-1.0,-1
2025-11-06 11:00:00-05:00,1.153955,1.154185,1.15315,1.153785,-1.0,-1.0,-1
2025-11-06 12:00:00-05:00,1.153785,1.15428,1.152995,1.154075,-1.0,-1.0,-1
2025-11-06 13:00:00-05:00,1.154075,1.155015,1.153925,1.154715,-1.0,-1.0,-1
2025-11-06 14:00:00-05:00,1.154715,1.155235,1.154185,1.154455,-1.0,-1.0,-1
2025-11-06 15:00:00-05:00,1.154455,1.154905,1.15429,1.15477,-1.0,-1.0,-1
2025-11-06 16:00:00-05:00,1.15477,1.154905,1.15447,1.15471,-1.0,-1.0,-1
2025-11-06 17:15:00-05:00,1.15445,1.154855,1.15444,1.154595,-1.0,-1.0,-1
2025-11-06 18:00:00-05:00,1.154595,1.15517,1.1545,1.154865,-1.0,-1.0,-1
2025-11-06 19:00:00-05:00,1.154865,1.154915,1.153795,1.153955,-1.0,-1.0,-1
2025-11-06 20:00:00-05:00,1.153955,1.154145,1.153635,1.153805,-1.0,-1.0,-1
2025-11-06 21:00:00-05:00,1.153805,1.154305,1.153805,1.154025,-1.0,-1.0,-1
2025-11-06 22:00:00-05:00,1.154025,1.154115,1.153515,1.1538,-1.0,-1.0,-1
2025-11-06 23:00:00-05:00,1.1538,1.153805,1.153245,1.153665,-1.0,-1.0,-1
2025-11-07 00:00:00-05:00,1.153665,1.153855,1.153265,1.153395,-1.0,-1.0,-1
2025-11-07 01:00:00-05:00,1.153395,1.153585,1.15296,1.1531,-1.0,-1.0,-1
2025-11-07 02:00:00-05:00,1.1531,1.153635,1.153095,1.153285,-1.0,-1.0,-1
2025-11-07 03:00:00-05:00,1.153285,1.154025,1.15296,1.153495,-1.0,-1.0,-1
2025-11-07 04:00:00-05:00,1.153495,1.154235,1.15346,1.15383,-1.0,-1.0,-1
2025-11-07 05:00:00-05:00,1.15383,1.155195,1.15375,1.155015,-1.0,-1.0,-1
2025-11-07 06:00:00-05:00,1.155015,1.15611,1.154945,1.15581,-1.0,-1.0,-1
2025-11-07 07:00:00-05:00,1.15581,1.156525,1.155395,1.15559,-1.0,-1.0,-1
2025-11-07 08:00:00-05:00,1.15559,1.156995,1.155585,1.15676,-1.0,-1.0,-1
2025-11-07 09:00:00-05:00,1.15676,1.157885,1.15655,1.15731,-1.0,-1.0,-1
2025-11-07 10:00:00-05:00,1.15731,1.159115,1.157135,1.157175,-1.0,-1.0,-1
2025-11-07 11:00:00-05:00,1.157175,1.158225,1.157135,1.15778,-1.0,-1.0,-1
2025-11-07 12:00:00-05:00,1.15778,1.15822,1.157145,1.15804,-1.0,-1.0,-1
2025-11-07 13:00:00-05:00,1.15804,1.158365,1.156755,1.15683,-1.0,-1.0,-1
2025-11-07 14:00:00-05:00,1.15683,1.157275,1.15555,1.155955,-1.0,-1.0,-1
2025-11-07 15:00:00-05:00,1.155955,1.15667,1.155755,1.15644,-1.0,-1.0,-1
2025-11-07 16:00:00-05:00,1.15644,1.156735,1.15592,1.156735,-1.0,-1.0,-1
2025-11-09 17:15:00-05:00,1.155975,1.155975,1.15557,1.15582,-1.0,-1.0,-1
2025-11-09 18:00:00-05:00,1.15582,1.15597,1.15416,1.15433,-1.0,-1.0,-1
2025-11-09 19:00:00-05:00,1.15433,1.156,1.154305,1.15545,-1.0,-1.0,-1
2025-11-09 20:00:00-05:00,1.15545,1.156045,1.154655,1.15582,-1.0,-1.0,-1
2025-11-09 21:00:00-05:00,1.15582,1.156075,1.15548,1.1558,-1.0,-1.0,-1
2025-11-09 22:00:00-05:00,1.1558,1.155865,1.155135,1.155445,-1.0,-1.0,-1
2025-11-09 23:00:00-05:00,1.155445,1.15626,1.155445,1.15611,-1.0,-1.0,-1
2025-11-10 00:00:00-05:00,1.15611,1.156655,1.155795,1.156195,-1.0,-1.0,-1
2025-11-10 01:00:00-05:00,1.156195,1.15649,1.155155,1.15539,-1.0,-1.0,-1
2025-11-10 02:00:00-05:00,1.15539,1.157215,1.155355,1.156775,-1.0,-1.0,-1
2025-11-10 03:00:00-05:00,1.156775,1.15832,1.15652,1.15723,-1.0,-1.0,-1
2025-11-10 04:00:00-05:00,1.15723,1.157385,1.156415,1.156835,-1.0,-1.0,-1
2025-11-10 05:00:00-05:00,1.156835,1.157155,1.15612,1.15626,-1.0,-1.0,-1
2025-11-10 06:00:00-05:00,1.15626,1.156415,1.155405,1.156325,-1.0,-1.0,-1
2025-11-10 07:00:00-05:00,1.156325,1.157565,1.156275,1.156805,-1.0,-1.0,-1
2025-11-10 08:00:00-05:00,1.156805,1.1578,1.1567,1.156815,-1.0,-1.0,-1
2025-11-10 09:00:00-05:00,1.156815,1.156845,1.15594,1.15646,-1.0,-1.0,-1
2025-11-10 10:00:00-05:00,1.15646,1.156705,1.154525,1.15454,-1.0,-1.0,-1
2025-11-10 11:00:00-05:00,1.15454,1.155495,1.154295,1.154495,-1.0,-1.0,-1
2025-11-10 12:00:00-05:00,1.154495,1.156135,1.154105,1.156065,-1.0,-1.0,-1
2025-11-10 13:00:00-05:00,1.156065,1.156485,1.155805,1.15585,-1.0,-1.0,-1
2025-11-10 14:00:00-05:00,1.15585,1.156315,1.155805,1.156105,-1.0,-1.0,-1
2025-11-10 15:00:00-05:00,1.156105,1.15647,1.156065,1.156395,-1.0,-1.0,-1
2025-11-10 16:00:00-05:00,1.156395,1.1564,1.15553,1.155705,-1.0,-1.0,-1
2025-11-10 17:15:00-05:00,1.155855,1.156065,1.15569,1.15579,-1.0,-1.0,-1
2025-11-10 18:00:00-05:00,1.15579,1.15605,1.155655,1.155675,-1.0,-1.0,-1
2025-11-10 19:00:00-05:00,1.155675,1.15596,1.1552,1.15524,-1.0,-1.0,-1
2025-11-10 20:00:00-05:00,1.15524,1.1555,1.15472,1.15547,-1.0,-1.0,-1
2025-11-10 21:00:00-05:00,1.15547,1.155705,1.155205,1.155345,-1.0,-1.0,-1
2025-11-10 22:00:00-05:00,1.155345,1.155825,1.15533,1.15565,-1.0,-1.0,-1
2025-11-10 23:00:00-05:00,1.15565,1.155945,1.155545,1.1558,-1.0,-1.0,-1
2025-11-11 00:00:00-05:00,1.1558,1.156525,1.15577,1.15617,-1.0,-1.0,-1
2025-11-11 01:00:00-05:00,1.15617,1.1563,1.155055,1.155215,-1.0,-1.0,-1
2025-11-11 02:00:00-05:00,1.155215,1.156095,1.154975,1.156005,-1.0,-1.0,-1
2025-11-11 03:00:00-05:00,1.156005,1.156855,1.15546,1.155465,-1.0,-1.0,-1
2025-11-11 04:00:00-05:00,1.155465,1.15685,1.15535,1.156495,-1.0,-1.0,-1
2025-11-11 05:00:00-05:00,1.156495,1.157485,1.15626,1.157305,-1.0,-1.0,-1
2025-11-11 06:00:00-05:00,1.157305,1.15778,1.157005,1.15721,-1.0,-1.0,-1
2025-11-11 07:00:00-05:00,1.15721,1.157725,1.156865,1.157045,-1.0,-1.0,-1
2025-11-11 08:00:00-05:00,1.157045,1.160595,1.157045,1.160105,-1.0,-1.0,-1
2025-11-11 09:00:00-05:00,1.160105,1.160545,1.15936,1.160065,-1.0,-1.0,-1
2025-11-11 10:00:00-05:00,1.160065,1.16032,1.159145,1.159495,-1.0,-1.0,-1
2025-11-11 11:00:00-05:00,1.159495,1.159995,1.159065,1.159335,-1.0,-1.0,-1
2025-11-11 12:00:00-05:00,1.159335,1.159925,1.15908,1.159495,-1.0,-1.0,-1
2025-11-11 13:00:00-05:00,1.159495,1.15956,1.159135,1.159265,-1.0,-1.0,-1
2025-11-11 14:00:00-05:00,1.159265,1.159285,1.15833,1.15844,-1.0,-1.0,-1
2025-11-11 15:00:00-05:00,1.15844,1.15891,1.15833,1.15834,-1.0,-1.0,-1
2025-11-11 16:00:00-05:00,1.15834,1.15856,1.158115,1.158245,-1.0,-1.0,-1
2025-11-11 17:15:00-05:00,1.15848,1.158615,1.15834,1.15861,-1.0,-1.0,-1
2025-11-11 18:00:00-05:00,1.15861,1.15872,1.15821,1.15867,-1.0,-1.0,-1
2025-11-11 19:00:00-05:00,1.15867,1.158675,1.157915,1.15794,-1.0,-1.0,-1
2025-11-11 20:00:00-05:00,1.15794,1.158225,1.15746,1.157545,-1.0,-1.0,-1
2025-11-11 21:00:00-05:00,1.157545,1.157985,1.15753,1.157895,-1.0,-1.0,-1
2025-11-11 22:00:00-05:00,1.157895,1.15816,1.157565,1.15776,-1.0,-1.0,-1
2025-11-11 23:00:00-05:00,1.15776,1.157855,1.157025,1.15721,-1.0,-1.0,-1
2025-11-12 00:00:00-05:00,1.15721,1.15787,1.15711,1.157625,-1.0,-1.0,-1
2025-11-12 01:00:00-05:00,1.157625,1.158245,1.157525,1.158225,-1.0,-1.0,-1
2025-11-12 02:00:00-05:00,1.158225,1.15884,1.15814,1.158385,-1.0,-1.0,-1
2025-11-12 03:00:00-05:00,1.158385,1.15878,1.1577,1.15773,-1.0,-1.0,-1
2025-11-12 04:00:00-05:00,1.15773,1.15805,1.156835,1.157005,-1.0,-1.0,-1
2025-11-12 05:00:00-05:00,1.157005,1.15755,1.15652,1.15702,-1.0,-1.0,-1
2025-11-12 06:00:00-05:00,1.15702,1.157795,1.15656,1.15779,-1.0,-1.0,-1
2025-11-12 07:00:00-05:00,1.15779,1.158035,1.15717,1.15768,-1.0,-1.0,-1
2025-11-12 08:00:00-05:00,1.15768,1.157985,1.156605,1.15721,-1.0,-1.0,-1
2025-11-12 09:00:00-05:00,1.15721,1.157575,1.156295,1.15754,-1.0,-1.0,-1
2025-11-12 10:00:00-05:00,1.15754,1.159585,1.157295,1.159415,-1.0,-1.0,-1
2025-11-12 11:00:00-05:00,1.159415,1.15978,1.15883,1.15912,-1.0,-1.0,-1
2025-11-12 12:00:00-05:00,1.15912,1.159705,1.159115,1.1593,-1.0,-1.0,-1
2025-11-12 13:00:00-05:00,1.1593,1.159445,1.15891,1.158955,-1.0,-1.0,-1
2025-11-12 14:00:00-05:00,1.158955,1.159035,1.158405,1.158665,-1.0,-1.0,-1
2025-11-12 15:00:00-05:00,1.158665,1.15908,1.158545,1.158965,-1.0,-1.0,-1
2025-11-12 16:00:00-05:00,1.158965,1.15934,1.158495,1.15933,-1.0,-1.0,-1
2025-11-12 17:15:00-05:00,1.159125,1.159285,1.158965,1.158995,-1.0,-1.0,-1
2025-11-12 18:00:00-05:00,1.158995,1.15945,1.158945,1.15917,-1.0,-1.0,-1
2025-11-12 19:00:00-05:00,1.15917,1.1592,1.158035,1.15805,-1.0,-1.0,-1
2025-11-12 20:00:00-05:00,1.15805,1.15896,1.157905,1.15893,-1.0,-1.0,-1
2025-11-12 21:00:00-05:00,1.15893,1.159295,1.158535,1.158935,-1.0,-1.0,-1
2025-11-12 22:00:00-05:00,1.158935,1.159155,1.158685,1.159005,-1.0,-1.0,-1
2025-11-12 23:00:00-05:00,1.159005,1.15917,1.158745,1.15902,-1.0,-1.0,-1
2025-11-13 00:00:00-05:00,1.15902,1.1591,1.158035,1.15819,-1.0,-1.0,-1
2025-11-13 01:00:00-05:00,1.15819,1.158585,1.158125,1.15857,-1.0,-1.0,-1
2025-11-13 02:00:00-05:00,1.15857,1.161225,1.15831,1.16114,-1.0,-1.0,-1
2025-11-13 03:00:00-05:00,1.16114,1.162955,1.161025,1.162815,-1.0,-1.0,-1
2025-11-13 04:00:00-05:00,1.162815,1.1635,1.161085,1.16165,-1.0,-1.0,-1
2025-11-13 05:00:00-05:00,1.16165,1.16235,1.161145,1.161595,-1.0,-1.0,-1
2025-11-13 06:00:00-05:00,1.161595,1.162045,1.16047,1.160635,-1.0,-1.0,-1
2025-11-13 07:00:00-05:00,1.160635,1.162305,1.160575,1.162285,-1.0,-1.0,-1
2025-11-13 08:00:00-05:00,1.162285,1.162495,1.161175,1.16205,-1.0,-1.0,-1
2025-11-13 09:00:00-05:00,1.16205,1.163115,1.161705,1.162795,-1.0,-1.0,-1
2025-11-13 10:00:00-05:00,1.162795,1.164315,1.16232,1.16393,-1.0,-1.0,-1
2025-11-13 11:00:00-05:00,1.16393,1.16489,1.16366,1.16489,-1.0,-1.0,-1
2025-11-13 12:00:00-05:00,1.16489,1.16562,1.164605,1.16513,-1.0,-1.0,-1
2025-11-13 13:00:00-05:00,1.16513,1.165195,1.163675,1.163835,-1.0,-1.0,-1
2025-11-13 14:00:00-05:00,1.163835,1.16413,1.163525,1.16357,-1.0,-1.0,-1
2025-11-13 15:00:00-05:00,1.16357,1.16394,1.16326,1.163315,-1.0,-1.0,-1
2025-11-13 16:00:00-05:00,1.163315,1.16379,1.16308,1.16337,-1.0,-1.0,-1
2025-11-13 17:15:00-05:00,1.1638,1.16383,1.1635,1.16369,-1.0,-1.0,-1
2025-11-13 18:00:00-05:00,1.16369,1.16379,1.16235,1.163025,-1.0,-1.0,-1
2025-11-13 19:00:00-05:00,1.163025,1.163375,1.16271,1.16331,-1.0,-1.0,-1
2025-11-13 20:00:00-05:00,1.16331,1.16393,1.163015,1.163325,-1.0,-1.0,-1
2025-11-13 21:00:00-05:00,1.163325,1.163755,1.162965,1.16358,-1.0,-1.0,-1
2025-11-13 22:00:00-05:00,1.16358,1.164485,1.163555,1.16384,-1.0,-1.0,-1
2025-11-13 23:00:00-05:00,1.16384,1.1643,1.16379,1.164195,-1.0,-1.0,-1
2025-11-14 00:00:00-05:00,1.164195,1.164835,1.163935,1.164785,-1.0,-1.0,-1
2025-11-14 01:00:00-05:00,1.164785,1.16486,1.163345,1.163775,-1.0,-1.0,-1
2025-11-14 02:00:00-05:00,1.163775,1.164635,1.163195,1.163285,-1.0,-1.0,-1
2025-11-14 03:00:00-05:00,1.163285,1.16371,1.162045,1.162955,-1.0,-1.0,-1
2025-11-14 04:00:00-05:00,1.162955,1.16314,1.16204,1.16216,-1.0,-1.0,-1
2025-11-14 05:00:00-05:00,1.16216,1.16218,1.16126,1.161375,-1.0,-1.0,-1
2025-11-14 06:00:00-05:00,1.161375,1.16199,1.1609,1.161955,-1.0,-1.0,-1
2025-11-14 07:00:00-05:00,1.161955,1.165275,1.161695,1.165255,-1.0,-1.0,-1
2025-11-14 08:00:00-05:00,1.165255,1.165385,1.163385,1.163765,-1.0,-1.0,-1
2025-11-14 09:00:00-05:00,1.163765,1.163845,1.162115,1.162345,-1.0,-1.0,-1
2025-11-14 10:00:00-05:00,1.162345,1.162565,1.16061,1.161305,-1.0,-1.0,-1
2025-11-14 11:00:00-05:00,1.161305,1.162265,1.160995,1.161695,-1.0,-1.0,-1
2025-11-14 12:00:00-05:00,1.161695,1.16181,1.16079,1.16139,-1.0,-1.0,-1
2025-11-14 13:00:00-05:00,1.16139,1.161795,1.160985,1.161635,-1.0,-1.0,-1
2025-11-14 14:00:00-05:00,1.161635,1.162015,1.161595,1.161805,-1.0,-1.0,-1
2025-11-14 15:00:00-05:00,1.161805,1.162305,1.161695,1.16205,-1.0,-1.0,-1
2025-11-14 16:00:00-05:00,1.16205,1.162365,1.16167,1.161975,-1.0,-1.0,-1
2025-11-16 17:15:00-05:00,1.16233,1.162475,1.16201,1.16234,-1.0,-1.0,-1
2025-11-16 18:00:00-05:00,1.16234,1.16245,1.16116,1.16147,-1.0,-1.0,-1
2025-11-16 19:00:00-05:00,1.16147,1.1615,1.160515,1.16064,-1.0,-1.0,-1
2025-11-16 20:00:00-05:00,1.16064,1.161,1.160535,1.16065,-1.0,-1.0,-1
2025-11-16 21:00:00-05:00,1.16065,1.16066,1.160155,1.160225,-1.0,-1.0,-1
2025-11-16 22:00:00-05:00,1.160225,1.160225,1.159635,1.15987,-1.0,-1.0,-1
2025-11-16 23:00:00-05:00,1.15987,1.16034,1.159755,1.160285,-1.0,-1.0,-1
2025-11-17 00:00:00-05:00,1.160285,1.16051,1.159925,1.160025,-1.0,-1.0,-1
2025-11-17 01:00:00-05:00,1.160025,1.16086,1.159515,1.16075,-1.0,-1.0,-1
2025-11-17 02:00:00-05:00,1.16075,1.161495,1.16067,1.161335,-1.0,-1.0,-1
2025-11-17 03:00:00-05:00,1.161335,1.161505,1.159905,1.160325,-1.0,-1.0,-1
2025-11-17 04:00:00-05:00,1.160325,1.160465,1.159705,1.160135,-1.0,-1.0,-1
2025-11-17 05:00:00-05:00,1.160135,1.160825,1.159615,1.15967,-1.0,-1.0,-1
2025-11-17 06:00:00-05:00,1.15967,1.160315,1.159505,1.16012,-1.0,-1.0,-1
2025-11-17 07:00:00-05:00,1.16012,1.160475,1.15958,1.15989,-1.0,-1.0,-1
2025-11-17 08:00:00-05:00,1.15989,1.159965,1.158855,1.159125,-1.0,-1.0,-1
2025-11-17 09:00:00-05:00,1.159125,1.159565,1.15832,1.158575,-1.0,-1.0,-1
2025-11-17 10:00:00-05:00,1.158575,1.15983,1.158195,1.15977,-1.0,-1.0,-1
2025-11-17 11:00:00-05:00,1.15977,1.160185,1.159385,1.15974,-1.0,-1.0,-1
2025-11-17 12:00:00-05:00,1.15974,1.15993,1.15913,1.159385,-1.0,-1.0,-1
2025-11-17 13:00:00-05:00,1.159385,1.15947,1.158805,1.1591,-1.0,-1.0,-1
2025-11-17 14:00:00-05:00,1.1591,1.15955,1.158315,1.158405,-1.0,-1.0,-1
2025-11-17 15:00:00-05:00,1.158405,1.159085,1.15826,1.15886,-1.0,-1.0,-1
2025-11-17 16:00:00-05:00,1.15886,1.15925,1.15872,1.15917,-1.0,-1.0,-1
2025-11-17 17:15:00-05:00,1.15893,1.15927,1.158855,1.15903,-1.0,-1.0,-1
2025-11-17 18:00:00-05:00,1.15903,1.15944,1.1589,1.159015,-1.0,-1.0,-1
2025-11-17 19:00:00-05:00,1.159015,1.159015,1.158495,1.1587,-1.0,-1.0,-1
2025-11-17 20:00:00-05:00,1.1587,1.15932,1.15846,1.159095,-1.0,-1.0,-1
2025-11-17 21:00:00-05:00,1.159095,1.159385,1.15882,1.159305,-1.0,-1.0,-1
2025-11-17 22:00:00-05:00,1.159305,1.159585,1.159125,1.15925,-1.0,-1.0,-1
2025-11-17 23:00:00-05:00,1.15925,1.16039,1.1589,1.15996,-1.0,-1.0,-1
2025-11-18 00:00:00-05:00,1.15996,1.160045,1.15954,1.1598,-1.0,-1.0,-1
2025-11-18 01:00:00-05:00,1.1598,1.160115,1.15932,1.15943,-1.0,-1.0,-1
2025-11-18 02:00:00-05:00,1.15943,1.15999,1.1591,1.159105,-1.0,-1.0,-1
2025-11-18 03:00:00-05:00,1.159105,1.160635,1.158985,1.1592,-1.0,-1.0,-1
2025-11-18 04:00:00-05:00,1.1592,1.15957,1.15875,1.158935,-1.0,-1.0,-1
2025-11-18 05:00:00-05:00,1.158935,1.159095,1.15796,1.1582,-1.0,-1.0,-1
2025-11-18 06:00:00-05:00,1.1582,1.158865,1.158015,1.158475,-1.0,-1.0,-1
2025-11-18 07:00:00-05:00,1.158475,1.15928,1.158315,1.1592,-1.0,-1.0,-1
2025-11-18 08:00:00-05:00,1.1592,1.160235,1.158825,1.15969,-1.0,-1.0,-1
2025-11-18 09:00:00-05:00,1.15969,1.16024,1.15931,1.160025,-1.0,-1.0,-1
2025-11-18 10:00:00-05:00,1.160025,1.160785,1.158175,1.158205,-1.0,-1.0,-1
2025-11-18 11:00:00-05:00,1.158205,1.15841,1.15725,1.157915,-1.0,-1.0,-1
2025-11-18 12:00:00-05:00,1.157915,1.158065,1.157155,1.157565,-1.0,-1.0,-1
2025-11-18 13:00:00-05:00,1.157565,1.158575,1.15752,1.15822,-1.0,-1.0,-1
2025-11-18 14:00:00-05:00,1.15822,1.158715,1.15803,1.158555,-1.0,-1.0,-1
2025-11-18 15:00:00-05:00,1.158555,1.158705,1.157875,1.158045,-1.0,-1.0,-1
2025-11-18 16:00:00-05:00,1.158045,1.158365,1.157795,1.158085,-1.0,-1.0,-1
2025-11-18 17:15:00-05:00,1.15805,1.15836,1.15777,1.1578,-1.0,-1.0,-1
2025-11-18 18:00:00-05:00,1.1578,1.15818,1.15774,1.15802,-1.0,-1.0,-1
2025-11-18 19:00:00-05:00,1.15802,1.158425,1.15787,1.15823,-1.0,-1.0,-1
2025-11-18 20:00:00-05:00,1.15823,1.15851,1.15761,1.15769,-1.0,-1.0,-1
2025-11-18 21:00:00-05:00,1.15769,1.158185,1.15726,1.157885,-1.0,-1.0,-1
2025-11-18 22:00:00-05:00,1.157885,1.158405,1.1577,1.15838,-1.0,-1.0,-1
2025-11-18 23:00:00-05:00,1.15838,1.15843,1.157755,1.15843,-1.0,-1.0,-1
2025-11-19 00:00:00-05:00,1.15843,1.159095,1.15834,1.1589,-1.0,-1.0,-1
2025-11-19 01:00:00-05:00,1.1589,1.159165,1.15867,1.15869,-1.0,-1.0,-1
2025-11-19 02:00:00-05:00,1.15869,1.159725,1.157745,1.15814,-1.0,-1.0,-1
2025-11-19 03:00:00-05:00,1.15814,1.15891,1.15712,1.157355,-1.0,-1.0,-1
2025-11-19 04:00:00-05:00,1.157355,1.15805,1.15656,1.157345,-1.0,-1.0,-1
2025-11-19 05:00:00-05:00,1.157345,1.15775,1.156765,1.15692,-1.0,-1.0,-1
2025-11-19 06:00:00-05:00,1.15692,1.158745,1.156865,1.158655,-1.0,-1.0,-1
2025-11-19 07:00:00-05:00,1.158655,1.15893,1.15759,1.15782,-1.0,-1.0,-1
2025-11-19 08:00:00-05:00,1.15782,1.159105,1.15709,1.157285,-1.0,-1.0,-1
2025-11-19 09:00:00-05:00,1.157285,1.157385,1.155495,1.155545,-1.0,-1.0,-1
2025-11-19 10:00:00-05:00,1.155545,1.155645,1.154045,1.154675,-1.0,-1.0,-1
2025-11-19 11:00:00-05:00,1.154675,1.154765,1.15349,1.15396,-1.0,-1.0,-1
2025-11-19 12:00:00-05:00,1.15396,1.15425,1.152605,1.15331,-1.0,-1.0,-1
2025-11-19 13:00:00-05:00,1.15331,1.15374,1.15291,1.152985,-1.0,-1.0,-1
2025-11-19 14:00:00-05:00,1.152985,1.153125,1.151775,1.152105,-1.0,-1.0,-1
2025-11-19 15:00:00-05:00,1.152105,1.15287,1.152025,1.15263,-1.0,-1.0,-1
2025-11-19 16:00:00-05:00,1.15263,1.153905,1.15231,1.15375,-1.0,-1.0,-1
2025-11-19 17:15:00-05:00,1.15387,1.15393,1.153755,1.153845,-1.0,-1.0,-1
2025-11-19 18:00:00-05:00,1.153845,1.15422,1.153645,1.153925,-1.0,-1.0,-1
2025-11-19 19:00:00-05:00,1.153925,1.15394,1.152885,1.15344,-1.0,-1.0,-1
2025-11-19 20:00:00-05:00,1.15344,1.15355,1.15225,1.152285,-1.0,-1.0,-1
2025-11-19 21:00:00-05:00,1.152285,1.15237,1.151525,1.152025,-1.0,-1.0,-1
2025-11-19 22:00:00-05:00,1.152025,1.152255,1.15102,1.151415,-1.0,-1.0,-1
2025-11-19 23:00:00-05:00,1.151415,1.15205,1.1513,1.15197,-1.0,-1.0,-1
2025-11-20 00:00:00-05:00,1.15197,1.151985,1.151415,1.15156,-1.0,-1.0,-1
2025-11-20 01:00:00-05:00,1.15156,1.15234,1.151365,1.152005,-1.0,-1.0,-1
2025-11-20 02:00:00-05:00,1.152005,1.15229,1.151515,1.151985,-1.0,-1.0,-1
2025-11-20 03:00:00-05:00,1.151985,1.15234,1.151155,1.152105,-1.0,-1.0,-1
2025-11-20 04:00:00-05:00,1.152105,1.152785,1.15173,1.15275,-1.0,-1.0,-1
2025-11-20 05:00:00-05:00,1.15275,1.152955,1.152435,1.15274,-1.0,-1.0,-1
2025-11-20 06:00:00-05:00,1.15274,1.152745,1.151305,1.151435,-1.0,-1.0,-1
2025-11-20 07:00:00-05:00,1.151435,1.15168,1.150725,1.151095,-1.0,-1.0,-1
2025-11-20 08:00:00-05:00,1.151095,1.153985,1.15013,1.15278,-1.0,-1.0,-1
2025-11-20 09:00:00-05:00,1.15278,1.155005,1.152315,1.153485,-1.0,-1.0,-1
2025-11-20 10:00:00-05:00,1.153485,1.15369,1.152005,1.152755,-1.0,-1.0,-1
2025-11-20 11:00:00-05:00,1.152755,1.154125,1.15275,1.15337,-1.0,-1.0,-1
2025-11-20 12:00:00-05:00,1.15337,1.153835,1.152505,1.152875,-1.0,-1.0,-1
2025-11-20 13:00:00-05:00,1.152875,1.153675,1.152685,1.15366,-1.0,-1.0,-1
2025-11-20 14:00:00-05:00,1.15366,1.15408,1.15355,1.153795,-1.0,-1.0,-1
2025-11-20 15:00:00-05:00,1.153795,1.153865,1.152605,1.152615,-1.0,-1.0,-1
2025-11-20 16:00:00-05:00,1.152615,1.15289,1.152405,1.152815,-1.0,-1.0,-1
2025-11-20 17:15:00-05:00,1.152725,1.1532,1.152625,1.152955,-1.0,-1.0,-1
2025-11-20 18:00:00-05:00,1.152955,1.15346,1.152355,1.15337,-1.0,-1.0,-1
2025-11-20 19:00:00-05:00,1.15337,1.153605,1.152835,1.15353,-1.0,-1.0,-1
2025-11-20 20:00:00-05:00,1.15353,1.153835,1.15324,1.15324,-1.0,-1.0,-1
2025-11-20 21:00:00-05:00,1.15324,1.153905,1.15324,1.15358,-1.0,-1.0,-1
2025-11-20 22:00:00-05:00,1.15358,1.15379,1.153365,1.153645,-1.0,-1.0,-1
2025-11-20 23:00:00-05:00,1.153645,1.154205,1.15361,1.153875,-1.0,-1.0,-1
2025-11-21 00:00:00-05:00,1.153875,1.15419,1.15346,1.15352,-1.0,-1.0,-1
2025-11-21 01:00:00-05:00,1.15352,1.154675,1.153515,1.15415,-1.0,-1.0,-1
2025-11-21 02:00:00-05:00,1.15415,1.15479,1.15389,1.15414,-1.0,-1.0,-1
2025-11-21 03:00:00-05:00,1.15414,1.155255,1.153415,1.154105,-1.0,-1.0,-1
2025-11-21 04:00:00-05:00,1.154105,1.154285,1.152505,1.152535,-1.0,-1.0,-1
2025-11-21 05:00:00-05:00,1.152535,1.152705,1.15125,1.152,-1.0,-1.0,-1
2025-11-21 06:00:00-05:00,1.152,1.152285,1.150455,1.15059,-1.0,-1.0,-1
2025-11-21 07:00:00-05:00,1.15059,1.152595,1.14966,1.152465,-1.0,-1.0,-1
2025-11-21 08:00:00-05:00,1.152465,1.152705,1.151555,1.152065,-1.0,-1.0,-1
2025-11-21 09:00:00-05:00,1.152065,1.152345,1.150545,1.151385,-1.0,-1.0,-1
2025-11-21 10:00:00-05:00,1.151385,1.152345,1.149905,1.1503,-1.0,-1.0,-1
2025-11-21 11:00:00-05:00,1.1503,1.15055,1.149115,1.1505,-1.0,-1.0,-1
2025-11-21 12:00:00-05:00,1.1505,1.1513,1.15006,1.150725,-1.0,-1.0,-1
2025-11-21 13:00:00-05:00,1.150725,1.15085,1.150195,1.15043,-1.0,-1.0,-1
2025-11-21 14:00:00-05:00,1.15043,1.15178,1.15042,1.151325,-1.0,-1.0,-1
2025-11-21 15:00:00-05:00,1.151325,1.151795,1.150915,1.15174,-1.0,-1.0,-1
2025-11-21 16:00:00-05:00,1.15174,1.15208,1.151085,1.151455,-1.0,-1.0,-1
2025-11-23 17:15:00-05:00,1.15138,1.151475,1.15127,1.151315,-1.0,-1.0,-1
2025-11-23 18:00:00-05:00,1.151315,1.15152,1.150615,1.150735,-1.0,-1.0,-1
2025-11-23 19:00:00-05:00,1.150735,1.150845,1.15019,1.150685,-1.0,-1.0,-1
2025-11-23 20:00:00-05:00,1.150685,1.151305,1.15051,1.151045,-1.0,-1.0,-1
2025-11-23 21:00:00-05:00,1.151045,1.151835,1.15104,1.151595,-1.0,-1.0,-1
2025-11-23 22:00:00-05:00,1.151595,1.15191,1.15134,1.15162,-1.0,-1.0,-1
2025-11-23 23:00:00-05:00,1.15162,1.152185,1.151585,1.15209,-1.0,-1.0,-1
2025-11-24 00:00:00-05:00,1.15209,1.152835,1.152085,1.152255,-1.0,-1.0,-1
2025-11-24 01:00:00-05:00,1.152255,1.1527,1.15201,1.152085,-1.0,-1.0,-1
2025-11-24 02:00:00-05:00,1.152085,1.15225,1.151115,1.151195,-1.0,-1.0,-1
2025-11-24 03:00:00-05:00,1.151195,1.15344,1.150955,1.1528,-1.0,-1.0,-1
2025-11-24 04:00:00-05:00,1.1528,1.15345,1.15245,1.15299,-1.0,-1.0,-1
2025-11-24 05:00:00-05:00,1.15299,1.154215,1.152975,1.15409,-1.0,-1.0,-1
2025-11-24 06:00:00-05:00,1.15409,1.15471,1.15363,1.15454,-1.0,-1.0,-1
2025-11-24 07:00:00-05:00,1.15454,1.155055,1.153635,1.154745,-1.0,-1.0,-1
2025-11-24 08:00:00-05:00,1.154745,1.15499,1.153735,1.153855,-1.0,-1.0,-1
2025-11-24 09:00:00-05:00,1.153855,1.154115,1.152635,1.15269,-1.0,-1.0,-1
2025-11-24 10:00:00-05:00,1.15269,1.153015,1.15169,1.152905,-1.0,-1.0,-1
2025-11-24 11:00:00-05:00,1.152905,1.153095,1.15173,1.15178,-1.0,-1.0,-1
2025-11-24 12:00:00-05:00,1.15178,1.15199,1.151155,1.151805,-1.0,-1.0,-1
2025-11-24 13:00:00-05:00,1.151805,1.152835,1.15173,1.15278,-1.0,-1.0,-1
2025-11-24 14:00:00-05:00,1.15278,1.152915,1.15231,1.152775,-1.0,-1.0,-1
2025-11-24 15:00:00-05:00,1.152775,1.15284,1.15218,1.152245,-1.0,-1.0,-1
2025-11-24 16:00:00-05:00,1.152245,1.15235,1.15194,1.152085,-1.0,-1.0,-1
2025-11-24 17:15:00-05:00,1.15235,1.15264,1.15231,1.152555,-1.0,-1.0,-1
2025-11-24 18:00:00-05:00,1.152555,1.152555,1.151885,1.152035,-1.0,-1.0,-1
2025-11-24 19:00:00-05:00,1.152035,1.152355,1.151885,1.15234,-1.0,-1.0,-1
2025-11-24 20:00:00-05:00,1.15234,1.15301,1.15221,1.152585,-1.0,-1.0,-1
2025-11-24 21:00:00-05:00,1.152585,1.152855,1.152235,1.152845,-1.0,-1.0,-1
2025-11-24 22:00:00-05:00,1.152845,1.15304,1.151705,1.1518,-1.0,-1.0,-1
2025-11-24 23:00:00-05:00,1.1518,1.1518,1.15144,1.151505,-1.0,-1.0,-1
2025-11-25 00:00:00-05:00,1.151505,1.151845,1.15116,1.1517,-1.0,-1.0,-1
2025-11-25 01:00:00-05:00,1.1517,1.152165,1.151475,1.15186,-1.0,-1.0,-1
2025-11-25 02:00:00-05:00,1.15186,1.15304,1.151785,1.152275,-1.0,-1.0,-1
2025-11-25 03:00:00-05:00,1.152275,1.15337,1.152075,1.15287,-1.0,-1.0,-1
2025-11-25 04:00:00-05:00,1.15287,1.153675,1.15273,1.153415,-1.0,-1.0,-1
2025-11-25 05:00:00-05:00,1.153415,1.1541,1.153225,1.153905,-1.0,-1.0,-1
2025-11-25 06:00:00-05:00,1.153905,1.153905,1.152475,1.15269,-1.0,-1.0,-1
2025-11-25 07:00:00-05:00,1.15269,1.155685,1.15255,1.15448,-1.0,-1.0,-1
2025-11-25 08:00:00-05:00,1.15448,1.156335,1.154265,1.15584,-1.0,-1.0,-1
2025-11-25 09:00:00-05:00,1.15584,1.1572,1.15524,1.156675,-1.0,-1.0,-1
2025-11-25 10:00:00-05:00,1.156675,1.15841,1.156175,1.156245,-1.0,-1.0,-1
2025-11-25 11:00:00-05:00,1.156245,1.157195,1.155005,1.155275,-1.0,-1.0,-1
2025-11-25 12:00:00-05:00,1.155275,1.1584,1.15522,1.158235,-1.0,-1.0,-1
2025-11-25 13:00:00-05:00,1.158235,1.158605,1.157655,1.157965,-1.0,-1.0,-1
2025-11-25 14:00:00-05:00,1.157965,1.158555,1.157405,1.15838,-1.0,-1.0,-1
2025-11-25 15:00:00-05:00,1.15838,1.158445,1.155815,1.15649,-1.0,-1.0,-1
2025-11-25 16:00:00-05:00,1.15649,1.157245,1.15644,1.15704,-1.0,-1.0,-1
2025-11-25 17:15:00-05:00,1.157,1.157135,1.156795,1.15702,-1.0,-1.0,-1
2025-11-25 18:00:00-05:00,1.15702,1.15732,1.15643,1.15648,-1.0,-1.0,-1
2025-11-25 19:00:00-05:00,1.15648,1.157255,1.156335,1.15682,-1.0,-1.0,-1
2025-11-25 20:00:00-05:00,1.15682,1.15831,1.156545,1.15774,-1.0,-1.0,-1
2025-11-25 21:00:00-05:00,1.15774,1.15868,1.157475,1.158185,-1.0,-1.0,-1
2025-11-25 22:00:00-05:00,1.158185,1.159165,1.158095,1.159075,-1.0,-1.0,-1
2025-11-25 23:00:00-05:00,1.159075,1.159165,1.158235,1.15837,-1.0,-1.0,-1
2025-11-26 00:00:00-05:00,1.15837,1.159135,1.158255,1.1591,-1.0,-1.0,-1
2025-11-26 01:00:00-05:00,1.1591,1.159585,1.158385,1.15863,-1.0,-1.0,-1
2025-11-26 02:00:00-05:00,1.15863,1.15922,1.157525,1.15793,-1.0,-1.0,-1
2025-11-26 03:00:00-05:00,1.15793,1.1581,1.156575,1.157205,-1.0,-1.0,-1
2025-11-26 04:00:00-05:00,1.157205,1.157985,1.156835,1.157195,-1.0,-1.0,-1
2025-11-26 05:00:00-05:00,1.157195,1.157795,1.156835,1.157365,-1.0,-1.0,-1
2025-11-26 06:00:00-05:00,1.157365,1.15811,1.156815,1.15743,-1.0,-1.0,-1
2025-11-26 07:00:00-05:00,1.15743,1.158015,1.156915,1.157225,-1.0,-1.0,-1
2025-11-26 08:00:00-05:00,1.157225,1.158415,1.15484,1.155245,-1.0,-1.0,-1
2025-11-26 09:00:00-05:00,1.155245,1.15819,1.154715,1.157885,-1.0,-1.0,-1
2025-11-26 10:00:00-05:00,1.157885,1.159485,1.15779,1.158945,-1.0,-1.0,-1
2025-11-26 11:00:00-05:00,1.158945,1.160095,1.158885,1.159045,-1.0,-1.0,-1
2025-11-26 12:00:00-05:00,1.159045,1.15939,1.15851,1.159295,-1.0,-1.0,-1
2025-11-26 13:00:00-05:00,1.159295,1.15965,1.158915,1.15934,-1.0,-1.0,-1
2025-11-26 14:00:00-05:00,1.15934,1.15963,1.159055,1.15937,-1.0,-1.0,-1
2025-11-26 15:00:00-05:00,1.15937,1.15974,1.159225,1.15942,-1.0,-1.0,-1
2025-11-26 16:00:00-05:00,1.15942,1.15974,1.159365,1.159505,-1.0,-1.0,-1
2025-11-26 17:15:00-05:00,1.159505,1.159735,1.1592,1.159605,-1.0,-1.0,-1
2025-11-26 18:00:00-05:00,1.159605,1.160235,1.159555,1.1602,-1.0,-1.0,-1
2025-11-26 19:00:00-05:00,1.1602,1.16051,1.160005,1.160215,-1.0,-1.0,-1
2025-11-26 20:00:00-05:00,1.160215,1.16127,1.16008,1.160925,-1.0,-1.0,-1
2025-11-26 21:00:00-05:00,1.160925,1.161345,1.16006,1.16039,-1.0,-1.0,-1
2025-11-26 22:00:00-05:00,1.16039,1.16067,1.160015,1.16022,-1.0,-1.0,-1
2025-11-26 23:00:00-05:00,1.16022,1.160535,1.160025,1.16009,-1.0,-1.0,-1
2025-11-27 00:00:00-05:00,1.16009,1.16064,1.160085,1.16024,-1.0,-1.0,-1
2025-11-27 01:00:00-05:00,1.16024,1.160535,1.15914,1.159255,-1.0,-1.0,-1
2025-11-27 02:00:00-05:00,1.159255,1.159385,1.158575,1.15917,-1.0,-1.0,-1
2025-11-27 03:00:00-05:00,1.15917,1.15956,1.158665,1.15928,-1.0,-1.0,-1
2025-11-27 04:00:00-05:00,1.15928,1.15937,1.157665,1.15775,-1.0,-1.0,-1
2025-11-27 05:00:00-05:00,1.15775,1.158505,1.15771,1.158385,-1.0,-1.0,-1
2025-11-27 06:00:00-05:00,1.158385,1.158765,1.157875,1.158615,-1.0,-1.0,-1
2025-11-27 07:00:00-05:00,1.158615,1.159055,1.158205,1.158325,-1.0,-1.0,-1
2025-11-27 08:00:00-05:00,1.158325,1.1597,1.158315,1.1595,-1.0,-1.0,-1
2025-11-27 09:00:00-05:00,1.1595,1.1598,1.15903,1.159495,-1.0,-1.0,-1
2025-11-27 10:00:00-05:00,1.159495,1.159975,1.15921,1.159415,-1.0,-1.0,-1
2025-11-27 11:00:00-05:00,1.159415,1.16005,1.159235,1.159945,-1.0,-1.0,-1
2025-11-27 12:00:00-05:00,1.159945,1.16016,1.159185,1.1595,-1.0,-1.0,-1
2025-11-27 13:00:00-05:00,1.1595,1.15955,1.159125,1.159205,-1.0,-1.0,-1
2025-11-27 14:00:00-05:00,1.159205,1.159625,1.15919,1.15954,-1.0,-1.0,-1
2025-11-27 15:00:00-05:00,1.15954,1.159645,1.159445,1.1595,-1.0,-1.0,-1
2025-11-27 16:00:00-05:00,1.1595,1.159725,1.1595,1.159605,-1.0,-1.0,-1
2025-11-27 17:15:00-05:00,1.159525,1.15968,1.159525,1.159655,-1.0,-1.0,-1
2025-11-27 18:00:00-05:00,1.159655,1.16016,1.159595,1.15998,-1.0,-1.0,-1
2025-11-27 19:00:00-05:00,1.15998,1.16021,1.15922,1.15941,-1.0,-1.0,-1
2025-11-27 20:00:00-05:00,1.15941,1.159875,1.158165,1.15833,-1.0,-1.0,-1
2025-11-27 21:00:00-05:00,1.15833,1.158815,1.158155,1.158445,-1.0,-1.0,-1
2025-11-27 22:00:00-05:00,1.158445,1.159095,1.15821,1.158735,-1.0,-1.0,-1
2025-11-27 23:00:00-05:00,1.158735,1.159185,1.15862,1.15895,-1.0,-1.0,-1
2025-11-28 00:00:00-05:00,1.15895,1.159395,1.158275,1.15896,-1.0,-1.0,-1
2025-11-28 01:00:00-05:00,1.15896,1.159015,1.158145,1.158335,-1.0,-1.0,-1
2025-11-28 02:00:00-05:00,1.158335,1.15904,1.15774,1.157955,-1.0,-1.0,-1
2025-11-28 03:00:00-05:00,1.157955,1.158255,1.156655,1.15703,-1.0,-1.0,-1
2025-11-28 04:00:00-05:00,1.15703,1.15799,1.1567,1.156905,-1.0,-1.0,-1
2025-11-28 05:00:00-05:00,1.156905,1.15712,1.155565,1.155935,-1.0,-1.0,-1
2025-11-28 06:00:00-05:00,1.155935,1.156915,1.15557,1.156815,-1.0,-1.0,-1
2025-11-28 07:00:00-05:00,1.156815,1.15728,1.15615,1.156635,-1.0,-1.0,-1
2025-11-28 08:00:00-05:00,1.156635,1.15787,1.156255,1.15748,-1.0,-1.0,-1
2025-11-28 09:00:00-05:00,1.15748,1.15852,1.157125,1.158455,-1.0,-1.0,-1
2025-11-28 10:00:00-05:00,1.158455,1.16076,1.157955,1.16075,-1.0,-1.0,-1
2025-11-28 11:00:00-05:00,1.16075,1.160755,1.159275,1.15991,-1.0,-1.0,-1
2025-11-28 12:00:00-05:00,1.15991,1.160445,1.159345,1.160275,-1.0,-1.0,-1
2025-11-28 13:00:00-05:00,1.160275,1.16046,1.159595,1.16016,-1.0,-1.0,-1
2025-11-28 14:00:00-05:00,1.16016,1.1604,1.16007,1.160235,-1.0,-1.0,-1
2025-11-28 15:00:00-05:00,1.160235,1.160445,1.160065,1.16007,-1.0,-1.0,-1
2025-11-28 16:00:00-05:00,1.16007,1.16028,1.15943,1.1596,-1.0,-1.0,-1
2025-11-30 17:15:00-05:00,1.159475,1.160065,1.159425,1.1599,-1.0,-1.0,-1
2025-11-30 18:00:00-05:00,1.1599,1.160795,1.159595,1.160115,-1.0,-1.0,-1
2025-11-30 19:00:00-05:00,1.160115,1.160715,1.15978,1.160315,-1.0,-1.0,-1
2025-11-30 20:00:00-05:00,1.160315,1.161585,1.16004,1.160515,-1.0,-1.0,-1
2025-11-30 21:00:00-05:00,1.160515,1.160585,1.15928,1.159505,-1.0,-1.0,-1
2025-11-30 22:00:00-05:00,1.159505,1.159765,1.158955,1.1597,-1.0,-1.0,-1
2025-11-30 23:00:00-05:00,1.1597,1.160265,1.15946,1.15988,-1.0,-1.0,-1
2025-12-01 00:00:00-05:00,1.15988,1.160155,1.15949,1.159785,-1.0,-1.0,-1
2025-12-01 01:00:00-05:00,1.159785,1.1599,1.15905,1.159625,-1.0,-1.0,-1
2025-12-01 02:00:00-05:00,1.159625,1.1613,1.15956,1.160715,-1.0,-1.0,-1
2025-12-01 03:00:00-05:00,1.160715,1.1622,1.160415,1.161345,-1.0,-1.0,-1
2025-12-01 04:00:00-05:00,1.161345,1.16236,1.161345,1.162235,-1.0,-1.0,-1
2025-12-01 05:00:00-05:00,1.162235,1.162865,1.16191,1.16276,-1.0,-1.0,-1
2025-12-01 06:00:00-05:00,1.16276,1.16323,1.16242,1.162785,-1.0,-1.0,-1
2025-12-01 07:00:00-05:00,1.162785,1.1649,1.16266,1.164885,-1.0,-1.0,-1
2025-12-01 08:00:00-05:00,1.164885,1.165245,1.16395,1.1645,-1.0,-1.0,-1
2025-12-01 09:00:00-05:00,1.1645,1.16453,1.163025,1.163205,-1.0,-1.0,-1
2025-12-01 10:00:00-05:00,1.163205,1.164065,1.16227,1.162895,-1.0,-1.0,-1
2025-12-01 11:00:00-05:00,1.162895,1.16343,1.16209,1.162285,-1.0,-1.0,-1
2025-12-01 12:00:00-05:00,1.162285,1.162895,1.161785,1.16207,-1.0,-1.0,-1
2025-12-01 13:00:00-05:00,1.16207,1.162355,1.161165,1.16119,-1.0,-1.0,-1
2025-12-01 14:00:00-05:00,1.16119,1.161235,1.16072,1.160845,-1.0,-1.0,-1
2025-12-01 15:00:00-05:00,1.160845,1.161005,1.16066,1.16095,-1.0,-1.0,-1
2025-12-01 16:00:00-05:00,1.16095,1.16109,1.16079,1.161,-1.0,-1.0,-1
2025-12-01 17:15:00-05:00,1.160725,1.16093,1.160725,1.160855,-1.0,-1.0,-1
2025-12-01 18:00:00-05:00,1.160855,1.161025,1.16067,1.16068,-1.0,-1.0,-1
2025-12-01 19:00:00-05:00,1.16068,1.160955,1.160405,1.16059,-1.0,-1.0,-1
2025-12-01 20:00:00-05:00,1.16059,1.16112,1.16038,1.16092,-1.0,-1.0,-1
2025-12-01 21:00:00-05:00,1.16092,1.161205,1.16089,1.16119,-1.0,-1.0,-1
2025-12-01 22:00:00-05:00,1.16119,1.161275,1.16088,1.161225,-1.0,-1.0,-1
2025-12-01 23:00:00-05:00,1.161225,1.161425,1.1609,1.1609,-1.0,-1.0,-1
2025-12-02 00:00:00-05:00,1.1609,1.16112,1.16072,1.161,-1.0,-1.0,-1
2025-12-02 01:00:00-05:00,1.161,1.16112,1.1605,1.160965,-1.0,-1.0,-1
2025-12-02 02:00:00-05:00,1.160965,1.16164,1.160885,1.161275,-1.0,-1.0,-1
2025-12-02 03:00:00-05:00,1.161275,1.161625,1.160905,1.161065,-1.0,-1.0,-1
2025-12-02 04:00:00-05:00,1.161065,1.161425,1.160245,1.16103,-1.0,-1.0,-1
2025-12-02 05:00:00-05:00,1.16103,1.16124,1.15984,1.160655,-1.0,-1.0,-1
2025-12-02 06:00:00-05:00,1.160655,1.1613,1.160355,1.16118,-1.0,-1.0,-1
2025-12-02 07:00:00-05:00,1.16118,1.161945,1.16075,1.161765,-1.0,-1.0,-1
2025-12-02 08:00:00-05:00,1.161765,1.16196,1.16113,1.16177,-1.0,-1.0,-1
2025-12-02 09:00:00-05:00,1.16177,1.162325,1.16133,1.161775,-1.0,-1.0,-1
2025-12-02 10:00:00-05:00,1.161775,1.16187,1.159335,1.160625,-1.0,-1.0,-1
2025-12-02 11:00:00-05:00,1.160625,1.160975,1.159135,1.159545,-1.0,-1.0,-1
2025-12-02 12:00:00-05:00,1.159545,1.160795,1.159285,1.160725,-1.0,-1.0,-1
2025-12-02 13:00:00-05:00,1.160725,1.161335,1.160565,1.160875,-1.0,-1.0,-1
2025-12-02 14:00:00-05:00,1.160875,1.16249,1.160865,1.16207,-1.0,-1.0,-1
2025-12-02 15:00:00-05:00,1.16207,1.162605,1.161985,1.16244,-1.0,-1.0,-1
2025-12-02 16:00:00-05:00,1.16244,1.1626,1.16212,1.162415,-1.0,-1.0,-1
2025-12-02 17:15:00-05:00,1.162175,1.162525,1.16214,1.162425,-1.0,-1.0,-1
2025-12-02 18:00:00-05:00,1.162425,1.162915,1.162415,1.162835,-1.0,-1.0,-1
2025-12-02 19:00:00-05:00,1.162835,1.163315,1.16279,1.163095,-1.0,-1.0,-1
2025-12-02 20:00:00-05:00,1.163095,1.163765,1.163065,1.16369,-1.0,-1.0,-1
2025-12-02 21:00:00-05:00,1.16369,1.163875,1.163545,1.16382,-1.0,-1.0,-1
2025-12-02 22:00:00-05:00,1.16382,1.163895,1.163705,1.16378,-1.0,-1.0,-1
2025-12-02 23:00:00-05:00,1.16378,1.164205,1.16362,1.164125,-1.0,-1.0,-1
2025-12-03 00:00:00-05:00,1.164125,1.164375,1.1641,1.164275,-1.0,-1.0,-1
2025-12-03 01:00:00-05:00,1.164275,1.16479,1.16417,1.164295,-1.0,-1.0,-1
2025-12-03 02:00:00-05:00,1.164295,1.16527,1.163945,1.164145,-1.0,-1.0,-1
2025-12-03 03:00:00-05:00,1.164145,1.16458,1.163575,1.16441,-1.0,-1.0,-1
2025-12-03 04:00:00-05:00,1.16441,1.1648,1.164005,1.16456,-1.0,-1.0,-1
2025-12-03 05:00:00-05:00,1.16456,1.166385,1.164505,1.166055,-1.0,-1.0,-1
2025-12-03 06:00:00-05:00,1.166055,1.166585,1.16551,1.16656,-1.0,-1.0,-1
2025-12-03 07:00:00-05:00,1.16656,1.166945,1.16623,1.1663,-1.0,-1.0,-1
2025-12-03 08:00:00-05:00,1.1663,1.16757,1.166175,1.166635,-1.0,-1.0,-1
2025-12-03 09:00:00-05:00,1.166635,1.1667,1.165575,1.16624,-1.0,-1.0,-1
2025-12-03 10:00:00-05:00,1.16624,1.166825,1.16544,1.165965,-1.0,-1.0,-1
2025-12-03 11:00:00-05:00,1.165965,1.166645,1.165865,1.165955,-1.0,-1.0,-1
2025-12-03 12:00:00-05:00,1.165955,1.167085,1.165765,1.166865,-1.0,-1.0,-1
2025-12-03 13:00:00-05:00,1.166865,1.16757,1.16683,1.167185,-1.0,-1.0,-1
2025-12-03 14:00:00-05:00,1.167185,1.167765,1.167125,1.167275,-1.0,-1.0,-1
2025-12-03 15:00:00-05:00,1.167275,1.167305,1.166505,1.166565,-1.0,-1.0,-1
2025-12-03 16:00:00-05:00,1.166565,1.167185,1.166435,1.167115,-1.0,-1.0,-1
2025-12-03 17:15:00-05:00,1.167175,1.167505,1.167075,1.16708,-1.0,-1.0,-1
2025-12-03 18:00:00-05:00,1.16708,1.16723,1.16636,1.166625,-1.0,-1.0,-1
2025-12-03 19:00:00-05:00,1.166625,1.16674,1.16594,1.16629,-1.0,-1.0,-1
2025-12-03 20:00:00-05:00,1.16629,1.16649,1.16589,1.166325,-1.0,-1.0,-1
2025-12-03 21:00:00-05:00,1.166325,1.166395,1.165905,1.166035,-1.0,-1.0,-1
2025-12-03 22:00:00-05:00,1.166035,1.166035,1.165335,1.165595,-1.0,-1.0,-1
2025-12-03 23:00:00-05:00,1.165595,1.165845,1.165535,1.16573,-1.0,-1.0,-1
2025-12-04 00:00:00-05:00,1.16573,1.166215,1.165635,1.16597,-1.0,-1.0,-1
2025-12-04 01:00:00-05:00,1.16597,1.165995,1.16531,1.165815,-1.0,-1.0,-1
2025-12-04 02:00:00-05:00,1.165815,1.16656,1.165535,1.16656,-1.0,-1.0,-1
2025-12-04 03:00:00-05:00,1.16656,1.1682,1.16635,1.16768,-1.0,-1.0,-1
2025-12-04 04:00:00-05:00,1.16768,1.168045,1.167345,1.167765,-1.0,-1.0,-1
2025-12-04 05:00:00-05:00,1.167765,1.167975,1.166365,1.16665,-1.0,-1.0,-1
2025-12-04 06:00:00-05:00,1.16665,1.168065,1.16652,1.168025,-1.0,-1.0,-1
2025-12-04 07:00:00-05:00,1.168025,1.168095,1.166545,1.16701,-1.0,-1.0,-1
2025-12-04 08:00:00-05:00,1.16701,1.16712,1.16521,1.16648,-1.0,-1.0,-1
2025-12-04 09:00:00-05:00,1.16648,1.167695,1.16643,1.167,-1.0,-1.0,-1
2025-12-04 10:00:00-05:00,1.167,1.16748,1.165805,1.167335,-1.0,-1.0,-1
2025-12-04 11:00:00-05:00,1.167335,1.167355,1.165355,1.165885,-1.0,-1.0,-1
2025-12-04 12:00:00-05:00,1.165885,1.16598,1.16531,1.165615,-1.0,-1.0,-1
2025-12-04 13:00:00-05:00,1.165615,1.165985,1.165375,1.165435,-1.0,-1.0,-1
2025-12-04 14:00:00-05:00,1.165435,1.16556,1.165015,1.16527,-1.0,-1.0,-1
2025-12-04 15:00:00-05:00,1.16527,1.16527,1.16411,1.164425,-1.0,-1.0,-1
2025-12-04 16:00:00-05:00,1.164425,1.164605,1.164105,1.16445,-1.0,-1.0,-1
2025-12-04 17:15:00-05:00,1.16447,1.16453,1.16441,1.164475,-1.0,-1.0,-1
2025-12-04 18:00:00-05:00,1.164475,1.164515,1.164115,1.16434,-1.0,-1.0,-1
2025-12-04 19:00:00-05:00,1.16434,1.16503,1.16434,1.164995,-1.0,-1.0,-1
2025-12-04 20:00:00-05:00,1.164995,1.16537,1.164975,1.165355,-1.0,-1.0,-1
2025-12-04 21:00:00-05:00,1.165355,1.165445,1.165125,1.165195,-1.0,-1.0,-1
2025-12-04 22:00:00-05:00,1.165195,1.165195,1.16465,1.164895,-1.0,-1.0,-1
2025-12-04 23:00:00-05:00,1.164895,1.165425,1.16489,1.165345,-1.0,-1.0,-1
2025-12-05 00:00:00-05:00,1.165345,1.165925,1.16533,1.165915,-1.0,-1.0,-1
2025-12-05 01:00:00-05:00,1.165915,1.16617,1.16553,1.165945,-1.0,-1.0,-1
2025-12-05 02:00:00-05:00,1.165945,1.16718,1.165865,1.1663,-1.0,-1.0,-1
2025-12-05 03:00:00-05:00,1.1663,1.166415,1.165245,1.16538,-1.0,-1.0,-1
2025-12-05 04:00:00-05:00,1.16538,1.16554,1.16482,1.165445,-1.0,-1.0,-1
2025-12-05 05:00:00-05:00,1.165445,1.16569,1.164785,1.165115,-1.0,-1.0,-1
2025-12-05 06:00:00-05:00,1.165115,1.16524,1.164165,1.16464,-1.0,-1.0,-1
2025-12-05 07:00:00-05:00,1.16464,1.165335,1.16437,1.165175,-1.0,-1.0,-1
2025-12-05 08:00:00-05:00,1.165175,1.16541,1.164365,1.16518,-1.0,-1.0,-1
2025-12-05 09:00:00-05:00,1.16518,1.16603,1.164545,1.16499,-1.0,-1.0,-1
2025-12-05 10:00:00-05:00,1.16499,1.16589,1.16437,1.16481,-1.0,-1.0,-1
2025-12-05 11:00:00-05:00,1.16481,1.1649,1.16281,1.163425,-1.0,-1.0,-1
2025-12-05 12:00:00-05:00,1.163425,1.164425,1.163245,1.164425,-1.0,-1.0,-1
2025-12-05 13:00:00-05:00,1.164425,1.16487,1.1642,1.16428,-1.0,-1.0,-1
2025-12-05 14:00:00-05:00,1.16428,1.164415,1.164,1.16431,-1.0,-1.0,-1
2025-12-05 15:00:00-05:00,1.16431,1.16446,1.163985,1.16441,-1.0,-1.0,-1
2025-12-05 16:00:00-05:00,1.16441,1.16472,1.164025,1.164415,-1.0,-1.0,-1
2025-12-07 17:15:00-05:00,1.16405,1.16465,1.163885,1.16462,-1.0,-1.0,-1
2025-12-07 18:00:00-05:00,1.16462,1.164645,1.163945,1.16406,-1.0,-1.0,-1
2025-12-07 19:00:00-05:00,1.16406,1.165145,1.16398,1.165115,-1.0,-1.0,-1
2025-12-07 20:00:00-05:00,1.165115,1.165325,1.16457,1.165175,-1.0,-1.0,-1
2025-12-07 21:00:00-05:00,1.165175,1.165425,1.16488,1.16538,-1.0,-1.0,-1
2025-12-07 22:00:00-05:00,1.16538,1.165555,1.164985,1.165015,-1.0,-1.0,-1
2025-12-07 23:00:00-05:00,1.165015,1.165555,1.164975,1.165445,-1.0,-1.0,-1
2025-12-08 00:00:00-05:00,1.165445,1.165635,1.16525,1.165615,-1.0,-1.0,-1
2025-12-08 01:00:00-05:00,1.165615,1.167205,1.165605,1.16609,-1.0,-1.0,-1
2025-12-08 02:00:00-05:00,1.16609,1.16681,1.165495,1.16582,-1.0,-1.0,-1
2025-12-08 03:00:00-05:00,1.16582,1.16624,1.16481,1.165595,-1.0,-1.0,-1
2025-12-08 04:00:00-05:00,1.165595,1.16577,1.164795,1.164865,-1.0,-1.0,-1
2025-12-08 05:00:00-05:00,1.164865,1.16556,1.164775,1.16509,-1.0,-1.0,-1
2025-12-08 06:00:00-05:00,1.16509,1.165355,1.16468,1.165035,-1.0,-1.0,-1
2025-12-08 07:00:00-05:00,1.165035,1.165395,1.164765,1.16533,-1.0,-1.0,-1
2025-12-08 08:00:00-05:00,1.16533,1.165745,1.164565,1.16483,-1.0,-1.0,-1
2025-12-08 09:00:00-05:00,1.16483,1.165485,1.16378,1.16402,-1.0,-1.0,-1
2025-12-08 10:00:00-05:00,1.16402,1.16402,1.161705,1.162505,-1.0,-1.0,-1
2025-12-08 11:00:00-05:00,1.162505,1.162875,1.161635,1.16249,-1.0,-1.0,-1
2025-12-08 12:00:00-05:00,1.16249,1.16394,1.16199,1.16393,-1.0,-1.0,-1
2025-12-08 13:00:00-05:00,1.16393,1.164215,1.163435,1.163735,-1.0,-1.0,-1
2025-12-08 14:00:00-05:00,1.163735,1.164185,1.163635,1.163935,-1.0,-1.0,-1
2025-12-08 15:00:00-05:00,1.163935,1.16419,1.163755,1.163815,-1.0,-1.0,-1
2025-12-08 16:00:00-05:00,1.163815,1.163895,1.163515,1.163745,-1.0,-1.0,-1
2025-12-08 17:15:00-05:00,1.163525,1.16377,1.163525,1.16363,-1.0,-1.0,-1
2025-12-08 18:00:00-05:00,1.16363,1.16409,1.16361,1.16408,-1.0,-1.0,-1
2025-12-08 19:00:00-05:00,1.16408,1.164305,1.163695,1.16387,-1.0,-1.0,-1
2025-12-08 20:00:00-05:00,1.16387,1.164755,1.1636,1.16472,-1.0,-1.0,-1
2025-12-08 21:00:00-05:00,1.16472,1.16483,1.16437,1.164575,-1.0,-1.0,-1
2025-12-08 22:00:00-05:00,1.164575,1.16489,1.16438,1.164575,-1.0,-1.0,-1
2025-12-08 23:00:00-05:00,1.164575,1.164715,1.16437,1.164685,-1.0,-1.0,-1
2025-12-09 00:00:00-05:00,1.164685,1.16506,1.164435,1.16489,-1.0,-1.0,-1
2025-12-09 01:00:00-05:00,1.16489,1.16492,1.1642,1.164395,-1.0,-1.0,-1
2025-12-09 02:00:00-05:00,1.164395,1.16463,1.163815,1.164,-1.0,-1.0,-1
2025-12-09 03:00:00-05:00,1.164,1.164975,1.163365,1.164495,-1.0,-1.0,-1
2025-12-09 04:00:00-05:00,1.164495,1.165725,1.16436,1.165235,-1.0,-1.0,-1
2025-12-09 05:00:00-05:00,1.165235,1.16543,1.164055,1.16446,-1.0,-1.0,-1
2025-12-09 06:00:00-05:00,1.16446,1.164765,1.163805,1.16436,-1.0,-1.0,-1
2025-12-09 07:00:00-05:00,1.16436,1.164445,1.16344,1.163765,-1.0,-1.0,-1
2025-12-09 08:00:00-05:00,1.163765,1.16399,1.16291,1.163455,-1.0,-1.0,-1
2025-12-09 09:00:00-05:00,1.163455,1.163865,1.162825,1.16376,-1.0,-1.0,-1
2025-12-09 10:00:00-05:00,1.16376,1.163795,1.161515,1.16288,-1.0,-1.0,-1
2025-12-09 11:00:00-05:00,1.16288,1.164125,1.162875,1.163825,-1.0,-1.0,-1
2025-12-09 12:00:00-05:00,1.163825,1.16398,1.162205,1.162405,-1.0,-1.0,-1
2025-12-09 13:00:00-05:00,1.162405,1.162485,1.16169,1.16244,-1.0,-1.0,-1
2025-12-09 14:00:00-05:00,1.16244,1.163,1.162205,1.162875,-1.0,-1.0,-1
2025-12-09 15:00:00-05:00,1.162875,1.163215,1.16266,1.16268,-1.0,-1.0,-1
2025-12-09 16:00:00-05:00,1.16268,1.162935,1.16238,1.162855,-1.0,-1.0,-1
2025-12-09 17:15:00-05:00,1.1626,1.162905,1.1626,1.162695,-1.0,-1.0,-1
2025-12-09 18:00:00-05:00,1.162695,1.16286,1.16248,1.16279,-1.0,-1.0,-1
2025-12-09 19:00:00-05:00,1.16279,1.162895,1.16243,1.162625,-1.0,-1.0,-1
2025-12-09 20:00:00-05:00,1.162625,1.16288,1.162245,1.16238,-1.0,-1.0,-1
2025-12-09 21:00:00-05:00,1.16238,1.16285,1.162335,1.16238,-1.0,-1.0,-1
2025-12-09 22:00:00-05:00,1.16238,1.162735,1.16217,1.162655,-1.0,-1.0,-1
2025-12-09 23:00:00-05:00,1.162655,1.162915,1.162515,1.162755,-1.0,-1.0,-1
2025-12-10 00:00:00-05:00,1.162755,1.163095,1.16266,1.162985,-1.0,-1.0,-1
2025-12-10 01:00:00-05:00,1.162985,1.16356,1.16287,1.16354,-1.0,-1.0,-1
2025-12-10 02:00:00-05:00,1.16354,1.164955,1.16344,1.16481,-1.0,-1.0,-1
2025-12-10 03:00:00-05:00,1.16481,1.16577,1.164355,1.16527,-1.0,-1.0,-1
2025-12-10 04:00:00-05:00,1.16527,1.165305,1.163555,1.16365,-1.0,-1.0,-1
2025-12-10 05:00:00-05:00,1.16365,1.16396,1.16276,1.16344,-1.0,-1.0,-1
2025-12-10 06:00:00-05:00,1.16344,1.163845,1.163,1.163515,-1.0,-1.0,-1
2025-12-10 07:00:00-05:00,1.163515,1.16425,1.163295,1.163945,-1.0,-1.0,-1
2025-12-10 08:00:00-05:00,1.163945,1.164195,1.162765,1.16402,-1.0,-1.0,-1
2025-12-10 09:00:00-05:00,1.16402,1.16451,1.163395,1.164325,-1.0,-1.0,-1
2025-12-10 10:00:00-05:00,1.164325,1.16514,1.163465,1.1642,-1.0,-1.0,-1
2025-12-10 11:00:00-05:00,1.1642,1.164995,1.163725,1.164995,-1.0,-1.0,-1
2025-12-10 12:00:00-05:00,1.164995,1.166025,1.16457,1.165865,-1.0,-1.0,-1
2025-12-10 13:00:00-05:00,1.165865,1.16611,1.16538,1.1655,-1.0,-1.0,-1
2025-12-10 14:00:00-05:00,1.1655,1.16813,1.164375,1.16783,-1.0,-1.0,-1
2025-12-10 15:00:00-05:00,1.16783,1.16998,1.16738,1.169385,-1.0,-1.0,-1
2025-12-10 16:00:00-05:00,1.169385,1.169595,1.16895,1.16953,-1.0,-1.0,-1
2025-12-10 17:15:00-05:00,1.16919,1.16958,1.168965,1.16955,-1.0,-1.0,-1
2025-12-10 18:00:00-05:00,1.16955,1.17028,1.169505,1.17016,-1.0,-1.0,-1
2025-12-10 19:00:00-05:00,1.17016,1.1705,1.169725,1.170215,-1.0,-1.0,-1
2025-12-10 20:00:00-05:00,1.170215,1.17076,1.170035,1.170185,-1.0,-1.0,-1
2025-12-10 21:00:00-05:00,1.170185,1.17062,1.169345,1.169395,-1.0,-1.0,-1
2025-12-10 22:00:00-05:00,1.169395,1.169765,1.169025,1.16909,-1.0,-1.0,-1
2025-12-10 23:00:00-05:00,1.16909,1.16917,1.16856,1.169035,-1.0,-1.0,-1
2025-12-11 00:00:00-05:00,1.169035,1.169225,1.16846,1.16854,-1.0,-1.0,-1
2025-12-11 01:00:00-05:00,1.16854,1.168985,1.16823,1.168905,-1.0,-1.0,-1
2025-12-11 02:00:00-05:00,1.168905,1.17011,1.168745,1.169365,-1.0,-1.0,-1
2025-12-11 03:00:00-05:00,1.169365,1.17068,1.169365,1.169725,-1.0,-1.0,-1
2025-12-11 04:00:00-05:00,1.169725,1.170355,1.16873,1.170215,-1.0,-1.0,-1
2025-12-11 05:00:00-05:00,1.170215,1.17077,1.169895,1.170725,-1.0,-1.0,-1
2025-12-11 06:00:00-05:00,1.170725,1.171785,1.170615,1.171305,-1.0,-1.0,-1
2025-12-11 07:00:00-05:00,1.171305,1.171935,1.170995,1.171685,-1.0,-1.0,-1
2025-12-11 08:00:00-05:00,1.171685,1.17367,1.171335,1.173125,-1.0,-1.0,-1
2025-12-11 09:00:00-05:00,1.173125,1.17485,1.173035,1.173775,-1.0,-1.0,-1
2025-12-11 10:00:00-05:00,1.173775,1.175715,1.173175,1.175645,-1.0,-1.0,-1
2025-12-11 11:00:00-05:00,1.175645,1.175955,1.174625,1.175545,-1.0,-1.0,-1
2025-12-11 12:00:00-05:00,1.175545,1.176275,1.174975,1.17552,-1.0,-1.0,-1
2025-12-11 13:00:00-05:00,1.17552,1.17594,1.175115,1.17537,-1.0,-1.0,-1
2025-12-11 14:00:00-05:00,1.17537,1.175375,1.17404,1.174115,-1.0,-1.0,-1
2025-12-11 15:00:00-05:00,1.174115,1.174595,1.17365,1.174095,-1.0,-1.0,-1
2025-12-11 16:00:00-05:00,1.174095,1.17433,1.173705,1.1738,-1.0,-1.0,-1
2025-12-11 17:15:00-05:00,1.173875,1.174025,1.173855,1.1739,-1.0,-1.0,-1
2025-12-11 18:00:00-05:00,1.1739,1.174205,1.173735,1.17409,-1.0,-1.0,-1
2025-12-11 19:00:00-05:00,1.17409,1.17447,1.173905,1.17405,-1.0,-1.0,-1
2025-12-11 20:00:00-05:00,1.17405,1.17463,1.17325,1.17349,-1.0,-1.0,-1
2025-12-11 21:00:00-05:00,1.17349,1.173785,1.173135,1.173625,-1.0,-1.0,-1
2025-12-11 22:00:00-05:00,1.173625,1.173765,1.17332,1.173455,-1.0,-1.0,-1
2025-12-11 23:00:00-05:00,1.173455,1.17356,1.17314,1.173195,-1.0,-1.0,-1
2025-12-12 00:00:00-05:00,1.173195,1.173945,1.173165,1.173875,-1.0,-1.0,-1
2025-12-12 01:00:00-05:00,1.173875,1.1742,1.17341,1.173905,-1.0,-1.0,-1
2025-12-12 02:00:00-05:00,1.173905,1.174345,1.173585,1.1738,-1.0,-1.0,-1
2025-12-12 03:00:00-05:00,1.1738,1.17423,1.172825,1.17283,-1.0,-1.0,-1
2025-12-12 04:00:00-05:00,1.17283,1.173485,1.172695,1.173295,-1.0,-1.0,-1
2025-12-12 05:00:00-05:00,1.173295,1.17332,1.17245,1.17274,-1.0,-1.0,-1
2025-12-12 06:00:00-05:00,1.17274,1.17292,1.172235,1.172685,-1.0,-1.0,-1
2025-12-12 07:00:00-05:00,1.172685,1.172805,1.171955,1.17251,-1.0,-1.0,-1
2025-12-12 08:00:00-05:00,1.17251,1.173535,1.172405,1.172735,-1.0,-1.0,-1
2025-12-12 09:00:00-05:00,1.172735,1.17437,1.172325,1.174215,-1.0,-1.0,-1
2025-12-12 10:00:00-05:00,1.174215,1.174505,1.17297,1.17383,-1.0,-1.0,-1
2025-12-12 11:00:00-05:00,1.17383,1.17434,1.172625,1.173115,-1.0,-1.0,-1
2025-12-12 12:00:00-05:00,1.173115,1.17481,1.173015,1.17478,-1.0,-1.0,-1
2025-12-12 13:00:00-05:00,1.17478,1.174985,1.17404,1.17415,-1.0,-1.0,-1
2025-12-12 14:00:00-05:00,1.17415,1.17415,1.173535,1.174055,-1.0,-1.0,-1
2025-12-12 15:00:00-05:00,1.174055,1.174665,1.173685,1.173925,-1.0,-1.0,-1
2025-12-12 16:00:00-05:00,1.173925,1.174515,1.173845,1.174065,-1.0,-1.0,-1
2025-12-14 17:15:00-05:00,1.173645,1.173925,1.173645,1.173785,-1.0,-1.0,-1
2025-12-14 18:00:00-05:00,1.173785,1.174085,1.17357,1.173705,-1.0,-1.0,-1
2025-12-14 19:00:00-05:00,1.173705,1.173725,1.172855,1.17333,-1.0,-1.0,-1
2025-12-14 20:00:00-05:00,1.17333,1.17425,1.172965,1.17414,-1.0,-1.0,-1
2025-12-14 21:00:00-05:00,1.17414,1.174485,1.173715,1.174145,-1.0,-1.0,-1
2025-12-14 22:00:00-05:00,1.174145,1.174485,1.173185,1.17342,-1.0,-1.0,-1
2025-12-14 23:00:00-05:00,1.17342,1.17358,1.17321,1.17324,-1.0,-1.0,-1
2025-12-15 00:00:00-05:00,1.17324,1.17359,1.17322,1.17344,-1.0,-1.0,-1
2025-12-15 01:00:00-05:00,1.17344,1.173645,1.17288,1.173525,-1.0,-1.0,-1
2025-12-15 02:00:00-05:00,1.173525,1.17381,1.172795,1.172855,-1.0,-1.0,-1
2025-12-15 03:00:00-05:00,1.172855,1.173885,1.17264,1.173125,-1.0,-1.0,-1
2025-12-15 04:00:00-05:00,1.173125,1.174365,1.173065,1.174345,-1.0,-1.0,-1
2025-12-15 05:00:00-05:00,1.174345,1.174675,1.173915,1.174285,-1.0,-1.0,-1
2025-12-15 06:00:00-05:00,1.174285,1.175005,1.17413,1.174895,-1.0,-1.0,-1
2025-12-15 07:00:00-05:00,1.174895,1.17593,1.174855,1.175295,-1.0,-1.0,-1
2025-12-15 08:00:00-05:00,1.175295,1.175995,1.174725,1.17473,-1.0,-1.0,-1
2025-12-15 09:00:00-05:00,1.17473,1.176415,1.174415,1.17636,-1.0,-1.0,-1
2025-12-15 10:00:00-05:00,1.17636,1.176895,1.175475,1.17629,-1.0,-1.0,-1
2025-12-15 11:00:00-05:00,1.17629,1.176485,1.175225,1.17556,-1.0,-1.0,-1
2025-12-15 12:00:00-05:00,1.17556,1.17559,1.17449,1.17459,-1.0,-1.0,-1
2025-12-15 13:00:00-05:00,1.17459,1.174825,1.17392,1.174325,-1.0,-1.0,-1
2025-12-15 14:00:00-05:00,1.174325,1.175005,1.173835,1.174885,-1.0,-1.0,-1
2025-12-15 15:00:00-05:00,1.174885,1.17519,1.17475,1.175105,-1.0,-1.0,-1
2025-12-15 16:00:00-05:00,1.175105,1.175405,1.1749,1.175265,-1.0,-1.0,-1
2025-12-15 17:15:00-05:00,1.17513,1.17533,1.174915,1.175145,-1.0,-1.0,-1
2025-12-15 18:00:00-05:00,1.175145,1.175595,1.17514,1.17536,-1.0,-1.0,-1
2025-12-15 19:00:00-05:00,1.17536,1.175805,1.17483,1.17499,-1.0,-1.0,-1
2025-12-15 20:00:00-05:00,1.17499,1.17554,1.17467,1.175195,-1.0,-1.0,-1
2025-12-15 21:00:00-05:00,1.175195,1.17566,1.17503,1.175575,-1.0,-1.0,-1
2025-12-15 22:00:00-05:00,1.175575,1.175935,1.17502,1.17519,-1.0,-1.0,-1
2025-12-15 23:00:00-05:00,1.17519,1.175405,1.17501,1.17512,-1.0,-1.0,-1
2025-12-16 00:00:00-05:00,1.17512,1.17543,1.174925,1.17506,-1.0,-1.0,-1
2025-12-16 01:00:00-05:00,1.17506,1.17538,1.174655,1.175265,-1.0,-1.0,-1
2025-12-16 02:00:00-05:00,1.175265,1.17545,1.174455,1.175245,-1.0,-1.0,-1
2025-12-16 03:00:00-05:00,1.175245,1.176415,1.17466,1.17545,-1.0,-1.0,-1
2025-12-16 04:00:00-05:00,1.17545,1.17621,1.17501,1.175605,-1.0,-1.0,-1
2025-12-16 05:00:00-05:00,1.175605,1.176185,1.175375,1.175745,-1.0,-1.0,-1
2025-12-16 06:00:00-05:00,1.175745,1.17633,1.175165,1.176315,-1.0,-1.0,-1
2025-12-16 07:00:00-05:00,1.176315,1.177855,1.176075,1.177805,-1.0,-1.0,-1
2025-12-16 08:00:00-05:00,1.177805,1.179485,1.17569,1.177585,-1.0,-1.0,-1
2025-12-16 09:00:00-05:00,1.177585,1.18,1.17689,1.179985,-1.0,-1.0,-1
2025-12-16 10:00:00-05:00,1.179985,1.180425,1.17674,1.177015,-1.0,-1.0,-1
2025-12-16 11:00:00-05:00,1.177015,1.1776,1.176115,1.17692,-1.0,-1.0,-1
2025-12-16 12:00:00-05:00,1.17692,1.177805,1.176255,1.17639,-1.0,-1.0,-1
2025-12-16 13:00:00-05:00,1.17639,1.176395,1.17452,1.175305,-1.0,-1.0,-1
2025-12-16 14:00:00-05:00,1.175305,1.17624,1.173445,1.17578,-1.0,-1.0,-1
2025-12-16 15:00:00-05:00,1.17578,1.1763,1.17464,1.174775,-1.0,-1.0,-1
2025-12-16 16:00:00-05:00,1.174775,1.175135,1.174575,1.174675,-1.0,-1.0,-1
2025-12-16 17:15:00-05:00,1.17483,1.17494,1.17475,1.174845,-1.0,-1.0,-1
2025-12-16 18:00:00-05:00,1.174845,1.175155,1.174835,1.17494,-1.0,-1.0,-1
2025-12-16 19:00:00-05:00,1.17494,1.175165,1.174545,1.17503,-1.0,-1.0,-1
2025-12-16 20:00:00-05:00,1.17503,1.17523,1.17452,1.174735,-1.0,-1.0,-1
2025-12-16 21:00:00-05:00,1.174735,1.17481,1.17373,1.17399,-1.0,-1.0,-1
2025-12-16 22:00:00-05:00,1.17399,1.174075,1.1737,1.173915,-1.0,-1.0,-1
2025-12-16 23:00:00-05:00,1.173915,1.173975,1.172775,1.17297,-1.0,-1.0,-1
2025-12-17 00:00:00-05:00,1.17297,1.173085,1.172485,1.17291,-1.0,-1.0,-1
2025-12-17 01:00:00-05:00,1.17291,1.17307,1.170655,1.170975,-1.0,-1.0,-1
2025-12-17 02:00:00-05:00,1.170975,1.171355,1.17032,1.17131,-1.0,-1.0,-1
2025-12-17 03:00:00-05:00,1.17131,1.17211,1.170585,1.17187,-1.0,-1.0,-1
2025-12-17 04:00:00-05:00,1.17187,1.172075,1.17116,1.17161,-1.0,-1.0,-1
2025-12-17 05:00:00-05:00,1.17161,1.172545,1.171285,1.172535,-1.0,-1.0,-1
2025-12-17 06:00:00-05:00,1.172535,1.172745,1.17077,1.170925,-1.0,-1.0,-1
2025-12-17 07:00:00-05:00,1.170925,1.172775,1.17085,1.17268,-1.0,-1.0,-1
2025-12-17 08:00:00-05:00,1.17268,1.173335,1.171995,1.17319,-1.0,-1.0,-1
2025-12-17 09:00:00-05:00,1.17319,1.17444,1.172825,1.17411,-1.0,-1.0,-1
2025-12-17 10:00:00-05:00,1.17411,1.175825,1.174045,1.1753,-1.0,-1.0,-1
2025-12-17 11:00:00-05:00,1.1753,1.17563,1.17455,1.174715,-1.0,-1.0,-1
2025-12-17 12:00:00-05:00,1.174715,1.17548,1.174565,1.17494,-1.0,-1.0,-1
2025-12-17 13:00:00-05:00,1.17494,1.175565,1.17426,1.17442,-1.0,-1.0,-1
2025-12-17 14:00:00-05:00,1.17442,1.17473,1.17415,1.174505,-1.0,-1.0,-1
2025-12-17 15:00:00-05:00,1.174505,1.174635,1.173855,1.173965,-1.0,-1.0,-1
2025-12-17 16:00:00-05:00,1.173965,1.17416,1.17387,1.17404,-1.0,-1.0,-1
2025-12-17 17:15:00-05:00,1.17417,1.17443,1.173965,1.173965,-1.0,-1.0,-1
2025-12-17 18:00:00-05:00,1.173965,1.174345,1.173965,1.174165,-1.0,-1.0,-1
2025-12-17 19:00:00-05:00,1.174165,1.174585,1.174035,1.174415,-1.0,-1.0,-1
2025-12-17 20:00:00-05:00,1.174415,1.17456,1.173525,1.173865,-1.0,-1.0,-1
2025-12-17 21:00:00-05:00,1.173865,1.17428,1.173685,1.174095,-1.0,-1.0,-1
2025-12-17 22:00:00-05:00,1.174095,1.1742,1.17376,1.17393,-1.0,-1.0,-1
2025-12-17 23:00:00-05:00,1.17393,1.1743,1.173845,1.174295,-1.0,-1.0,-1
2025-12-18 00:00:00-05:00,1.174295,1.174695,1.17413,1.174595,-1.0,-1.0,-1
2025-12-18 01:00:00-05:00,1.174595,1.174735,1.17389,1.17443,-1.0,-1.0,-1
2025-12-18 02:00:00-05:00,1.17443,1.174965,1.173355,1.173375,-1.0,-1.0,-1
2025-12-18 03:00:00-05:00,1.173375,1.173725,1.17281,1.17323,-1.0,-1.0,-1
2025-12-18 04:00:00-05:00,1.17323,1.173275,1.17174,1.172195,-1.0,-1.0,-1
2025-12-18 05:00:00-05:00,1.172195,1.172695,1.17176,1.17249,-1.0,-1.0,-1
2025-12-18 06:00:00-05:00,1.17249,1.17275,1.17204,1.17207,-1.0,-1.0,-1
2025-12-18 07:00:00-05:00,1.17207,1.17235,1.17123,1.171395,-1.0,-1.0,-1
2025-12-18 08:00:00-05:00,1.171395,1.176305,1.17131,1.17469,-1.0,-1.0,-1
2025-12-18 09:00:00-05:00,1.17469,1.175575,1.17328,1.173475,-1.0,-1.0,-1
2025-12-18 10:00:00-05:00,1.173475,1.174025,1.1716,1.17271,-1.0,-1.0,-1
2025-12-18 11:00:00-05:00,1.17271,1.174605,1.17256,1.172815,-1.0,-1.0,-1
2025-12-18 12:00:00-05:00,1.172815,1.172885,1.171525,1.17189,-1.0,-1.0,-1
2025-12-18 13:00:00-05:00,1.17189,1.17249,1.171535,1.17196,-1.0,-1.0,-1
2025-12-18 14:00:00-05:00,1.17196,1.172785,1.171785,1.172515,-1.0,-1.0,-1
2025-12-18 15:00:00-05:00,1.172515,1.172785,1.172035,1.17221,-1.0,-1.0,-1
2025-12-18 16:00:00-05:00,1.17221,1.172535,1.172105,1.172245,-1.0,-1.0,-1
2025-12-18 17:15:00-05:00,1.17225,1.172585,1.172205,1.172455,-1.0,-1.0,-1
2025-12-18 18:00:00-05:00,1.172455,1.172765,1.17237,1.17247,-1.0,-1.0,-1
2025-12-18 19:00:00-05:00,1.17247,1.172685,1.17218,1.172645,-1.0,-1.0,-1
2025-12-18 20:00:00-05:00,1.172645,1.17288,1.17205,1.17244,-1.0,-1.0,-1
2025-12-18 21:00:00-05:00,1.17244,1.17286,1.172115,1.17227,-1.0,-1.0,-1
2025-12-18 22:00:00-05:00,1.17227,1.17259,1.171835,1.17213,-1.0,-1.0,-1
2025-12-18 23:00:00-05:00,1.17213,1.17228,1.17156,1.171795,-1.0,-1.0,-1
2025-12-19 00:00:00-05:00,1.171795,1.172085,1.171795,1.172,-1.0,-1.0,-1
2025-12-19 01:00:00-05:00,1.172,1.17217,1.171185,1.171995,-1.0,-1.0,-1
2025-12-19 02:00:00-05:00,1.171995,1.17206,1.170335,1.170775,-1.0,-1.0,-1
2025-12-19 03:00:00-05:00,1.170775,1.17164,1.17062,1.17126,-1.0,-1.0,-1
2025-12-19 04:00:00-05:00,1.17126,1.171785,1.17088,1.17122,-1.0,-1.0,-1
2025-12-19 05:00:00-05:00,1.17122,1.17178,1.17089,1.17165,-1.0,-1.0,-1
2025-12-19 06:00:00-05:00,1.17165,1.171785,1.17077,1.17113,-1.0,-1.0,-1
2025-12-19 07:00:00-05:00,1.17113,1.17153,1.17077,1.171015,-1.0,-1.0,-1
2025-12-19 08:00:00-05:00,1.171015,1.17194,1.170255,1.171935,-1.0,-1.0,-1
2025-12-19 09:00:00-05:00,1.171935,1.173785,1.1719,1.172665,-1.0,-1.0,-1
2025-12-19 10:00:00-05:00,1.172665,1.172845,1.170935,1.170955,-1.0,-1.0,-1
2025-12-19 11:00:00-05:00,1.170955,1.17211,1.170835,1.17209,-1.0,-1.0,-1
2025-12-19 12:00:00-05:00,1.17209,1.172095,1.171355,1.171935,-1.0,-1.0,-1
2025-12-19 13:00:00-05:00,1.171935,1.172725,1.17183,1.172,-1.0,-1.0,-1
2025-12-19 14:00:00-05:00,1.172,1.17252,1.17164,1.17236,-1.0,-1.0,-1
2025-12-19 15:00:00-05:00,1.17236,1.172565,1.17064,1.17099,-1.0,-1.0,-1
2025-12-19 16:00:00-05:00,1.17099,1.17139,1.17061,1.17098,-1.0,-1.0,-1
2025-12-21 17:15:00-05:00,1.1719,1.172005,1.171235,1.17146,-1.0,-1.0,-1
2025-12-21 18:00:00-05:00,1.17146,1.171705,1.17064,1.171025,-1.0,-1.0,-1
2025-12-21 19:00:00-05:00,1.171025,1.17161,1.17095,1.17158,-1.0,-1.0,-1
2025-12-21 20:00:00-05:00,1.17158,1.17194,1.171365,1.171725,-1.0,-1.0,-1
2025-12-21 21:00:00-05:00,1.171725,1.171935,1.17152,1.171645,-1.0,-1.0,-1
2025-12-21 22:00:00-05:00,1.171645,1.17183,1.17136,1.171755,-1.0,-1.0,-1
2025-12-21 23:00:00-05:00,1.171755,1.172175,1.17163,1.172015,-1.0,-1.0,-1
2025-12-22 00:00:00-05:00,1.172015,1.172215,1.171555,1.17174,-1.0,-1.0,-1
2025-12-22 01:00:00-05:00,1.17174,1.17191,1.1713,1.171595,-1.0,-1.0,-1
2025-12-22 02:00:00-05:00,1.171595,1.173115,1.171495,1.17291,-1.0,-1.0,-1
2025-12-22 03:00:00-05:00,1.17291,1.173835,1.17231,1.17359,-1.0,-1.0,-1
2025-12-22 04:00:00-05:00,1.17359,1.173675,1.172745,1.173005,-1.0,-1.0,-1
2025-12-22 05:00:00-05:00,1.173005,1.1738,1.172905,1.173325,-1.0,-1.0,-1
2025-12-22 06:00:00-05:00,1.173325,1.173665,1.172875,1.173345,-1.0,-1.0,-1
2025-12-22 07:00:00-05:00,1.173345,1.17433,1.17333,1.174195,-1.0,-1.0,-1
2025-12-22 08:00:00-05:00,1.174195,1.17545,1.174195,1.17507,-1.0,-1.0,-1
2025-12-22 09:00:00-05:00,1.17507,1.17666,1.17451,1.176035,-1.0,-1.0,-1
2025-12-22 10:00:00-05:00,1.176035,1.176945,1.175775,1.17639,-1.0,-1.0,-1
2025-12-22 11:00:00-05:00,1.17639,1.176415,1.174815,1.174965,-1.0,-1.0,-1
2025-12-22 12:00:00-05:00,1.174965,1.17647,1.174905,1.175825,-1.0,-1.0,-1
2025-12-22 13:00:00-05:00,1.175825,1.17583,1.17494,1.175305,-1.0,-1.0,-1
2025-12-22 14:00:00-05:00,1.175305,1.17561,1.174895,1.175545,-1.0,-1.0,-1
2025-12-22 15:00:00-05:00,1.175545,1.1759,1.175225,1.17552,-1.0,-1.0,-1
2025-12-22 16:00:00-05:00,1.17552,1.17625,1.175475,1.17612,-1.0,-1.0,-1
2025-12-22 17:15:00-05:00,1.175975,1.176195,1.17586,1.175965,-1.0,-1.0,-1
2025-12-22 18:00:00-05:00,1.175965,1.17657,1.175965,1.176365,-1.0,-1.0,-1
2025-12-22 19:00:00-05:00,1.176365,1.177035,1.176295,1.176905,-1.0,-1.0,-1
2025-12-22 20:00:00-05:00,1.176905,1.17762,1.176595,1.177315,-1.0,-1.0,-1
2025-12-22 21:00:00-05:00,1.177315,1.178055,1.177265,1.17777,-1.0,-1.0,-1
2025-12-22 22:00:00-05:00,1.17777,1.177925,1.177315,1.17766,-1.0,-1.0,-1
2025-12-22 23:00:00-05:00,1.17766,1.177915,1.177365,1.17753,-1.0,-1.0,-1
2025-12-23 00:00:00-05:00,1.17753,1.17798,1.17744,1.17751,-1.0,-1.0,-1
2025-12-23 01:00:00-05:00,1.17751,1.177635,1.17686,1.17712,-1.0,-1.0,-1
2025-12-23 02:00:00-05:00,1.17712,1.17814,1.17692,1.17787,-1.0,-1.0,-1
2025-12-23 03:00:00-05:00,1.17787,1.178455,1.17753,1.178445,-1.0,-1.0,-1
2025-12-23 04:00:00-05:00,1.178445,1.179295,1.178175,1.179265,-1.0,-1.0,-1
2025-12-23 05:00:00-05:00,1.179265,1.18004,1.17918,1.179905,-1.0,-1.0,-1
2025-12-23 06:00:00-05:00,1.179905,1.17999,1.179245,1.17958,-1.0,-1.0,-1
2025-12-23 07:00:00-05:00,1.17958,1.180205,1.178895,1.17897,-1.0,-1.0,-1
2025-12-23 08:00:00-05:00,1.17897,1.179405,1.17743,1.177475,-1.0,-1.0,-1
2025-12-23 09:00:00-05:00,1.177475,1.17795,1.176845,1.17693,-1.0,-1.0,-1
2025-12-23 10:00:00-05:00,1.17693,1.177915,1.1764,1.177425,-1.0,-1.0,-1
2025-12-23 11:00:00-05:00,1.177425,1.17805,1.177335,1.177565,-1.0,-1.0,-1
2025-12-23 12:00:00-05:00,1.177565,1.17788,1.176905,1.177085,-1.0,-1.0,-1
2025-12-23 13:00:00-05:00,1.177085,1.17832,1.176965,1.178295,-1.0,-1.0,-1
2025-12-23 14:00:00-05:00,1.178295,1.179145,1.178205,1.179015,-1.0,-1.0,-1
2025-12-23 15:00:00-05:00,1.179015,1.17937,1.178705,1.178955,-1.0,-1.0,-1
2025-12-23 16:00:00-05:00,1.178955,1.17971,1.17885,1.179475,-1.0,-1.0,-1
2025-12-23 17:15:00-05:00,1.179325,1.179585,1.17928,1.17948,-1.0,-1.0,-1
2025-12-23 18:00:00-05:00,1.17948,1.17973,1.17935,1.179475,-1.0,-1.0,-1
2025-12-23 19:00:00-05:00,1.179475,1.179915,1.17903,1.1799,-1.0,-1.0,-1
2025-12-23 20:00:00-05:00,1.1799,1.18064,1.179685,1.18052,-1.0,-1.0,-1
2025-12-23 21:00:00-05:00,1.18052,1.180795,1.17982,1.17984,-1.0,-1.0,-1
2025-12-23 22:00:00-05:00,1.17984,1.17985,1.1787,1.17876,-1.0,-1.0,-1
2025-12-23 23:00:00-05:00,1.17876,1.17934,1.1786,1.17912,-1.0,-1.0,-1
2025-12-24 00:00:00-05:00,1.17912,1.180215,1.179075,1.17991,-1.0,-1.0,-1
2025-12-24 01:00:00-05:00,1.17991,1.180405,1.17978,1.179985,-1.0,-1.0,-1
2025-12-24 02:00:00-05:00,1.179985,1.180185,1.178645,1.178905,-1.0,-1.0,-1
2025-12-24 03:00:00-05:00,1.178905,1.17995,1.177975,1.17994,-1.0,-1.0,-1
2025-12-24 04:00:00-05:00,1.17994,1.18009,1.179455,1.179975,-1.0,-1.0,-1
2025-12-24 05:00:00-05:00,1.179975,1.180005,1.17908,1.17964,-1.0,-1.0,-1
2025-12-24 06:00:00-05:00,1.17964,1.179855,1.179115,1.17929,-1.0,-1.0,-1
2025-12-24 07:00:00-05:00,1.17929,1.17932,1.1784,1.17842,-1.0,-1.0,-1
2025-12-24 08:00:00-05:00,1.17842,1.17911,1.178395,1.17854,-1.0,-1.0,-1
2025-12-24 09:00:00-05:00,1.17854,1.178695,1.177735,1.178065,-1.0,-1.0,-1
2025-12-24 10:00:00-05:00,1.178065,1.17824,1.177535,1.177815,-1.0,-1.0,-1
2025-12-24 11:00:00-05:00,1.177815,1.178095,1.177305,1.17794,-1.0,-1.0,-1
2025-12-24 12:00:00-05:00,1.17794,1.178315,1.177275,1.17767,-1.0,-1.0,-1
2025-12-24 13:00:00-05:00,1.17767,1.177985,1.17743,1.177885,-1.0,-1.0,-1
2025-12-24 14:00:00-05:00,1.177885,1.17823,1.17787,1.17819,-1.0,-1.0,-1
2025-12-24 15:00:00-05:00,1.17819,1.178195,1.178175,1.178195,-1.0,-1.0,-1
2025-12-24 16:00:00-05:00,1.178195,1.178195,1.178195,1.178195,-1.0,-1.0,-1
2025-12-25 19:00:00-05:00,1.178405,1.17921,1.177675,1.17861,-1.0,-1.0,-1
2025-12-25 20:00:00-05:00,1.17861,1.17918,1.1783,1.178735,-1.0,-1.0,-1
2025-12-25 21:00:00-05:00,1.178735,1.179375,1.17837,1.179215,-1.0,-1.0,-1
2025-12-25 22:00:00-05:00,1.179215,1.179265,1.178335,1.17843,-1.0,-1.0,-1
2025-12-25 23:00:00-05:00,1.17843,1.178715,1.178005,1.17833,-1.0,-1.0,-1
2025-12-26 00:00:00-05:00,1.17833,1.178725,1.17802,1.178615,-1.0,-1.0,-1
2025-12-26 01:00:00-05:00,1.178615,1.17879,1.17716,1.177655,-1.0,-1.0,-1
2025-12-26 02:00:00-05:00,1.177655,1.17779,1.17701,1.1773,-1.0,-1.0,-1
2025-12-26 03:00:00-05:00,1.1773,1.177765,1.17665,1.17769,-1.0,-1.0,-1
2025-12-26 04:00:00-05:00,1.17769,1.177785,1.17684,1.17702,-1.0,-1.0,-1
2025-12-26 05:00:00-05:00,1.17702,1.17797,1.1769,1.17731,-1.0,-1.0,-1
2025-12-26 06:00:00-05:00,1.17731,1.178245,1.17731,1.17774,-1.0,-1.0,-1
2025-12-26 07:00:00-05:00,1.17774,1.178245,1.177275,1.17816,-1.0,-1.0,-1
2025-12-26 08:00:00-05:00,1.17816,1.179685,1.17816,1.17914,-1.0,-1.0,-1
2025-12-26 09:00:00-05:00,1.17914,1.17945,1.17811,1.17838,-1.0,-1.0,-1
2025-12-26 10:00:00-05:00,1.17838,1.179255,1.17715,1.17772,-1.0,-1.0,-1
2025-12-26 11:00:00-05:00,1.17772,1.177965,1.176225,1.17652,-1.0,-1.0,-1
2025-12-26 12:00:00-05:00,1.17652,1.17704,1.176145,1.177015,-1.0,-1.0,-1
2025-12-26 13:00:00-05:00,1.177015,1.177375,1.176915,1.177185,-1.0,-1.0,-1
2025-12-26 14:00:00-05:00,1.177185,1.17766,1.176915,1.17766,-1.0,-1.0,-1
2025-12-26 15:00:00-05:00,1.17766,1.17817,1.17724,1.17751,-1.0,-1.0,-1
2025-12-26 16:00:00-05:00,1.17751,1.17767,1.176585,1.17724,-1.0,-1.0,-1
2025-12-28 17:15:00-05:00,1.17705,1.177375,1.176935,1.17709,-1.0,-1.0,-1
2025-12-28 18:00:00-05:00,1.17709,1.1778,1.17709,1.177235,-1.0,-1.0,-1
2025-12-28 19:00:00-05:00,1.177235,1.17841,1.17717,1.17797,-1.0,-1.0,-1
2025-12-28 20:00:00-05:00,1.17797,1.17863,1.17787,1.178415,-1.0,-1.0,-1
2025-12-28 21:00:00-05:00,1.178415,1.17853,1.17756,1.177585,-1.0,-1.0,-1
2025-12-28 22:00:00-05:00,1.177585,1.1776,1.177125,1.177355,-1.0,-1.0,-1
2025-12-28 23:00:00-05:00,1.177355,1.177355,1.176395,1.176435,-1.0,-1.0,-1
2025-12-29 00:00:00-05:00,1.176435,1.176435,1.175385,1.17561,-1.0,-1.0,-1
2025-12-29 01:00:00-05:00,1.17561,1.176965,1.17543,1.17696,-1.0,-1.0,-1
2025-12-29 02:00:00-05:00,1.17696,1.177925,1.17654,1.17772,-1.0,-1.0,-1
2025-12-29 03:00:00-05:00,1.17772,1.178885,1.177115,1.17841,-1.0,-1.0,-1
2025-12-29 04:00:00-05:00,1.17841,1.178915,1.177175,1.17763,-1.0,-1.0,-1
2025-12-29 05:00:00-05:00,1.17763,1.17802,1.17653,1.17658,-1.0,-1.0,-1
2025-12-29 06:00:00-05:00,1.17658,1.177125,1.17578,1.17659,-1.0,-1.0,-1
2025-12-29 07:00:00-05:00,1.17659,1.17693,1.175555,1.176185,-1.0,-1.0,-1
2025-12-29 08:00:00-05:00,1.176185,1.177385,1.176045,1.176985,-1.0,-1.0,-1
2025-12-29 09:00:00-05:00,1.176985,1.178885,1.17671,1.178305,-1.0,-1.0,-1
2025-12-29 10:00:00-05:00,1.178305,1.17864,1.176645,1.176775,-1.0,-1.0,-1
2025-12-29 11:00:00-05:00,1.176775,1.176795,1.17526,1.1756,-1.0,-1.0,-1
2025-12-29 12:00:00-05:00,1.1756,1.175685,1.17494,1.17521,-1.0,-1.0,-1
2025-12-29 13:00:00-05:00,1.17521,1.1759,1.175065,1.17574,-1.0,-1.0,-1
2025-12-29 14:00:00-05:00,1.17574,1.17683,1.175695,1.17674,-1.0,-1.0,-1
2025-12-29 15:00:00-05:00,1.17674,1.17705,1.17644,1.17705,-1.0,-1.0,-1
2025-12-29 16:00:00-05:00,1.17705,1.17748,1.177025,1.17728,-1.0,-1.0,-1
2025-12-29 17:15:00-05:00,1.177,1.177285,1.17663,1.1768,-1.0,-1.0,-1
2025-12-29 18:00:00-05:00,1.1768,1.177475,1.176745,1.177245,-1.0,-1.0,-1
2025-12-29 19:00:00-05:00,1.177245,1.17752,1.177175,1.177305,-1.0,-1.0,-1
2025-12-29 20:00:00-05:00,1.177305,1.17752,1.176975,1.177505,-1.0,-1.0,-1
2025-12-29 21:00:00-05:00,1.177505,1.177635,1.177165,1.17733,-1.0,-1.0,-1
2025-12-29 22:00:00-05:00,1.17733,1.177595,1.177065,1.177245,-1.0,-1.0,-1
2025-12-29 23:00:00-05:00,1.177245,1.177795,1.17718,1.17771,-1.0,-1.0,-1
2025-12-30 00:00:00-05:00,1.17771,1.177905,1.1773,1.177535,-1.0,-1.0,-1
2025-12-30 01:00:00-05:00,1.177535,1.17798,1.1774,1.17787,-1.0,-1.0,-1
2025-12-30 02:00:00-05:00,1.17787,1.17788,1.176625,1.17704,-1.0,-1.0,-1
2025-12-30 03:00:00-05:00,1.17704,1.177535,1.176605,1.17672,-1.0,-1.0,-1
2025-12-30 04:00:00-05:00,1.17672,1.177795,1.176435,1.176885,-1.0,-1.0,-1
2025-12-30 05:00:00-05:00,1.176885,1.177745,1.176875,1.17738,-1.0,-1.0,-1
2025-12-30 06:00:00-05:00,1.17738,1.177675,1.176615,1.176675,-1.0,-1.0,-1
2025-12-30 07:00:00-05:00,1.176675,1.176795,1.176075,1.176175,-1.0,-1.0,-1
2025-12-30 08:00:00-05:00,1.176175,1.176795,1.175545,1.176345,-1.0,-1.0,-1
2025-12-30 09:00:00-05:00,1.176345,1.17642,1.175645,1.176335,-1.0,-1.0,-1
2025-12-30 10:00:00-05:00,1.176335,1.17663,1.174535,1.175985,-1.0,-1.0,-1
2025-12-30 11:00:00-05:00,1.175985,1.17666,1.175435,1.17649,-1.0,-1.0,-1
2025-12-30 12:00:00-05:00,1.17649,1.176665,1.175515,1.1756,-1.0,-1.0,-1
2025-12-30 13:00:00-05:00,1.1756,1.175945,1.17483,1.175005,-1.0,-1.0,-1
2025-12-30 14:00:00-05:00,1.175005,1.1753,1.174515,1.174675,-1.0,-1.0,-1
2025-12-30 15:00:00-05:00,1.174675,1.175025,1.174335,1.174385,-1.0,-1.0,-1
2025-12-30 16:00:00-05:00,1.174385,1.17488,1.174385,1.174805,-1.0,-1.0,-1
2025-12-30 17:15:00-05:00,1.174825,1.174835,1.17456,1.174615,-1.0,-1.0,-1
2025-12-30 18:00:00-05:00,1.174615,1.17492,1.17453,1.17456,-1.0,-1.0,-1
2025-12-30 19:00:00-05:00,1.17456,1.17478,1.17444,1.17472,-1.0,-1.0,-1
2025-12-30 20:00:00-05:00,1.17472,1.174905,1.174175,1.174245,-1.0,-1.0,-1
2025-12-30 21:00:00-05:00,1.174245,1.17425,1.173885,1.17402,-1.0,-1.0,-1
2025-12-30 22:00:00-05:00,1.17402,1.174365,1.17395,1.174265,-1.0,-1.0,-1
2025-12-30 23:00:00-05:00,1.174265,1.17428,1.17332,1.173445,-1.0,-1.0,-1
2025-12-31 00:00:00-05:00,1.173445,1.17394,1.17343,1.17385,-1.0,-1.0,-1
2025-12-31 01:00:00-05:00,1.17385,1.17396,1.17332,1.173745,-1.0,-1.0,-1
2025-12-31 02:00:00-05:00,1.173745,1.17388,1.17298,1.1737,-1.0,-1.0,-1
2025-12-31 03:00:00-05:00,1.1737,1.173985,1.172005,1.1723,-1.0,-1.0,-1
2025-12-31 04:00:00-05:00,1.1723,1.17389,1.17201,1.173505,-1.0,-1.0,-1
2025-12-31 05:00:00-05:00,1.173505,1.17437,1.172875,1.173915,-1.0,-1.0,-1
2025-12-31 06:00:00-05:00,1.173915,1.174785,1.17364,1.17473,-1.0,-1.0,-1
2025-12-31 07:00:00-05:00,1.17473,1.17595,1.17473,1.17552,-1.0,-1.0,-1
2025-12-31 08:00:00-05:00,1.17552,1.175945,1.174155,1.1742,-1.0,-1.0,-1
2025-12-31 09:00:00-05:00,1.1742,1.17426,1.172735,1.17303,-1.0,-1.0,-1
2025-12-31 10:00:00-05:00,1.17303,1.17462,1.17202,1.174415,-1.0,-1.0,-1
2025-12-31 11:00:00-05:00,1.174415,1.174895,1.17288,1.17349,-1.0,-1.0,-1
2025-12-31 12:00:00-05:00,1.17349,1.173915,1.173145,1.173605,-1.0,-1.0,-1
2025-12-31 13:00:00-05:00,1.173605,1.17389,1.173035,1.173595,-1.0,-1.0,-1
2025-12-31 14:00:00-05:00,1.173595,1.17432,1.173595,1.174075,-1.0,-1.0,-1
2025-12-31 15:00:00-05:00,1.174075,1.17408,1.17406,1.17406,-1.0,-1.0,-1
2025-12-31 16:00:00-05:00,1.17406,1.174065,1.17406,1.17406,-1.0,-1.0,-1
2026-01-01 19:00:00-05:00,1.17509,1.17564,1.175,1.175625,-1.0,-1.0,-1
2026-01-01 20:00:00-05:00,1.175625,1.176285,1.17562,1.176095,-1.0,-1.0,-1
2026-01-01 21:00:00-05:00,1.176095,1.176385,1.175825,1.17593,-1.0,-1.0,-1
2026-01-01 22:00:00-05:00,1.17593,1.17649,1.17593,1.17644,-1.0,-1.0,-1
2026-01-01 23:00:00-05:00,1.17644,1.17648,1.17552,1.17557,-1.0,-1.0,-1
2026-01-02 00:00:00-05:00,1.17557,1.175785,1.17508,1.17513,-1.0,-1.0,-1
2026-01-02 01:00:00-05:00,1.17513,1.175145,1.174165,1.174385,-1.0,-1.0,-1
2026-01-02 02:00:00-05:00,1.174385,1.17471,1.17323,1.173485,-1.0,-1.0,-1
2026-01-02 03:00:00-05:00,1.173485,1.173845,1.172395,1.172875,-1.0,-1.0,-1
2026-01-02 04:00:00-05:00,1.172875,1.17375,1.172075,1.17215,-1.0,-1.0,-1
2026-01-02 05:00:00-05:00,1.17215,1.17236,1.171335,1.172115,-1.0,-1.0,-1
2026-01-02 06:00:00-05:00,1.172115,1.17225,1.171535,1.172195,-1.0,-1.0,-1
2026-01-02 07:00:00-05:00,1.172195,1.172725,1.17207,1.17236,-1.0,-1.0,-1
2026-01-02 08:00:00-05:00,1.17236,1.172895,1.171825,1.172165,-1.0,-1.0,-1
2026-01-02 09:00:00-05:00,1.172165,1.173065,1.17158,1.172865,-1.0,-1.0,-1
2026-01-02 10:00:00-05:00,1.172865,1.17523,1.172835,1.17508,-1.0,-1.0,-1
2026-01-02 11:00:00-05:00,1.17508,1.17546,1.17342,1.17374,-1.0,-1.0,-1
2026-01-02 12:00:00-05:00,1.17374,1.173765,1.17286,1.173075,-1.0,-1.0,-1
2026-01-02 13:00:00-05:00,1.173075,1.17313,1.171535,1.17191,-1.0,-1.0,-1
2026-01-02 14:00:00-05:00,1.17191,1.17244,1.171435,1.172325,-1.0,-1.0,-1
2026-01-02 15:00:00-05:00,1.172325,1.172375,1.17153,1.17176,-1.0,-1.0,-1
2026-01-02 16:00:00-05:00,1.17176,1.17233,1.171735,1.17202,-1.0,-1.0,-1
2026-01-04 17:15:00-05:00,1.172425,1.17248,1.17106,1.171155,-1.0,-1.0,-1
2026-01-04 18:00:00-05:00,1.171155,1.1713,1.17003,1.170525,-1.0,-1.0,-1
2026-01-04 19:00:00-05:00,1.170525,1.171115,1.170355,1.170505,-1.0,-1.0,-1
2026-01-04 20:00:00-05:00,1.170505,1.17074,1.169965,1.170035,-1.0,-1.0,-1
2026-01-04 21:00:00-05:00,1.170035,1.17016,1.16841,1.16887,-1.0,-1.0,-1
2026-01-04 22:00:00-05:00,1.16887,1.169095,1.16723,1.16753,-1.0,-1.0,-1
2026-01-04 23:00:00-05:00,1.16753,1.16831,1.16733,1.1682,-1.0,-1.0,-1
2026-01-05 00:00:00-05:00,1.1682,1.16861,1.16805,1.168545,-1.0,-1.0,-1
2026-01-05 01:00:00-05:00,1.168545,1.16919,1.16783,1.16911,-1.0,-1.0,-1
2026-01-05 02:00:00-05:00,1.16911,1.169215,1.16835,1.16863,-1.0,-1.0,-1
2026-01-05 03:00:00-05:00,1.16863,1.169505,1.168095,1.16834,-1.0,-1.0,-1
2026-01-05 04:00:00-05:00,1.16834,1.16875,1.167385,1.168245,-1.0,-1.0,-1
2026-01-05 05:00:00-05:00,1.168245,1.16902,1.16798,1.169,-1.0,-1.0,-1
2026-01-05 06:00:00-05:00,1.169,1.1691,1.168025,1.168155,-1.0,-1.0,-1
2026-01-05 07:00:00-05:00,1.168155,1.168515,1.167005,1.16709,-1.0,-1.0,-1
2026-01-05 08:00:00-05:00,1.16709,1.16753,1.16592,1.167455,-1.0,-1.0,-1
2026-01-05 09:00:00-05:00,1.167455,1.16875,1.16733,1.16856,-1.0,-1.0,-1
2026-01-05 10:00:00-05:00,1.16856,1.170465,1.168535,1.170465,-1.0,-1.0,-1
2026-01-05 11:00:00-05:00,1.170465,1.17187,1.17042,1.17148,-1.0,-1.0,-1
2026-01-05 12:00:00-05:00,1.17148,1.17199,1.17101,1.17145,-1.0,-1.0,-1
2026-01-05 13:00:00-05:00,1.17145,1.172555,1.17134,1.172515,-1.0,-1.0,-1
2026-01-05 14:00:00-05:00,1.172515,1.17289,1.17222,1.172725,-1.0,-1.0,-1
2026-01-05 15:00:00-05:00,1.172725,1.17288,1.172375,1.17249,-1.0,-1.0,-1
2026-01-05 16:00:00-05:00,1.17249,1.172645,1.171955,1.172175,-1.0,-1.0,-1
2026-01-05 17:15:00-05:00,1.17223,1.17224,1.17191,1.171925,-1.0,-1.0,-1
2026-01-05 18:00:00-05:00,1.171925,1.17219,1.17129,1.17146,-1.0,-1.0,-1
2026-01-05 19:00:00-05:00,1.17146,1.171705,1.17107,1.171685,-1.0,-1.0,-1
2026-01-05 20:00:00-05:00,1.171685,1.172535,1.17122,1.172535,-1.0,-1.0,-1
2026-01-05 21:00:00-05:00,1.172535,1.17379,1.172225,1.17374,-1.0,-1.0,-1
2026-01-05 22:00:00-05:00,1.17374,1.17383,1.17325,1.17347,-1.0,-1.0,-1
2026-01-05 23:00:00-05:00,1.17347,1.17357,1.17316,1.173375,-1.0,-1.0,-1
2026-01-06 00:00:00-05:00,1.173375,1.173705,1.17273,1.172885,-1.0,-1.0,-1
2026-01-06 01:00:00-05:00,1.172885,1.173725,1.17288,1.17362,-1.0,-1.0,-1
2026-01-06 02:00:00-05:00,1.17362,1.17429,1.1726,1.17291,-1.0,-1.0,-1
2026-01-06 03:00:00-05:00,1.17291,1.1739,1.1726,1.172855,-1.0,-1.0,-1
2026-01-06 04:00:00-05:00,1.172855,1.172895,1.170805,1.171325,-1.0,-1.0,-1
2026-01-06 05:00:00-05:00,1.171325,1.17173,1.17083,1.171285,-1.0,-1.0,-1
2026-01-06 06:00:00-05:00,1.171285,1.17131,1.17049,1.17062,-1.0,-1.0,-1
2026-01-06 07:00:00-05:00,1.17062,1.17123,1.169725,1.170145,-1.0,-1.0,-1
2026-01-06 08:00:00-05:00,1.170145,1.171365,1.16973,1.17111,-1.0,-1.0,-1
2026-01-06 09:00:00-05:00,1.17111,1.17177,1.16992,1.170915,-1.0,-1.0,-1
2026-01-06 10:00:00-05:00,1.170915,1.170915,1.1684,1.169535,-1.0,-1.0,-1
2026-01-06 11:00:00-05:00,1.169535,1.169835,1.168585,1.168825,-1.0,-1.0,-1
2026-01-06 12:00:00-05:00,1.168825,1.170075,1.168705,1.17007,-1.0,-1.0,-1
2026-01-06 13:00:00-05:00,1.17007,1.17023,1.16869,1.168835,-1.0,-1.0,-1
2026-01-06 14:00:00-05:00,1.168835,1.169105,1.16839,1.168975,-1.0,-1.0,-1
2026-01-06 15:00:00-05:00,1.168975,1.16932,1.168665,1.168695,-1.0,-1.0,-1
2026-01-06 16:00:00-05:00,1.168695,1.168895,1.16846,1.16887,-1.0,-1.0,-1
2026-01-06 17:15:00-05:00,1.16865,1.168845,1.168635,1.168845,-1.0,-1.0,-1
2026-01-06 18:00:00-05:00,1.168845,1.16906,1.16868,1.16872,-1.0,-1.0,-1
2026-01-06 19:00:00-05:00,1.16872,1.169425,1.168545,1.16917,-1.0,-1.0,-1
2026-01-06 20:00:00-05:00,1.16917,1.170065,1.168985,1.169575,-1.0,-1.0,-1
2026-01-06 21:00:00-05:00,1.169575,1.170265,1.16953,1.169625,-1.0,-1.0,-1
2026-01-06 22:00:00-05:00,1.169625,1.170025,1.1696,1.169865,-1.0,-1.0,-1
2026-01-06 23:00:00-05:00,1.169865,1.17021,1.16911,1.169115,-1.0,-1.0,-1
2026-01-07 00:00:00-05:00,1.169115,1.169435,1.169095,1.16931,-1.0,-1.0,-1
2026-01-07 01:00:00-05:00,1.16931,1.169965,1.16921,1.169765,-1.0,-1.0,-1
2026-01-07 02:00:00-05:00,1.169765,1.16989,1.167875,1.168275,-1.0,-1.0,-1
2026-01-07 03:00:00-05:00,1.168275,1.16875,1.167275,1.16858,-1.0,-1.0,-1
2026-01-07 04:00:00-05:00,1.16858,1.168695,1.168125,1.168435,-1.0,-1.0,-1
2026-01-07 05:00:00-05:00,1.168435,1.169385,1.168345,1.168845,-1.0,-1.0,-1
2026-01-07 06:00:00-05:00,1.168845,1.16925,1.16851,1.16893,-1.0,-1.0,-1
2026-01-07 07:00:00-05:00,1.16893,1.16913,1.168115,1.168785,-1.0,-1.0,-1
2026-01-07 08:00:00-05:00,1.168785,1.169475,1.168245,1.16916,-1.0,-1.0,-1
2026-01-07 09:00:00-05:00,1.16916,1.16984,1.16871,1.169725,-1.0,-1.0,-1
2026-01-07 10:00:00-05:00,1.169725,1.16987,1.167995,1.169025,-1.0,-1.0,-1
2026-01-07 11:00:00-05:00,1.169025,1.16932,1.168225,1.16893,-1.0,-1.0,-1
2026-01-07 12:00:00-05:00,1.16893,1.16948,1.16862,1.1688,-1.0,-1.0,-1
2026-01-07 13:00:00-05:00,1.1688,1.169045,1.16824,1.168315,-1.0,-1.0,-1
2026-01-07 14:00:00-05:00,1.168315,1.16853,1.16788,1.168235,-1.0,-1.0,-1
2026-01-07 15:00:00-05:00,1.168235,1.16839,1.16789,1.167895,-1.0,-1.0,-1
2026-01-07 16:00:00-05:00,1.167895,1.167925,1.167355,1.16742,-1.0,-1.0,-1
2026-01-07 17:15:00-05:00,1.1676,1.16779,1.16748,1.16775,-1.0,-1.0,-1
2026-01-07 18:00:00-05:00,1.16775,1.16778,1.167515,1.16767,-1.0,-1.0,-1
2026-01-07 19:00:00-05:00,1.16767,1.1678,1.16757,1.16757,-1.0,-1.0,-1
2026-01-07 20:00:00-05:00,1.16757,1.1678,1.16729,1.16748,-1.0,-1.0,-1
2026-01-07 21:00:00-05:00,1.16748,1.168075,1.16726,1.16803,-1.0,-1.0,-1
2026-01-07 22:00:00-05:00,1.16803,1.168275,1.16789,1.168005,-1.0,-1.0,-1
2026-01-07 23:00:00-05:00,1.168005,1.16811,1.167795,1.168045,-1.0,-1.0,-1
2026-01-08 00:00:00-05:00,1.168045,1.168295,1.16775,1.16824,-1.0,-1.0,-1
2026-01-08 01:00:00-05:00,1.16824,1.1683,1.167485,1.168155,-1.0,-1.0,-1
2026-01-08 02:00:00-05:00,1.168155,1.168295,1.167705,1.16779,-1.0,-1.0,-1
2026-01-08 03:00:00-05:00,1.16779,1.167885,1.16691,1.167115,-1.0,-1.0,-1
2026-01-08 04:00:00-05:00,1.167115,1.167705,1.16694,1.16768,-1.0,-1.0,-1
2026-01-08 05:00:00-05:00,1.16768,1.168205,1.16757,1.167985,-1.0,-1.0,-1
2026-01-08 06:00:00-05:00,1.167985,1.168045,1.167525,1.167755,-1.0,-1.0,-1
2026-01-08 07:00:00-05:00,1.167755,1.16779,1.166995,1.167335,-1.0,-1.0,-1
2026-01-08 08:00:00-05:00,1.167335,1.16779,1.16583,1.166285,-1.0,-1.0,-1
2026-01-08 09:00:00-05:00,1.166285,1.166665,1.165615,1.16647,-1.0,-1.0,-1
2026-01-08 10:00:00-05:00,1.16647,1.16738,1.16607,1.16665,-1.0,-1.0,-1
2026-01-08 11:00:00-05:00,1.16665,1.166755,1.165245,1.165445,-1.0,-1.0,-1
2026-01-08 12:00:00-05:00,1.165445,1.165565,1.164365,1.16507,-1.0,-1.0,-1
2026-01-08 13:00:00-05:00,1.16507,1.16533,1.16447,1.164515,-1.0,-1.0,-1
2026-01-08 14:00:00-05:00,1.164515,1.165075,1.164265,1.16501,-1.0,-1.0,-1
2026-01-08 15:00:00-05:00,1.16501,1.165465,1.16498,1.165125,-1.0,-1.0,-1
2026-01-08 16:00:00-05:00,1.165125,1.16627,1.16507,1.165975,-1.0,-1.0,-1
2026-01-08 17:15:00-05:00,1.166,1.166,1.165765,1.16586,-1.0,-1.0,-1
2026-01-08 18:00:00-05:00,1.16586,1.16623,1.16566,1.165815,-1.0,-1.0,-1
2026-01-08 19:00:00-05:00,1.165815,1.165815,1.165355,1.165365,-1.0,-1.0,-1
2026-01-08 20:00:00-05:00,1.165365,1.165725,1.164835,1.16492,-1.0,-1.0,-1
2026-01-08 21:00:00-05:00,1.16492,1.16547,1.16461,1.16543,-1.0,-1.0,-1
2026-01-08 22:00:00-05:00,1.16543,1.16592,1.165375,1.16562,-1.0,-1.0,-1
2026-01-08 23:00:00-05:00,1.16562,1.1657,1.1652,1.165435,-1.0,-1.0,-1
2026-01-09 00:00:00-05:00,1.165435,1.16563,1.165005,1.16512,-1.0,-1.0,-1
2026-01-09 01:00:00-05:00,1.16512,1.16528,1.16484,1.164895,-1.0,-1.0,-1
2026-01-09 02:00:00-05:00,1.164895,1.165085,1.164005,1.16508,-1.0,-1.0,-1
2026-01-09 03:00:00-05:00,1.16508,1.16531,1.164125,1.164915,-1.0,-1.0,-1
2026-01-09 04:00:00-05:00,1.164915,1.16503,1.164235,1.164245,-1.0,-1.0,-1
2026-01-09 05:00:00-05:00,1.164245,1.164685,1.16369,1.16468,-1.0,-1.0,-1
2026-01-09 06:00:00-05:00,1.16468,1.164705,1.16417,1.164605,-1.0,-1.0,-1
2026-01-09 07:00:00-05:00,1.164605,1.164625,1.16398,1.164145,-1.0,-1.0,-1
2026-01-09 08:00:00-05:00,1.164145,1.166075,1.162575,1.164525,-1.0,-1.0,-1
2026-01-09 09:00:00-05:00,1.164525,1.165265,1.163005,1.16367,-1.0,-1.0,-1
2026-01-09 10:00:00-05:00,1.16367,1.1641,1.161825,1.164065,-1.0,-1.0,-1
2026-01-09 11:00:00-05:00,1.164065,1.16434,1.162835,1.16332,-1.0,-1.0,-1
2026-01-09 12:00:00-05:00,1.16332,1.163455,1.162765,1.16317,-1.0,-1.0,-1
2026-01-09 13:00:00-05:00,1.16317,1.163995,1.163095,1.1634,-1.0,-1.0,-1
2026-01-09 14:00:00-05:00,1.1634,1.16389,1.163315,1.163475,-1.0,-1.0,-1
2026-01-09 15:00:00-05:00,1.163475,1.163795,1.163405,1.16347,-1.0,-1.0,-1
2026-01-09 16:00:00-05:00,1.16347,1.163765,1.16297,1.163685,-1.0,-1.0,-1
2026-01-11 17:15:00-05:00,1.16325,1.16366,1.163125,1.163275,-1.0,-1.0,-1
2026-01-11 18:00:00-05:00,1.163275,1.163395,1.16232,1.16238,-1.0,-1.0,-1
2026-01-11 19:00:00-05:00,1.16238,1.166515,1.16217,1.16647,-1.0,-1.0,-1
2026-01-11 20:00:00-05:00,1.16647,1.16714,1.16556,1.1656,-1.0,-1.0,-1
2026-01-11 21:00:00-05:00,1.1656,1.16645,1.165395,1.16548,-1.0,-1.0,-1
2026-01-11 22:00:00-05:00,1.16548,1.165925,1.16548,1.16553,-1.0,-1.0,-1
2026-01-11 23:00:00-05:00,1.16553,1.16585,1.16531,1.16557,-1.0,-1.0,-1
2026-01-12 00:00:00-05:00,1.16557,1.167115,1.16557,1.16692,-1.0,-1.0,-1
2026-01-12 01:00:00-05:00,1.16692,1.167295,1.166415,1.166985,-1.0,-1.0,-1
2026-01-12 02:00:00-05:00,1.166985,1.168775,1.16686,1.16849,-1.0,-1.0,-1
2026-01-12 03:00:00-05:00,1.16849,1.16918,1.167595,1.168815,-1.0,-1.0,-1
2026-01-12 04:00:00-05:00,1.168815,1.16959,1.168125,1.168175,-1.0,-1.0,-1
2026-01-12 05:00:00-05:00,1.168175,1.168545,1.167595,1.168545,-1.0,-1.0,-1
2026-01-12 06:00:00-05:00,1.168545,1.168945,1.167565,1.167855,-1.0,-1.0,-1
2026-01-12 07:00:00-05:00,1.167855,1.16876,1.167705,1.168125,-1.0,-1.0,-1
2026-01-12 08:00:00-05:00,1.168125,1.169855,1.167785,1.169285,-1.0,-1.0,-1
2026-01-12 09:00:00-05:00,1.169285,1.16929,1.167405,1.167685,-1.0,-1.0,-1
2026-01-12 10:00:00-05:00,1.167685,1.168605,1.16728,1.16812,-1.0,-1.0,-1
2026-01-12 11:00:00-05:00,1.16812,1.16822,1.167135,1.16718,-1.0,-1.0,-1
2026-01-12 12:00:00-05:00,1.16718,1.167585,1.166615,1.166865,-1.0,-1.0,-1
2026-01-12 13:00:00-05:00,1.166865,1.16716,1.166525,1.16689,-1.0,-1.0,-1
2026-01-12 14:00:00-05:00,1.16689,1.167385,1.16678,1.167205,-1.0,-1.0,-1
2026-01-12 15:00:00-05:00,1.167205,1.167325,1.166305,1.16651,-1.0,-1.0,-1
2026-01-12 16:00:00-05:00,1.16651,1.16688,1.16643,1.166685,-1.0,-1.0,-1
2026-01-12 17:15:00-05:00,1.1669,1.166975,1.166715,1.16687,-1.0,-1.0,-1
2026-01-12 18:00:00-05:00,1.16687,1.167085,1.166545,1.16675,-1.0,-1.0,-1
2026-01-12 19:00:00-05:00,1.16675,1.166755,1.16608,1.166375,-1.0,-1.0,-1
2026-01-12 20:00:00-05:00,1.166375,1.16646,1.16562,1.165855,-1.0,-1.0,-1
2026-01-12 21:00:00-05:00,1.165855,1.166125,1.16569,1.165915,-1.0,-1.0,-1
2026-01-12 22:00:00-05:00,1.165915,1.16636,1.165655,1.16587,-1.0,-1.0,-1
2026-01-12 23:00:00-05:00,1.16587,1.16659,1.165855,1.166555,-1.0,-1.0,-1
2026-01-13 00:00:00-05:00,1.166555,1.16677,1.166175,1.166285,-1.0,-1.0,-1
2026-01-13 01:00:00-05:00,1.166285,1.1663,1.165395,1.16588,-1.0,-1.0,-1
2026-01-13 02:00:00-05:00,1.16588,1.166505,1.16559,1.166425,-1.0,-1.0,-1
2026-01-13 03:00:00-05:00,1.166425,1.166925,1.165865,1.166915,-1.0,-1.0,-1
2026-01-13 04:00:00-05:00,1.166915,1.167265,1.166355,1.1672,-1.0,-1.0,-1
2026-01-13 05:00:00-05:00,1.1672,1.167445,1.166505,1.166645,-1.0,-1.0,-1
2026-01-13 06:00:00-05:00,1.166645,1.167045,1.16647,1.16686,-1.0,-1.0,-1
2026-01-13 07:00:00-05:00,1.16686,1.166915,1.165305,1.165525,-1.0,-1.0,-1
2026-01-13 08:00:00-05:00,1.165525,1.1678,1.165015,1.166845,-1.0,-1.0,-1
2026-01-13 09:00:00-05:00,1.166845,1.16734,1.16574,1.16638,-1.0,-1.0,-1
2026-01-13 10:00:00-05:00,1.16638,1.16648,1.16442,1.1652,-1.0,-1.0,-1
2026-01-13 11:00:00-05:00,1.1652,1.16546,1.16342,1.16458,-1.0,-1.0,-1
2026-01-13 12:00:00-05:00,1.16458,1.16488,1.16413,1.164615,-1.0,-1.0,-1
2026-01-13 13:00:00-05:00,1.164615,1.16546,1.164155,1.165335,-1.0,-1.0,-1
2026-01-13 14:00:00-05:00,1.165335,1.165355,1.164625,1.164915,-1.0,-1.0,-1
2026-01-13 15:00:00-05:00,1.164915,1.164995,1.16452,1.16455,-1.0,-1.0,-1
2026-01-13 16:00:00-05:00,1.16455,1.164655,1.164255,1.16426,-1.0,-1.0,-1
2026-01-13 17:15:00-05:00,1.164485,1.16461,1.16421,1.164545,-1.0,-1.0,-1
2026-01-13 18:00:00-05:00,1.164545,1.164565,1.164205,1.164205,-1.0,-1.0,-1
2026-01-13 19:00:00-05:00,1.164205,1.16437,1.163805,1.164305,-1.0,-1.0,-1
2026-01-13 20:00:00-05:00,1.164305,1.164335,1.16368,1.163815,-1.0,-1.0,-1
2026-01-13 21:00:00-05:00,1.163815,1.16445,1.16362,1.16436,-1.0,-1.0,-1
2026-01-13 22:00:00-05:00,1.16436,1.164895,1.16436,1.1647,-1.0,-1.0,-1
2026-01-13 23:00:00-05:00,1.1647,1.16481,1.16436,1.16441,-1.0,-1.0,-1
2026-01-14 00:00:00-05:00,1.16441,1.16452,1.16417,1.164195,-1.0,-1.0,-1
2026-01-14 01:00:00-05:00,1.164195,1.165015,1.16414,1.164905,-1.0,-1.0,-1
2026-01-14 02:00:00-05:00,1.164905,1.165205,1.164445,1.164615,-1.0,-1.0,-1
2026-01-14 03:00:00-05:00,1.164615,1.165045,1.164105,1.164755,-1.0,-1.0,-1
2026-01-14 04:00:00-05:00,1.164755,1.165385,1.164605,1.165185,-1.0,-1.0,-1
2026-01-14 05:00:00-05:00,1.165185,1.16578,1.16468,1.165515,-1.0,-1.0,-1
2026-01-14 06:00:00-05:00,1.165515,1.165515,1.16438,1.1647,-1.0,-1.0,-1
2026-01-14 07:00:00-05:00,1.1647,1.16601,1.164505,1.165985,-1.0,-1.0,-1
2026-01-14 08:00:00-05:00,1.165985,1.165995,1.1645,1.165005,-1.0,-1.0,-1
2026-01-14 09:00:00-05:00,1.165005,1.165985,1.16489,1.165595,-1.0,-1.0,-1
2026-01-14 10:00:00-05:00,1.165595,1.166065,1.164925,1.165985,-1.0,-1.0,-1
2026-01-14 11:00:00-05:00,1.165985,1.166165,1.16527,1.165455,-1.0,-1.0,-1
2026-01-14 12:00:00-05:00,1.165455,1.165585,1.16455,1.164675,-1.0,-1.0,-1
2026-01-14 13:00:00-05:00,1.164675,1.16478,1.163795,1.163795,-1.0,-1.0,-1
2026-01-14 14:00:00-05:00,1.163795,1.163935,1.163535,1.163625,-1.0,-1.0,-1
2026-01-14 15:00:00-05:00,1.163625,1.16474,1.163625,1.16432,-1.0,-1.0,-1
2026-01-14 16:00:00-05:00,1.16432,1.164635,1.164215,1.16443,-1.0,-1.0,-1
2026-01-14 17:15:00-05:00,1.1646,1.16472,1.16439,1.16439,-1.0,-1.0,-1
2026-01-14 18:00:00-05:00,1.16439,1.16472,1.16439,1.1645,-1.0,-1.0,-1
2026-01-14 19:00:00-05:00,1.1645,1.164555,1.16357,1.163765,-1.0,-1.0,-1
2026-01-14 20:00:00-05:00,1.163765,1.16418,1.16332,1.163875,-1.0,-1.0,-1
2026-01-14 21:00:00-05:00,1.163875,1.16409,1.163625,1.16402,-1.0,-1.0,-1
2026-01-14 22:00:00-05:00,1.16402,1.16416,1.1637,1.163885,-1.0,-1.0,-1
2026-01-14 23:00:00-05:00,1.163885,1.16394,1.16342,1.16346,-1.0,-1.0,-1
2026-01-15 00:00:00-05:00,1.16346,1.1638,1.163365,1.163525,-1.0,-1.0,-1
2026-01-15 01:00:00-05:00,1.163525,1.163845,1.163,1.163315,-1.0,-1.0,-1
2026-01-15 02:00:00-05:00,1.163315,1.163665,1.16261,1.162885,-1.0,-1.0,-1
2026-01-15 03:00:00-05:00,1.162885,1.163545,1.1627,1.16308,-1.0,-1.0,-1
2026-01-15 04:00:00-05:00,1.16308,1.16399,1.163035,1.16358,-1.0,-1.0,-1
2026-01-15 05:00:00-05:00,1.16358,1.164105,1.16329,1.163575,-1.0,-1.0,-1
2026-01-15 06:00:00-05:00,1.163575,1.163795,1.163025,1.163095,-1.0,-1.0,-1
2026-01-15 07:00:00-05:00,1.163095,1.163505,1.162035,1.16227,-1.0,-1.0,-1
2026-01-15 08:00:00-05:00,1.16227,1.16252,1.15989,1.16015,-1.0,-1.0,-1
2026-01-15 09:00:00-05:00,1.16015,1.16109,1.159315,1.16011,-1.0,-1.0,-1
2026-01-15 10:00:00-05:00,1.16011,1.16095,1.159715,1.16024,-1.0,-1.0,-1
2026-01-15 11:00:00-05:00,1.16024,1.161115,1.159825,1.16047,-1.0,-1.0,-1
2026-01-15 12:00:00-05:00,1.16047,1.16138,1.160365,1.160895,-1.0,-1.0,-1
2026-01-15 13:00:00-05:00,1.160895,1.16152,1.160895,1.16148,-1.0,-1.0,-1
2026-01-15 14:00:00-05:00,1.16148,1.161745,1.161125,1.16138,-1.0,-1.0,-1
2026-01-15 15:00:00-05:00,1.16138,1.16156,1.160285,1.160435,-1.0,-1.0,-1
2026-01-15 16:00:00-05:00,1.160435,1.161115,1.160335,1.160845,-1.0,-1.0,-1
2026-01-15 17:15:00-05:00,1.1609,1.160965,1.16072,1.16072,-1.0,-1.0,-1
2026-01-15 18:00:00-05:00,1.16072,1.16103,1.16072,1.16091,-1.0,-1.0,-1
2026-01-15 19:00:00-05:00,1.16091,1.160955,1.160275,1.16038,-1.0,-1.0,-1
2026-01-15 20:00:00-05:00,1.16038,1.160875,1.16024,1.16069,-1.0,-1.0,-1
2026-01-15 21:00:00-05:00,1.16069,1.161415,1.16062,1.160965,-1.0,-1.0,-1
2026-01-15 22:00:00-05:00,1.160965,1.16126,1.16069,1.161215,-1.0,-1.0,-1
2026-01-15 23:00:00-05:00,1.161215,1.16138,1.161025,1.161095,-1.0,-1.0,-1
2026-01-16 00:00:00-05:00,1.161095,1.161125,1.1606,1.16068,-1.0,-1.0,-1
2026-01-16 01:00:00-05:00,1.16068,1.16098,1.16043,1.16095,-1.0,-1.0,-1
2026-01-16 02:00:00-05:00,1.16095,1.161475,1.160805,1.16121,-1.0,-1.0,-1
2026-01-16 03:00:00-05:00,1.16121,1.161475,1.16085,1.160925,-1.0,-1.0,-1
2026-01-16 04:00:00-05:00,1.160925,1.161525,1.160815,1.16084,-1.0,-1.0,-1
2026-01-16 05:00:00-05:00,1.16084,1.161765,1.160815,1.161295,-1.0,-1.0,-1
2026-01-16 06:00:00-05:00,1.161295,1.16235,1.161285,1.16192,-1.0,-1.0,-1
2026-01-16 07:00:00-05:00,1.16192,1.16223,1.161365,1.161915,-1.0,-1.0,-1
2026-01-16 08:00:00-05:00,1.161915,1.16212,1.161165,1.161865,-1.0,-1.0,-1
2026-01-16 09:00:00-05:00,1.161865,1.16208,1.161255,1.161825,-1.0,-1.0,-1
2026-01-16 10:00:00-05:00,1.161825,1.162745,1.158445,1.159345,-1.0,-1.0,-1
2026-01-16 11:00:00-05:00,1.159345,1.16059,1.159345,1.159825,-1.0,-1.0,-1
2026-01-16 12:00:00-05:00,1.159825,1.16029,1.159495,1.159565,-1.0,-1.0,-1
2026-01-16 13:00:00-05:00,1.159565,1.159935,1.15894,1.15956,-1.0,-1.0,-1
2026-01-16 14:00:00-05:00,1.15956,1.159745,1.159155,1.15963,-1.0,-1.0,-1
2026-01-16 15:00:00-05:00,1.15963,1.16024,1.15955,1.15994,-1.0,-1.0,-1
2026-01-16 16:00:00-05:00,1.15994,1.160235,1.159745,1.15977,-1.0,-1.0,-1
2026-01-18 17:15:00-05:00,1.15815,1.158705,1.15788,1.15849,-1.0,-1.0,-1
2026-01-18 18:00:00-05:00,1.15849,1.16272,1.157935,1.162445,-1.0,-1.0,-1
2026-01-18 19:00:00-05:00,1.162445,1.16379,1.160475,1.163205,-1.0,-1.0,-1
2026-01-18 20:00:00-05:00,1.163205,1.163465,1.162205,1.162265,-1.0,-1.0,-1
2026-01-18 21:00:00-05:00,1.162265,1.16239,1.16158,1.161765,-1.0,-1.0,-1
2026-01-18 22:00:00-05:00,1.161765,1.16263,1.161615,1.16246,-1.0,-1.0,-1
2026-01-18 23:00:00-05:00,1.16246,1.16337,1.16245,1.163315,-1.0,-1.0,-1
2026-01-19 00:00:00-05:00,1.163315,1.163755,1.162695,1.16276,-1.0,-1.0,-1
2026-01-19 01:00:00-05:00,1.16276,1.163255,1.1625,1.162795,-1.0,-1.0,-1
2026-01-19 02:00:00-05:00,1.162795,1.164155,1.162305,1.16261,-1.0,-1.0,-1
2026-01-19 03:00:00-05:00,1.16261,1.162795,1.16185,1.162515,-1.0,-1.0,-1
2026-01-19 04:00:00-05:00,1.162515,1.16298,1.16112,1.162445,-1.0,-1.0,-1
2026-01-19 05:00:00-05:00,1.162445,1.16286,1.162215,1.162405,-1.0,-1.0,-1
2026-01-19 06:00:00-05:00,1.162405,1.1629,1.162015,1.162785,-1.0,-1.0,-1
2026-01-19 07:00:00-05:00,1.162785,1.16334,1.16251,1.16257,-1.0,-1.0,-1
2026-01-19 08:00:00-05:00,1.16257,1.163555,1.16257,1.163175,-1.0,-1.0,-1
2026-01-19 09:00:00-05:00,1.163175,1.164265,1.163025,1.163985,-1.0,-1.0,-1
2026-01-19 10:00:00-05:00,1.163985,1.164355,1.163185,1.163995,-1.0,-1.0,-1
2026-01-19 11:00:00-05:00,1.163995,1.164735,1.163775,1.16419,-1.0,-1.0,-1
2026-01-19 12:00:00-05:00,1.16419,1.164665,1.163975,1.164595,-1.0,-1.0,-1
2026-01-19 13:00:00-05:00,1.164595,1.164885,1.164325,1.16433,-1.0,-1.0,-1
2026-01-19 14:00:00-05:00,1.16433,1.16469,1.164265,1.164325,-1.0,-1.0,-1
2026-01-19 15:00:00-05:00,1.164325,1.164545,1.164175,1.16454,-1.0,-1.0,-1
2026-01-19 16:00:00-05:00,1.16454,1.16465,1.164295,1.164585,-1.0,-1.0,-1
2026-01-19 17:15:00-05:00,1.164615,1.16474,1.164525,1.16453,-1.0,-1.0,-1
2026-01-19 18:00:00-05:00,1.16453,1.16465,1.163845,1.163945,-1.0,-1.0,-1
2026-01-19 19:00:00-05:00,1.163945,1.16411,1.163255,1.164035,-1.0,-1.0,-1
2026-01-19 20:00:00-05:00,1.164035,1.1644,1.163895,1.164375,-1.0,-1.0,-1
2026-01-19 21:00:00-05:00,1.164375,1.16465,1.164055,1.164445,-1.0,-1.0,-1
2026-01-19 22:00:00-05:00,1.164445,1.165875,1.164405,1.165665,-1.0,-1.0,-1
2026-01-19 23:00:00-05:00,1.165665,1.166665,1.16561,1.16656,-1.0,-1.0,-1
2026-01-20 00:00:00-05:00,1.16656,1.167255,1.166305,1.166335,-1.0,-1.0,-1
2026-01-20 01:00:00-05:00,1.166335,1.16692,1.166225,1.16687,-1.0,-1.0,-1
2026-01-20 02:00:00-05:00,1.16687,1.16938,1.16641,1.16888,-1.0,-1.0,-1
2026-01-20 03:00:00-05:00,1.16888,1.172185,1.16873,1.171635,-1.0,-1.0,-1
2026-01-20 04:00:00-05:00,1.171635,1.173295,1.17157,1.172625,-1.0,-1.0,-1
2026-01-20 05:00:00-05:00,1.172625,1.173225,1.171535,1.17311,-1.0,-1.0,-1
2026-01-20 06:00:00-05:00,1.17311,1.173895,1.172245,1.173495,-1.0,-1.0,-1
2026-01-20 07:00:00-05:00,1.173495,1.174375,1.172575,1.1726,-1.0,-1.0,-1
2026-01-20 08:00:00-05:00,1.1726,1.17691,1.171835,1.173355,-1.0,-1.0,-1
2026-01-20 09:00:00-05:00,1.173355,1.17371,1.17153,1.171935,-1.0,-1.0,-1
2026-01-20 10:00:00-05:00,1.171935,1.173725,1.17163,1.17271,-1.0,-1.0,-1
2026-01-20 11:00:00-05:00,1.17271,1.17394,1.172705,1.173895,-1.0,-1.0,-1
2026-01-20 12:00:00-05:00,1.173895,1.17428,1.17298,1.17315,-1.0,-1.0,-1
2026-01-20 13:00:00-05:00,1.17315,1.17342,1.17264,1.172675,-1.0,-1.0,-1
2026-01-20 14:00:00-05:00,1.172675,1.1728,1.17114,1.171225,-1.0,-1.0,-1
2026-01-20 15:00:00-05:00,1.171225,1.172045,1.17108,1.171945,-1.0,-1.0,-1
2026-01-20 16:00:00-05:00,1.171945,1.172705,1.171745,1.17248,-1.0,-1.0,-1
2026-01-20 17:15:00-05:00,1.172275,1.172575,1.172065,1.17222,-1.0,-1.0,-1
2026-01-20 18:00:00-05:00,1.17222,1.1729,1.172175,1.172715,-1.0,-1.0,-1
2026-01-20 19:00:00-05:00,1.172715,1.172715,1.171665,1.172375,-1.0,-1.0,-1
2026-01-20 20:00:00-05:00,1.172375,1.17343,1.172265,1.17291,-1.0,-1.0,-1
2026-01-20 21:00:00-05:00,1.17291,1.17318,1.172435,1.172645,-1.0,-1.0,-1
2026-01-20 22:00:00-05:00,1.172645,1.172905,1.171075,1.17189,-1.0,-1.0,-1
2026-01-20 23:00:00-05:00,1.17189,1.17205,1.17141,1.171825,-1.0,-1.0,-1
2026-01-21 00:00:00-05:00,1.171825,1.172165,1.17157,1.17174,-1.0,-1.0,-1
2026-01-21 01:00:00-05:00,1.17174,1.17251,1.17155,1.172385,-1.0,-1.0,-1
2026-01-21 02:00:00-05:00,1.172385,1.172545,1.17101,1.171715,-1.0,-1.0,-1
2026-01-21 03:00:00-05:00,1.171715,1.171875,1.170505,1.17104,-1.0,-1.0,-1
2026-01-21 04:00:00-05:00,1.17104,1.17128,1.17013,1.170355,-1.0,-1.0,-1
2026-01-21 05:00:00-05:00,1.170355,1.17086,1.170145,1.170705,-1.0,-1.0,-1
2026-01-21 06:00:00-05:00,1.170705,1.17205,1.170395,1.171415,-1.0,-1.0,-1
2026-01-21 07:00:00-05:00,1.171415,1.173585,1.171215,1.173485,-1.0,-1.0,-1
2026-01-21 08:00:00-05:00,1.173485,1.17431,1.172875,1.17396,-1.0,-1.0,-1
2026-01-21 09:00:00-05:00,1.17396,1.174085,1.17153,1.172485,-1.0,-1.0,-1
2026-01-21 10:00:00-05:00,1.172485,1.17286,1.170065,1.170205,-1.0,-1.0,-1
2026-01-21 11:00:00-05:00,1.170205,1.171075,1.16947,1.17033,-1.0,-1.0,-1
2026-01-21 12:00:00-05:00,1.17033,1.17116,1.16971,1.17029,-1.0,-1.0,-1
2026-01-21 13:00:00-05:00,1.17029,1.170335,1.169365,1.169695,-1.0,-1.0,-1
2026-01-21 14:00:00-05:00,1.169695,1.17054,1.16771,1.169145,-1.0,-1.0,-1
2026-01-21 15:00:00-05:00,1.169145,1.1692,1.167625,1.16868,-1.0,-1.0,-1
2026-01-21 16:00:00-05:00,1.16868,1.16895,1.16832,1.168355,-1.0,-1.0,-1
2026-01-21 17:15:00-05:00,1.16844,1.16865,1.1684,1.168515,-1.0,-1.0,-1
2026-01-21 18:00:00-05:00,1.168515,1.16857,1.167,1.167295,-1.0,-1.0,-1
2026-01-21 19:00:00-05:00,1.167295,1.16899,1.16728,1.168735,-1.0,-1.0,-1
2026-01-21 20:00:00-05:00,1.168735,1.169025,1.168135,1.16889,-1.0,-1.0,-1
2026-01-21 21:00:00-05:00,1.16889,1.169365,1.16833,1.168575,-1.0,-1.0,-1
2026-01-21 22:00:00-05:00,1.168575,1.169035,1.1685,1.168905,-1.0,-1.0,-1
2026-01-21 23:00:00-05:00,1.168905,1.16973,1.168895,1.16916,-1.0,-1.0,-1
2026-01-22 00:00:00-05:00,1.16916,1.1692,1.168445,1.16884,-1.0,-1.0,-1
2026-01-22 01:00:00-05:00,1.16884,1.169195,1.168425,1.168865,-1.0,-1.0,-1
2026-01-22 02:00:00-05:00,1.168865,1.16961,1.168475,1.16905,-1.0,-1.0,-1
2026-01-22 03:00:00-05:00,1.16905,1.16951,1.16841,1.168895,-1.0,-1.0,-1
2026-01-22 04:00:00-05:00,1.168895,1.169745,1.168765,1.169255,-1.0,-1.0,-1
2026-01-22 05:00:00-05:00,1.169255,1.169565,1.16867,1.169535,-1.0,-1.0,-1
2026-01-22 06:00:00-05:00,1.169535,1.170425,1.16903,1.170225,-1.0,-1.0,-1
2026-01-22 07:00:00-05:00,1.170225,1.17092,1.170015,1.170385,-1.0,-1.0,-1
2026-01-22 08:00:00-05:00,1.170385,1.171875,1.170305,1.17139,-1.0,-1.0,-1
2026-01-22 09:00:00-05:00,1.17139,1.172565,1.171085,1.17199,-1.0,-1.0,-1
2026-01-22 10:00:00-05:00,1.17199,1.173415,1.171865,1.173405,-1.0,-1.0,-1
2026-01-22 11:00:00-05:00,1.173405,1.17508,1.17335,1.173875,-1.0,-1.0,-1
2026-01-22 12:00:00-05:00,1.173875,1.174795,1.172685,1.174655,-1.0,-1.0,-1
2026-01-22 13:00:00-05:00,1.174655,1.174875,1.174335,1.17476,-1.0,-1.0,-1
2026-01-22 14:00:00-05:00,1.17476,1.17481,1.174125,1.174405,-1.0,-1.0,-1
2026-01-22 15:00:00-05:00,1.174405,1.17529,1.17421,1.174885,-1.0,-1.0,-1
2026-01-22 16:00:00-05:00,1.174885,1.175655,1.174715,1.1755,-1.0,-1.0,-1
2026-01-22 17:15:00-05:00,1.17544,1.17566,1.17527,1.17559,-1.0,-1.0,-1
2026-01-22 18:00:00-05:00,1.17559,1.175945,1.17534,1.17539,-1.0,-1.0,-1
2026-01-22 19:00:00-05:00,1.17539,1.175395,1.174805,1.17481,-1.0,-1.0,-1
2026-01-22 20:00:00-05:00,1.17481,1.175375,1.174715,1.17494,-1.0,-1.0,-1
2026-01-22 21:00:00-05:00,1.17494,1.17501,1.17441,1.17455,-1.0,-1.0,-1
2026-01-22 22:00:00-05:00,1.17455,1.17488,1.174365,1.17437,-1.0,-1.0,-1
2026-01-22 23:00:00-05:00,1.17437,1.17511,1.174315,1.175,-1.0,-1.0,-1
2026-01-23 00:00:00-05:00,1.175,1.175405,1.174985,1.17511,-1.0,-1.0,-1
2026-01-23 01:00:00-05:00,1.17511,1.17531,1.174155,1.174215,-1.0,-1.0,-1
2026-01-23 02:00:00-05:00,1.174215,1.17475,1.173495,1.173615,-1.0,-1.0,-1
2026-01-23 03:00:00-05:00,1.173615,1.174525,1.172835,1.17401,-1.0,-1.0,-1
2026-01-23 04:00:00-05:00,1.17401,1.174525,1.17351,1.17354,-1.0,-1.0,-1
2026-01-23 05:00:00-05:00,1.17354,1.173605,1.17301,1.17346,-1.0,-1.0,-1
2026-01-23 06:00:00-05:00,1.17346,1.174055,1.173075,1.173745,-1.0,-1.0,-1
2026-01-23 07:00:00-05:00,1.173745,1.174435,1.17367,1.174235,-1.0,-1.0,-1
2026-01-23 08:00:00-05:00,1.174235,1.17473,1.173285,1.173415,-1.0,-1.0,-1
2026-01-23 09:00:00-05:00,1.173415,1.17482,1.173195,1.17466,-1.0,-1.0,-1
2026-01-23 10:00:00-05:00,1.17466,1.176145,1.174585,1.17581,-1.0,-1.0,-1
2026-01-23 11:00:00-05:00,1.17581,1.17753,1.17465,1.17707,-1.0,-1.0,-1
2026-01-23 12:00:00-05:00,1.17707,1.179885,1.17692,1.17944,-1.0,-1.0,-1
2026-01-23 13:00:00-05:00,1.17944,1.179555,1.177725,1.17921,-1.0,-1.0,-1
2026-01-23 14:00:00-05:00,1.17921,1.181505,1.17916,1.181175,-1.0,-1.0,-1
2026-01-23 15:00:00-05:00,1.181175,1.182655,1.181015,1.182125,-1.0,-1.0,-1
2026-01-23 16:00:00-05:00,1.182125,1.183375,1.182105,1.18215,-1.0,-1.0,-1
