Time,Open,High,Low,Close,volume,SMA_S,SMA_C,SMA_L,up_sma1,up_sma2,down_sma1,down_sma2,flat_sma1,flat_sma2,Ren_Value,Blue,Red,Increase,Yellow,Blue/Yellow,Red/Yellow,Frac_Value,Flag,EndTime_fr,HI_Value,BearWarning,BullWarning,OBV,VWAP,peak,crust,atr,buy_Frac,sell_Frac,neg_buy_Frac,neg_sell_Frac,hi_up,hi_down,returns,t_dir
2010-07-15 00:00:00+00:00,1.27141,1.29542,1.27125,1.29185,53782.0,1.406025,1.3622375,1.4217166666666667,0,0,0,1,0,1,1.29185,0,1,1,0,0,0,1.421775,0.0,2010-07-15 00:00:00+00:00,1.29542,False,True,-53782.0,1.29185,0,0,0.021391071428571422,0,0,0,0,0,0,-0.10343312628554245,0
2010-07-16 00:00:00+00:00,1.29182,1.30065,1.28893,1.2934,48255.0,1.37723,1.2926250000000001,1.40996875,0,0,0,1,0,1,1.29542,0,1,1,0,0,0,1.421775,0.0,2010-07-16 00:00:00+00:00,1.30065,False,False,-5527.0,1.2925830208649804,0,0,0.02162107142857144,0,0,0,0,0,0,0.0011991104811717238,1
2010-07-18 00:00:00+00:00,1.2922,1.2922,1.28852,1.28911,3251.0,1.348222,1.291255,1.3979716666666666,0,0,0,1,0,1,1.28911,0,1,1,0,0,0,1.27125,2.0,2010-07-18 00:00:00+00:00,1.2922,False,False,-8778.0,1.2924757836600562,0,0,0.0203482142857143,0,0,1,0,0,0,-0.0033223522434322277,0
2010-07-19 00:00:00+00:00,1.28908,1.29918,1.28701,1.29389,39261.0,1.320175,1.2915,1.3867562500000001,0,0,0,1,0,1,1.28911,0,1,1,0,0,0,1.27125,0.0,2010-07-19 00:00:00+00:00,1.29918,False,False,30483.0,1.2928598994112723,0,0,0.020144285714285726,0,0,0,0,0,0,0.0037011269504487643,1
2010-07-20 00:00:00+00:00,1.29386,1.3028,1.28385,1.29047,44142.0,1.291744,1.29218,1.3755120833333334,0,0,1,0,0,1,1.28911,0,1,1,0,0,0,1.27125,0.0,2010-07-20 00:00:00+00:00,1.29918,True,False,-13659.0,1.2923008110614709,0,0,0.021190714285714302,0,0,0,0,0,1,-0.0026466916346159276,0
2010-07-21 00:00:00+00:00,1.2905,1.29126,1.27322,1.27594,50691.0,1.2885620000000002,1.2832050000000002,1.36237375,0,0,0,1,0,1,1.27594,0,1,1,1,0,1,1.27125,0.0,2010-07-21 00:00:00+00:00,1.29126,False,False,-64350.0,1.2888362820930563,0,1,0.021713214285714315,0,0,0,0,0,0,-0.011323331229297599,0
2010-07-22 00:00:00+00:00,1.27597,1.29245,1.27369,1.2911,50341.0,1.2881019999999999,1.28352,1.35013625,0,0,0,1,0,1,1.2911,1,0,0,1,1,0,1.27125,0.0,2010-07-22 00:00:00+00:00,1.29245,False,False,-14009.0,1.289229615805442,0,0,0.02223535714285718,0,0,0,0,0,0,0.011811406325077626,1
2010-07-23 00:00:00+00:00,1.29112,1.29647,1.27931,1.28981,58343.0,1.2882419999999999,1.290455,1.3378204166666665,0,0,1,0,0,1,1.29245,1,0,0,0,0,0,1.27125,0.0,2010-07-23 00:00:00+00:00,1.29245,True,False,-72352.0,1.2893269000994065,0,0,0.02251821428571434,0,0,0,0,0,1,-0.0009996474944296988,0
2010-07-25 00:00:00+00:00,1.28975,1.29268,1.28526,1.29225,3351.0,1.287914,1.29103,1.3257266666666667,0,0,1,0,0,1,1.29245,1,0,0,0,0,0,1.27125,0.0,2010-07-25 00:00:00+00:00,1.29268,False,True,-69001.0,1.2893547738441795,0,0,0.02242678571428577,0,0,0,0,0,0,0.0018899643899055224,1
2010-07-26 00:00:00+00:00,1.29227,1.30049,1.28891,1.29816,45336.0,1.289452,1.295205,1.3143941666666665,0,0,1,0,0,1,1.29816,1,0,0,0,0,0,1.27125,0.0,2010-07-26 00:00:00+00:00,1.30049,False,False,-23665.0,1.290360925613669,0,0,0.02305571428571434,0,0,0,0,0,0,0.0045629921551326395,1
2010-07-27 00:00:00+00:00,1.29813,1.30457,1.29519,1.29878,51773.0,1.29402,1.29847,1.3031154166666667,0,0,1,0,0,1,1.29816,1,0,0,0,0,0,1.27125,0.0,2010-07-27 00:00:00+00:00,1.30049,False,False,28108.0,1.291332732684393,0,0,0.023300714285714324,0,0,0,0,0,0,0.0004774850491576584,1
2010-07-28 00:00:00+00:00,1.29876,1.30416,1.29652,1.29994,48897.0,1.2957880000000002,1.29936,1.2920583333333333,1,0,0,0,1,0,1.29816,1,0,0,0,0,0,1.27125,0.0,2010-07-28 00:00:00+00:00,1.30049,False,False,77005.0,1.2921788325831336,0,0,0.022941071428571474,0,0,0,0,0,0,0.0008927472579140712,1
2010-07-29 00:00:00+00:00,1.29998,1.3106,1.29774,1.30658,46518.0,1.2991420000000002,1.30326,1.2932858333333332,1,0,0,0,1,0,1.30658,1,0,0,1,1,0,1.27125,0.0,2010-07-29 00:00:00+00:00,1.30049,False,False,123523.0,1.2934104248071023,0,0,0.02323642857142862,0,0,0,0,0,0,0.005094926847731915,1
2010-07-30 00:00:00+00:00,1.30656,1.30932,1.29805,1.30466,47990.0,1.301624,1.30562,1.2942241666666667,1,0,0,0,1,0,1.30658,1,0,0,0,0,0,1.27125,0.0,2010-07-30 00:00:00+00:00,1.30049,True,False,75533.0,1.2943224688012624,0,0,0.023086071428571473,0,0,0,0,0,0,-0.0014705659732621099,0
2010-08-01 00:00:00+00:00,1.30451,1.30628,1.30442,1.3057,1139.0,1.3031320000000002,1.30518,1.2956066666666666,1,0,0,0,1,0,1.30658,1,0,0,0,0,0,1.3106,1.0,2010-08-01 00:00:00+00:00,1.30628,False,True,76672.0,1.2943443195238338,0,0,0.011692142857142913,1,0,0,0,1,0,0.0007968250011703397,1
2010-08-02 00:00:00+00:00,1.30568,1.31943,1.30532,1.31717,39808.0,1.30681,1.311435,1.2975466666666666,1,0,0,0,1,0,1.31717,1,0,0,1,1,0,1.3106,0.0,2010-08-02 00:00:00+00:00,1.31943,False,False,116480.0,1.295780053880843,0,0,0.01186285714285719,0,0,0,0,0,0,0.008746200244275366,1
2010-08-03 00:00:00+00:00,1.31715,1.32614,1.3147,1.32202,39642.0,1.311226,1.319595,1.3001758333333335,1,0,0,0,1,0,1.31717,1,0,0,0,0,0,1.3106,0.0,2010-08-03 00:00:00+00:00,1.31943,False,False,156122.0,1.29732677954559,0,0,0.012331428571428629,0,0,0,0,0,0,0.0036753742319680263,1
2010-08-04 00:00:00+00:00,1.32204,1.32394,1.31313,1.31545,39027.0,1.313,1.318735,1.3034683333333332,1,0,0,0,1,0,1.31717,1,0,0,0,0,0,1.3106,0.0,2010-08-04 00:00:00+00:00,1.32394,False,False,117095.0,1.2983208037276528,0,0,0.012234285714285769,0,0,0,0,0,0,-0.00498205749406471,0
2010-08-05 00:00:00+00:00,1.31547,1.32351,1.31191,1.3179,39609.0,1.315648,1.316675,1.3057016666666668,1,0,0,0,1,0,1.31717,1,0,0,0,0,0,1.32614,1.0,2010-08-05 00:00:00+00:00,1.32394,False,True,156704.0,1.2993532289298098,0,0,0.011709285714285771,1,0,0,0,1,0,0.0018607482536719736,1
2010-08-06 00:00:00+00:00,1.31792,1.33346,1.31575,1.3275,38014.0,1.320008,1.3227,1.3088425,1,0,0,0,1,0,1.3275,1,0,0,1,1,0,1.32614,0.0,2010-08-06 00:00:00+00:00,1.33346,False,False,194718.0,1.3007090475182788,0,0,0.011685714285714346,0,0,0,0,0,0,0.0072579134662501535,1
2010-08-08 00:00:00+00:00,1.32773,1.32936,1.32745,1.32829,1594.0,1.322232,1.3278949999999998,1.3118458333333334,1,0,0,0,1,0,1.3275,1,0,0,0,0,0,1.32614,0.0,2010-08-08 00:00:00+00:00,1.33346,False,False,196312.0,1.300764644432473,1,0,0.010482142857142916,0,0,0,0,0,0,0.0005949265742403265,1
2010-08-09 00:00:00+00:00,1.32826,1.33071,1.32114,1.32152,27766.0,1.322132,1.324905,1.3137925000000001,1,0,0,0,1,0,1.32152,0,1,1,1,0,1,1.33346,1.0,2010-08-09 00:00:00+00:00,1.33071,False,False,168546.0,1.3014687031752046,0,0,0.00994000000000006,1,0,0,0,0,0,-0.005109811443448967,0
2010-08-10 00:00:00+00:00,1.32155,1.32275,1.30739,1.31549,48693.0,1.3221399999999999,1.318505,1.315185,0,1,0,0,1,0,1.31549,0,1,1,0,0,0,1.33346,0.0,2010-08-10 00:00:00+00:00,1.33071,False,False,119853.0,1.302255973584649,0,0,0.010507142857142921,0,0,0,0,0,0,-0.004573369467798602,0
2010-08-11 00:00:00+00:00,1.31552,1.31599,1.28298,1.28494,57968.0,1.3155480000000002,1.3002150000000001,1.313935,0,1,0,0,0,0,1.28494,0,1,1,1,0,1,1.33346,0.0,2010-08-11 00:00:00+00:00,1.33071,False,False,61885.0,1.3011710383045234,0,0,0.012037857142857211,0,0,0,0,0,0,-0.023497195146904137,0
2010-08-12 00:00:00+00:00,1.28496,1.29322,1.278,1.28427,55034.0,1.3069019999999998,1.284605,1.3120758333333333,0,0,0,1,0,1,1.28494,0,1,1,0,0,0,1.33346,0.0,2010-08-12 00:00:00+00:00,1.33071,False,False,6851.0,1.3002221421408353,0,0,0.012455000000000074,0,0,0,0,0,0,-0.0005215611142631673,0
2010-08-13 00:00:00+00:00,1.28425,1.29054,1.27454,1.27485,46044.0,1.2962140000000002,1.27956,1.3095916666666667,0,0,0,1,0,1,1.27485,0,1,1,1,0,1,1.33346,0.0,2010-08-13 00:00:00+00:00,1.33071,False,False,-39193.0,1.2990838100731879,0,1,0.013052142857142925,0,0,0,0,0,0,-0.0073619389051744165,0
2010-08-15 00:00:00+00:00,1.27465,1.27736,1.27465,1.27565,1949.0,1.28704,1.27525,1.3070875,0,0,0,1,0,1,1.27485,0,1,1,0,0,0,1.33346,0.0,2010-08-15 00:00:00+00:00,1.33071,False,True,-37244.0,1.299039390994906,0,0,0.012327142857142917,0,0,0,0,0,0,0.0006273279954800218,1
2010-08-16 00:00:00+00:00,1.27562,1.28707,1.27337,1.28137,45069.0,1.2802159999999998,1.2785099999999998,1.3041041666666666,0,0,0,1,0,1,1.28137,1,0,0,1,1,0,1.33346,0.0,2010-08-16 00:00:00+00:00,1.28707,False,False,7825.0,1.298297425628001,0,0,0.01250071428571434,0,0,0,0,0,0,0.004473965429391755,1
2010-08-17 00:00:00+00:00,1.28135,1.29152,1.28043,1.287,48400.0,1.2806279999999999,1.284185,1.3011858333333333,0,0,1,0,0,1,1.28707,1,0,0,0,0,0,1.33346,0.0,2010-08-17 00:00:00+00:00,1.28707,False,False,56225.0,1.297809949709679,1,0,0.013160000000000045,0,0,0,0,0,0,0.004384110558509917,1
2010-08-18 00:00:00+00:00,1.28698,1.29218,1.2791,1.27956,47254.0,1.2796859999999999,1.28328,1.298195,0,0,1,0,0,1,1.27956,0,1,1,0,0,0,1.27337,2.0,2010-08-18 00:00:00+00:00,1.28707,True,False,8971.0,1.297072202360941,0,0,0.013086428571428626,0,0,1,0,0,1,-0.0057976597780380525,0
2010-08-19 00:00:00+00:00,1.27959,1.29018,1.27721,1.28076,59349.0,1.280868,1.28016,1.2951,0,0,0,1,0,1,1.28076,0,1,1,0,0,0,1.27337,0.0,2010-08-19 00:00:00+00:00,1.29018,False,True,68320.0,1.296284022942465,0,0,0.013195714285714342,0,0,0,0,0,0,0.0009373828957853212,1
2010-08-20 00:00:00+00:00,1.28074,1.28327,1.2663,1.27043,46133.0,1.279824,1.275595,1.2903441666666666,0,0,0,1,0,1,1.27043,0,1,1,1,0,1,1.27337,0.0,2010-08-20 00:00:00+00:00,1.29018,False,False,22187.0,1.2953481298830924,0,0,0.013635714285714338,0,0,0,0,0,0,-0.00809822589025125,0
2010-08-22 00:00:00+00:00,1.2704,1.27108,1.26895,1.26986,2575.0,1.2775219999999998,1.2701449999999999,1.285475,0,0,0,1,0,1,1.27043,0,1,1,0,0,0,1.27337,0.0,2010-08-22 00:00:00+00:00,1.29018,False,False,19612.0,1.2952967343958257,0,0,0.01295928571428576,0,0,0,0,0,0,-0.00044876766791677043,0
2010-08-23 00:00:00+00:00,1.26983,1.27292,1.26236,1.26311,41127.0,1.2727439999999999,1.2664849999999999,1.2806075000000001,0,0,0,1,0,1,1.26311,0,1,1,1,0,1,1.27337,0.0,2010-08-23 00:00:00+00:00,1.29018,False,False,-21515.0,1.2942924716548132,0,1,0.012448571428571475,0,0,0,0,0,0,-0.005329724377585296,0
2010-08-24 00:00:00+00:00,1.26313,1.27182,1.25874,1.26362,53068.0,1.2695560000000001,1.2633649999999998,1.276285,0,0,0,1,0,1,1.26311,0,1,1,0,0,0,1.27337,0.0,2010-08-24 00:00:00+00:00,1.29018,False,True,31553.0,1.2931053836768422,0,0,0.013246428571428612,0,0,0,0,0,0,0.0004036838181569229,1
2010-08-25 00:00:00+00:00,1.26364,1.27257,1.26084,1.26714,52819.0,1.266832,1.26538,1.2748016666666666,0,0,0,1,0,1,1.26311,0,1,1,0,0,0,1.27337,0.0,2010-08-25 00:00:00+00:00,1.27257,False,False,84372.0,1.2921422839273828,0,0,0.013400714285714321,0,0,0,0,0,0,0.00278177485806062,1
2010-08-26 00:00:00+00:00,1.26716,1.27638,1.265,1.27037,52079.0,1.2668199999999998,1.268755,1.2736433333333332,0,0,1,0,0,1,1.27037,1,0,0,1,1,0,1.25874,2.0,2010-08-26 00:00:00+00:00,1.27257,False,False,136451.0,1.291374120735104,0,0,0.013116428571428616,0,0,1,0,0,0,0.0025458041501322955,1
2010-08-27 00:00:00+00:00,1.27034,1.27786,1.26753,1.27575,44195.0,1.267998,1.27306,1.2737183333333333,0,0,1,0,0,1,1.27638,1,0,0,0,0,0,1.25874,0.0,2010-08-27 00:00:00+00:00,1.27257,False,False,180646.0,1.2909199246062915,0,0,0.011496428571428614,0,0,0,0,0,0,0.004226044339610612,1
2010-08-29 00:00:00+00:00,1.27567,1.27677,1.27363,1.27524,3130.0,1.2704239999999998,1.2754949999999998,1.2736841666666667,0,0,1,0,0,0,1.27638,1,0,0,0,0,0,1.25874,0.0,2010-08-29 00:00:00+00:00,1.27257,True,False,177516.0,1.290887708741408,0,0,0.010633571428571464,0,0,0,0,0,1,-0.0003998447714767886,0
2010-08-30 00:00:00+00:00,1.27521,1.27542,1.2659,1.26637,31025.0,1.270974,1.270805,1.2724341666666665,0,0,0,1,0,1,1.26637,0,1,1,0,0,0,1.25874,0.0,2010-08-30 00:00:00+00:00,1.27542,False,False,146491.0,1.2903983611793568,0,0,0.01017071428571432,0,0,0,0,0,0,-0.0069798560841209814,0
2010-08-31 00:00:00+00:00,1.26634,1.2742,1.26253,1.26729,47042.0,1.271004,1.2668300000000001,1.2707916666666665,0,1,0,0,0,0,1.26729,0,1,1,0,0,0,1.25874,0.0,2010-08-31 00:00:00+00:00,1.27542,False,True,193533.0,1.2897195756245934,0,0,0.010810714285714325,0,0,0,0,1,0,0.0007262221769566319,1
2010-09-01 00:00:00+00:00,1.26732,1.28553,1.26626,1.27946,45047.0,1.2728220000000001,1.2733750000000001,1.2707833333333334,1,0,0,0,1,0,1.27946,1,0,0,1,1,0,1.25874,0.0,2010-09-01 00:00:00+00:00,1.28553,False,False,238580.0,1.2894388864764084,0,0,0.011208571428571472,0,0,0,0,0,0,0.00955735163392925,1
2010-09-02 00:00:00+00:00,1.27944,1.28475,1.27763,1.28143,40063.0,1.273958,1.280445,1.2708391666666667,1,0,0,0,1,0,1.28553,1,0,0,0,0,0,1.25874,0.0,2010-09-02 00:00:00+00:00,1.28553,False,False,278643.0,1.2892486449546514,0,0,0.010925000000000042,0,0,0,0,0,0,0.0015385279247399953,1
2010-09-03 00:00:00+00:00,1.28145,1.28969,1.28083,1.28915,34949.0,1.2767399999999998,1.28529,1.2723991666666665,1,0,0,0,1,0,1.28553,1,0,0,0,0,0,1.25874,0.0,2010-09-03 00:00:00+00:00,1.28553,False,False,313592.0,1.2892466423648103,1,0,0.010623571428571463,0,0,0,0,0,0,0.0060064446232098116,1
2010-09-05 00:00:00+00:00,1.28901,1.28984,1.28789,1.28871,2345.0,1.2812080000000001,1.2889300000000001,1.27397,1,0,0,0,1,0,1.28553,1,0,0,0,0,0,1.25874,0.0,2010-09-05 00:00:00+00:00,1.28553,True,False,311247.0,1.2892459123712867,0,0,0.009836428571428604,0,0,0,0,0,0,-0.00034136842518434865,0
2010-09-06 00:00:00+00:00,1.28869,1.29181,1.27992,1.28182,23580.0,1.2841140000000002,1.2852649999999999,1.2755291666666666,1,0,0,0,1,0,1.28553,1,0,0,0,0,0,1.25874,0.0,2010-09-06 00:00:00+00:00,1.29181,False,False,287667.0,1.2891457084683144,0,0,0.009473571428571461,0,0,0,0,0,0,-0.005360775015534834,0
2010-09-07 00:00:00+00:00,1.28184,1.28186,1.26762,1.26919,44734.0,1.28206,1.2755049999999999,1.2759933333333333,0,1,0,0,0,0,1.26919,0,1,1,0,0,0,1.25874,0.0,2010-09-07 00:00:00+00:00,1.29181,False,False,242933.0,1.2886476066021615,0,0,0.010338571428571466,0,0,0,0,0,0,-0.009902041307482538,0
2010-09-08 00:00:00+00:00,1.26922,1.27633,1.26589,1.27276,43856.0,1.280326,1.270975,1.2764616666666666,0,1,0,0,0,0,1.27276,0,1,1,0,0,0,1.29181,1.0,2010-09-08 00:00:00+00:00,1.29181,False,True,286789.0,1.2882681157284335,0,0,0.01033000000000003,1,0,0,0,1,0,0.002808869055015827,1
2010-09-09 00:00:00+00:00,1.27274,1.27655,1.26646,1.26777,41128.0,1.27605,1.270265,1.276245,0,0,0,1,0,1,1.27276,0,1,1,0,0,0,1.29181,0.0,2010-09-09 00:00:00+00:00,1.29181,False,False,245661.0,1.28781901427936,0,0,0.010116428571428613,0,0,0,0,0,0,-0.003928319222374916,0
2010-09-10 00:00:00+00:00,1.2678,1.27466,1.26439,1.2675,38511.0,1.271808,1.267635,1.2755575,0,0,0,1,0,1,1.2675,0,1,1,1,0,1,1.29181,0.0,2010-09-10 00:00:00+00:00,1.29181,False,False,207150.0,1.2874105436457561,0,1,0.010012142857142898,0,0,0,0,0,0,-0.0002129950664196028,0
2010-09-12 00:00:00+00:00,1.2672,1.27608,1.26713,1.27598,4713.0,1.2706399999999998,1.2717399999999999,1.2756191666666667,0,0,1,0,0,1,1.27598,1,0,0,1,1,0,1.29181,0.0,2010-09-12 00:00:00+00:00,1.27608,False,False,211863.0,1.287382491208904,0,0,0.009838571428571459,0,0,0,0,0,0,0.0066680543353674114,1
2010-09-13 00:00:00+00:00,1.27595,1.28923,1.27586,1.2863,38101.0,1.274062,1.28114,1.27728,0,0,1,0,0,0,1.2863,1,0,0,0,0,0,1.29181,0.0,2010-09-13 00:00:00+00:00,1.27608,False,False,249964.0,1.287361432343976,0,0,0.010055714285714326,0,0,0,0,0,0,0.008055369283963958,1
2010-09-14 00:00:00+00:00,1.28627,1.30327,1.2829,1.29954,49430.0,1.279418,1.29292,1.2799675,0,0,1,0,0,0,1.29954,1,0,0,1,1,0,1.29181,0.0,2010-09-14 00:00:00+00:00,1.27608,False,False,299394.0,1.2876612354253616,0,0,0.011286428571428617,0,0,0,0,0,0,0.01024047559278979,1
2010-09-15 00:00:00+00:00,1.29956,1.30367,1.29551,1.30104,51770.0,1.286072,1.30029,1.2817658333333333,1,0,0,0,1,0,1.29954,1,0,0,0,0,0,1.29181,0.0,2010-09-15 00:00:00+00:00,1.27608,False,False,351164.0,1.287997505406101,0,0,0.011189285714285775,0,0,0,0,0,0,0.0011535889427328504,1
2010-09-16 00:00:00+00:00,1.30102,1.31159,1.29755,1.30658,46113.0,1.2938880000000001,1.30381,1.2838616666666667,1,0,0,0,1,0,1.30658,1,0,0,1,1,0,1.29181,0.0,2010-09-16 00:00:00+00:00,1.27608,False,False,397277.0,1.288404422119048,0,0,0.011358571428571487,0,0,0,0,0,0,0.004249091765892368,1
2010-09-17 00:00:00+00:00,1.3066,1.31582,1.30197,1.30468,45623.0,1.2996279999999998,1.30563,1.2851558333333333,1,0,0,0,1,0,1.30658,1,0,0,0,0,0,1.29181,0.0,2010-09-17 00:00:00+00:00,1.27608,True,False,351654.0,1.2887495577578987,0,0,0.010971428571428616,0,0,0,0,0,0,-0.0014552364263264194,0
2010-09-19 00:00:00+00:00,1.30501,1.30668,1.30341,1.30428,2115.0,1.303224,1.30448,1.2864533333333334,1,0,0,0,1,0,1.30658,1,0,0,0,0,0,1.29181,0.0,2010-09-19 00:00:00+00:00,1.30668,False,False,349539.0,1.288764810116825,0,0,0.010696428571428622,0,0,0,0,0,0,-0.00030663559666232164,0
2010-09-20 00:00:00+00:00,1.30426,1.31204,1.3029,1.30622,32176.0,1.30456,1.30525,1.2884866666666668,1,0,0,0,1,0,1.30658,1,0,0,0,0,0,1.31582,1.0,2010-09-20 00:00:00+00:00,1.31204,False,False,381715.0,1.2890217660953718,0,0,0.010716428571428627,1,0,0,0,0,0,0.0014863055791137522,1
2010-09-21 00:00:00+00:00,1.30619,1.32897,1.30588,1.32833,48089.0,1.310018,1.317275,1.2934150000000002,1,0,0,0,1,0,1.32833,1,0,0,1,1,0,1.31582,0.0,2010-09-21 00:00:00+00:00,1.31204,False,False,429804.0,1.2898679795695813,0,0,0.012226428571428622,0,0,0,0,0,0,0.01678504420055875,1
2010-09-22 00:00:00+00:00,1.3283,1.34397,1.32671,1.33928,58352.0,1.3165580000000001,1.333805,1.2989583333333334,1,0,0,0,1,0,1.33928,1,0,0,1,1,0,1.31582,0.0,2010-09-22 00:00:00+00:00,1.31204,False,False,488156.0,1.2911258619051398,0,0,0.012610000000000057,0,0,0,0,0,0,0.008209641964760752,1
2010-09-23 00:00:00+00:00,1.33926,1.34132,1.32907,1.32944,54757.0,1.32151,1.33436,1.3040975,1,0,0,0,1,0,1.32944,0,1,1,1,0,1,1.31582,0.0,2010-09-23 00:00:00+00:00,1.31204,True,False,433399.0,1.2920197798277324,0,0,0.012467857142857206,0,0,0,0,0,0,-0.007374355190858203,0
2010-09-24 00:00:00+00:00,1.32941,1.34918,1.32861,1.34872,56225.0,1.330398,1.33908,1.3108658333333334,1,0,0,0,1,0,1.34872,1,0,0,0,0,0,1.31582,0.0,2010-09-24 00:00:00+00:00,1.31204,False,False,489624.0,1.2933463539547925,0,0,0.013191428571428632,0,0,0,0,0,0,0.01439819359087459,1
2010-09-26 00:00:00+00:00,1.34847,1.34943,1.34689,1.34788,2895.0,1.33873,1.3483,1.3168575,1,0,0,0,1,0,1.34918,1,0,0,0,0,0,1.31582,0.0,2010-09-26 00:00:00+00:00,1.31204,True,False,486729.0,1.293411969622473,0,0,0.012652142857142905,0,0,0,0,0,0,-0.0006230067693907912,0
2010-09-27 00:00:00+00:00,1.34783,1.35058,1.34256,1.34297,42569.0,1.341658,1.345425,1.32158,1,0,0,0,1,0,1.34297,0,1,1,0,0,0,1.31582,0.0,2010-09-27 00:00:00+00:00,1.35058,False,False,444160.0,1.294273529337293,0,0,0.012491428571428613,0,0,0,0,0,0,-0.0036494085135589786,0
2010-09-28 00:00:00+00:00,1.34294,1.35949,1.33809,1.35724,58326.0,1.3452499999999998,1.350105,1.3263883333333333,1,0,0,0,1,0,1.35724,1,0,0,0,0,0,1.31582,0.0,2010-09-28 00:00:00+00:00,1.35949,False,False,502486.0,1.2957384896946487,0,0,0.013380714285714333,0,0,0,0,0,0,0.010569646694440825,1
2010-09-29 00:00:00+00:00,1.35727,1.36459,1.3566,1.36245,54090.0,1.351852,1.359845,1.3315058333333332,1,0,0,0,1,0,1.35949,1,0,0,0,0,0,1.31582,0.0,2010-09-29 00:00:00+00:00,1.35949,False,False,556576.0,1.2971474585480895,0,0,0.012996428571428607,0,0,0,0,0,0,0.00383132369729555,1
2010-09-30 00:00:00+00:00,1.36243,1.36832,1.35592,1.36305,65923.0,1.354718,1.3627500000000001,1.3362116666666666,1,0,0,0,1,0,1.35949,1,0,0,0,0,0,1.31582,0.0,2010-09-30 00:00:00+00:00,1.35949,False,False,622499.0,1.2988012668583453,0,0,0.01242714285714289,0,0,0,0,0,0,0.00044028619313361925,1
2010-10-01 00:00:00+00:00,1.36307,1.37874,1.3629,1.3786,48287.0,1.360862,1.370825,1.3423716666666667,1,0,0,0,1,0,1.3786,1,0,0,0,0,0,1.31582,0.0,2010-10-01 00:00:00+00:00,1.35949,False,False,670786.0,1.3002415963330527,0,0,0.012975714285714313,0,0,0,0,0,0,0.011343655642085632,1
2010-10-03 00:00:00+00:00,1.3782,1.3806,1.37724,1.37757,3703.0,1.367782,1.378085,1.3484791666666667,1,0,0,0,1,0,1.3786,1,0,0,0,0,0,1.31582,0.0,2010-10-03 00:00:00+00:00,1.35949,True,False,667083.0,1.3003484840159567,0,0,0.012212857142857168,0,0,0,0,0,0,-0.0007474140186918802,0
2010-10-04 00:00:00+00:00,1.37754,1.3784,1.36441,1.36479,43487.0,1.3692920000000002,1.3711799999999998,1.3533600000000001,1,0,0,0,1,0,1.36479,0,1,1,1,0,1,1.31582,0.0,2010-10-04 00:00:00+00:00,1.3784,False,False,623596.0,1.3013778430488825,0,0,0.012222857142857186,0,0,0,0,0,0,-0.009320506803179198,0
2010-10-05 00:00:00+00:00,1.36481,1.38586,1.36371,1.38533,55674.0,1.373868,1.37506,1.35811,1,0,0,0,1,0,1.38533,1,0,0,0,0,0,1.31582,0.0,2010-10-05 00:00:00+00:00,1.38586,False,False,679270.0,1.3030602622678549,0,0,0.013571428571428614,0,0,0,0,0,0,0.01493780775866399,1
2010-10-06 00:00:00+00:00,1.3853,1.39473,1.37983,1.39154,52431.0,1.379566,1.3884349999999999,1.362465,1,0,0,0,1,0,1.39154,1,0,0,0,0,0,1.31582,0.0,2010-10-06 00:00:00+00:00,1.38586,False,False,731701.0,1.3046991979247813,0,0,0.013982857142857186,0,0,0,0,0,0,0.004472669122043686,1
2010-10-07 00:00:00+00:00,1.39157,1.4029,1.38571,1.39243,56068.0,1.3823320000000001,1.391985,1.3677141666666666,1,0,0,0,1,0,1.39154,1,0,0,0,0,0,1.31582,0.0,2010-10-07 00:00:00+00:00,1.38586,False,False,787769.0,1.3064032332806648,0,0,0.013561428571428613,0,0,0,0,0,0,0.0006393747276869795,1
2010-10-08 00:00:00+00:00,1.39246,1.39827,1.38319,1.3936,58741.0,1.385538,1.3930150000000001,1.3714541666666669,1,0,0,0,1,0,1.39154,1,0,0,0,0,0,1.31582,0.0,2010-10-08 00:00:00+00:00,1.39827,False,True,846510.0,1.3081422518413746,0,0,0.013405714285714323,0,0,0,0,1,0,0.0008399048601631656,1
2010-10-09 00:00:00+00:00,1.3931,1.3931,1.3931,1.3931,1.0,1.3912,1.3933499999999999,1.3752225000000002,1,0,0,0,1,0,1.39154,1,0,0,0,0,0,1.4029,1.0,2010-10-09 00:00:00+00:00,1.3931,False,False,846509.0,1.3081422806860292,0,0,0.012566428571428598,1,0,0,0,0,0,-0.0003588473860590937,0
2010-10-10 00:00:00+00:00,1.393,1.40109,1.393,1.3996,5112.0,1.394054,1.39635,1.3799416666666666,1,0,0,0,1,0,1.3996,1,0,0,1,1,0,1.4029,0.0,2010-10-10 00:00:00+00:00,1.3931,False,False,851621.0,1.3083007409776146,0,0,0.011675000000000022,0,0,0,0,0,0,0.004655001781353601,1
2010-10-11 00:00:00+00:00,1.39957,1.39989,1.38566,1.38647,38680.0,1.3930399999999998,1.393035,1.3823774999999998,0,1,0,0,1,0,1.38647,0,1,1,1,0,1,1.4029,0.0,2010-10-11 00:00:00+00:00,1.39989,False,False,812941.0,1.3093122626388063,0,1,0.012510000000000037,0,0,0,0,0,0,-0.00942553288779958,0
2010-10-12 00:00:00+00:00,1.38651,1.39356,1.3775,1.39204,62948.0,1.392962,1.389255,1.3848433333333334,0,1,0,0,1,0,1.39204,0,1,1,0,0,0,1.4029,0.0,2010-10-12 00:00:00+00:00,1.39989,False,True,875889.0,1.3110184826651856,0,0,0.013084285714285755,0,0,0,0,1,0,0.004009348507955054,1
2010-10-13 00:00:00+00:00,1.39201,1.40009,1.39124,1.39828,54088.0,1.393898,1.39516,1.3877791666666666,1,0,0,0,1,0,1.39828,1,0,0,1,1,0,1.4029,0.0,2010-10-13 00:00:00+00:00,1.40009,False,False,929977.0,1.3125379684616132,0,0,0.012187857142857179,0,0,0,0,0,0,0.004472612748512143,1
2010-10-14 00:00:00+00:00,1.39831,1.41214,1.39831,1.40249,60254.0,1.3957760000000001,1.400385,1.3897699999999997,1,0,0,0,1,0,1.40009,1,0,0,0,0,0,1.4029,0.0,2010-10-14 00:00:00+00:00,1.40009,False,False,990231.0,1.3142496619860111,1,0,0.012607142857142897,0,0,0,0,0,0,0.0030063183844541413,1
2010-10-15 00:00:00+00:00,1.40245,1.41586,1.39364,1.39722,69431.0,1.3953000000000002,1.399855,1.3914075,1,0,0,0,1,0,1.40009,1,0,0,0,0,0,1.4029,0.0,2010-10-15 00:00:00+00:00,1.40009,True,False,920800.0,1.3160299303834393,0,0,0.013308571428571463,0,0,0,0,0,0,-0.003764680073455486,0
2010-10-17 00:00:00+00:00,1.39753,1.39998,1.3941,1.39508,4883.0,1.3970220000000002,1.39615,1.3939316666666668,0,1,0,0,1,0,1.39508,0,1,1,0,0,0,1.4029,0.0,2010-10-17 00:00:00+00:00,1.39998,False,False,915917.0,1.316149039037556,0,0,0.012597142857142894,0,0,0,0,0,0,-0.0015327868917970455,0
2010-10-18 00:00:00+00:00,1.39512,1.39978,1.38306,1.39629,61835.0,1.397872,1.395685,1.3948450000000001,0,1,0,0,1,0,1.39998,0,1,1,0,0,0,1.41586,1.0,2010-10-18 00:00:00+00:00,1.39998,False,True,977752.0,1.3176495348069661,0,0,0.013551428571428612,1,0,0,0,1,0,0.0008669578563845172,1
2010-10-19 00:00:00+00:00,1.39627,1.40037,1.36973,1.3699,90242.0,1.392196,1.383095,1.3930416666666667,0,0,0,1,0,1,1.3699,0,1,1,0,0,0,1.41586,0.0,2010-10-19 00:00:00+00:00,1.39998,False,False,887510.0,1.3190392859172346,0,1,0.014740714285714314,0,0,0,0,0,0,-0.01908097468044286,0
2010-10-20 00:00:00+00:00,1.36992,1.39906,1.36992,1.39759,70267.0,1.391216,1.383745,1.3934716666666667,0,0,0,1,0,1,1.39759,1,0,0,1,1,0,1.41586,0.0,2010-10-20 00:00:00+00:00,1.39906,False,False,957777.0,1.3206330981073287,0,0,0.015241428571428597,0,0,0,0,0,0,0.02001158021383704,1
2010-10-21 00:00:00+00:00,1.39762,1.40496,1.3871,1.39122,76648.0,1.390016,1.394405,1.3932733333333334,0,0,1,0,0,0,1.39122,0,1,1,0,0,0,1.36973,2.0,2010-10-21 00:00:00+00:00,1.39906,True,False,881129.0,1.3221615550761734,0,0,0.015452857142857157,0,0,1,0,0,1,-0.004568264656236558,0
2010-10-22 00:00:00+00:00,1.39119,1.39723,1.38571,1.39509,59006.0,1.390018,1.393155,1.3934391666666668,0,0,1,0,0,1,1.39509,0,1,1,0,0,0,1.36973,0.0,2010-10-22 00:00:00+00:00,1.39723,False,True,940135.0,1.3233573083285328,0,0,0.015047857142857153,0,0,0,0,0,0,0.0027778692884779924,1
2010-10-24 00:00:00+00:00,1.39455,1.39893,1.3934,1.39617,5034.0,1.3899940000000002,1.39563,1.3931533333333332,0,0,1,0,0,0,1.39509,0,1,1,0,0,0,1.36973,0.0,2010-10-24 00:00:00+00:00,1.39893,False,False,945169.0,1.323459017862618,0,0,0.0143657142857143,0,0,0,0,0,0,0.0007738441090367588,1
2010-10-25 00:00:00+00:00,1.39619,1.40796,1.39073,1.39226,57386.0,1.394466,1.394215,1.3936358333333334,0,1,0,0,1,0,1.39509,0,1,1,0,0,0,1.36973,0.0,2010-10-25 00:00:00+00:00,1.39893,True,False,887783.0,1.324537420187377,0,0,0.015560714285714308,0,0,0,0,0,0,-0.0028044473504116657,0
2010-10-26 00:00:00+00:00,1.39224,1.39817,1.38253,1.38459,63006.0,1.3918659999999998,1.388425,1.3930150000000001,0,0,0,1,0,1,1.38459,0,1,1,1,0,1,1.36973,0.0,2010-10-26 00:00:00+00:00,1.39817,False,False,824777.0,1.325553396301194,0,0,0.01610000000000002,0,0,0,0,0,0,-0.0055242591466734105,0
2010-10-27 00:00:00+00:00,1.38456,1.3878,1.37338,1.37945,72259.0,1.389512,1.38202,1.3914458333333333,0,0,0,1,0,1,1.37945,0,1,1,1,0,1,1.36973,0.0,2010-10-27 00:00:00+00:00,1.39817,False,False,752518.0,1.326579231252275,0,1,0.016113571428571425,0,0,0,0,0,0,-0.0037191979312099243,0
2010-10-28 00:00:00+00:00,1.37943,1.3951,1.37781,1.39434,55560.0,1.389362,1.386895,1.3907666666666667,0,0,0,1,0,1,1.39434,1,0,0,1,1,0,1.36973,0.0,2010-10-28 00:00:00+00:00,1.3951,False,False,808078.0,1.3275565921494163,0,0,0.01620142857142857,0,0,0,0,0,0,0.010736316035965126,1
2010-10-29 00:00:00+00:00,1.39431,1.39431,1.38067,1.39419,58337.0,1.388966,1.3942649999999999,1.3905141666666667,0,0,1,0,0,0,1.3951,1,0,0,0,0,0,1.36973,0.0,2010-10-29 00:00:00+00:00,1.3951,True,False,749741.0,1.3285506750323692,0,0,0.016545714285714275,0,0,0,0,0,1,-0.00010758356563820662,0
2010-10-31 00:00:00+00:00,1.39379,1.39823,1.39364,1.39727,4281.0,1.389968,1.39573,1.3906966666666667,0,0,1,0,0,0,1.3951,1,0,0,0,0,0,1.36973,0.0,2010-10-31 00:00:00+00:00,1.3951,False,False,754022.0,1.3286258261406236,0,0,0.015883571428571424,0,0,0,0,0,0,0.002206731423613479,1
2010-11-01 00:00:00+00:00,1.39724,1.4011,1.38639,1.39086,55784.0,1.391222,1.3940649999999999,1.3902441666666665,1,0,0,0,1,0,1.3951,1,0,0,0,0,0,1.36973,0.0,2010-11-01 00:00:00+00:00,1.4011,False,False,698238.0,1.3295002152833117,0,0,0.015347142857142861,0,0,0,0,0,0,-0.004598072036447383,0
2010-11-02 00:00:00+00:00,1.39089,1.40577,1.38812,1.40326,51632.0,1.395984,1.39706,1.3930241666666667,1,0,0,0,1,0,1.40326,1,0,0,0,0,0,1.36973,0.0,2010-11-02 00:00:00+00:00,1.40577,False,False,749870.0,1.33044709213362,0,0,0.016187857142857136,0,0,0,0,0,0,0.00887584026917356,1
2010-11-03 00:00:00+00:00,1.40324,1.41799,1.39916,1.41263,76669.0,1.399642,1.407945,1.3942775,1,0,0,0,1,0,1.41263,1,0,0,1,1,0,1.36973,0.0,2010-11-03 00:00:00+00:00,1.40577,False,False,826539.0,1.331984381024018,0,0,0.016338571428571425,0,0,0,0,0,0,0.0066551140729979264,1
2010-11-04 00:00:00+00:00,1.41266,1.42818,1.41022,1.42281,64722.0,1.4053660000000001,1.41772,1.3969099999999999,1,0,0,0,1,0,1.42281,1,0,0,1,1,0,1.36973,0.0,2010-11-04 00:00:00+00:00,1.40577,False,False,891261.0,1.3333963013018864,1,0,0.015432857142857137,0,0,0,0,0,0,0.007180574260486855,1
2010-11-05 00:00:00+00:00,1.42283,1.42301,1.40228,1.40264,65667.0,1.4064400000000001,1.412725,1.3975391666666666,1,0,0,0,1,0,1.40264,0,1,1,1,0,1,1.36973,0.0,2010-11-05 00:00:00+00:00,1.42301,False,False,825594.0,1.3344714806579954,0,0,0.014830714285714284,0,0,0,0,0,0,-0.014277614282442655,0
2010-11-07 00:00:00+00:00,1.40304,1.40814,1.40133,1.40741,4727.0,1.40975,1.4050250000000002,1.3984758333333334,0,1,0,0,1,0,1.40741,0,1,1,0,0,0,1.42818,1.0,2010-11-07 00:00:00+00:00,1.42301,False,True,830321.0,1.334552915615309,0,0,0.01404142857142857,1,0,0,0,1,0,0.003394960645887311,1
2010-11-08 00:00:00+00:00,1.40739,1.4085,1.38582,1.38615,63057.0,1.4063279999999998,1.3967800000000001,1.3979666666666668,0,1,0,0,0,0,1.38615,0,1,1,1,0,1,1.42818,0.0,2010-11-08 00:00:00+00:00,1.42301,False,False,767264.0,1.3353101080251435,0,0,0.014838571428571432,0,0,0,0,0,0,-0.015221015805601099,0
2010-11-09 00:00:00+00:00,1.38612,1.3973,1.37473,1.37686,77176.0,1.399174,1.381505,1.3973224999999998,0,1,0,0,0,0,1.37686,0,1,1,1,0,1,1.42818,0.0,2010-11-09 00:00:00+00:00,1.42301,False,False,690088.0,1.3360432174764507,0,0,0.016055714285714284,0,0,0,0,0,0,-0.006724575740028107,0
2010-11-10 00:00:00+00:00,1.37683,1.38247,1.36702,1.37739,84304.0,1.39009,1.377125,1.3971508333333331,0,0,0,1,0,1,1.37686,0,1,1,0,0,0,1.42818,0.0,2010-11-10 00:00:00+00:00,1.42301,False,True,774392.0,1.336825053616248,0,0,0.015928571428571434,0,0,0,0,0,0,0.00038485976693601365,1
2010-11-11 00:00:00+00:00,1.37736,1.38206,1.36065,1.36209,71767.0,1.38198,1.36974,1.3944633333333334,0,0,0,1,0,1,1.36209,0,1,1,1,0,1,1.42818,0.0,2010-11-11 00:00:00+00:00,1.42301,False,False,702625.0,1.3372253058408863,0,0,0.016340714285714313,0,0,0,0,0,0,-0.011170119207595591,0
2010-11-12 00:00:00+00:00,1.36207,1.37764,1.35733,1.36855,86631.0,1.3742079999999999,1.36532,1.3923266666666667,0,0,0,1,0,1,1.36855,1,0,0,1,1,0,1.42818,0.0,2010-11-12 00:00:00+00:00,1.42301,False,True,789256.0,1.3378130982826004,0,0,0.01676142857142861,0,0,0,0,0,0,0.0047315003454978955,1
2010-11-14 00:00:00+00:00,1.36875,1.37173,1.36412,1.3688,5470.0,1.370738,1.368675,1.3899541666666666,0,0,0,1,0,1,1.3688,0,1,1,0,0,0,1.42818,0.0,2010-11-14 00:00:00+00:00,1.37173,False,False,794726.0,1.337849768632721,0,0,0.01607000000000003,0,0,0,0,0,0,0.00018265841101434662,1
2010-11-15 00:00:00+00:00,1.36877,1.37504,1.35631,1.35727,63785.0,1.36682,1.363035,1.387155,0,0,0,1,0,1,1.35727,0,1,1,0,0,0,1.42818,0.0,2010-11-15 00:00:00+00:00,1.37504,False,False,730941.0,1.338114113204793,0,0,0.01643142857142862,0,0,0,0,0,0,-0.008459114222230092,0
2010-11-16 00:00:00+00:00,1.35729,1.36553,1.34465,1.34944,83248.0,1.36123,1.353355,1.38267,0,0,0,1,0,1,1.34944,0,1,1,1,0,1,1.42818,0.0,2010-11-16 00:00:00+00:00,1.37504,False,False,647693.0,1.3383118082776517,0,1,0.017595000000000045,0,0,0,0,0,0,-0.00578563779755854,0
2010-11-17 00:00:00+00:00,1.34942,1.35656,1.34602,1.3552,60626.0,1.359852,1.35232,1.3778841666666668,0,0,0,1,0,1,1.3552,1,0,0,1,1,0,1.42818,0.0,2010-11-17 00:00:00+00:00,1.37504,False,True,708319.0,1.3385237936990941,0,0,0.0172971428571429,0,0,0,0,0,0,0.004259353339594904,1
2010-11-18 00:00:00+00:00,1.35518,1.36667,1.35422,1.36555,58648.0,1.3592520000000001,1.360375,1.3731125000000002,0,0,1,0,0,1,1.36555,1,0,0,0,0,0,1.34465,2.0,2010-11-18 00:00:00+00:00,1.36667,False,False,766967.0,1.3388480291171672,0,0,0.01692571428571434,0,0,1,0,0,0,0.007608232969544766,1
2010-11-19 00:00:00+00:00,1.36557,1.3731,1.36081,1.36675,50157.0,1.3588419999999999,1.36615,1.3701216666666667,0,0,1,0,0,1,1.36555,1,0,0,0,0,0,1.34465,0.0,2010-11-19 00:00:00+00:00,1.36667,False,False,817124.0,1.3391314000962198,0,0,0.016458571428571465,0,0,0,0,0,0,0.0008783809077738908,1
2010-11-21 00:00:00+00:00,1.36625,1.37435,1.36625,1.37411,6524.0,1.36221,1.3704299999999998,1.3673466666666665,0,0,1,0,0,0,1.37411,1,0,0,1,1,0,1.34465,0.0,2010-11-21 00:00:00+00:00,1.36667,False,False,823648.0,1.339177545875743,1,0,0.015754285714285752,0,0,0,0,0,0,0.005370590026860446,1
2010-11-22 00:00:00+00:00,1.37413,1.37857,1.35764,1.35986,60020.0,1.364294,1.3669850000000001,1.3651558333333333,0,0,1,0,0,0,1.35986,0,1,1,1,0,1,1.34465,0.0,2010-11-22 00:00:00+00:00,1.37857,False,False,763628.0,1.3394255588319086,0,0,0.015768571428571465,0,0,0,0,0,0,-0.010424495547148391,0
2010-11-23 00:00:00+00:00,1.35984,1.36147,1.33588,1.33855,82129.0,1.3609639999999998,1.349205,1.3619633333333334,0,0,0,1,0,1,1.33855,0,1,1,0,0,0,1.34465,0.0,2010-11-23 00:00:00+00:00,1.37857,False,False,681499.0,1.3394114240268271,0,0,0.01711000000000004,0,0,0,0,0,0,-0.01579481474369098,0
2010-11-24 00:00:00+00:00,1.33857,1.34206,1.3284,1.33571,78308.0,1.3549959999999999,1.33713,1.35849,0,0,0,1,0,1,1.33855,0,1,1,0,0,0,1.34465,0.0,2010-11-24 00:00:00+00:00,1.37857,False,False,603191.0,1.3393553129114306,0,0,0.016465714285714323,0,0,0,0,0,0,-0.0021239528450074075,0
2010-11-25 00:00:00+00:00,1.33573,1.33871,1.32869,1.33391,47159.0,1.348428,1.33481,1.3561416666666666,0,0,0,1,0,1,1.33855,0,1,1,0,0,0,1.34465,0.0,2010-11-25 00:00:00+00:00,1.37857,False,False,556032.0,1.339306050628623,0,0,0.015569285714285761,0,0,0,0,0,0,-0.001348506733370679,0
2010-11-26 00:00:00+00:00,1.33388,1.33495,1.32005,1.32367,64226.0,1.33834,1.32879,1.3524016666666665,0,0,0,1,0,1,1.32367,0,1,1,1,0,1,1.34465,0.0,2010-11-26 00:00:00+00:00,1.37857,False,False,491806.0,1.3391157470748796,0,0,0.015530000000000044,0,0,0,0,0,0,-0.0077062972154146765,0
2010-11-28 00:00:00+00:00,1.32372,1.33522,1.32307,1.32368,11557.0,1.3311039999999998,1.323675,1.3486416666666665,0,0,0,1,0,1,1.32367,0,1,1,0,0,0,1.34465,0.0,2010-11-28 00:00:00+00:00,1.37857,False,False,503363.0,1.339082015886987,0,0,0.014868571428571469,0,0,0,0,0,0,7.5547245358992725e-06,1
2010-11-29 00:00:00+00:00,1.3237,1.33014,1.30633,1.31002,65756.0,1.325398,1.31685,1.3447041666666666,0,0,0,1,0,1,1.31002,0,1,1,1,0,1,1.34465,0.0,2010-11-29 00:00:00+00:00,1.37857,False,False,437607.0,1.3387251101952218,0,0,0.015118571428571473,0,0,0,0,0,0,-0.010373332187645154,0
2010-11-30 00:00:00+00:00,1.31004,1.31498,1.29681,1.2995,73421.0,1.318156,1.30476,1.3405425,0,0,0,1,0,1,1.2995,0,1,1,1,0,1,1.34465,0.0,2010-11-30 00:00:00+00:00,1.37857,False,False,364186.0,1.3381945165170595,0,1,0.015872857142857195,0,0,0,0,0,0,-0.008062829172682577,0
2010-12-01 00:00:00+00:00,1.29952,1.31809,1.29708,1.31242,67640.0,1.313858,1.30596,1.3369775,0,0,0,1,0,1,1.31242,1,0,0,1,1,0,1.34465,0.0,2010-12-01 00:00:00+00:00,1.31809,False,False,431826.0,1.3378772727644934,0,0,0.016035714285714327,0,0,0,0,0,0,0.009893186145609578,1
2010-12-02 00:00:00+00:00,1.31238,1.32468,1.30598,1.32117,67792.0,1.313358,1.316795,1.3332791666666666,0,0,1,0,0,1,1.31809,1,0,0,0,0,0,1.29681,2.0,2010-12-02 00:00:00+00:00,1.31809,False,False,499618.0,1.337673681920199,0,0,0.015880000000000054,0,0,1,0,0,0,0.006644946401344451,1
2010-12-03 00:00:00+00:00,1.32114,1.34338,1.3193,1.34099,60494.0,1.3168199999999999,1.33108,1.3311325,0,0,1,0,0,1,1.34099,1,0,0,0,0,0,1.29681,0.0,2010-12-03 00:00:00+00:00,1.31809,False,False,560112.0,1.3377093554199468,0,0,0.016847142857142918,0,0,0,0,0,0,0.014890439503823908,1
2010-12-04 00:00:00+00:00,1.34124,1.34124,1.34124,1.34124,1.0,1.323064,1.3411149999999998,1.3283933333333333,0,0,1,0,0,0,1.34099,1,0,0,0,0,0,1.29681,0.0,2010-12-04 00:00:00+00:00,1.31809,False,False,560113.0,1.337709356047761,1,0,0.015975714285714347,0,0,0,0,0,0,0.000186412053197473,1
2010-12-05 00:00:00+00:00,1.34083,1.34412,1.33741,1.34124,4613.0,1.3314119999999998,1.34124,1.3268416666666665,1,0,0,0,1,0,1.34099,1,0,0,0,0,0,1.29681,0.0,2010-12-05 00:00:00+00:00,1.34412,False,True,560113.0,1.3377122497806624,1,0,0.015577142857142925,0,0,0,0,1,0,0.0,0
2010-12-06 00:00:00+00:00,1.34121,1.34202,1.32462,1.32879,61488.0,1.334686,1.3350149999999998,1.3260283333333331,1,0,0,0,1,0,1.32879,0,1,1,1,0,1,1.29681,0.0,2010-12-06 00:00:00+00:00,1.34412,False,False,498625.0,1.3376158298132974,0,0,0.016241428571428646,0,0,0,0,0,0,-0.009325805501748507,0
2010-12-07 00:00:00+00:00,1.32876,1.34002,1.32357,1.32477,61755.0,1.3354059999999999,1.3267799999999998,1.3251166666666667,0,1,0,0,1,0,1.32477,0,1,1,0,0,0,1.29681,0.0,2010-12-07 00:00:00+00:00,1.34412,False,False,436870.0,1.3374779031411448,0,0,0.015921428571428642,0,0,0,0,0,0,-0.0030298942367131252,0
2010-12-08 00:00:00+00:00,1.32474,1.32799,1.31798,1.32475,63440.0,1.3321580000000002,1.32476,1.3243533333333333,0,1,0,0,1,0,1.32477,0,1,1,0,0,0,1.29681,0.0,2010-12-08 00:00:00+00:00,1.34412,False,True,373430.0,1.3373390454487997,0,0,0.014808571428571504,0,0,0,0,1,0,-1.509707418719675e-05,0
2010-12-09 00:00:00+00:00,1.32477,1.3322,1.31642,1.324,53658.0,1.32871,1.324375,1.3243808333333333,0,1,0,0,0,0,1.32477,0,1,1,0,0,0,1.29681,0.0,2010-12-09 00:00:00+00:00,1.34412,False,False,319772.0,1.3372170847056641,0,0,0.014960000000000084,0,0,0,0,0,0,-0.0005663048759179945,0
2010-12-10 00:00:00+00:00,1.32398,1.3282,1.31781,1.32215,43270.0,1.324892,1.323075,1.3242533333333333,0,1,0,0,0,0,1.32477,0,1,1,0,0,0,1.29681,0.0,2010-12-10 00:00:00+00:00,1.34412,False,False,276502.0,1.337106807279446,0,0,0.014986428571428654,0,0,0,0,0,0,-0.0013982580741192779,0
2010-12-12 00:00:00+00:00,1.32201,1.32306,1.31899,1.31961,2925.0,1.323056,1.3208799999999998,1.3250525,0,0,0,1,0,1,1.31961,0,1,1,1,0,1,1.29681,0.0,2010-12-12 00:00:00+00:00,1.34412,False,False,273577.0,1.337098154804392,0,0,0.014212857142857202,0,0,0,0,0,0,-0.0019229610431655665,0
2010-12-13 00:00:00+00:00,1.31963,1.34332,1.31823,1.33938,44659.0,1.325978,1.329495,1.3283758333333333,0,0,1,0,0,0,1.33938,1,0,0,1,1,0,1.29681,0.0,2010-12-13 00:00:00+00:00,1.34332,False,False,318236.0,1.337115254331852,1,0,0.015137142857142913,0,0,0,0,0,0,0.014870581925665732,1
2010-12-14 00:00:00+00:00,1.33935,1.34976,1.33544,1.33564,57410.0,1.328156,1.33751,1.3303108333333333,0,0,1,0,0,0,1.33564,0,1,1,0,0,0,1.29681,0.0,2010-12-14 00:00:00+00:00,1.34332,True,False,260826.0,1.3371011783174362,0,0,0.01445928571428577,0,0,0,0,0,1,-0.0027962425977472198,0
2010-12-15 00:00:00+00:00,1.33566,1.33777,1.3208,1.32239,60834.0,1.327834,1.329015,1.3304125,0,0,1,0,0,1,1.32239,0,1,1,0,0,0,1.29681,0.0,2010-12-15 00:00:00+00:00,1.33777,False,False,199992.0,1.3369539300426583,0,0,0.014373571428571477,0,0,0,0,0,0,-0.00996987223783448,0
2010-12-16 00:00:00+00:00,1.32241,1.32657,1.31811,1.32387,51870.0,1.3281779999999999,1.32313,1.3289858333333333,0,0,0,1,0,1,1.32239,0,1,1,0,0,0,1.34976,1.0,2010-12-16 00:00:00+00:00,1.33777,False,True,251862.0,1.3368432115587379,0,0,0.013477142857142918,0,1,0,0,0,0,0.00111855989533294,1
2010-12-17 00:00:00+00:00,1.32389,1.33585,1.31328,1.31833,45258.0,1.327922,1.3211,1.3270766666666667,0,1,0,0,0,0,1.32239,0,1,1,0,0,0,1.34976,0.0,2010-12-17 00:00:00+00:00,1.33777,False,False,206604.0,1.3367075215198196,0,0,0.013753571428571476,0,0,0,0,0,0,-0.004193481279644014,0
2010-12-19 00:00:00+00:00,1.318,1.31841,1.31511,1.31623,2925.0,1.323292,1.31728,1.3249925,0,0,0,1,0,1,1.31623,0,1,1,1,0,1,1.34976,0.0,2010-12-19 00:00:00+00:00,1.33777,False,False,203679.0,1.3366978260595086,0,0,0.01226928571428576,0,0,0,0,0,0,-0.0015941944345581195,0
2010-12-20 00:00:00+00:00,1.3162,1.31826,1.3094,1.31163,42316.0,1.3184900000000002,1.31393,1.3235625,0,0,0,1,0,1,1.31623,0,1,1,0,0,0,1.34976,0.0,2010-12-20 00:00:00+00:00,1.33777,False,False,161363.0,1.3365272878026662,0,0,0.012884285714285761,0,0,0,0,0,0,-0.0035009511148880266,0
2010-12-21 00:00:00+00:00,1.31166,1.32013,1.30734,1.309,41727.0,1.315812,1.3103150000000001,1.3222483333333332,0,0,0,1,0,1,1.309,0,1,1,1,0,1,1.34976,0.0,2010-12-21 00:00:00+00:00,1.33777,False,False,119636.0,1.336343854814953,0,0,0.013318571428571482,0,0,0,0,0,0,-0.002007151626095682,0
2010-12-22 00:00:00+00:00,1.30902,1.31806,1.30781,1.31135,42458.0,1.313308,1.310175,1.3211316666666666,0,0,0,1,0,1,1.309,0,1,1,0,0,0,1.34976,0.0,2010-12-22 00:00:00+00:00,1.31806,False,False,162094.0,1.336175527393539,0,0,0.012807857142857195,0,0,0,0,0,0,0.0017936540004456366,1
2010-12-23 00:00:00+00:00,1.31132,1.31505,1.30549,1.31222,35869.0,1.312086,1.311785,1.32015,0,0,0,1,0,1,1.309,0,1,1,0,0,0,1.34976,0.0,2010-12-23 00:00:00+00:00,1.31806,False,False,197963.0,1.336040001230248,0,0,0.012315714285714334,0,0,0,0,0,0,0.0006632184633073973,1
2010-12-24 00:00:00+00:00,1.3122,1.31473,1.30863,1.31173,16918.0,1.311186,1.311975,1.3192816666666667,0,0,1,0,0,1,1.309,0,1,1,0,0,0,1.34976,0.0,2010-12-24 00:00:00+00:00,1.31806,True,False,181045.0,1.335975305618818,0,0,0.012036428571428615,0,0,0,0,0,1,-0.0003734827307652054,0
2010-12-26 00:00:00+00:00,1.31225,1.31225,1.30713,1.30782,2124.0,1.3104239999999998,1.3097750000000001,1.3182991666666666,0,0,0,1,0,1,1.309,0,1,1,0,0,0,1.30549,2.0,2010-12-26 00:00:00+00:00,1.31225,False,False,178921.0,1.335965901664762,0,1,0.011275000000000035,0,0,1,0,0,0,-0.002985247774411595,0
2010-12-27 00:00:00+00:00,1.30785,1.31884,1.30778,1.31877,24383.0,1.312378,1.313295,1.3165816666666668,0,0,1,0,0,1,1.31877,1,0,0,1,1,0,1.30549,0.0,2010-12-27 00:00:00+00:00,1.31884,False,False,203304.0,1.3359002197487344,0,0,0.011322857142857174,0,0,0,0,0,0,0.008337855117676892,1
2010-12-28 00:00:00+00:00,1.3188,1.32735,1.30827,1.30847,39800.0,1.3118020000000001,1.31362,1.3143175,0,0,1,0,0,1,1.30847,0,1,1,0,0,0,1.30549,0.0,2010-12-28 00:00:00+00:00,1.31884,True,False,163504.0,1.3357302597250151,0,0,0.012395000000000045,0,0,0,0,0,1,-0.007840968294447437,0
2010-12-29 00:00:00+00:00,1.30844,1.32384,1.30836,1.32229,34685.0,1.313816,1.31538,1.3143091666666666,0,0,1,0,0,0,1.32229,0,1,1,0,0,0,1.30549,0.0,2010-12-29 00:00:00+00:00,1.31884,False,False,198189.0,1.3356580750512457,0,0,0.011708571428571466,0,0,0,0,0,0,0.010506566262122477,1
2010-12-30 00:00:00+00:00,1.32225,1.33139,1.32191,1.33003,33703.0,1.3174759999999999,1.32616,1.3148225,1,0,0,0,1,0,1.33003,1,0,0,1,1,0,1.30549,0.0,2010-12-30 00:00:00+00:00,1.31884,False,False,231892.0,1.3356288561749543,0,0,0.011362857142857183,0,0,0,0,0,0,0.005836416398557015,1
2010-12-31 00:00:00+00:00,1.33001,1.34234,1.3288,1.33835,34468.0,1.323582,1.33419,1.3164908333333334,1,0,0,0,1,0,1.33835,1,0,0,0,0,0,1.30549,0.0,2010-12-31 00:00:00+00:00,1.31884,False,False,266360.0,1.3356432277006831,1,0,0.011117857142857195,0,0,0,0,0,0,0.006236013582949726,1
2011-01-02 00:00:00+00:00,1.33796,1.33796,1.3323,1.33555,3794.0,1.3269379999999997,1.3369499999999999,1.3181008333333333,1,0,0,0,1,0,1.33835,1,0,0,0,0,0,1.30549,0.0,2011-01-02 00:00:00+00:00,1.31884,True,False,262566.0,1.335643173534879,0,0,0.01094571428571432,0,0,0,0,0,0,-0.0020943199247846623,0
2011-01-03 00:00:00+00:00,1.33558,1.33946,1.32504,1.33555,37471.0,1.332354,1.33555,1.3200941666666666,1,0,0,0,1,0,1.33835,1,0,0,0,0,0,1.34234,1.0,2011-01-03 00:00:00+00:00,1.33946,False,False,262566.0,1.3356426419338776,0,0,0.010363571428571472,1,0,0,0,0,0,0.0,0
2011-01-04 00:00:00+00:00,1.33558,1.34334,1.32913,1.33181,60768.0,1.334258,1.33368,1.321995,0,1,0,0,1,0,1.33181,0,1,1,1,0,1,1.34234,0.0,2011-01-04 00:00:00+00:00,1.33946,False,False,201798.0,1.3356075044091258,0,0,0.011142857142857185,0,0,0,0,0,0,-0.0028042727272879894,0
2011-01-05 00:00:00+00:00,1.33183,1.33247,1.31253,1.31555,66581.0,1.331362,1.32368,1.322345,0,1,0,0,1,0,1.31555,0,1,1,0,0,0,1.34234,0.0,2011-01-05 00:00:00+00:00,1.33946,False,False,135217.0,1.335408031244478,0,0,0.011934285714285755,0,0,0,0,0,0,-0.012284090163374861,0
2011-01-06 00:00:00+00:00,1.31552,1.31701,1.29669,1.29791,59866.0,1.323274,1.30673,1.3211525,0,1,0,0,0,0,1.29791,0,1,1,1,0,1,1.34334,1.0,2011-01-06 00:00:00+00:00,1.33946,False,False,75351.0,1.335075693437724,0,0,0.0124721428571429,1,0,0,0,0,0,-0.013499550702022694,0
2011-01-07 00:00:00+00:00,1.29788,1.30206,1.29007,1.29023,66477.0,1.31421,1.29407,1.3193608333333333,0,0,0,1,0,1,1.29023,0,1,1,1,0,1,1.34334,0.0,2011-01-07 00:00:00+00:00,1.33946,False,False,8874.0,1.334638644597698,0,0,0.012596428571428604,0,0,0,0,0,0,-0.005934781381092089,0
2011-01-09 00:00:00+00:00,1.29043,1.29133,1.28582,1.28946,5110.0,1.304992,1.2898450000000001,1.3178308333333333,0,0,0,1,0,1,1.29023,0,1,1,0,0,0,1.34334,0.0,2011-01-09 00:00:00+00:00,1.33946,False,False,3764.0,1.3346048251359586,0,1,0.012307142857142897,0,0,0,0,0,0,-0.0005969709716030205,0
2011-01-10 00:00:00+00:00,1.28943,1.29653,1.28737,1.29638,58080.0,1.297906,1.29292,1.315965,0,0,0,1,0,1,1.29638,1,0,0,1,1,0,1.34334,0.0,2011-01-10 00:00:00+00:00,1.29653,False,False,61844.0,1.3342823432967112,0,0,0.012525714285714331,0,0,0,0,0,0,0.00535223874597857,1
2011-01-11 00:00:00+00:00,1.29641,1.29925,1.29044,1.2982,63076.0,1.294436,1.29729,1.3151091666666666,0,0,1,0,0,1,1.29653,1,0,0,0,0,0,1.28582,2.0,2011-01-11 00:00:00+00:00,1.29653,False,False,124920.0,1.3339547529668274,0,0,0.012789285714285756,0,0,1,0,0,0,0.0014029247882199605,1
2011-01-12 00:00:00+00:00,1.29818,1.31441,1.29616,1.31261,66911.0,1.297376,1.305405,1.3143025,0,0,1,0,0,1,1.31261,1,0,0,0,0,0,1.28582,0.0,2011-01-12 00:00:00+00:00,1.29653,False,False,191831.0,1.3337511433966043,0,0,0.013302857142857187,0,0,0,0,0,0,0.011038831878398271,1
2011-01-13 00:00:00+00:00,1.31259,1.33824,1.30886,1.33503,63992.0,1.306336,1.32382,1.3147191666666667,0,0,1,0,0,0,1.33503,1,0,0,1,1,0,1.28582,0.0,2011-01-13 00:00:00+00:00,1.29653,False,False,255823.0,1.333762704864707,0,0,0.014038571428571487,0,0,0,0,0,0,0.01693624201420621,1
2011-01-14 00:00:00+00:00,1.335,1.34563,1.33139,1.33815,66491.0,1.316074,1.33659,1.3147024999999999,1,0,0,0,1,0,1.33503,1,0,0,0,0,0,1.28582,0.0,2011-01-14 00:00:00+00:00,1.29653,False,False,322314.0,1.3338035334803287,0,0,0.013950000000000065,0,0,0,0,0,0,0.0023342995359294503,1
2011-01-16 00:00:00+00:00,1.33837,1.34121,1.33524,1.33783,3504.0,1.3243639999999999,1.33799,1.3148925,1,0,0,0,1,0,1.33503,1,0,0,0,0,0,1.28582,0.0,2011-01-16 00:00:00+00:00,1.29653,True,False,318810.0,1.333805507176025,0,0,0.013699285714285771,0,0,0,0,0,0,-0.00023916471836501408,0
2011-01-17 00:00:00+00:00,1.33785,1.33788,1.32437,1.32808,48152.0,1.33034,1.3329550000000001,1.3142699999999998,1,0,0,0,1,0,1.32808,0,1,1,1,0,1,1.34563,1.0,2011-01-17 00:00:00+00:00,1.33788,False,False,270658.0,1.333767197835959,0,0,0.013697142857142899,1,0,0,0,0,0,-0.00731460812371656,0
2011-01-18 00:00:00+00:00,1.3281,1.34661,1.3253,1.33772,64148.0,1.335362,1.3329,1.3147625,0,1,0,0,1,0,1.33788,0,1,1,0,0,0,1.34563,0.0,2011-01-18 00:00:00+00:00,1.34661,False,False,334806.0,1.3338021207555315,0,0,0.014787142857142919,0,0,0,0,0,0,0.0072323820393137735,1
2011-01-19 00:00:00+00:00,1.33769,1.35382,1.33761,1.34511,65387.0,1.337378,1.341415,1.3172258333333333,1,0,0,0,1,0,1.34511,1,0,0,0,0,0,1.34563,0.0,2011-01-19 00:00:00+00:00,1.34661,False,False,400193.0,1.3339030463537553,0,0,0.014915000000000058,0,0,0,0,0,0,0.0055091218532616806,1
2011-01-20 00:00:00+00:00,1.34509,1.35224,1.33957,1.34653,62708.0,1.339054,1.34582,1.3212775,1,0,0,0,1,0,1.34653,0,1,1,0,0,0,1.34563,0.0,2011-01-20 00:00:00+00:00,1.34661,False,False,462901.0,1.3340102103107394,0,0,0.014805000000000068,0,0,0,0,0,0,0.001055118910209165,1
2011-01-21 00:00:00+00:00,1.3465,1.3624,1.34484,1.36163,61927.0,1.343814,1.35408,1.3272275,1,0,0,0,1,0,1.36163,1,0,0,0,0,0,1.34563,0.0,2011-01-21 00:00:00+00:00,1.34661,False,False,524828.0,1.3342397738255205,0,0,0.014635000000000065,0,0,0,0,0,0,0.011151598490251304,1
2011-01-22 00:00:00+00:00,1.36133,1.36133,1.36123,1.36123,13.0,1.350444,1.36143,1.3332083333333333,1,0,0,0,1,0,1.3624,1,0,0,0,0,0,1.34563,0.0,2011-01-22 00:00:00+00:00,1.34661,True,False,524815.0,1.334239820918002,0,0,0.01321214285714291,0,0,0,0,0,0,-0.00029380871794908934,0
2011-01-23 00:00:00+00:00,1.36123,1.36429,1.35873,1.36183,5219.0,1.3552659999999999,1.3615300000000001,1.3386624999999999,1,0,0,0,1,0,1.3624,1,0,0,0,0,0,1.34563,0.0,2011-01-23 00:00:00+00:00,1.34661,False,False,530034.0,1.3342591334586915,0,0,0.012752857142857201,0,0,0,0,0,0,0.0004406807119271567,1
2011-01-24 00:00:00+00:00,1.36185,1.36853,1.35402,1.36423,51138.0,1.3590900000000001,1.3630300000000002,1.344165,1,0,0,0,1,0,1.3624,1,0,0,0,0,0,1.34563,0.0,2011-01-24 00:00:00+00:00,1.34661,False,False,581172.0,1.3344632941418746,0,0,0.013395714285714335,0,0,0,0,0,0,0.0017607834164117082,1
2011-01-25 00:00:00+00:00,1.36426,1.37036,1.35724,1.36846,65199.0,1.363476,1.366345,1.3488191666666667,1,0,0,0,1,0,1.36846,1,0,0,0,0,0,1.34563,0.0,2011-01-25 00:00:00+00:00,1.34661,False,False,646371.0,1.334756013389367,0,0,0.013678571428571476,0,0,0,0,0,0,0.0030958530813720224,1
2011-01-26 00:00:00+00:00,1.36849,1.37207,1.36402,1.37093,57113.0,1.3653359999999999,1.369695,1.3518108333333334,1,0,0,0,1,0,1.36846,1,0,0,0,0,0,1.34563,0.0,2011-01-26 00:00:00+00:00,1.34661,False,False,703484.0,1.335026808944096,0,0,0.013624285714285755,0,0,0,0,0,0,0.0018033216660376624,1
2011-01-27 00:00:00+00:00,1.37096,1.37581,1.3637,1.37215,52013.0,1.36752,1.37154,1.3546441666666666,1,0,0,0,1,0,1.36846,1,0,0,0,0,0,1.34563,0.0,2011-01-27 00:00:00+00:00,1.34661,False,False,755497.0,1.335278180801085,0,0,0.013185714285714325,0,0,0,0,0,0,0.000889511119210316,1
2011-01-28 00:00:00+00:00,1.37213,1.37457,1.35831,1.36061,49081.0,1.367276,1.36638,1.3565425,0,1,0,0,1,0,1.36061,0,1,1,1,0,1,1.34563,0.0,2011-01-28 00:00:00+00:00,1.37457,False,False,706416.0,1.335439013035923,0,0,0.012248571428571466,0,0,0,0,0,0,-0.008445724173252376,0
2011-01-29 00:00:00+00:00,1.36061,1.36061,1.36061,1.36061,12.0,1.366552,1.36061,1.3592533333333334,0,1,0,0,1,0,1.36061,0,1,1,0,0,0,1.37581,1.0,2011-01-29 00:00:00+00:00,1.37457,False,False,706416.0,1.335439052108687,0,0,0.011231428571428606,1,0,0,0,0,0,0.0,0
2011-01-30 00:00:00+00:00,1.36061,1.36093,1.35704,1.35715,4978.0,1.36429,1.35888,1.3608725,0,1,0,0,0,0,1.36061,0,1,1,0,0,0,1.37581,0.0,2011-01-30 00:00:00+00:00,1.37457,False,False,701438.0,1.3354530237280864,0,1,0.011082857142857172,0,0,0,0,0,0,-0.0025462159052505574,0
2011-01-31 00:00:00+00:00,1.35717,1.37386,1.35704,1.37128,48010.0,1.36436,1.3642150000000002,1.3630533333333332,0,1,0,0,1,0,1.37128,1,0,0,1,1,0,1.37581,0.0,2011-01-31 00:00:00+00:00,1.37386,False,False,749448.0,1.3356740112872327,0,0,0.011319285714285754,0,0,0,0,0,0,0.010357697521438199,1
2011-02-01 00:00:00+00:00,1.37131,1.38423,1.37005,1.38281,48524.0,1.366492,1.377045,1.3660766666666666,1,0,0,0,1,0,1.38281,1,0,0,0,0,0,1.37581,0.0,2011-02-01 00:00:00+00:00,1.37386,False,False,797972.0,1.3359660470865191,1,0,0.010810000000000033,0,0,0,0,0,0,0.008373050526308587,1
2011-02-02 00:00:00+00:00,1.38279,1.3861,1.37673,1.38163,43752.0,1.370696,1.38222,1.3677433333333333,1,0,0,0,1,0,1.38281,1,0,0,0,0,0,1.37581,0.0,2011-02-02 00:00:00+00:00,1.37386,True,False,754220.0,1.3362197228292882,0,0,0.010321428571428608,0,0,0,0,0,0,-0.0008536991735510141,0
2011-02-03 00:00:00+00:00,1.3816,1.38254,1.36093,1.36231,46988.0,1.3710360000000001,1.37197,1.3678333333333335,1,0,0,0,1,0,1.36231,0,1,1,1,0,1,1.37581,0.0,2011-02-03 00:00:00+00:00,1.38254,False,False,707232.0,1.3363744582750825,0,0,0.010960000000000034,0,0,0,0,0,0,-0.014082173279435912,0
2011-02-04 00:00:00+00:00,1.36233,1.36745,1.35432,1.35759,38763.0,1.371124,1.35995,1.3674799999999998,0,1,0,0,0,0,1.35759,0,1,1,0,0,0,1.3861,1.0,2011-02-04 00:00:00+00:00,1.38254,False,False,668469.0,1.336477752491957,0,0,0.010643571428571466,1,0,0,0,0,0,-0.0034707193191294053,0
2011-02-05 00:00:00+00:00,1.35759,1.35759,1.35759,1.35759,2.0,1.3683859999999999,1.35759,1.3669266666666668,0,1,0,0,0,0,1.35759,0,1,1,0,0,0,1.3861,0.0,2011-02-05 00:00:00+00:00,1.38254,False,False,668469.0,1.3364777577955338,0,0,0.010615000000000041,0,0,0,0,0,0,0.0,0
2011-02-06 00:00:00+00:00,1.35759,1.35973,1.35444,1.35728,3421.0,1.36328,1.3574350000000002,1.365995,0,0,0,1,0,1,1.35759,0,1,1,0,0,0,1.3861,0.0,2011-02-06 00:00:00+00:00,1.38254,False,False,665048.0,1.3364866925174765,0,0,0.010595714285714328,0,0,0,0,0,0,-0.00022837189356939057,0
2011-02-07 00:00:00+00:00,1.35726,1.3626,1.35081,1.35918,38653.0,1.3587900000000002,1.35823,1.3650158333333333,0,0,0,1,0,1,1.35759,0,1,1,0,0,0,1.3861,0.0,2011-02-07 00:00:00+00:00,1.3626,False,False,703701.0,1.3365962889289509,0,0,0.010401428571428608,0,0,0,0,0,0,0.0013988796520741685,1
2011-02-08 00:00:00+00:00,1.35916,1.3688,1.35721,1.36249,43639.0,1.358826,1.360835,1.3642108333333336,0,0,1,0,0,1,1.35759,0,1,1,0,0,0,1.3861,0.0,2011-02-08 00:00:00+00:00,1.3626,False,False,747340.0,1.3367367069633678,0,0,0.010292142857142892,0,0,0,0,0,0,0.0024323313494249597,1
2011-02-09 00:00:00+00:00,1.36246,1.37437,1.36109,1.37187,41622.0,1.361682,1.3671799999999998,1.3651491666666666,0,0,1,0,0,0,1.37187,1,0,0,1,1,0,1.35081,2.0,2011-02-09 00:00:00+00:00,1.3626,False,False,788962.0,1.3369174889390918,1,0,0.010665714285714343,0,0,1,0,0,0,0.006860864549045676,1
2011-02-10 00:00:00+00:00,1.37184,1.37273,1.35771,1.36029,42063.0,1.362222,1.36608,1.3651225,0,0,1,0,0,0,1.36029,0,1,1,0,0,0,1.35081,0.0,2011-02-10 00:00:00+00:00,1.37273,False,False,746899.0,1.3370384001054734,0,0,0.010873571428571482,0,0,0,0,0,0,-0.008476860317168215,0
2011-02-11 00:00:00+00:00,1.36032,1.36203,1.34971,1.35464,36564.0,1.361694,1.357465,1.3649133333333332,0,0,0,1,0,1,1.35464,0,1,1,0,0,0,1.35081,0.0,2011-02-11 00:00:00+00:00,1.37273,False,False,710335.0,1.3371171986201358,0,0,0.010592142857142908,0,0,0,0,0,0,-0.00416217593571625,0
2011-02-12 00:00:00+00:00,1.35464,1.35464,1.35464,1.35464,11.0,1.360786,1.35464,1.3635266666666668,0,0,0,1,0,1,1.35464,0,1,1,0,0,0,1.35081,0.0,2011-02-12 00:00:00+00:00,1.37273,False,False,710335.0,1.337117222219909,0,0,0.010592142857142908,0,0,0,0,0,0,0.0,0
2011-02-13 00:00:00+00:00,1.35464,1.35498,1.35008,1.35107,4858.0,1.358502,1.352855,1.3608816666666668,0,0,0,1,0,1,1.35464,0,1,1,0,0,0,1.34971,2.0,2011-02-13 00:00:00+00:00,1.37273,False,False,705477.0,1.3371255163634808,0,0,0.010664285714285777,0,0,1,0,0,0,-0.0026388652676552827,0
2011-02-14 00:00:00+00:00,1.35111,1.35578,1.34286,1.34786,36354.0,1.3537000000000001,1.349465,1.3580675,0,0,0,1,0,1,1.34786,0,1,1,1,0,1,1.34971,0.0,2011-02-14 00:00:00+00:00,1.37273,False,False,669123.0,1.3371730563531505,0,1,0.010385714285714347,0,0,0,0,0,0,-0.002378721577513608,0
2011-02-15 00:00:00+00:00,1.34789,1.355,1.34608,1.34974,44129.0,1.35159,1.3488,1.3570200000000001,0,0,0,1,0,1,1.34786,0,1,1,0,0,0,1.34971,0.0,2011-02-15 00:00:00+00:00,1.355,False,False,713252.0,1.3372402535276693,0,0,0.010010000000000059,0,0,0,0,0,0,0.0013938317796314103,1
2011-02-16 00:00:00+00:00,1.34971,1.35873,1.34619,1.35733,47774.0,1.352128,1.353535,1.3569983333333333,0,0,1,0,0,1,1.35733,1,0,0,1,1,0,1.34286,2.0,2011-02-16 00:00:00+00:00,1.355,False,False,761026.0,1.3373558797995462,0,0,0.010236428571428622,0,0,1,0,0,0,0.005607553472008055,1
2011-02-17 00:00:00+00:00,1.3573,1.36267,1.35364,1.36226,42840.0,1.3536519999999999,1.359795,1.3573875,0,0,1,0,0,0,1.35873,1,0,0,0,0,0,1.34286,0.0,2011-02-17 00:00:00+00:00,1.355,False,False,803866.0,1.3374837518021632,0,0,0.009337857142857191,0,0,0,0,0,0,0.00362555046918503,1
2011-02-18 00:00:00+00:00,1.36224,1.37145,1.35452,1.36881,39673.0,1.3572,1.365535,1.3583483333333335,0,0,1,0,0,0,1.36881,1,0,0,0,0,0,1.34286,0.0,2011-02-18 00:00:00+00:00,1.355,False,False,843539.0,1.3376320029466369,0,0,0.009609285714285765,0,0,0,0,0,0,0.004796663987756071,1
2011-02-19 00:00:00+00:00,1.36881,1.36881,1.36881,1.36881,12.0,1.36139,1.36881,1.3591508333333333,1,0,0,0,1,0,1.36881,1,0,0,0,0,0,1.34286,0.0,2011-02-19 00:00:00+00:00,1.355,False,False,843539.0,1.337632047576285,0,0,0.009609285714285765,0,0,0,0,0,0,0.0,0
2011-02-20 00:00:00+00:00,1.36881,1.37223,1.36841,1.37118,3191.0,1.3656780000000002,1.369995,1.359875,1,0,0,0,1,0,1.36881,1,0,0,0,0,0,1.34286,0.0,2011-02-20 00:00:00+00:00,1.355,False,False,846730.0,1.3376448125977105,0,0,0.009504285714285774,0,0,0,0,0,0,0.0017299337523511843,1
2011-02-21 00:00:00+00:00,1.3712,1.3712,1.36473,1.36805,23560.0,1.3678219999999999,1.369615,1.3595566666666665,1,0,0,0,1,0,1.36881,1,0,0,0,0,0,1.34286,0.0,2011-02-21 00:00:00+00:00,1.3712,False,False,823170.0,1.337729991752554,0,0,0.009124285714285776,0,0,0,0,0,0,-0.0022853147506741783,0
2011-02-22 00:00:00+00:00,1.36807,1.37029,1.3525,1.36716,50763.0,1.368802,1.367605,1.3601291666666668,0,1,0,0,1,0,1.36881,1,0,0,0,0,0,1.34286,0.0,2011-02-22 00:00:00+00:00,1.3712,False,False,772407.0,1.3379065688801313,0,0,0.009567142857142916,0,0,0,0,0,0,-0.0006507727241491673,0
2011-02-23 00:00:00+00:00,1.36718,1.37859,1.36716,1.37598,43935.0,1.370236,1.37157,1.3619075,1,0,0,0,1,0,1.37598,1,0,0,1,1,0,1.34286,0.0,2011-02-23 00:00:00+00:00,1.37859,False,False,816342.0,1.338103257861797,0,0,0.009435000000000051,0,0,0,0,0,0,0.006430609005910967,1
2011-02-24 00:00:00+00:00,1.37595,1.38227,1.37042,1.3819,45112.0,1.3728539999999998,1.37894,1.364179166666667,1,0,0,0,1,0,1.3819,1,0,0,1,1,0,1.34286,0.0,2011-02-24 00:00:00+00:00,1.37859,False,False,861454.0,1.3383343492024904,0,0,0.009208571428571486,0,0,0,0,0,0,0.00429315930550344,1
2011-02-25 00:00:00+00:00,1.38192,1.38374,1.37234,1.37484,34160.0,1.373586,1.3783699999999999,1.36616,1,0,0,0,1,0,1.37484,0,1,1,1,0,1,1.34286,0.0,2011-02-25 00:00:00+00:00,1.38374,False,False,827294.0,1.3384796259101535,0,0,0.009142857142857199,0,0,0,0,0,0,-0.005122003115904017,0
2011-02-27 00:00:00+00:00,1.37484,1.37622,1.37293,1.37334,2245.0,1.374644,1.37409,1.3682833333333333,0,1,0,0,1,0,1.37334,0,1,1,0,0,0,1.34286,0.0,2011-02-27 00:00:00+00:00,1.38374,False,False,825049.0,1.3384887408299366,0,0,0.0093778571428572,0,0,0,0,0,0,-0.0010916316609228206,0
2011-02-28 00:00:00+00:00,1.37336,1.3855,1.37109,1.38203,41485.0,1.377618,1.377685,1.3709741666666666,1,0,0,0,1,0,1.38203,1,0,0,1,1,0,1.34286,0.0,2011-02-28 00:00:00+00:00,1.3855,False,False,866534.0,1.3386981054217182,0,0,0.010057142857142907,0,0,0,0,0,0,0.006307703729438711,1
2011-03-01 00:00:00+00:00,1.38206,1.38538,1.37624,1.3767,40642.0,1.3777620000000002,1.379365,1.3725883333333335,1,0,0,0,1,0,1.3767,0,1,1,0,0,0,1.34286,0.0,2011-03-01 00:00:00+00:00,1.3855,True,False,825892.0,1.3388762819305777,0,0,0.009787142857142914,0,0,0,0,0,0,-0.003864101693153106,0
2011-03-02 00:00:00+00:00,1.37668,1.389,1.37428,1.38648,37465.0,1.378678,1.38159,1.3746066666666668,1,0,0,0,1,0,1.38538,0,1,1,0,0,0,1.34286,0.0,2011-03-02 00:00:00+00:00,1.3855,False,False,863357.0,1.3390811450174382,0,0,0.01020142857142863,0,0,0,0,0,0,0.007078830072222093,1
2011-03-03 00:00:00+00:00,1.3865,1.39751,1.38329,1.39554,43280.0,1.3828179999999999,1.39101,1.3768341666666666,1,0,0,0,1,0,1.39554,1,0,0,0,0,0,1.34286,0.0,2011-03-03 00:00:00+00:00,1.3855,False,False,906637.0,1.3393604397137755,0,0,0.01032142857142864,0,0,0,0,0,0,0.006513275985912648,1
2011-03-04 00:00:00+00:00,1.39557,1.40066,1.39404,1.39818,37992.0,1.3877859999999997,1.39686,1.3792816666666665,1,0,0,0,1,0,1.39751,1,0,0,0,0,0,1.34286,0.0,2011-03-04 00:00:00+00:00,1.3855,False,False,944629.0,1.3396147567644576,0,0,0.01014928571428578,0,0,0,0,0,0,0.00188995374326946,1
2011-03-05 00:00:00+00:00,1.39818,1.39818,1.39818,1.39818,6.0,1.391016,1.39818,1.3815316666666666,1,0,0,0,1,0,1.39751,1,0,0,0,0,0,1.34286,0.0,2011-03-05 00:00:00+00:00,1.3855,False,False,944629.0,1.3396147967545542,0,0,0.008940000000000059,0,0,0,0,0,0,0.0,0
2011-03-06 00:00:00+00:00,1.39818,1.39964,1.39765,1.39899,2240.0,1.3954739999999999,1.398585,1.38411,1,0,0,0,1,0,1.39751,1,0,0,0,0,0,1.40066,1.0,2011-03-06 00:00:00+00:00,1.3855,False,False,946869.0,1.3396299290106193,1,0,0.009082142857142912,1,0,0,0,0,0,0.0005791568068018685,1
2011-03-07 00:00:00+00:00,1.39896,1.40354,1.3955,1.39617,30700.0,1.3974119999999999,1.39758,1.3865275,1,0,0,0,1,0,1.39751,1,0,0,0,0,0,1.40066,0.0,2011-03-07 00:00:00+00:00,1.40354,False,False,916169.0,1.3398267316711674,0,0,0.009383571428571475,0,0,0,0,0,0,-0.002017774264644588,0
2011-03-08 00:00:00+00:00,1.39619,1.39883,1.38621,1.38937,30480.0,1.396178,1.39277,1.3876433333333333,0,1,0,0,1,0,1.38937,0,1,1,0,0,0,1.40066,0.0,2011-03-08 00:00:00+00:00,1.40354,False,False,885689.0,1.3399973546814128,0,0,0.009822857142857197,0,0,0,0,0,0,-0.004882366440914391,0
2011-03-09 00:00:00+00:00,1.3894,1.39409,1.38556,1.39033,30078.0,1.394608,1.38985,1.3883458333333334,0,1,0,0,1,0,1.39033,0,1,1,0,0,0,1.40354,1.0,2011-03-09 00:00:00+00:00,1.40354,False,True,915767.0,1.3401678306821936,0,0,0.009161428571428638,1,0,0,0,1,0,0.0006907220478236973,1
2011-03-10 00:00:00+00:00,1.39031,1.39239,1.3775,1.38002,37520.0,1.3909759999999998,1.385175,1.3887775,0,1,0,0,0,0,1.38002,0,1,1,1,0,1,1.40354,0.0,2011-03-10 00:00:00+00:00,1.40354,False,False,878247.0,1.3403354979558144,0,1,0.009408571428571497,0,0,0,0,0,0,-0.007443137219513756,0
2011-03-11 00:00:00+00:00,1.38005,1.39103,1.37517,1.38979,39233.0,1.3891360000000001,1.384905,1.3901483333333333,0,0,0,1,0,1,1.38979,1,0,0,1,1,0,1.40354,0.0,2011-03-11 00:00:00+00:00,1.40354,False,True,917480.0,1.3405521109222245,0,0,0.009695000000000056,0,0,0,0,0,0,0.0070546647745898475,1
2011-03-12 00:00:00+00:00,1.38979,1.38979,1.38979,1.38979,12.0,1.38786,1.38979,1.390795,0,0,1,0,0,1,1.39103,1,0,0,0,0,0,1.40354,0.0,2011-03-12 00:00:00+00:00,1.38979,False,False,917480.0,1.3405521768862556,0,0,0.008880714285714337,0,0,0,0,0,0,0.0,0
2011-03-13 00:00:00+00:00,1.38979,1.39829,1.38979,1.39345,11691.0,1.388676,1.39162,1.3921908333333333,0,0,1,0,0,1,1.39103,1,0,0,0,0,0,1.40354,0.0,2011-03-13 00:00:00+00:00,1.38979,False,False,929171.0,1.3406211293048114,0,0,0.00925285714285719,0,0,0,0,0,0,0.0026300298283311557,1
2011-03-14 00:00:00+00:00,1.39343,1.40026,1.39041,1.39903,34283.0,1.390416,1.3962400000000001,1.3932366666666667,0,0,1,0,0,0,1.39903,1,0,0,0,0,0,1.40354,0.0,2011-03-14 00:00:00+00:00,1.38979,False,False,963454.0,1.340843542617462,0,0,0.008927142857142911,0,0,0,0,0,0,0.0039964529212804046,1
2011-03-15 00:00:00+00:00,1.399,1.40123,1.38551,1.39853,58474.0,1.3941180000000002,1.39878,1.3934858333333333,1,0,0,0,1,0,1.39903,1,0,0,0,0,0,1.40354,0.0,2011-03-15 00:00:00+00:00,1.40123,False,False,904980.0,1.341215787114586,0,0,0.009397142857142897,0,0,0,0,0,0,-0.00035745435688522655,0
2011-03-16 00:00:00+00:00,1.39856,1.40005,1.38665,1.38829,57108.0,1.393818,1.39341,1.3926616666666665,0,1,0,0,1,0,1.38829,0,1,1,1,0,1,1.40354,0.0,2011-03-16 00:00:00+00:00,1.40123,False,False,847872.0,1.3415105978079738,0,1,0.009302857142857184,0,0,0,0,0,0,-0.00734891100645121,0
2011-03-17 00:00:00+00:00,1.38832,1.40511,1.38763,1.403,52200.0,1.39646,1.395645,1.3930633333333333,0,1,0,0,1,0,1.40005,0,1,1,0,0,0,1.40354,0.0,2011-03-17 00:00:00+00:00,1.40511,False,False,900072.0,1.3418605872795932,0,0,0.00953571428571433,0,0,0,0,0,0,0.010540027141741357,1
2011-03-18 00:00:00+00:00,1.40298,1.41831,1.39796,1.41769,47897.0,1.4013079999999998,1.410345,1.3946216666666666,1,0,0,0,1,0,1.41769,1,0,0,0,0,0,1.40354,0.0,2011-03-18 00:00:00+00:00,1.40511,False,False,947969.0,1.3422545616201875,0,0,0.010516428571428602,0,0,0,0,0,0,0.010415985317754142,1
2011-03-19 00:00:00+00:00,1.41769,1.41769,1.41769,1.41769,12.0,1.40504,1.41769,1.396415,1,0,0,0,1,0,1.41831,1,0,0,0,0,0,1.40354,0.0,2011-03-19 00:00:00+00:00,1.40511,False,False,947969.0,1.342254659812623,0,0,0.010516428571428602,0,0,0,0,0,0,0.0,0
2011-03-20 00:00:00+00:00,1.41769,1.4196,1.41613,1.41679,3908.0,1.4086919999999998,1.41724,1.3987,1,0,0,0,1,0,1.41831,1,0,0,0,0,0,1.40354,0.0,2011-03-20 00:00:00+00:00,1.4196,False,False,944061.0,1.3422862428646916,0,0,0.010622142857142882,0,0,0,0,0,0,-0.0006350371357323172,0
2011-03-21 00:00:00+00:00,1.41676,1.42394,1.41381,1.4216,32191.0,1.415354,1.419195,1.4013058333333335,1,0,0,0,1,0,1.41831,1,0,0,0,0,0,1.40354,0.0,2011-03-21 00:00:00+00:00,1.42394,False,False,976252.0,1.3425621145222315,1,0,0.01077142857142859,0,0,0,0,0,0,0.0033892485559588845,1
2011-03-22 00:00:00+00:00,1.42163,1.4248,1.4162,1.41677,31787.0,1.418108,1.4191850000000001,1.4043683333333334,1,0,0,0,1,0,1.41831,1,0,0,0,0,0,1.40354,0.0,2011-03-22 00:00:00+00:00,1.42394,True,False,944465.0,1.3428161150554285,0,0,0.01048428571428574,0,0,0,0,0,0,-0.0034033650736963457,0
2011-03-23 00:00:00+00:00,1.4168,1.4214,1.40765,1.41038,39616.0,1.416646,1.413575,1.4060841666666668,0,1,0,0,1,0,1.41038,0,1,1,0,0,0,1.40354,0.0,2011-03-23 00:00:00+00:00,1.4214,False,False,904849.0,1.3431031082319929,0,0,0.010857142857142867,0,0,0,0,0,0,-0.004520461157989158,0
2011-03-24 00:00:00+00:00,1.4104,1.42195,1.40534,1.41692,36757.0,1.416492,1.41365,1.408345,0,1,0,0,1,0,1.4214,0,1,1,0,0,0,1.4248,1.0,2011-03-24 00:00:00+00:00,1.42195,False,False,941606.0,1.3433928918817797,0,0,0.010980000000000005,1,0,0,0,0,0,0.00462633018398706,1
2011-03-25 00:00:00+00:00,1.41689,1.41931,1.40549,1.40832,35782.0,1.414798,1.41262,1.4095841666666666,0,1,0,0,1,0,1.40832,0,1,1,0,0,0,1.4248,0.0,2011-03-25 00:00:00+00:00,1.41931,False,False,905824.0,1.3436400712453354,0,0,0.010834285714285732,0,0,0,0,0,0,-0.006087997170016473,0
2011-03-26 00:00:00+00:00,1.40832,1.40832,1.40832,1.40832,12.0,1.412142,1.40832,1.4103583333333332,0,1,0,0,0,0,1.40832,0,1,1,0,0,0,1.4248,0.0,2011-03-26 00:00:00+00:00,1.41931,False,False,905824.0,1.3436401538247429,0,0,0.010834285714285732,0,0,0,0,0,0,0.0,0
2011-03-27 00:00:00+00:00,1.40832,1.40832,1.40181,1.40347,4578.0,1.4094820000000001,1.4058950000000001,1.41077,0,0,0,1,0,1,1.40832,0,1,1,0,0,0,1.4248,0.0,2011-03-27 00:00:00+00:00,1.41931,False,False,901246.0,1.3436692813223887,0,1,0.010692142857142881,0,0,0,0,0,0,-0.003449763182835466,0
2011-03-28 00:00:00+00:00,1.40344,1.4115,1.40263,1.40727,31555.0,1.40886,1.40537,1.4123516666666667,0,0,0,1,0,1,1.40832,0,1,1,0,0,0,1.4248,0.0,2011-03-28 00:00:00+00:00,1.4115,False,False,932801.0,1.343881989802731,0,0,0.010622142857142866,0,0,0,0,0,0,0.002703915919082378,1
2011-03-29 00:00:00+00:00,1.40725,1.41484,1.40466,1.41204,36554.0,1.407884,1.4096549999999999,1.413105,0,0,1,0,0,1,1.40832,0,1,1,0,0,0,1.4248,0.0,2011-03-29 00:00:00+00:00,1.4115,False,False,969355.0,1.3441450330069895,0,0,0.01022642857142859,0,0,0,0,0,0,0.003383809904864325,1
2011-03-30 00:00:00+00:00,1.41206,1.41471,1.40519,1.41269,38294.0,1.408758,1.4123649999999999,1.4126883333333333,0,0,1,0,0,1,1.40832,0,1,1,0,0,0,1.4248,0.0,2011-03-30 00:00:00+00:00,1.4115,False,False,1007649.0,1.3444210458295978,0,0,0.009949285714285725,0,0,0,0,0,0,0.0004602209849951956,1
2011-03-31 00:00:00+00:00,1.41267,1.42327,1.41158,1.4156,37173.0,1.410214,1.414145,1.4125141666666667,0,0,1,0,0,0,1.4156,1,0,0,1,1,0,1.4248,0.0,2011-03-31 00:00:00+00:00,1.4115,False,False,1044822.0,1.3446981913601581,0,0,0.009535714285714283,0,0,0,0,0,0,0.0020577812224753748,1
2011-04-01 00:00:00+00:00,1.41557,1.42449,1.40615,1.42289,34331.0,1.4140979999999999,1.419245,1.4130225,1,0,0,0,1,0,1.42327,1,0,0,0,0,0,1.4248,0.0,2011-04-01 00:00:00+00:00,1.4115,False,False,1079153.0,1.3449783586778497,0,0,0.009392142857142865,0,0,0,0,0,0,0.00513654515487548,1
2011-04-02 00:00:00+00:00,1.42289,1.42289,1.42289,1.42289,12.0,1.417222,1.42289,1.41313,1,0,0,0,1,0,1.42327,1,0,0,0,0,0,1.4248,0.0,2011-04-02 00:00:00+00:00,1.4115,False,False,1079153.0,1.3449784562560525,0,0,0.009392142857142865,0,0,0,0,0,0,0.0,0
2011-04-03 00:00:00+00:00,1.42289,1.42422,1.42054,1.42343,3631.0,1.4195,1.42316,1.413685,1,0,0,0,1,0,1.42327,1,0,0,0,0,0,1.4248,0.0,2011-04-03 00:00:00+00:00,1.42422,False,True,1082784.0,1.3450081751340175,0,0,0.009407142857142883,0,0,0,0,1,0,0.0003794373130770232,1
2011-04-04 00:00:00+00:00,1.4234,1.4268,1.41919,1.42052,27003.0,1.4210660000000002,1.421975,1.41453,1,0,0,0,1,0,1.42327,1,0,0,0,0,0,1.4248,0.0,2011-04-04 00:00:00+00:00,1.42422,False,False,1055781.0,1.3452203089364472,0,0,0.009227142857142894,0,0,0,0,0,0,-0.0020464501946797884,0
2011-04-05 00:00:00+00:00,1.42049,1.42452,1.41513,1.42312,31946.0,1.42257,1.4218199999999999,1.4150466666666668,0,1,0,0,1,0,1.42327,1,0,0,0,0,0,1.4248,0.0,2011-04-05 00:00:00+00:00,1.42422,False,True,1087727.0,1.3454783531473382,0,0,0.009283571428571455,0,0,0,0,1,0,0.0018286426724332362,1
2011-04-06 00:00:00+00:00,1.42309,1.4349,1.42278,1.43239,37745.0,1.42447,1.4277549999999999,1.4170525000000003,1,0,0,0,1,0,1.43239,1,0,0,0,0,0,1.4248,0.0,2011-04-06 00:00:00+00:00,1.4349,False,False,1125472.0,1.3458171839401176,0,0,0.009167142857142898,0,0,0,0,0,0,0.006492733392751705,1
2011-04-07 00:00:00+00:00,1.43242,1.43253,1.42421,1.42974,43030.0,1.4258400000000002,1.431065,1.4188374999999998,1,0,0,0,1,0,1.43239,1,0,0,0,0,0,1.4248,0.0,2011-04-07 00:00:00+00:00,1.4349,True,False,1082442.0,1.3461885232614152,0,0,0.008575000000000046,0,0,0,0,0,0,-0.0018517682685604904,0
2011-04-08 00:00:00+00:00,1.42977,1.44832,1.42909,1.44782,37265.0,1.430718,1.43878,1.4225333333333332,1,0,0,0,1,0,1.44782,1,0,0,1,1,0,1.4248,0.0,2011-04-08 00:00:00+00:00,1.4349,False,False,1119707.0,1.3465764840996668,0,0,0.008961428571428611,0,0,0,0,0,0,0.012566367285138358,1
2011-04-09 00:00:00+00:00,1.44782,1.44782,1.44632,1.44632,13.0,1.435878,1.44707,1.4257875,1,0,0,0,1,0,1.44782,1,0,0,0,0,0,1.4248,0.0,2011-04-09 00:00:00+00:00,1.4349,True,False,1119694.0,1.3465766169265476,0,0,0.009068571428571473,0,0,0,0,0,0,-0.0010365774525846118,0
2011-04-10 00:00:00+00:00,1.44632,1.44832,1.44366,1.44798,3896.0,1.44085,1.4471500000000002,1.4287824999999998,1,0,0,0,1,0,1.44782,1,0,0,0,0,0,1.44832,1.0,2011-04-10 00:00:00+00:00,1.44832,False,True,1123590.0,1.3466170704217877,0,0,0.008936428571428623,1,0,0,0,1,0,0.0011470823218177946,1
2011-04-11 00:00:00+00:00,1.44796,1.44826,1.44205,1.44229,31757.0,1.44283,1.445135,1.4312491666666667,1,0,0,0,1,0,1.44229,0,1,1,1,0,1,1.44832,0.0,2011-04-11 00:00:00+00:00,1.44832,False,False,1091833.0,1.3469271714824436,0,0,0.00874642857142863,0,0,0,0,0,0,-0.00393735350045949,0
2011-04-12 00:00:00+00:00,1.44232,1.45187,1.43772,1.44821,47486.0,1.446524,1.4452500000000001,1.4339666666666666,0,1,0,0,1,0,1.44826,0,1,1,0,0,0,1.44832,0.0,2011-04-12 00:00:00+00:00,1.44832,False,True,1139319.0,1.3474156847206535,0,0,0.009030000000000047,0,0,0,0,1,0,0.004096182859364378,1
2011-04-13 00:00:00+00:00,1.44824,1.45198,1.44133,1.44505,40710.0,1.4459700000000002,1.4466299999999999,1.4358133333333332,1,0,0,0,1,0,1.44826,0,1,1,0,0,0,1.44832,0.0,2011-04-13 00:00:00+00:00,1.45198,True,False,1098609.0,1.347817740591115,0,0,0.009110714285714337,0,0,0,0,0,0,-0.002184388030462766,0
2011-04-14 00:00:00+00:00,1.44502,1.45137,1.43651,1.45015,45040.0,1.446736,1.4476,1.438085,1,0,0,0,1,0,1.44826,0,1,1,0,0,0,1.44832,0.0,2011-04-14 00:00:00+00:00,1.45137,False,True,1143649.0,1.34828184920051,1,0,0.009337142857142917,0,0,0,0,1,0,0.0035230763160591576,1
2011-04-15 00:00:00+00:00,1.45013,1.45013,1.43903,1.44253,35216.0,1.445646,1.4463400000000002,1.439676666666667,1,0,0,0,1,0,1.44253,0,1,1,0,0,0,1.45198,1.0,2011-04-15 00:00:00+00:00,1.45137,False,False,1108433.0,1.3486148798646778,0,0,0.008821428571428631,1,0,0,0,0,0,-0.005268482947046557,0
2011-04-16 00:00:00+00:00,1.44253,1.44253,1.44253,1.44253,12.0,1.445694,1.44253,1.4415108333333333,0,1,0,0,1,0,1.44253,0,1,1,0,0,0,1.45198,0.0,2011-04-16 00:00:00+00:00,1.45137,False,False,1108433.0,1.348614992945147,0,0,0.008821428571428631,0,0,0,0,0,0,0.0,0
2011-04-17 00:00:00+00:00,1.44253,1.44253,1.43902,1.43962,2988.0,1.443976,1.441075,1.4428858333333334,0,1,0,0,0,0,1.44253,0,1,1,0,0,0,1.45198,0.0,2011-04-17 00:00:00+00:00,1.45137,False,False,1105445.0,1.3486422693124744,0,0,0.008809285714285773,0,0,0,0,0,0,-0.002019326536673994,0
2011-04-18 00:00:00+00:00,1.43964,1.44046,1.41563,1.42367,48231.0,1.4397,1.431645,1.4421591666666667,0,0,0,1,0,1,1.42367,0,1,1,1,0,1,1.45198,0.0,2011-04-18 00:00:00+00:00,1.45137,False,False,1057214.0,1.3490035066822164,0,1,0.010039285714285775,0,0,0,0,0,0,-0.011141145313697948,0
2011-04-19 00:00:00+00:00,1.4237,1.43724,1.42051,1.43642,42619.0,1.436954,1.430045,1.4427158333333334,0,0,0,1,0,1,1.43642,1,0,0,1,1,0,1.45198,0.0,2011-04-19 00:00:00+00:00,1.45137,False,True,1099833.0,1.34937384397439,0,0,0.010563571428571497,0,0,0,0,0,0,0.008915862410468356,1
2011-04-20 00:00:00+00:00,1.4364,1.45462,1.43535,1.4517,43277.0,1.4387880000000002,1.44406,1.4430391666666667,0,0,1,0,0,0,1.4517,1,0,0,0,0,0,1.41563,2.0,2011-04-20 00:00:00+00:00,1.45462,False,False,1143110.0,1.3498121529291647,0,0,0.011074285714285783,0,0,1,0,0,0,0.010581376514254424,1
2011-04-21 00:00:00+00:00,1.45167,1.4648,1.45146,1.4558,42348.0,1.441442,1.4537499999999999,1.4438291666666665,0,0,1,0,0,0,1.4517,1,0,0,0,0,0,1.41563,0.0,2011-04-21 00:00:00+00:00,1.45462,False,False,1185458.0,1.3502545466664386,0,0,0.011432857142857213,0,0,0,0,0,0,0.0028202942167750516,1
2011-04-22 00:00:00+00:00,1.45584,1.45879,1.45334,1.45622,13464.0,1.444762,1.45601,1.4445158333333332,1,0,0,0,1,0,1.4517,1,0,0,0,0,0,1.41563,0.0,2011-04-22 00:00:00+00:00,1.45462,False,False,1198922.0,1.3503949839567744,0,0,0.01044857142857149,0,0,0,0,0,0,0.0002884595592835664,1
2011-04-23 00:00:00+00:00,1.45622,1.45622,1.45622,1.45622,12.0,1.451272,1.45622,1.4456766666666667,1,0,0,0,1,0,1.4517,1,0,0,0,0,0,1.4648,1.0,2011-04-23 00:00:00+00:00,1.45462,False,False,1198922.0,1.3503951089576671,0,0,0.010341428571428628,1,0,0,0,0,0,0.0,0
2011-04-24 00:00:00+00:00,1.45622,1.45883,1.45432,1.45883,3359.0,1.455754,1.457525,1.4465616666666667,1,0,0,0,1,0,1.45883,1,0,0,1,1,0,1.4648,0.0,2011-04-24 00:00:00+00:00,1.45462,False,False,1202281.0,1.3504309498658196,0,0,0.010330714285714335,0,0,0,0,0,0,0.001790707327450687,1
2011-04-25 00:00:00+00:00,1.45886,1.46262,1.45251,1.45513,24024.0,1.4564400000000002,1.4569800000000002,1.4474016666666667,1,0,0,0,1,0,1.45883,1,0,0,0,0,0,1.4648,0.0,2011-04-25 00:00:00+00:00,1.46262,False,False,1178257.0,1.3506778734428424,0,0,0.010609285714285766,0,0,0,0,0,0,-0.0025395008774735466,0
2011-04-26 00:00:00+00:00,1.45511,1.47126,1.44932,1.47044,40271.0,1.459368,1.462785,1.4490925,1,0,0,0,1,0,1.47044,1,0,0,1,1,0,1.4648,0.0,2011-04-26 00:00:00+00:00,1.47126,False,False,1218528.0,1.351149472439182,0,0,0.01116571428571435,0,0,0,0,0,0,0.010466432020042132,1
2011-04-27 00:00:00+00:00,1.47046,1.47953,1.46282,1.47874,45835.0,1.4638719999999998,1.47459,1.45211,1,0,0,0,1,0,1.47874,1,0,0,1,1,0,1.4648,0.0,2011-04-27 00:00:00+00:00,1.47126,False,False,1264363.0,1.3517187637172914,0,0,0.01159857142857149,0,0,0,0,0,0,0.005628698087969669,1
2011-04-28 00:00:00+00:00,1.47871,1.48813,1.47722,1.48403,42142.0,1.4694340000000001,1.481385,1.4555683333333331,1,0,0,0,1,0,1.48403,1,0,0,1,1,0,1.4648,0.0,2011-04-28 00:00:00+00:00,1.47126,False,False,1306505.0,1.352259334716464,1,0,0.011316428571428625,0,0,0,0,0,0,0.0035709863549857573,1
2011-04-29 00:00:00+00:00,1.48405,1.48774,1.47999,1.48024,22638.0,1.473716,1.482135,1.4589533333333335,1,0,0,0,1,0,1.48403,1,0,0,0,0,0,1.4648,0.0,2011-04-29 00:00:00+00:00,1.47126,True,False,1283867.0,1.3525396012110584,0,0,0.011075714285714347,0,0,0,0,0,0,-0.002557123382955011,0
2011-04-30 00:00:00+00:00,1.48024,1.48024,1.48024,1.48024,5.0,1.4787379999999999,1.48024,1.4636675,1,0,0,0,1,0,1.48403,1,0,0,0,0,0,1.48813,1.0,2011-04-30 00:00:00+00:00,1.48024,False,False,1283867.0,1.3525396629772481,0,0,0.011075714285714347,1,0,0,0,0,0,0.0,0
2011-05-01 00:00:00+00:00,1.48024,1.48388,1.47793,1.4815,5154.0,1.48095,1.48087,1.4674241666666668,0,1,0,0,1,0,1.48403,1,0,0,0,0,0,1.48813,0.0,2011-05-01 00:00:00+00:00,1.48388,False,False,1289021.0,1.352603927701824,0,0,0.011250000000000062,0,0,0,0,0,0,0.0008508512401592581,1
2011-05-02 00:00:00+00:00,1.48153,1.49011,1.47621,1.47939,36949.0,1.48108,1.480445,1.4697316666666664,0,1,0,0,1,0,1.48403,1,0,0,0,0,0,1.48813,0.0,2011-05-02 00:00:00+00:00,1.48388,True,False,1252072.0,1.353055261183913,0,0,0.010469285714285768,0,0,0,0,0,0,-0.001425247379791563,0
2011-05-03 00:00:00+00:00,1.47936,1.48896,1.47539,1.48372,45911.0,1.481018,1.481555,1.4720583333333332,1,0,0,0,1,0,1.48403,1,0,0,0,0,0,1.48813,0.0,2011-05-03 00:00:00+00:00,1.48388,False,False,1297983.0,1.3536306769033788,0,0,0.010243571428571479,0,0,0,0,0,0,0.002922607046046288,1
2011-05-04 00:00:00+00:00,1.48369,1.49398,1.47745,1.4827,51582.0,1.4815099999999999,1.48321,1.474265,1,0,0,0,1,0,1.48403,1,0,0,0,0,0,1.48813,0.0,2011-05-04 00:00:00+00:00,1.48388,True,False,1246401.0,1.3542661311803117,0,0,0.010047857142857195,0,0,0,0,0,0,-0.0006876976558942559,0
2011-05-05 00:00:00+00:00,1.48273,1.48988,1.45099,1.45579,57514.0,1.47662,1.469245,1.4742291666666665,0,1,0,0,0,0,1.45579,0,1,1,1,0,1,1.48813,0.0,2011-05-05 00:00:00+00:00,1.48988,False,False,1188887.0,1.3548204087051763,0,0,0.011872857142857194,0,0,0,0,0,0,-0.0183160414388375,0
2011-05-06 00:00:00+00:00,1.45576,1.45873,1.43052,1.4309,82984.0,1.4665,1.4433449999999999,1.4719016666666667,0,0,0,1,0,1,1.4309,0,1,1,0,0,0,1.49398,1.0,2011-05-06 00:00:00+00:00,1.48988,False,False,1105903.0,1.355415029904882,0,0,0.013498571428571486,0,1,0,0,0,0,-0.017245091672453482,0
2011-05-07 00:00:00+00:00,1.4309,1.4309,1.4309,1.4309,12.0,1.4568020000000002,1.4309,1.4698825,0,0,0,1,0,1,1.4309,0,1,1,0,0,0,1.49398,0.0,2011-05-07 00:00:00+00:00,1.48988,False,False,1105903.0,1.3554151152186444,0,0,0.013498571428571486,0,0,0,0,0,0,0.0,0
2011-05-08 00:00:00+00:00,1.4309,1.43955,1.4309,1.4388,5957.0,1.447818,1.43485,1.4672458333333334,0,0,0,1,0,1,1.4388,1,0,0,1,1,0,1.43052,2.0,2011-05-08 00:00:00+00:00,1.43955,False,False,1111860.0,1.3554618724406888,0,0,0.013794285714285775,0,0,1,0,0,0,0.005505815908779598,1
2011-05-09 00:00:00+00:00,1.43877,1.44418,1.42539,1.43678,62546.0,1.438634,1.4377900000000001,1.4637491666666669,0,0,0,1,0,1,1.43955,1,0,0,0,0,0,1.43052,0.0,2011-05-09 00:00:00+00:00,1.43955,True,False,1049314.0,1.3559378333142424,0,0,0.014414285714285777,0,0,0,0,0,1,-0.0014049341922416825,0
2011-05-10 00:00:00+00:00,1.4368,1.44182,1.42701,1.43998,56631.0,1.435472,1.43838,1.4600783333333334,0,0,1,0,0,1,1.43955,1,0,0,0,0,0,1.43052,0.0,2011-05-10 00:00:00+00:00,1.44182,False,True,1105945.0,1.356380870650732,0,0,0.013905000000000072,0,0,0,0,0,0,0.0022247259554788053,1
2011-05-11 00:00:00+00:00,1.44001,1.44227,1.41723,1.42064,57614.0,1.43342,1.43031,1.4551116666666666,0,0,0,1,0,1,1.42064,0,1,1,0,0,0,1.43052,0.0,2011-05-11 00:00:00+00:00,1.44182,False,False,1048331.0,1.3567236611489888,0,0,0.014500000000000068,0,0,0,0,0,0,-0.013521750300689306,0
2011-05-12 00:00:00+00:00,1.42061,1.4276,1.41225,1.42292,61497.0,1.431824,1.42178,1.450335,0,0,0,1,0,1,1.42292,0,1,1,0,0,0,1.43052,0.0,2011-05-12 00:00:00+00:00,1.44182,False,True,1109828.0,1.3570984511000703,0,0,0.014817142857142926,0,0,0,0,0,0,0.0016036239703792199,1
2011-05-13 00:00:00+00:00,1.42294,1.43392,1.40659,1.41134,60636.0,1.426332,1.41713,1.4444883333333334,0,0,0,1,0,1,1.41134,0,1,1,1,0,1,1.43052,0.0,2011-05-13 00:00:00+00:00,1.44182,False,False,1049192.0,1.3573995748064291,0,0,0.01621571428571435,0,0,0,0,0,0,-0.008171490573287058,0
2011-05-14 00:00:00+00:00,1.41134,1.41134,1.41134,1.41134,12.0,1.421244,1.41134,1.4388174999999999,0,0,0,1,0,1,1.41134,0,1,1,0,0,0,1.43052,0.0,2011-05-14 00:00:00+00:00,1.44182,False,False,1049192.0,1.357399634068586,0,0,0.01621571428571435,0,0,0,0,0,0,0.0,0
2011-05-15 00:00:00+00:00,1.41134,1.41134,1.40627,1.40646,4176.0,1.4145400000000001,1.4089,1.4323791666666665,0,0,0,1,0,1,1.41134,0,1,1,0,0,0,1.43052,0.0,2011-05-15 00:00:00+00:00,1.44182,False,False,1045016.0,1.3574183843203236,0,1,0.01615285714285721,0,0,0,0,0,0,-0.0034636985441574945,0
2011-05-16 00:00:00+00:00,1.40649,1.4244,1.40478,1.41447,56131.0,1.413306,1.4104649999999999,1.4266933333333334,0,0,0,1,0,1,1.41134,0,1,1,0,0,0,1.43052,0.0,2011-05-16 00:00:00+00:00,1.4244,False,False,1101147.0,1.3577099666830827,0,0,0.016561428571428647,0,0,0,0,0,0,0.005678993472017131,1
2011-05-17 00:00:00+00:00,1.4145,1.42751,1.41204,1.42663,63072.0,1.414048,1.42055,1.4242633333333332,0,0,1,0,0,1,1.42663,1,0,0,1,1,0,1.43052,0.0,2011-05-17 00:00:00+00:00,1.4244,False,False,1164219.0,1.3581035037576785,0,0,0.016697142857142935,0,0,0,0,0,0,0.008560117033910198,1
2011-05-18 00:00:00+00:00,1.42661,1.42863,1.41947,1.42578,50569.0,1.4169360000000002,1.426205,1.4238366666666666,0,0,1,0,0,0,1.42751,1,0,0,0,0,0,1.40478,2.0,2011-05-18 00:00:00+00:00,1.4244,True,False,1113650.0,1.3584119234396892,0,0,0.016170714285714354,0,0,1,0,0,1,-0.0005959872705256805,0
2011-05-19 00:00:00+00:00,1.42581,1.43368,1.42062,1.43253,61038.0,1.4211740000000002,1.4291550000000002,1.4239724999999999,0,0,1,0,0,0,1.43253,1,0,0,0,0,0,1.40478,0.0,2011-05-19 00:00:00+00:00,1.4244,False,False,1174688.0,1.3588173964013797,1,0,0.014325714285714355,0,0,0,0,0,0,0.004723079405629462,1
2011-05-20 00:00:00+00:00,1.43251,1.4345,1.41285,1.41511,53560.0,1.4229040000000002,1.42382,1.4219983333333335,1,0,0,0,1,0,1.41511,0,1,1,1,0,1,1.40478,0.0,2011-05-20 00:00:00+00:00,1.4345,False,False,1121128.0,1.3590863327882705,0,0,0.013857142857142932,0,0,0,0,0,0,-0.012234845206225173,0
2011-05-21 00:00:00+00:00,1.41511,1.41511,1.41511,1.41511,12.0,1.423032,1.41511,1.4201925,0,1,0,0,0,0,1.41511,0,1,1,0,0,0,1.40478,0.0,2011-05-21 00:00:00+00:00,1.4345,False,False,1121128.0,1.3590863927549466,0,0,0.013857142857142932,0,0,0,0,0,0,0.0,0
2011-05-22 00:00:00+00:00,1.41511,1.41511,1.4095,1.41165,7351.0,1.420036,1.41338,1.4178316666666666,0,1,0,0,0,0,1.41511,0,1,1,0,0,0,1.40478,0.0,2011-05-22 00:00:00+00:00,1.4345,False,False,1113777.0,1.3591208360037437,0,0,0.013640000000000081,0,0,0,0,0,0,-0.002448033598850742,0
2011-05-23 00:00:00+00:00,1.41163,1.41347,1.39691,1.4013,59844.0,1.4151400000000003,1.406475,1.41622,0,0,0,1,0,1,1.4013,0,1,1,1,0,1,1.40478,0.0,2011-05-23 00:00:00+00:00,1.4345,False,False,1053933.0,1.3593446465374872,0,1,0.013480714285714354,0,0,0,0,0,0,-0.007358855796734519,0
2011-05-24 00:00:00+00:00,1.40133,1.41327,1.40133,1.40917,59685.0,1.410468,1.405235,1.4150741666666666,0,0,0,1,0,1,1.40917,1,0,0,1,1,0,1.40478,0.0,2011-05-24 00:00:00+00:00,1.4345,False,True,1113618.0,1.3596069386690934,0,0,0.013277857142857199,0,0,0,0,0,0,0.005600501389878382,1
2011-05-25 00:00:00+00:00,1.40915,1.41177,1.40132,1.40684,62148.0,1.408814,1.4080050000000002,1.4146991666666668,0,0,0,1,0,1,1.40684,0,1,1,0,0,0,1.39691,2.0,2011-05-25 00:00:00+00:00,1.41177,True,False,1051470.0,1.3598644337029122,0,0,0.01223571428571435,0,0,1,0,0,1,-0.0016548240465865955,0
2011-05-26 00:00:00+00:00,1.40682,1.42063,1.40675,1.41438,61532.0,1.408668,1.4106100000000001,1.4149525,0,0,1,0,0,1,1.41177,0,1,1,0,0,0,1.39691,0.0,2011-05-26 00:00:00+00:00,1.41177,False,False,1113002.0,1.360157104467819,0,0,0.01213071428571436,0,0,0,0,0,0,0.005345217992447531,1
2011-05-27 00:00:00+00:00,1.4144,1.43192,1.41293,1.43125,61919.0,1.412588,1.422815,1.4170183333333333,0,0,1,0,0,0,1.43125,1,0,0,0,0,0,1.39691,0.0,2011-05-27 00:00:00+00:00,1.41177,False,False,1174921.0,1.360539108572536,0,0,0.011535000000000073,0,0,0,0,0,0,0.011856915790638592,1
2011-05-28 00:00:00+00:00,1.43125,1.43125,1.43125,1.43125,12.0,1.4185780000000001,1.43125,1.4184166666666667,1,0,0,0,1,0,1.43192,1,0,0,0,0,0,1.39691,0.0,2011-05-28 00:00:00+00:00,1.41177,False,False,1174921.0,1.360539182207656,0,0,0.011535000000000073,0,0,0,0,0,0,0.0,0
2011-05-29 00:00:00+00:00,1.43125,1.43295,1.42776,1.42894,4368.0,1.422532,1.4300950000000001,1.418609166666667,1,0,0,0,1,0,1.43192,1,0,0,0,0,0,1.39691,0.0,2011-05-29 00:00:00+00:00,1.43295,False,False,1170553.0,1.360565099926534,0,0,0.011543571428571495,0,0,0,0,0,0,-0.001615277657956847,0
2011-05-30 00:00:00+00:00,1.42898,1.43526,1.42567,1.43327,30915.0,1.427818,1.431105,1.4192333333333333,1,0,0,0,1,0,1.43192,1,0,0,0,0,0,1.39691,0.0,2011-05-30 00:00:00+00:00,1.43526,False,False,1201468.0,1.3607595565154451,0,0,0.010827142857142908,0,0,0,0,0,0,0.003025636346207506,1
2011-05-31 00:00:00+00:00,1.43329,1.44367,1.43247,1.44241,53590.0,1.433424,1.43784,1.4200566666666667,1,0,0,0,1,0,1.44241,1,0,0,0,0,0,1.39691,0.0,2011-05-31 00:00:00+00:00,1.43526,False,False,1255058.0,1.3611363671578571,0,0,0.010522142857142909,0,0,0,0,0,0,0.0063567787639031955,1
2011-06-01 00:00:00+00:00,1.44243,1.44581,1.43064,1.43448,56317.0,1.43407,1.438445,1.4216708333333334,1,0,0,0,1,0,1.43448,0,1,1,1,0,1,1.39691,0.0,2011-06-01 00:00:00+00:00,1.43526,True,False,1198741.0,1.3614903495428472,0,0,0.010951428571428628,0,0,0,0,0,0,-0.005512911570595147,0
2011-06-02 00:00:00+00:00,1.43445,1.45134,1.43251,1.44865,52294.0,1.4375499999999999,1.441565,1.4244658333333333,1,0,0,0,1,0,1.44581,0,1,1,0,0,0,1.39691,0.0,2011-06-02 00:00:00+00:00,1.43526,False,False,1251035.0,1.3618792201202377,0,0,0.011363571428571488,0,0,0,0,0,0,0.009829674065946353,1
2011-06-03 00:00:00+00:00,1.44868,1.46418,1.44505,1.46303,50102.0,1.444368,1.45584,1.4287475,1,0,0,0,1,0,1.46303,1,0,0,0,0,0,1.39691,0.0,2011-06-03 00:00:00+00:00,1.43526,False,False,1301137.0,1.3623097562211381,0,0,0.011183571428571484,0,0,0,0,0,0,0.009877539369807899,1
2011-06-04 00:00:00+00:00,1.46303,1.46303,1.46303,1.46303,12.0,1.45032,1.46303,1.4338916666666668,1,0,0,0,1,0,1.46418,1,0,0,0,0,0,1.39691,0.0,2011-06-04 00:00:00+00:00,1.43526,False,False,1301137.0,1.3623098589004257,0,0,0.011183571428571484,0,0,0,0,0,0,0.0,0
2011-06-05 00:00:00+00:00,1.46303,1.46568,1.46041,1.46521,4782.0,1.45488,1.4641199999999999,1.4385616666666667,1,0,0,0,1,0,1.46418,1,0,0,0,0,0,1.39691,0.0,2011-06-05 00:00:00+00:00,1.43526,False,False,1305919.0,1.3623516452061852,0,0,0.011159285714285769,0,0,0,0,0,0,0.0014889492683314747,1
2011-06-06 00:00:00+00:00,1.46523,1.46574,1.45569,1.45902,50118.0,1.459788,1.4621149999999998,1.4429100000000001,1,0,0,0,1,0,1.45902,0,1,1,0,0,0,1.39691,0.0,2011-06-06 00:00:00+00:00,1.46574,False,False,1255801.0,1.3627613226541055,0,0,0.010694285714285783,0,0,0,0,0,0,-0.004233599440171152,0
2011-06-07 00:00:00+00:00,1.45905,1.46957,1.45631,1.46792,48709.0,1.4636419999999999,1.46347,1.4473716666666665,0,1,0,0,1,0,1.46574,0,1,1,0,0,0,1.39691,0.0,2011-06-07 00:00:00+00:00,1.46957,False,False,1304510.0,1.363192676046754,1,0,0.010786428571428641,0,0,0,0,0,0,0.006081455328675137,1
2011-06-08 00:00:00+00:00,1.46794,1.46889,1.45639,1.45913,50810.0,1.4628619999999999,1.463525,1.449695,1,0,0,0,1,0,1.45913,0,1,1,0,0,0,1.39691,0.0,2011-06-08 00:00:00+00:00,1.46889,False,False,1253700.0,1.3636014294332095,0,0,0.010932857142857204,0,0,0,0,0,0,-0.006006065098527939,0
2011-06-09 00:00:00+00:00,1.45916,1.46511,1.44769,1.45366,53742.0,1.460988,1.456395,1.4515624999999999,0,1,0,0,1,0,1.45366,0,1,1,1,0,1,1.46957,1.0,2011-06-09 00:00:00+00:00,1.46889,False,False,1199958.0,1.3640054567187652,0,0,0.011185714285714339,1,0,0,0,0,0,-0.003755853618134141,0
2011-06-10 00:00:00+00:00,1.45368,1.45502,1.43218,1.4342,54939.0,1.454786,1.44393,1.4520008333333332,0,1,0,0,0,0,1.4342,0,1,1,1,0,1,1.46957,0.0,2011-06-10 00:00:00+00:00,1.46889,False,False,1145019.0,1.3643259129482275,0,0,0.011460714285714333,0,0,0,0,0,0,-0.013477311611561512,0
2011-06-11 00:00:00+00:00,1.4342,1.4342,1.4342,1.4342,12.0,1.449822,1.4342,1.4520783333333334,0,0,0,1,0,1,1.4342,0,1,1,0,0,0,1.46957,0.0,2011-06-11 00:00:00+00:00,1.46889,False,False,1145019.0,1.364325982623965,0,0,0.011460714285714333,0,0,0,0,0,0,0.0,0
2011-06-12 00:00:00+00:00,1.4342,1.4342,1.42829,1.43352,4138.0,1.442942,1.43386,1.4513375,0,0,0,1,0,1,1.4342,0,1,1,0,0,0,1.46957,0.0,2011-06-12 00:00:00+00:00,1.46889,False,False,1140881.0,1.3643497671174307,0,0,0.011512142857142891,0,0,0,0,0,0,-0.0004742443563142532,0
2011-06-13 00:00:00+00:00,1.43349,1.44295,1.4322,1.44148,49691.0,1.439412,1.4375,1.4519208333333333,0,0,0,1,0,1,1.44148,1,0,0,1,1,0,1.46957,0.0,2011-06-13 00:00:00+00:00,1.44295,False,False,1190572.0,1.3646668321052549,0,0,0.011595000000000038,0,0,0,0,0,0,0.005537405453694906,1
2011-06-14 00:00:00+00:00,1.44146,1.44965,1.43781,1.44324,47668.0,1.437328,1.44236,1.4514699999999998,0,0,1,0,0,1,1.44295,1,0,0,0,0,0,1.42829,2.0,2011-06-14 00:00:00+00:00,1.44295,False,False,1238240.0,1.3649754619106769,0,0,0.011640714285714322,0,0,1,0,0,0,0.0012202225646706334,1
2011-06-15 00:00:00+00:00,1.44322,1.44377,1.41557,1.41914,58003.0,1.434316,1.43119,1.4478125000000002,0,0,0,1,0,1,1.41914,0,1,1,0,0,0,1.42829,0.0,2011-06-15 00:00:00+00:00,1.44377,False,False,1180237.0,1.3652331126443487,0,1,0.012571428571428598,0,0,0,0,0,0,-0.01683953178826854,0
2011-06-16 00:00:00+00:00,1.41912,1.42209,1.40733,1.4201,76882.0,1.4314959999999999,1.41962,1.444235,0,0,0,1,0,1,1.4201,0,1,1,0,0,0,1.42829,0.0,2011-06-16 00:00:00+00:00,1.44377,False,True,1257119.0,1.3655768852087475,0,0,0.012280714285714311,0,0,0,0,0,0,0.0006762373287102183,1
2011-06-17 00:00:00+00:00,1.42012,1.43388,1.41271,1.4308,59292.0,1.430952,1.42545,1.4413675000000001,0,0,0,1,0,1,1.4308,1,0,0,1,1,0,1.42829,0.0,2011-06-17 00:00:00+00:00,1.43388,False,False,1316411.0,1.3658905316543166,0,0,0.0124264285714286,0,0,0,0,0,0,0.007506436733895429,1
2011-06-18 00:00:00+00:00,1.4308,1.4308,1.4308,1.4308,12.0,1.428816,1.4308,1.4390158333333334,0,0,1,0,0,1,1.43388,1,0,0,0,0,0,1.40733,2.0,2011-06-18 00:00:00+00:00,1.43388,False,False,1316411.0,1.3658905948273325,0,0,0.0124264285714286,0,0,1,0,0,0,0.0,0
2011-06-19 00:00:00+00:00,1.4308,1.4308,1.42546,1.42559,5539.0,1.425286,1.428195,1.4354883333333335,0,0,1,0,0,1,1.42559,0,1,1,0,0,0,1.40733,0.0,2011-06-19 00:00:00+00:00,1.4308,False,False,1310872.0,1.3659174018526863,0,0,0.012431428571428602,0,0,0,0,0,0,-0.003647965283268217,0
2011-06-20 00:00:00+00:00,1.42561,1.43833,1.4191,1.4361,52579.0,1.4286780000000001,1.430845,1.4335691666666666,0,0,1,0,0,1,1.4361,1,0,0,0,0,0,1.40733,0.0,2011-06-20 00:00:00+00:00,1.43833,False,False,1363451.0,1.3662152821605489,0,0,0.013087142857142884,0,0,0,0,0,0,0.007345342964978421,1
2011-06-21 00:00:00+00:00,1.43612,1.4432,1.43039,1.43766,55901.0,1.43219,1.43688,1.4322358333333334,0,0,1,0,0,0,1.43833,1,0,0,0,0,0,1.40733,0.0,2011-06-21 00:00:00+00:00,1.43833,False,False,1419352.0,1.3665362299409205,1,0,0.013055000000000023,0,0,0,0,0,0,0.0010856857588893204,1
2011-06-22 00:00:00+00:00,1.43763,1.44414,1.43098,1.43301,53019.0,1.432632,1.4353349999999998,1.4321366666666666,1,0,0,0,1,0,1.43301,0,1,1,0,0,0,1.40733,0.0,2011-06-22 00:00:00+00:00,1.44414,False,False,1366333.0,1.3668182500455115,0,0,0.013102142857142887,0,0,0,0,0,0,-0.00323966465457705,0
2011-06-23 00:00:00+00:00,1.43298,1.43327,1.41259,1.42614,56827.0,1.4317,1.4295749999999998,1.431465,0,1,0,0,0,0,1.42614,0,1,1,0,0,0,1.40733,0.0,2011-06-23 00:00:00+00:00,1.44414,False,False,1309506.0,1.3670867823397577,0,0,0.013335000000000033,0,0,0,0,0,0,-0.004805633297569971,0
2011-06-24 00:00:00+00:00,1.42611,1.4306,1.41414,1.41828,52007.0,1.430238,1.42221,1.430195,0,1,0,0,0,0,1.41828,0,1,1,1,0,1,1.40733,0.0,2011-06-24 00:00:00+00:00,1.44414,False,False,1257499.0,1.367297988512992,0,0,0.01287928571428576,0,0,0,0,0,0,-0.005526624061165695,0
2011-06-25 00:00:00+00:00,1.41828,1.41828,1.41828,1.41828,12.0,1.4266739999999998,1.41828,1.4282616666666668,0,0,0,1,0,1,1.41828,0,1,1,0,0,0,1.40733,0.0,2011-06-25 00:00:00+00:00,1.44414,False,False,1257499.0,1.367298037045214,0,0,0.01287928571428576,0,0,0,0,0,0,0.0,0
2011-06-26 00:00:00+00:00,1.41828,1.42186,1.41461,1.41539,5031.0,1.4222199999999998,1.4168349999999998,1.4259408333333334,0,0,0,1,0,1,1.41828,0,1,1,0,0,0,1.40733,0.0,2011-06-26 00:00:00+00:00,1.44414,False,False,1252468.0,1.3673172230916737,0,1,0.012975000000000054,0,0,0,0,0,0,-0.0020397583360197372,0
2011-06-27 00:00:00+00:00,1.41542,1.43291,1.4102,1.43109,53179.0,1.421836,1.4232399999999998,1.4269366666666665,0,0,1,0,0,1,1.43109,1,0,0,1,1,0,1.40733,0.0,2011-06-27 00:00:00+00:00,1.43291,False,False,1305647.0,1.367585020651944,0,0,0.013829285714285766,0,0,0,0,0,0,0.011031280184395266,1
2011-06-28 00:00:00+00:00,1.43106,1.43967,1.42372,1.43567,58815.0,1.423742,1.43338,1.4282341666666667,0,0,1,0,0,0,1.43291,1,0,0,0,0,0,1.40733,0.0,2011-06-28 00:00:00+00:00,1.43291,False,False,1364462.0,1.3678997651978861,0,0,0.014122857142857183,0,0,0,0,0,0,0.0031952475244986273,1
2011-06-29 00:00:00+00:00,1.4357,1.44836,1.4328,1.44632,59167.0,1.42935,1.440995,1.4295274999999998,0,0,1,0,0,0,1.44632,1,0,0,0,0,0,1.40733,0.0,2011-06-29 00:00:00+00:00,1.43291,False,False,1423629.0,1.3682627692648437,0,0,0.01322000000000004,0,0,0,0,0,0,0.007390760188735387,1
2011-06-30 00:00:00+00:00,1.44635,1.45373,1.44476,1.4474,48856.0,1.435174,1.44686,1.4309108333333331,1,0,0,0,1,0,1.44632,1,0,0,0,0,0,1.40733,0.0,2011-06-30 00:00:00+00:00,1.43291,False,False,1472485.0,1.368564101595858,0,0,0.012806428571428599,0,0,0,0,0,0,0.0007464440582682848,1
2011-07-01 00:00:00+00:00,1.44743,1.45513,1.4436,1.45203,43968.0,1.442502,1.4497149999999999,1.4331141666666667,1,0,0,0,1,0,1.45203,1,0,0,1,1,0,1.40733,0.0,2011-07-01 00:00:00+00:00,1.43291,False,False,1516453.0,1.3688491424297502,0,0,0.012117857142857165,0,0,0,0,0,0,0.003193733896299969,1
2011-07-02 00:00:00+00:00,1.45203,1.45203,1.45203,1.45203,12.0,1.4466899999999998,1.45203,1.4344416666666666,1,0,0,0,1,0,1.45203,1,0,0,0,0,0,1.40733,0.0,2011-07-02 00:00:00+00:00,1.43291,False,False,1516453.0,1.368849219958991,0,0,0.012117857142857165,0,0,0,0,0,0,0.0,0
2011-07-03 00:00:00+00:00,1.45203,1.45773,1.45085,1.45634,5249.0,1.450824,1.4541849999999998,1.4359983333333333,1,0,0,0,1,0,1.45203,1,0,0,0,0,0,1.40733,0.0,2011-07-03 00:00:00+00:00,1.43291,False,False,1521702.0,1.3688848751468166,1,0,0.012227857142857155,0,0,0,0,0,0,0.002963861651090178,1
2011-07-04 00:00:00+00:00,1.45631,1.4567,1.44953,1.45414,28104.0,1.4523879999999998,1.4552399999999999,1.4377591666666667,1,0,0,0,1,0,1.45203,1,0,0,0,0,0,1.40733,0.0,2011-07-04 00:00:00+00:00,1.4567,False,False,1493598.0,1.3690704956332884,0,0,0.011366428571428586,0,0,0,0,0,0,-0.0015117784138723206,0
2011-07-05 00:00:00+00:00,1.4541,1.4541,1.4396,1.44337,45962.0,1.451582,1.448755,1.439195,0,1,0,0,1,0,1.44337,0,1,1,1,0,1,1.45773,1.0,2011-07-05 00:00:00+00:00,1.4567,False,False,1447636.0,1.3693341156975016,0,0,0.011490000000000016,1,0,0,0,0,0,-0.007434003402755634,0
2011-07-06 00:00:00+00:00,1.4434,1.44658,1.42857,1.4335,46954.0,1.447876,1.4384350000000001,1.4404633333333334,0,1,0,0,0,0,1.4335,0,1,1,0,0,0,1.45773,0.0,2011-07-06 00:00:00+00:00,1.4567,False,False,1400682.0,1.3695658546747225,0,0,0.01183642857142859,0,0,0,0,0,0,-0.006861650839365049,0
2011-07-07 00:00:00+00:00,1.43353,1.43737,1.42197,1.43608,46980.0,1.4446860000000001,1.43479,1.4419466666666665,0,1,0,0,0,0,1.4335,0,1,1,0,0,0,1.45773,0.0,2011-07-07 00:00:00+00:00,1.4567,False,True,1447662.0,1.3698053421541434,0,0,0.011459285714285736,0,0,0,0,1,0,0.0017981730393901818,1
2011-07-08 00:00:00+00:00,1.43606,1.43676,1.42048,1.42592,48422.0,1.438602,1.431,1.4428241666666668,0,0,0,1,0,1,1.42592,0,1,1,1,0,1,1.45773,0.0,2011-07-08 00:00:00+00:00,1.4567,False,False,1399240.0,1.3700128173181547,0,0,0.011446428571428588,0,0,0,0,0,0,-0.007099959944059549,0
2011-07-09 00:00:00+00:00,1.42592,1.42592,1.42507,1.42507,13.0,1.432788,1.4254950000000002,1.4423225000000002,0,0,0,1,0,1,1.42592,0,1,1,0,0,0,1.45773,0.0,2011-07-09 00:00:00+00:00,1.4567,False,False,1399227.0,1.370012871969893,0,0,0.011507142857142874,0,0,0,0,0,0,-0.0005962841154722807,0
2011-07-10 00:00:00+00:00,1.42507,1.42908,1.41969,1.42116,6578.0,1.428346,1.4231150000000001,1.4411133333333332,0,0,0,1,0,1,1.42592,0,1,1,0,0,0,1.45773,0.0,2011-07-10 00:00:00+00:00,1.4567,False,False,1392649.0,1.3700385489346314,0,0,0.01166000000000002,0,0,0,0,0,0,-0.0027474957818789184,0
2011-07-11 00:00:00+00:00,1.42118,1.4227,1.39859,1.4038,62121.0,1.422406,1.41248,1.43757,0,0,0,1,0,1,1.4038,0,1,1,1,0,1,1.45773,0.0,2011-07-11 00:00:00+00:00,1.4567,False,False,1330528.0,1.370197855617509,0,0,0.011760000000000024,0,0,0,0,0,0,-0.01229059422508288,0
2011-07-12 00:00:00+00:00,1.40382,1.40531,1.38366,1.39888,90417.0,1.414966,1.4013399999999998,1.4335266666666666,0,0,0,1,0,1,1.4038,0,1,1,0,0,0,1.45773,0.0,2011-07-12 00:00:00+00:00,1.4567,False,False,1240111.0,1.3703934983247408,0,0,0.0121671428571429,0,0,0,0,0,0,-0.003510928863740326,0
2011-07-13 00:00:00+00:00,1.39885,1.42816,1.39615,1.42695,74293.0,1.415172,1.412915,1.4314366666666665,0,0,0,1,0,1,1.42695,1,0,0,1,1,0,1.45773,0.0,2011-07-13 00:00:00+00:00,1.42816,False,False,1314404.0,1.370708712040464,1,0,0.013342142857142905,0,0,0,0,0,0,0.019867382887994854,1
2022-07-15 00:00:00+00:00,1.00471,1.00973,1.00471,1.00868,36359.0,1.3318940000000001,1.2178149999999999,1.3944908333333332,0,0,0,1,0,1,1.00868,0,1,1,0,0,0,1.45773,0.0,2022-07-15 00:00:00+00:00,1.00973,False,True,1278045.0,1.3697239152314746,0,1,0.04286142857142862,0,0,0,0,0,0,-0.346896753957097,0
2022-07-17 00:00:00+00:00,1.00817,1.00972,1.00767,1.00967,3813.0,1.249596,1.009175,1.357268333333333,0,0,0,1,0,1,1.00973,0,1,1,0,0,0,1.45773,0.0,2022-07-17 00:00:00+00:00,1.00972,False,False,1281858.0,1.3696212313784928,0,0,0.04218428571428575,0,0,0,0,0,0,0.0009809994098097668,1
2022-07-18 00:00:00+00:00,1.00967,1.02006,1.00805,1.01456,120927.0,1.1717479999999998,1.012115,1.3206366666666667,0,0,0,1,0,1,1.00973,0,1,1,0,0,0,1.00471,2.0,2022-07-18 00:00:00+00:00,1.00972,False,False,1402785.0,1.3664386173784193,0,0,0.043042142857142904,0,0,1,0,0,0,0.004831476178433057,1
2022-07-19 00:00:00+00:00,1.01457,1.02685,1.01189,1.02297,135880.0,1.096566,1.018765,1.2856033333333334,0,0,0,1,0,1,1.02297,1,0,0,0,0,0,1.00471,0.0,2022-07-19 00:00:00+00:00,1.00972,False,False,1538665.0,1.3630137186819153,0,0,0.04361928571428576,0,0,0,0,0,0,0.008255140056707272,1
2022-07-20 00:00:00+00:00,1.02302,1.02723,1.01547,1.01802,125777.0,1.01478,1.020495,1.25098,0,0,1,0,0,1,1.01802,0,1,1,0,0,0,1.00471,0.0,2022-07-20 00:00:00+00:00,1.00972,True,False,1412888.0,1.3598585153230576,0,0,0.0439471428571429,0,0,0,0,0,1,-0.004850596725525651,0
2022-07-21 00:00:00+00:00,1.01802,1.02773,1.01527,1.02194,164010.0,1.0174320000000001,1.0199799999999999,1.2164683333333333,0,0,1,0,0,1,1.02194,0,1,1,0,0,0,1.00471,0.0,2022-07-21 00:00:00+00:00,1.00972,False,False,1576898.0,1.355876081106775,0,0,0.04379857142857148,0,0,0,0,0,0,0.0038432173424675963,1
2022-07-22 00:00:00+00:00,1.02195,1.02547,1.0129,1.02135,138764.0,1.0197679999999998,1.021645,1.1827541666666666,0,0,1,0,0,1,1.02194,0,1,1,0,0,0,1.00471,0.0,2022-07-22 00:00:00+00:00,1.00972,True,False,1438134.0,1.3525734190290954,0,0,0.04341000000000006,0,0,0,0,0,1,-0.0005775000282852901,0
2022-07-24 00:00:00+00:00,1.02115,1.02179,1.01983,1.01986,4805.0,1.020828,1.020605,1.1489866666666666,0,0,0,1,0,1,1.02194,0,1,1,0,0,0,1.00471,0.0,2022-07-24 00:00:00+00:00,1.02179,False,False,1433329.0,1.3524597158487297,0,0,0.04245000000000005,0,0,0,0,0,0,-0.001459918641045431,0
2022-07-25 00:00:00+00:00,1.01987,1.02572,1.01776,1.02225,125730.0,1.020684,1.021055,1.1157441666666668,0,0,1,0,0,1,1.02194,0,1,1,0,0,0,1.00471,0.0,2022-07-25 00:00:00+00:00,1.02572,False,False,1559059.0,1.349533062071349,0,0,0.04185571428571433,0,0,0,0,0,0,0.0023407172887118096,1
2022-07-26 00:00:00+00:00,1.02223,1.02494,1.01068,1.0128,111127.0,1.01964,1.017525,1.0831608333333334,0,0,0,1,0,1,1.0128,0,1,1,1,0,1,1.00471,0.0,2022-07-26 00:00:00+00:00,1.02494,False,False,1447932.0,1.346915728377139,0,1,0.042813571428571465,0,0,0,0,0,0,-0.009287307854840141,0
2022-07-27 00:00:00+00:00,1.01274,1.02202,1.0096,1.02047,126804.0,1.0193459999999999,1.016635,1.0516266666666667,0,0,0,1,0,1,1.02047,1,0,0,1,1,0,1.00471,0.0,2022-07-27 00:00:00+00:00,1.02494,False,True,1574736.0,1.344045854530636,0,0,0.04303000000000003,0,0,0,0,0,0,0.007544533073639092,1
2022-07-28 00:00:00+00:00,1.02046,1.02338,1.01132,1.01911,148927.0,1.0188979999999999,1.01979,1.0176399999999999,1,0,0,0,1,0,1.02202,1,0,0,0,0,0,1.00471,0.0,2022-07-28 00:00:00+00:00,1.02338,True,False,1425809.0,1.3407251608393052,0,0,0.042169285714285736,0,0,0,0,0,0,-0.0013336080973185946,0
2022-07-29 00:00:00+00:00,1.01915,1.02535,1.01452,1.02254,140459.0,1.019434,1.0208249999999999,1.018795,1,0,0,0,1,0,1.02202,1,0,0,0,0,0,1.00471,0.0,2022-07-29 00:00:00+00:00,1.02338,False,False,1566268.0,1.3376876254132848,0,0,0.04139642857142857,0,0,0,0,0,0,0.003360030589966148,1
2022-07-31 00:00:00+00:00,1.02125,1.02224,1.02047,1.02096,4620.0,1.019176,1.02175,1.0197358333333333,0,0,1,0,0,0,1.02202,1,0,0,0,0,0,1.00471,0.0,2022-07-31 00:00:00+00:00,1.02338,True,False,1561648.0,1.3375882031993254,0,0,0.039257857142857136,0,0,0,0,0,1,-0.0015463668361613064,0
2022-08-01 00:00:00+00:00,1.02095,1.02746,1.0207,1.02622,122239.0,1.02186,1.02359,1.0207075,1,0,0,0,1,0,1.02202,1,0,0,0,0,0,1.00471,0.0,2022-08-01 00:00:00+00:00,1.02338,False,False,1683887.0,1.3350234390977203,1,0,0.009580714285714291,0,0,0,0,0,0,0.005138787576200948,1
2022-08-02 00:00:00+00:00,1.02623,1.02933,1.01538,1.01557,151773.0,1.02088,1.0208949999999999,1.0200908333333334,1,0,0,0,1,0,1.01557,0,1,1,0,0,0,1.00471,0.0,2022-08-02 00:00:00+00:00,1.02933,False,False,1532114.0,1.3317893915940822,0,1,0.010430714285714309,0,0,0,0,0,0,-0.010432117490661592,0
2022-08-03 00:00:00+00:00,1.01558,1.02096,1.0122,1.01558,123954.0,1.0201740000000001,1.0155750000000001,1.0198875,0,1,0,0,0,0,1.01558,0,1,1,0,0,0,1.00471,0.0,2022-08-03 00:00:00+00:00,1.02933,False,False,1656068.0,1.3291963851329274,0,0,0.010198571428571454,0,0,0,0,0,0,9.84663860362192e-06,1
2022-08-04 00:00:00+00:00,1.01555,1.02531,1.01533,1.02463,112455.0,1.020592,1.020105,1.0201116666666667,0,1,0,0,0,0,1.02463,1,0,0,1,1,0,1.02933,1.0,2022-08-04 00:00:00+00:00,1.02531,False,False,1768523.0,1.3269472785965584,0,0,0.009842857142857153,1,0,0,0,0,0,0.008871693951194104,1
2022-08-05 00:00:00+00:00,1.02464,1.02477,1.01409,1.01796,115383.0,1.019992,1.0212949999999998,1.0198291666666666,1,0,0,0,1,0,1.01796,0,1,1,0,0,0,1.02933,0.0,2022-08-05 00:00:00+00:00,1.02531,True,False,1653140.0,1.3246237206049565,0,0,0.009765714285714298,0,0,0,0,0,0,-0.006530947187730222,0
2022-08-07 00:00:00+00:00,1.0171,1.01782,1.01684,1.01712,4438.0,1.0181719999999999,1.01754,1.0196008333333333,0,0,0,1,0,1,1.01712,0,1,1,0,0,0,1.02933,0.0,2022-08-07 00:00:00+00:00,1.01782,False,True,1648702.0,1.3245348039398508,0,0,0.008955714285714289,0,0,0,0,0,0,-0.0008255204195449855,0
2022-08-08 00:00:00+00:00,1.01713,1.02214,1.01583,1.01972,98574.0,1.019002,1.0184199999999999,1.0193899999999998,0,0,0,1,0,1,1.01712,0,1,1,0,0,0,1.02933,0.0,2022-08-08 00:00:00+00:00,1.02214,False,False,1747276.0,1.3225896070473446,0,0,0.008508571428571421,0,0,0,0,0,0,0.0025529756015836565,1
2022-08-09 00:00:00+00:00,1.01971,1.02468,1.01879,1.02072,83039.0,1.02003,1.0202200000000001,1.0200500000000001,0,0,1,0,0,0,1.01712,0,1,1,0,0,0,1.02933,0.0,2022-08-09 00:00:00+00:00,1.02214,False,False,1830315.0,1.3209754782636307,0,0,0.008789285714285706,0,0,0,0,0,0,0.0009801808238055583,1
2022-08-10 00:00:00+00:00,1.02069,1.03678,1.02012,1.0298,127259.0,1.0210640000000002,1.02526,1.0208275,1,0,0,0,1,0,1.0298,1,0,0,1,1,0,1.02933,0.0,2022-08-10 00:00:00+00:00,1.02214,False,False,1957574.0,1.3186088195217622,0,0,0.009410714285714288,0,0,0,0,0,0,0.008856347998553254,1
2022-08-11 00:00:00+00:00,1.02981,1.03638,1.02748,1.03196,121825.0,1.023864,1.03088,1.0218983333333334,1,0,0,0,1,0,1.03678,1,0,0,0,0,0,1.02933,0.0,2022-08-11 00:00:00+00:00,1.02214,False,False,2079399.0,1.316395659590059,1,0,0.009027857142857159,0,0,0,0,0,0,0.002095297988368252,1
2022-08-12 00:00:00+00:00,1.03198,1.03245,1.02376,1.02545,102155.0,1.0255299999999998,1.028705,1.0221408333333335,1,0,0,0,1,0,1.02545,0,1,1,0,0,0,1.03678,1.0,2022-08-12 00:00:00+00:00,1.03245,False,False,1977244.0,1.3145241369419511,0,0,0.008761428571428602,1,0,0,0,0,0,-0.006328365980667645,0
2022-08-14 00:00:00+00:00,1.02521,1.02623,1.02512,1.02529,3214.0,1.026644,1.0253700000000001,1.0225016666666666,0,1,0,0,1,0,1.02529,0,1,1,0,0,0,1.03678,0.0,2022-08-14 00:00:00+00:00,1.03245,False,True,1974030.0,1.3144656133310657,0,0,0.007979285714285744,0,0,0,0,1,0,-0.0001560412342126289,0
2022-08-15 00:00:00+00:00,1.0253,1.02675,1.01528,1.01608,93607.0,1.025716,1.020685,1.0216566666666667,0,1,0,0,0,0,1.01608,0,1,1,1,0,1,1.03678,0.0,2022-08-15 00:00:00+00:00,1.03245,False,False,1880423.0,1.3127174980524507,0,0,0.008025000000000044,0,0,0,0,0,0,-0.009023413189464964,0
2022-08-16 00:00:00+00:00,1.01608,1.01942,1.01218,1.01688,102798.0,1.023132,1.01648,1.0217658333333333,0,1,0,0,0,0,1.01608,0,1,1,0,0,0,1.03678,0.0,2022-08-16 00:00:00+00:00,1.03245,False,True,1983221.0,1.3108263021061388,0,0,0.008394285714285752,0,0,0,0,1,0,0.0007870297903493335,1
2022-08-17 00:00:00+00:00,1.01686,1.02023,1.01447,1.01768,112682.0,1.020276,1.01728,1.0219408333333333,0,0,0,1,0,1,1.01608,0,1,1,0,0,0,1.03678,0.0,2022-08-17 00:00:00+00:00,1.02023,False,False,2095903.0,1.308786420448423,0,0,0.008322857142857172,0,0,0,0,0,0,0.0007864108615420175,1
2022-08-18 00:00:00+00:00,1.0177,1.01925,1.00787,1.00881,104433.0,1.016948,1.013245,1.0206225,0,0,0,1,0,1,1.00881,0,1,1,1,0,1,1.03678,0.0,2022-08-18 00:00:00+00:00,1.01925,False,False,1991470.0,1.3068642184127783,0,0,0.008139285714285729,0,0,0,0,0,0,-0.008754108478732099,0
2022-08-19 00:00:00+00:00,1.0088,1.00948,1.00314,1.00399,86001.0,1.012688,1.0064,1.0194583333333334,0,0,0,1,0,1,1.00881,0,1,1,0,0,0,1.03678,0.0,2022-08-19 00:00:00+00:00,1.01925,False,False,1905469.0,1.3052743752952254,0,0,0.007966428571428581,0,0,0,0,0,0,-0.004789357326514171,0
2022-08-21 00:00:00+00:00,1.00355,1.00401,1.00295,1.00355,4442.0,1.010182,1.0037699999999998,1.0183275,0,0,0,1,0,1,1.00355,0,1,1,1,0,1,1.03678,0.0,2022-08-21 00:00:00+00:00,1.01925,False,False,1901027.0,1.305192592926891,0,0,0.007329285714285737,0,0,0,0,0,0,-0.000438347437207131,0
2022-08-22 00:00:00+00:00,1.00355,1.00459,0.99254,0.99376,92931.0,1.005558,0.998655,1.0161641666666665,0,0,0,1,0,1,0.99376,0,1,1,1,0,1,1.03678,0.0,2022-08-22 00:00:00+00:00,1.01925,False,False,1808096.0,1.303436531768353,0,0,0.0074271428571428865,0,0,0,0,0,0,-0.009803263794509158,0
2022-08-23 00:00:00+00:00,0.99376,1.00177,0.98992,0.99658,106520.0,1.001338,0.99517,1.0141525,0,0,0,1,0,1,0.99376,0,1,1,0,0,0,1.03678,0.0,2022-08-23 00:00:00+00:00,1.01925,False,True,1914616.0,1.3014659992587225,0,0,0.008193571428571458,0,0,0,0,0,0,0.002833688602952922,1
2022-08-24 00:00:00+00:00,0.99656,0.99984,0.99094,0.99672,91082.0,0.99892,0.99665,1.0113958333333335,0,0,0,1,0,1,0.99376,0,1,1,0,0,0,1.03678,0.0,2022-08-24 00:00:00+00:00,0.99984,False,False,2005698.0,1.2998017841219602,0,0,0.008378571428571449,0,0,0,0,0,0,0.000140470576662112,1
2022-08-25 00:00:00+00:00,0.99672,1.00328,0.99485,0.99701,97076.0,0.997524,0.996865,1.0084833333333334,0,0,0,1,0,1,0.99376,0,1,1,0,0,0,0.98992,2.0,2022-08-25 00:00:00+00:00,0.99984,False,False,2102774.0,1.2980496214305737,0,0,0.00856000000000002,0,0,1,0,0,0,0.0002909120112002531,1
2022-08-26 00:00:00+00:00,0.99702,1.00893,0.99459,0.99603,105886.0,0.99602,0.99652,1.0060316666666667,0,0,1,0,0,1,0.99376,0,1,1,0,0,0,0.98992,0.0,2022-08-26 00:00:00+00:00,0.99984,True,False,1996888.0,1.2961552742272369,0,0,0.008394285714285734,0,0,0,0,0,1,-0.000983422388894789,0
2022-08-28 00:00:00+00:00,0.99449,0.99463,0.99341,0.9935,3260.0,0.9959680000000001,0.994765,1.0033825,0,0,0,1,0,1,0.99376,0,1,1,0,0,0,0.98992,0.0,2022-08-28 00:00:00+00:00,0.99463,False,False,1993628.0,1.29609683992424,0,1,0.007945714285714294,0,0,0,0,0,0,-0.0025433156210417367,0
2022-08-29 00:00:00+00:00,0.99352,1.00286,0.99135,1.00101,95100.0,0.9968540000000001,0.997255,1.0021266666666666,0,0,1,0,0,1,1.00101,1,0,0,1,1,0,0.98992,0.0,2022-08-29 00:00:00+00:00,1.00286,False,False,2088728.0,1.2944441431320888,0,0,0.008147142857142868,0,0,0,0,0,0,0.007530707283439108,1
2022-08-30 00:00:00+00:00,1.00099,1.00542,0.99813,1.00227,122749.0,0.997964,1.00164,1.0009091666666667,0,0,1,0,0,0,1.00286,1,0,0,0,0,0,0.98992,0.0,2022-08-30 00:00:00+00:00,1.00286,False,False,2211477.0,1.2923471629428265,0,0,0.008588571428571445,0,0,0,0,0,0,0.0012579371492278458,1
2022-08-31 00:00:00+00:00,1.00228,1.00786,0.99705,1.00374,122225.0,0.99931,1.003005,0.9997474999999999,0,0,1,0,0,0,1.00286,1,0,0,0,0,0,0.98992,0.0,2022-08-31 00:00:00+00:00,1.00286,False,False,2333702.0,1.2902992613640654,1,0,0.00854142857142858,0,0,0,0,0,0,0.0014655961467059022,1
2022-09-01 00:00:00+00:00,1.00369,1.0048,0.99102,0.99509,117746.0,0.9991219999999998,0.999415,0.9986041666666666,1,0,0,0,1,0,0.99509,0,1,1,0,0,0,0.98992,0.0,2022-09-01 00:00:00+00:00,1.0048,False,False,2215956.0,1.288294976582078,0,0,0.009008571428571437,0,0,0,0,0,0,-0.00865511724190424,0
2022-09-02 00:00:00+00:00,0.99508,1.0033,0.99443,0.99514,111756.0,0.9994500000000001,0.995115,0.9978666666666666,0,1,0,0,0,0,0.99514,0,1,1,0,0,0,0.98992,0.0,2022-09-02 00:00:00+00:00,1.0048,False,True,2327712.0,1.2864179872583827,0,0,0.009230714285714299,0,0,0,0,1,0,5.0245449029070034e-05,1
2022-09-04 00:00:00+00:00,0.99263,0.99317,0.99023,0.99071,7455.0,0.99739,0.9929250000000001,0.9967966666666667,0,1,0,0,0,0,0.99514,0,1,1,0,0,0,0.98992,0.0,2022-09-04 00:00:00+00:00,1.0048,False,False,2320257.0,1.286291740878762,0,0,0.008768571428571443,0,0,0,0,0,0,-0.004461572977308374,0
2022-09-05 00:00:00+00:00,0.9907,0.99513,0.9877,0.99493,87397.0,0.995922,0.99282,0.9968941666666667,0,0,0,1,0,1,0.99514,0,1,1,0,0,0,0.98992,0.0,2022-09-05 00:00:00+00:00,0.99513,False,False,2407654.0,1.2848407353993674,0,0,0.00884642857142858,0,0,0,0,0,0,0.004250525123936902,1
2022-09-06 00:00:00+00:00,0.99495,0.99859,0.98633,0.98964,118448.0,0.993102,0.992285,0.9963158333333332,0,0,0,1,0,1,0.98964,0,1,1,1,0,1,0.98992,0.0,2022-09-06 00:00:00+00:00,0.99859,False,False,2289206.0,1.2828616534657826,0,1,0.009646428571428571,0,0,0,0,0,0,-0.005331142291733443,0
2022-09-07 00:00:00+00:00,0.98964,1.00123,0.98748,0.99974,109370.0,0.994032,0.99469,0.9965674999999999,0,0,1,0,0,1,0.99974,1,0,0,1,1,0,0.98992,0.0,2022-09-07 00:00:00+00:00,1.00123,False,False,2398576.0,1.28111980749813,0,0,0.009767857142857137,0,0,0,0,0,0,0.010154004543012973,1
2022-09-08 00:00:00+00:00,0.99976,1.00287,0.99299,1.00092,139181.0,0.995188,1.00033,0.9968933333333333,0,0,1,0,0,0,1.00123,1,0,0,0,0,0,0.98633,2.0,2022-09-08 00:00:00+00:00,1.00123,False,False,2537757.0,1.27894310392817,0,0,0.009627142857142843,0,0,1,0,0,0,0.001179610865243637,1
2022-09-09 00:00:00+00:00,1.00092,1.01128,1.00076,1.0044,122404.0,0.997926,1.00266,0.9975908333333333,1,0,0,0,1,0,1.00123,1,0,0,0,0,0,0.98633,0.0,2022-09-09 00:00:00+00:00,1.00123,False,False,2660161.0,1.2770801562877745,0,0,0.009742857142857124,0,0,0,0,0,0,0.0034707712419091616,1
2022-09-11 00:00:00+00:00,1.0097,1.0097,1.00589,1.00694,6314.0,1.000328,1.00567,0.9987108333333333,1,0,0,0,1,0,1.00694,1,0,0,0,0,0,0.98633,0.0,2022-09-11 00:00:00+00:00,1.00123,True,False,2666475.0,1.276985633562159,0,0,0.009519285714285706,0,0,0,0,0,0,0.002525680740436661,1
2022-09-12 00:00:00+00:00,1.00695,1.01971,1.00623,1.01284,125171.0,1.004968,1.00989,0.9996966666666668,1,0,0,0,1,0,1.01284,1,0,0,1,1,0,0.98633,0.0,2022-09-12 00:00:00+00:00,1.00123,False,False,2791646.0,1.2751659848859087,1,0,0.00945785714285712,0,0,0,0,0,0,0.005842237056933265,1
2022-09-13 00:00:00+00:00,1.01284,1.01866,0.99547,0.99774,131760.0,1.004568,1.00529,0.9993191666666665,1,0,0,0,1,0,0.99774,0,1,1,1,0,1,0.98633,0.0,2022-09-13 00:00:00+00:00,1.01866,False,False,2659886.0,1.2731687312716737,0,1,0.010927142857142833,0,0,0,0,0,0,-0.015020823752921759,0
2022-09-14 00:00:00+00:00,0.99776,1.00232,0.99588,0.99814,125442.0,1.004012,0.99794,0.9988525,0,1,0,0,0,0,0.99814,0,1,1,0,0,0,1.01971,1.0,2022-09-14 00:00:00+00:00,1.01866,False,True,2785328.0,1.2712965106734004,0,0,0.010564999999999975,1,0,0,0,1,0,0.00040082570631038247,1
2022-09-15 00:00:00+00:00,0.99812,1.00171,0.99551,0.99869,93356.0,1.00287,0.998415,0.9991525,0,1,0,0,0,0,0.99814,0,1,1,0,0,0,1.01971,0.0,2022-09-15 00:00:00+00:00,1.00171,False,False,2878684.0,1.2699224060656493,0,0,0.010487142857142837,0,0,0,0,0,0,0.0005508731478478493,1
2022-09-16 00:00:00+00:00,0.9987,1.00358,0.99444,1.00122,103857.0,1.0017260000000001,0.999955,0.9996591666666667,0,1,0,0,1,0,0.99814,0,1,1,0,0,0,1.01971,0.0,2022-09-16 00:00:00+00:00,1.00171,False,False,2982541.0,1.2684240324466374,0,0,0.01036785714285712,0,0,0,0,0,0,0.0025301152048300486,1
2022-09-18 00:00:00+00:00,1.00072,1.0028,1.00043,1.00214,4292.0,0.9995860000000001,1.00168,1.0006116666666667,0,0,1,0,0,0,0.99814,0,1,1,0,0,0,1.01971,0.0,2022-09-18 00:00:00+00:00,1.00171,False,False,2986833.0,1.2683626820242715,0,0,0.009552857142857125,0,0,0,0,0,0,0.000918457056817801,1
2022-09-19 00:00:00+00:00,1.00215,1.00317,0.99652,1.00292,80686.0,1.0006220000000001,1.0025300000000001,1.0012775,0,0,1,0,0,0,0.99814,0,1,1,0,0,0,1.01971,0.0,2022-09-19 00:00:00+00:00,1.00317,False,True,3067519.0,1.2672179477256287,1,0,0.009394285714285688,0,0,0,0,0,0,0.0007780316193497122,1
2022-09-20 00:00:00+00:00,1.00296,1.005,0.99545,0.99704,117935.0,1.000402,0.9999800000000001,1.0018941666666668,0,0,0,1,0,1,0.99814,0,1,1,0,0,0,1.01971,0.0,2022-09-20 00:00:00+00:00,1.00317,False,False,2949584.0,1.2655255618194934,0,0,0.009725714285714258,0,0,0,0,0,0,-0.005880134544912397,0
2022-09-21 00:00:00+00:00,0.99705,0.99745,0.98118,0.98306,152412.0,0.997276,0.9900500000000001,1.0005041666666667,0,0,0,1,0,1,0.98306,0,1,1,1,0,1,1.01971,0.0,2022-09-21 00:00:00+00:00,1.00317,False,False,2797172.0,1.2632573170157158,0,0,0.010357142857142827,0,0,0,0,0,0,-0.014120733593797842,0
2022-09-22 00:00:00+00:00,0.98312,0.99068,0.98065,0.98378,166084.0,0.993788,0.98342,0.9990758333333334,0,0,0,1,0,1,0.98306,0,1,1,0,0,0,1.01971,0.0,2022-09-22 00:00:00+00:00,1.00317,False,True,2963256.0,1.2608329640316889,0,0,0.010197857142857116,0,0,0,0,0,0,0.0007321388950413605,1
2022-09-23 00:00:00+00:00,0.98379,0.98513,0.96673,0.9688,140137.0,0.98712,0.97629,0.9961091666666667,0,0,0,1,0,1,0.9688,0,1,1,1,0,1,1.01971,0.0,2022-09-23 00:00:00+00:00,1.00317,False,False,2823119.0,1.2587109952288575,0,0,0.010529999999999968,0,0,0,0,0,0,-0.015344102580482506,0
2022-09-25 00:00:00+00:00,0.96717,0.9709,0.96606,0.9685,9632.0,0.980236,0.96865,0.9929058333333334,0,0,0,1,0,1,0.9688,0,1,1,0,0,0,1.01971,0.0,2022-09-25 00:00:00+00:00,1.00317,False,True,2813487.0,1.2585661287864414,0,0,0.010169999999999972,0,0,0,0,0,0,-0.0003097093918318402,0
2022-09-26 00:00:00+00:00,0.96845,0.97007,0.95489,0.96193,223577.0,0.9732139999999999,0.9652149999999999,0.9886633333333332,0,0,0,1,0,1,0.96193,0,1,1,1,0,1,1.01971,0.0,2022-09-26 00:00:00+00:00,1.00317,False,False,2589910.0,1.2551684254099236,0,0,0.010502857142857123,0,0,0,0,0,0,-0.006806799901615523,0
2022-09-27 00:00:00+00:00,0.96196,0.96701,0.95684,0.95947,156726.0,0.968496,0.9607,0.9854741666666668,0,0,0,1,0,1,0.96193,0,1,1,0,0,0,1.01971,0.0,2022-09-27 00:00:00+00:00,1.00317,False,False,2433184.0,1.2528130983754293,0,1,0.01085071428571426,0,0,0,0,0,0,-0.002560634271004001,0
2022-09-28 00:00:00+00:00,0.95949,0.97503,0.95352,0.9705,206585.0,0.96584,0.964985,0.9831708333333333,0,0,0,1,0,1,0.9705,1,0,0,1,1,0,1.01971,0.0,2022-09-28 00:00:00+00:00,0.97503,False,False,2639769.0,1.2498798086867275,0,0,0.011424285714285689,0,0,0,0,0,0,0.011430353934633979,1
2022-09-29 00:00:00+00:00,0.97047,0.98432,0.96349,0.98282,179298.0,0.9686440000000001,0.9766600000000001,0.9818483333333333,0,0,1,0,0,1,0.98282,1,0,0,0,0,0,1.01971,0.0,2022-09-29 00:00:00+00:00,0.97503,False,False,2819067.0,1.2474930402066595,0,0,0.011255714285714266,0,0,0,0,0,0,0.012614587851250327,1
2022-09-30 00:00:00+00:00,0.98284,0.98532,0.97338,0.97992,175785.0,0.970928,0.9813700000000001,0.9800733333333334,0,0,1,0,0,0,0.98282,1,0,0,0,0,0,0.95352,2.0,2022-09-30 00:00:00+00:00,0.97503,True,False,2643282.0,1.2451689032037143,0,0,0.011648571428571397,0,0,1,0,0,1,-0.0029550547808852284,0
2022-10-02 00:00:00+00:00,0.97919,0.9808,0.97877,0.97928,6752.0,0.9743980000000001,0.9796,0.9781683333333332,0,0,1,0,0,0,0.98282,1,0,0,0,0,0,0.95352,0.0,2022-10-02 00:00:00+00:00,0.9808,False,True,2636530.0,1.2450802232753253,0,0,0.011350714285714245,0,0,0,0,0,0,-0.0006533279121729604,0
2022-10-03 00:00:00+00:00,0.97925,0.98438,0.97522,0.98325,156336.0,0.979154,0.981265,0.9765291666666666,1,0,0,0,1,0,0.98282,1,0,0,0,0,0,0.95352,0.0,2022-10-03 00:00:00+00:00,0.98438,False,False,2792866.0,1.2430737630641628,0,0,0.011352142857142826,0,0,0,0,0,0,0.00404580354466172,1
2022-10-04 00:00:00+00:00,0.98327,0.9999,0.98054,0.9983,158649.0,0.984714,0.990775,0.9766341666666666,1,0,0,0,1,0,0.9983,1,0,0,1,1,0,0.95352,0.0,2022-10-04 00:00:00+00:00,0.98438,False,False,2951515.0,1.2411849467795832,1,0,0.01256571428571426,0,0,0,0,0,0,0.015190421030460604,1
2022-10-05 00:00:00+00:00,0.9983,0.99944,0.9834,0.9911,141461.0,0.98637,0.9946999999999999,0.9773041666666665,1,0,0,0,1,0,0.9911,0,1,1,1,0,1,0.95352,0.0,2022-10-05 00:00:00+00:00,0.98438,True,False,2810054.0,1.2394759791725583,0,0,0.013236428571428547,0,0,0,0,0,0,-0.007238394929716754,0
2022-10-06 00:00:00+00:00,0.99114,0.99258,0.97836,0.97886,154806.0,0.986158,0.98498,0.9768941666666667,0,1,0,0,1,0,0.97886,0,1,1,0,0,0,0.9999,1.0,2022-10-06 00:00:00+00:00,0.99258,False,False,2655248.0,1.2375415059366803,0,0,0.01356999999999998,1,0,0,0,0,0,-0.012426808172416919,0
2022-10-07 00:00:00+00:00,0.97884,0.98163,0.97254,0.97373,143825.0,0.9850479999999999,0.9762949999999999,0.977305,0,1,0,0,0,0,0.97373,0,1,1,1,0,1,0.9999,0.0,2022-10-07 00:00:00+00:00,0.99258,False,False,2511423.0,1.2357346758200842,0,0,0.013057142857142847,0,0,0,0,0,0,-0.005254571418979088,0
2022-10-09 00:00:00+00:00,0.97312,0.97385,0.97267,0.97337,8429.0,0.983072,0.9735499999999999,0.9777108333333332,0,1,0,0,0,0,0.97373,0,1,1,0,0,0,0.9999,0.0,2022-10-09 00:00:00+00:00,0.99258,False,True,2502994.0,1.235629407828954,0,0,0.012424999999999988,0,0,0,0,1,0,-0.0003697807037154789,0
2022-10-10 00:00:00+00:00,0.97338,0.97525,0.96808,0.97105,118467.0,0.977622,0.97221,0.9784708333333333,0,0,0,1,0,1,0.97373,0,1,1,0,0,0,0.9999,0.0,2022-10-10 00:00:00+00:00,0.99258,False,False,2384527.0,1.23414577585197,0,0,0.011622857142857126,0,0,0,0,0,0,-0.002386316846090945,0
2022-10-11 00:00:00+00:00,0.97106,0.97741,0.96694,0.97,159216.0,0.9734019999999999,0.970525,0.9793483333333333,0,0,0,1,0,1,0.97373,0,1,1,0,0,0,0.9999,0.0,2022-10-11 00:00:00+00:00,0.99258,False,False,2225311.0,1.232169978397705,0,1,0.012024999999999984,0,0,0,0,0,0,-0.0010818887740318651,0
2022-10-12 00:00:00+00:00,0.96998,0.9734,0.96672,0.97042,143588.0,0.9717140000000001,0.97021,0.9793416666666667,0,0,0,1,0,1,0.97373,0,1,1,0,0,0,0.9999,0.0,2022-10-12 00:00:00+00:00,0.99258,False,True,2368899.0,1.2304161098536683,0,0,0.01141785714285713,0,0,0,0,0,0,0.0004328959777356455,1
2022-10-13 00:00:00+00:00,0.97039,0.98054,0.96308,0.97667,186872.0,0.972302,0.973545,0.9788291666666665,0,0,1,0,0,1,0.97373,0,1,1,0,0,0,0.9999,0.0,2022-10-13 00:00:00+00:00,0.98054,False,False,2555771.0,1.2282224713514118,0,0,0.01193857142857141,0,0,0,0,0,0,0.006419858831298296,1
2022-10-14 00:00:00+00:00,0.97664,0.9808,0.97061,0.97187,161947.0,0.972002,0.97427,0.9781583333333334,0,0,1,0,0,1,0.97373,0,1,1,0,0,0,0.9999,0.0,2022-10-14 00:00:00+00:00,0.98054,True,False,2393824.0,1.2263161756494185,0,0,0.011129999999999989,0,0,0,0,0,1,-0.00492677564663126,0
2022-10-16 00:00:00+00:00,0.97203,0.97425,0.97168,0.97391,6184.0,0.972574,0.97289,0.9777108333333334,0,0,1,0,0,1,0.97373,0,1,1,0,0,0,0.96308,2.0,2022-10-16 00:00:00+00:00,0.97425,False,True,2400008.0,1.2262445240304347,0,0,0.009825714285714271,0,0,1,0,0,0,0.0020968462492674785,1
2022-10-17 00:00:00+00:00,0.97389,0.98515,0.97193,0.98431,133765.0,0.975436,0.97911,0.9777991666666667,0,0,1,0,0,0,0.98431,1,0,0,1,1,0,0.96308,0.0,2022-10-17 00:00:00+00:00,0.98515,False,False,2533773.0,1.224768007585253,0,0,0.009917142857142847,0,0,0,0,0,0,0.010621991178675632,1
2022-10-18 00:00:00+00:00,0.98428,0.9875,0.98122,0.98619,136902.0,0.97859,0.98525,0.9767899999999999,1,0,0,0,1,0,0.98515,1,0,0,0,0,0,0.96308,0.0,2022-10-18 00:00:00+00:00,0.98515,False,False,2670675.0,1.2232870795819664,0,0,0.010220714285714281,0,0,0,0,0,0,0.0019081457197933339,1
2022-10-19 00:00:00+00:00,0.98616,0.98664,0.97565,0.97648,128800.0,0.978552,0.9813350000000001,0.9755716666666667,1,0,0,0,1,0,0.97648,0,1,1,0,0,0,0.96308,0.0,2022-10-19 00:00:00+00:00,0.98664,False,False,2541875.0,1.221854105492672,0,0,0.010351428571428558,0,0,0,0,0,0,-0.009894765011383005,0
2022-10-20 00:00:00+00:00,0.97649,0.98447,0.97539,0.97779,142830.0,0.9797359999999999,0.9771350000000001,0.9754825,0,1,0,0,1,0,0.97779,0,1,1,0,0,0,0.96308,0.0,2022-10-20 00:00:00+00:00,0.98664,False,True,2684705.0,1.2202927529641905,0,0,0.00961714285714284,0,0,0,0,1,0,0.0013406542557692425,1
2022-10-21 00:00:00+00:00,0.97782,0.98684,0.97041,0.98555,199398.0,0.9820639999999999,0.98167,0.9764675,0,1,0,0,1,0,0.98555,1,0,0,1,1,0,0.96308,0.0,2022-10-21 00:00:00+00:00,0.98684,False,False,2884103.0,1.2182148313416858,0,0,0.00964499999999999,0,0,0,0,0,0,0.007904937920984437,1
2022-10-23 00:00:00+00:00,0.98629,0.98985,0.98301,0.98588,22514.0,0.982378,0.985715,0.9775100000000001,1,0,0,0,1,0,0.98684,1,0,0,0,0,0,0.96308,0.0,2022-10-23 00:00:00+00:00,0.98684,True,False,2906617.0,1.2179828520011158,0,0,0.00911785714285713,0,0,0,0,0,0,0.00033478236922648315,1
2022-10-24 00:00:00+00:00,0.98582,0.98929,0.98061,0.98835,167248.0,0.98281,0.987115,0.9789516666666667,1,0,0,0,1,0,0.98684,1,0,0,0,0,0,0.96308,0.0,2022-10-24 00:00:00+00:00,0.98929,False,True,3073865.0,1.2162921467889969,0,0,0.009088571428571415,0,0,0,0,1,0,0.0025022426857735356,1
2022-10-25 00:00:00+00:00,0.98836,0.99761,0.9848,0.9961,113054.0,0.986734,0.9922249999999999,0.9811266666666666,1,0,0,0,1,0,0.9961,1,0,0,0,0,0,0.96308,0.0,2022-10-25 00:00:00+00:00,0.99761,False,False,3186919.0,1.2152016996480286,0,0,0.009919285714285702,0,0,0,0,0,0,0.007810768123181402,1
2022-10-26 00:00:00+00:00,0.9961,1.0093,0.99424,1.00926,138429.0,0.993028,1.00268,0.9843633333333334,1,0,0,0,1,0,1.00926,1,0,0,1,1,0,0.96308,0.0,2022-10-26 00:00:00+00:00,0.99761,False,False,3325348.0,1.2139604397721944,1,0,0.010482857142857143,0,0,0,0,0,0,0.013125013880626016,1
2022-10-27 00:00:00+00:00,1.00926,1.0093,0.99569,0.99661,162715.0,0.9952400000000001,1.002935,0.986025,1,0,0,0,1,0,0.99661,0,1,1,1,0,1,0.96308,0.0,2022-10-27 00:00:00+00:00,0.99761,True,False,3162633.0,1.2124314186807266,0,0,0.010707142857142868,0,0,0,0,0,0,-0.012613148118788723,0
2022-10-28 00:00:00+00:00,0.99667,0.99975,0.99254,0.99642,124647.0,0.997348,0.996515,0.9880708333333333,0,1,0,0,1,0,0.99642,0,1,1,0,0,0,1.0093,1.0,2022-10-28 00:00:00+00:00,0.99975,False,False,3037986.0,1.2112735754044992,0,0,0.010745000000000013,1,0,0,0,0,0,-0.00019066446624044025,0
2022-10-30 00:00:00+00:00,0.99498,0.99614,0.9939,0.99537,7034.0,0.998752,0.995895,0.9898591666666666,0,1,0,0,1,0,0.99642,0,1,1,0,0,0,1.0093,1.0,2022-10-30 00:00:00+00:00,0.99975,False,True,3030952.0,1.2112082890991127,0,0,0.009677857142857158,1,0,0,0,1,0,-0.0010543281141743512,0
2022-10-31 00:00:00+00:00,0.99538,0.99651,0.98722,0.98851,90597.0,0.9972340000000001,0.99194,0.9902091666666667,0,1,0,0,1,0,0.98851,0,1,1,1,0,1,1.0093,0.0,2022-10-31 00:00:00+00:00,0.99975,False,False,2940355.0,1.2103443116024282,0,0,0.009613571428571444,0,0,0,0,0,0,-0.006915768435154814,0
2022-11-01 00:00:00+00:00,0.98851,0.99532,0.98522,0.98767,123354.0,0.9929159999999999,0.98809,0.9903325000000001,0,1,0,0,0,0,0.98851,0,1,1,0,0,0,1.0093,0.0,2022-11-01 00:00:00+00:00,0.99975,False,False,2817001.0,1.2091742545387278,0,0,0.010151428571428589,0,0,0,0,0,0,-0.0008501250398140344,0
2022-11-02 00:00:00+00:00,0.98773,0.99754,0.98091,0.9813,138308.0,0.989854,0.984485,0.9907341666666666,0,0,0,1,0,1,0.9813,0,1,1,1,0,1,1.0093,0.0,2022-11-02 00:00:00+00:00,0.99975,False,False,2678693.0,1.2078395809038138,0,0,0.010395000000000019,0,0,0,0,0,0,-0.006470410645125582,0
2022-11-03 00:00:00+00:00,0.98134,0.98389,0.97295,0.97483,125262.0,0.985536,0.978065,0.9904875,0,0,0,1,0,1,0.97483,0,1,1,1,0,1,1.0093,0.0,2022-11-03 00:00:00+00:00,0.99975,False,False,2553431.0,1.2066100824865296,0,1,0.010727857142857162,0,0,0,0,0,0,-0.006615126391252817,0
2022-11-04 00:00:00+00:00,0.97488,0.99659,0.97466,0.99573,147413.0,0.985608,0.9852799999999999,0.9913358333333333,0,0,0,1,0,1,0.99573,1,0,0,1,1,0,1.0093,0.0,2022-11-04 00:00:00+00:00,0.99659,False,False,2700844.0,1.2053086618132829,0,0,0.011509285714285738,0,0,0,0,0,0,0.021213039676053005,1
2022-11-06 00:00:00+00:00,0.99036,0.99441,0.98998,0.99277,7852.0,0.9864600000000001,0.9942500000000001,0.99191,0,0,1,0,0,0,0.99659,1,0,0,0,0,0,1.0093,0.0,2022-11-06 00:00:00+00:00,0.99659,False,False,2692992.0,1.205238818980035,0,0,0.011271428571428599,0,0,0,0,0,0,-0.002977120629889199,0
2022-11-07 00:00:00+00:00,0.99277,1.00338,0.9917,1.00167,122160.0,0.98926,0.99722,0.9930200000000001,0,0,1,0,0,0,1.00167,1,0,0,0,0,0,1.0093,0.0,2022-11-07 00:00:00+00:00,0.99659,False,False,2815152.0,1.2042033687560938,0,0,0.010932142857142875,0,0,0,0,0,0,0.008924870215323817,1
2022-11-08 00:00:00+00:00,1.00167,1.00957,0.99708,1.00796,108377.0,0.9945920000000001,1.0048149999999998,0.9940083333333334,1,0,0,0,1,0,1.00796,1,0,0,1,1,0,1.0093,0.0,2022-11-08 00:00:00+00:00,0.99659,False,False,2923529.0,1.2033217807447574,0,0,0.011335714285714314,0,0,0,0,0,0,0.006259879221575652,1
2022-11-09 00:00:00+00:00,1.00795,1.00875,0.99921,1.00185,150038.0,0.9999960000000001,1.004905,0.9933908333333333,1,0,0,0,1,0,1.00185,0,1,1,1,0,1,1.0093,0.0,2022-11-09 00:00:00+00:00,1.00875,False,False,2773491.0,1.20207653103365,0,0,0.011397142857142883,0,0,0,0,0,0,-0.006080195464503915,0
2022-11-10 00:00:00+00:00,1.00185,1.02213,0.99346,1.01907,179030.0,1.004664,1.01046,0.9952624999999999,1,0,0,0,1,0,1.01907,1,0,0,0,0,0,1.0093,0.0,2022-11-10 00:00:00+00:00,1.02213,False,False,2952521.0,1.2007367243028646,0,0,0.012530000000000025,0,0,0,0,0,0,0.017042155822412856,1
2022-11-11 00:00:00+00:00,1.01909,1.03634,1.01624,1.03525,168878.0,1.01316,1.0271599999999999,0.9984983333333334,1,0,0,0,1,0,1.03525,1,0,0,0,0,0,1.0093,0.0,2022-11-11 00:00:00+00:00,1.02213,False,False,3121399.0,1.1996017210972378,0,0,0.012890000000000021,0,0,0,0,0,0,0.01575249676350911,1
2022-11-13 00:00:00+00:00,1.03319,1.03351,1.03078,1.03262,7850.0,1.01935,1.033935,1.0016025,1,0,0,0,1,0,1.03525,1,0,0,0,0,0,1.0093,0.0,2022-11-13 00:00:00+00:00,1.02213,True,False,3113549.0,1.1995485027961197,0,0,0.012237142857142867,0,0,0,0,0,0,-0.0025436815835398977,0
2022-11-14 00:00:00+00:00,1.0326,1.0358,1.02708,1.0319,151385.0,1.024138,1.03226,1.0052183333333333,1,0,0,0,1,0,1.03525,1,0,0,0,0,0,1.03634,1.0,2022-11-14 00:00:00+00:00,1.0358,False,False,2962164.0,1.1985243992768666,0,0,0.01234500000000001,1,0,0,0,0,0,-0.0006974987204680734,0
2022-11-15 00:00:00+00:00,1.03192,1.04806,1.02792,1.03567,217095.0,1.030902,1.033785,1.0092183333333333,1,0,0,0,1,0,1.03525,1,0,0,0,0,0,1.03634,0.0,2022-11-15 00:00:00+00:00,1.04806,False,False,3179259.0,1.1971101605161638,0,0,0.013603571428571446,0,0,0,0,0,0,0.003646797136872913,1
2022-11-16 00:00:00+00:00,1.03569,1.04378,1.03299,1.03927,180103.0,1.034942,1.03747,1.0140491666666667,1,0,0,0,1,0,1.03525,1,0,0,0,0,0,1.03634,0.0,2022-11-16 00:00:00+00:00,1.04806,False,False,3359362.0,1.1959811596082983,1,0,0.01371071428571429,0,0,0,0,0,0,0.003469983336611468,1
2022-11-17 00:00:00+00:00,1.03928,1.0406,1.03046,1.03599,148658.0,1.0350899999999998,1.03763,1.0191458333333332,1,0,0,0,1,0,1.03525,1,0,0,0,0,0,1.04806,1.0,2022-11-17 00:00:00+00:00,1.0406,False,False,3210704.0,1.1950421207156294,0,0,0.013713571428571436,1,0,0,0,0,0,-0.0031610523319631715,0
2022-11-18 00:00:00+00:00,1.03601,1.03954,1.0313,1.03209,118226.0,1.0349840000000001,1.03404,1.0221758333333333,0,1,0,0,1,0,1.03525,1,0,0,0,0,0,1.04806,0.0,2022-11-18 00:00:00+00:00,1.0406,False,False,3092478.0,1.1942850266574043,0,0,0.013114285714285705,0,0,0,0,0,0,-0.0037716187218665882,0
2022-11-20 00:00:00+00:00,1.03215,1.03324,1.03192,1.03297,3299.0,1.0351979999999998,1.03253,1.0255258333333332,0,1,0,0,1,0,1.03525,1,0,0,0,0,0,1.04806,0.0,2022-11-20 00:00:00+00:00,1.0406,False,True,3095777.0,1.1942641155196179,0,0,0.012427142857142843,0,0,0,0,1,0,0.0008522755302677392,1
2022-11-21 00:00:00+00:00,1.03298,1.03323,1.0222,1.02445,120949.0,1.0329539999999997,1.02871,1.0274241666666666,0,1,0,0,1,0,1.02445,0,1,1,1,0,1,1.04806,0.0,2022-11-21 00:00:00+00:00,1.0406,False,False,2974828.0,1.1934608900066026,0,1,0.011648571428571421,0,0,0,0,0,0,-0.008282264878382932,0
2022-11-22 00:00:00+00:00,1.02446,1.03101,1.02412,1.03099,102362.0,1.031298,1.02772,1.0293433333333333,0,1,0,0,0,0,1.03323,0,1,1,0,0,0,1.04806,0.0,2022-11-22 00:00:00+00:00,1.0406,False,True,3077190.0,1.192813090401742,0,0,0.011729999999999994,0,0,0,0,1,0,0.006363622455665616,1
2022-11-23 00:00:00+00:00,1.03101,1.04184,1.02958,1.0417,124513.0,1.03244,1.036345,1.0326641666666665,0,0,1,0,0,0,1.0417,1,0,0,0,0,0,1.04806,0.0,2022-11-23 00:00:00+00:00,1.04184,False,False,3201703.0,1.1920837304594663,1,0,0.011771428571428584,0,0,0,0,0,0,0.010334488341529394,1
2022-11-24 00:00:00+00:00,1.04172,1.04477,1.03811,1.04067,84306.0,1.034156,1.041185,1.0344641666666667,0,0,1,0,0,0,1.04184,1,0,0,0,0,0,1.04806,0.0,2022-11-24 00:00:00+00:00,1.04184,True,False,3117397.0,1.1915905204279347,0,0,0.011354999999999995,0,0,0,0,0,1,-0.0009892575133133316,0
2022-11-25 00:00:00+00:00,1.04068,1.04285,1.03541,1.03915,99836.0,1.035392,1.03991,1.0347891666666666,1,0,0,0,1,0,1.04184,1,0,0,0,0,0,1.04806,0.0,2022-11-25 00:00:00+00:00,1.04285,False,False,3017561.0,1.1910047550141396,0,0,0.011205000000000005,0,0,0,0,0,0,-0.0014616652120076192,0
2022-11-27 00:00:00+00:00,1.03719,1.03804,1.03646,1.03664,5102.0,1.03783,1.037895,1.0351241666666666,1,0,0,0,1,0,1.03664,0,1,1,0,0,0,1.04806,0.0,2022-11-27 00:00:00+00:00,1.04285,False,False,3012459.0,1.1909744482577378,0,0,0.009349285714285727,0,0,0,0,0,0,-0.002418357563434953,0
2022-11-28 00:00:00+00:00,1.03664,1.0496,1.03295,1.03425,144228.0,1.0384820000000001,1.035445,1.03532,0,1,0,0,1,0,1.03804,0,1,1,0,0,0,1.04806,0.0,2022-11-28 00:00:00+00:00,1.0496,True,False,2868231.0,1.19010941366492,0,0,0.009102857142857159,0,0,0,0,0,0,-0.002308187360126394,0
2022-11-29 00:00:00+00:00,1.03427,1.03937,1.03182,1.03231,144671.0,1.036604,1.03328,1.03504,0,1,0,0,0,0,1.03231,0,1,1,0,0,0,1.04806,0.0,2022-11-29 00:00:00+00:00,1.03937,False,False,2723560.0,1.1892405808605593,0,1,0.009322857142857157,0,0,0,0,0,0,-0.0018775168104347786,0
2022-11-30 00:00:00+00:00,1.03234,1.04296,1.02896,1.04226,162759.0,1.0369220000000001,1.037285,1.0352891666666666,1,0,0,0,1,0,1.04226,1,0,0,1,1,0,1.0496,1.0,2022-11-30 00:00:00+00:00,1.04296,False,False,2886319.0,1.1883357394919538,0,0,0.00970000000000001,1,0,0,0,0,0,0.00959242281080086,1
2022-12-01 00:00:00+00:00,1.04227,1.05387,1.03921,1.05271,171334.0,1.039634,1.047485,1.0366825000000002,1,0,0,0,1,0,1.05271,1,0,0,0,0,0,1.0496,0.0,2022-12-01 00:00:00+00:00,1.04296,False,False,3057653.0,1.1874624710464168,0,0,0.009308571428571444,0,0,0,0,0,0,0.009976359252813441,1
2022-12-02 00:00:00+00:00,1.05271,1.05445,1.04277,1.05393,153726.0,1.0430920000000001,1.05332,1.0385025,1,0,0,0,1,0,1.05271,1,0,0,0,0,0,1.0496,0.0,2022-12-02 00:00:00+00:00,1.04296,False,False,3211379.0,1.1866954724546481,0,0,0.009372142857142893,0,0,0,0,0,0,0.0011582426388831977,1
2022-12-04 00:00:00+00:00,1.05307,1.05432,1.05273,1.05431,4697.0,1.047104,1.0541200000000002,1.0402808333333333,1,0,0,0,1,0,1.05271,1,0,0,0,0,0,1.0496,0.0,2022-12-04 00:00:00+00:00,1.04296,False,False,3216076.0,1.1866722426781597,0,0,0.008761428571428602,0,0,0,0,0,0,0.00036049027066679213,1
2022-12-05 00:00:00+00:00,1.05435,1.05943,1.04795,1.04955,131195.0,1.0505520000000002,1.05193,1.0423725000000001,1,0,0,0,1,0,1.05271,1,0,0,0,0,0,1.0496,0.0,2022-12-05 00:00:00+00:00,1.05943,False,False,3084881.0,1.1860034585266899,0,0,0.0089928571428572,0,0,0,0,0,0,-0.00452502364423504,0
2022-12-06 00:00:00+00:00,1.04959,1.05322,1.04587,1.04667,125738.0,1.051434,1.0481099999999999,1.0436791666666665,0,1,0,0,1,0,1.04667,0,1,1,1,0,1,1.0496,0.0,2022-12-06 00:00:00+00:00,1.05943,False,False,2959143.0,1.1853551863181586,0,0,0.009423571428571484,0,0,0,0,0,0,-0.00274780491752143,0
2022-12-07 00:00:00+00:00,1.04669,1.0549,1.04425,1.0511,137090.0,1.051112,1.0488849999999998,1.0444625,0,1,0,0,1,0,1.05322,0,1,1,0,0,0,1.05943,1.0,2022-12-07 00:00:00+00:00,1.0549,False,False,3096233.0,1.1846775841306203,0,0,0.009396428571428623,1,0,0,0,0,0,0.004223538886814764,1
2022-12-08 00:00:00+00:00,1.05112,1.05644,1.04889,1.05549,122731.0,1.051424,1.0532949999999999,1.0456975,1,0,0,0,1,0,1.05322,0,1,1,0,0,0,1.05943,0.0,2022-12-08 00:00:00+00:00,1.0549,False,False,3218964.0,1.1840964785171206,0,0,0.009443571428571471,0,0,0,0,0,0,0.004167879231334731,1
2022-12-09 00:00:00+00:00,1.05549,1.05875,1.05011,1.05303,129815.0,1.0511679999999999,1.05426,1.0468541666666666,1,0,0,0,1,0,1.05322,0,1,1,0,0,0,1.05943,0.0,2022-12-09 00:00:00+00:00,1.0549,True,False,3089149.0,1.183475845108978,0,0,0.00918500000000003,0,0,0,0,0,0,-0.0023333913040110106,0
2022-12-11 00:00:00+00:00,1.05283,1.05359,1.05174,1.05199,2934.0,1.051656,1.0525099999999998,1.0481333333333334,1,0,0,0,1,0,1.05322,0,1,1,0,0,0,1.05943,0.0,2022-12-11 00:00:00+00:00,1.05359,False,False,3086215.0,1.1834617745524496,0,0,0.00884142857142862,0,0,0,0,0,0,-0.0009881142075786606,0
2022-12-12 00:00:00+00:00,1.052,1.05796,1.05051,1.05405,118886.0,1.053132,1.05302,1.0497833333333333,0,1,0,0,1,0,1.05322,0,1,1,0,0,0,1.05943,0.0,2022-12-12 00:00:00+00:00,1.05796,False,False,3205101.0,1.18290305022355,0,0,0.008842142857142894,0,0,0,0,0,0,0.0019562787572626394,1
2022-12-13 00:00:00+00:00,1.05402,1.06727,1.05274,1.06235,159768.0,1.055382,1.0581999999999998,1.0522866666666666,1,0,0,0,1,0,1.06235,1,0,0,0,0,0,1.05943,0.0,2022-12-13 00:00:00+00:00,1.05796,False,False,3364869.0,1.1822076280207585,0,0,0.009687857142857168,0,0,0,0,0,0,0.00784354805533136,1
2022-12-14 00:00:00+00:00,1.06234,1.06944,1.06183,1.06752,164212.0,1.057788,1.064935,1.0543916666666668,1,0,0,0,1,0,1.06727,1,0,0,0,0,0,1.05943,0.0,2022-12-14 00:00:00+00:00,1.05796,False,False,3529081.0,1.1815316467558845,1,0,0.009042142857142872,0,0,0,0,0,0,0.004854765928624936,1
2022-12-15 00:00:00+00:00,1.06751,1.07353,1.05917,1.0638,145909.0,1.059942,1.06566,1.0553158333333332,1,0,0,0,1,0,1.06727,1,0,0,0,0,0,1.05943,0.0,2022-12-15 00:00:00+00:00,1.05796,True,False,3383172.0,1.1809182803778187,0,0,0.009528571428571457,0,0,0,0,0,0,-0.003490797982055258,0
2022-12-16 00:00:00+00:00,1.0638,1.06625,1.05827,1.05827,133807.0,1.0611979999999999,1.061035,1.0556775,0,1,0,0,1,0,1.05827,0,1,1,0,0,0,1.05943,0.0,2022-12-16 00:00:00+00:00,1.06625,False,False,3249365.0,1.1803350838172786,0,0,0.009098571428571447,0,0,0,0,0,0,-0.005211903959854918,0
2022-12-18 00:00:00+00:00,1.0584,1.05942,1.05817,1.05836,5597.0,1.06206,1.058315,1.056015,0,1,0,0,1,0,1.05836,0,1,1,0,0,0,1.07353,1.0,2022-12-18 00:00:00+00:00,1.06625,False,False,3254962.0,1.1803108280667465,0,0,0.008140714285714295,1,0,0,0,0,0,8.504084327840603e-05,1
2022-12-19 00:00:00+00:00,1.05837,1.06573,1.05753,1.06116,113501.0,1.061822,1.05976,1.0569825,0,1,0,0,1,0,1.05836,0,1,1,0,0,0,1.07353,0.0,2022-12-19 00:00:00+00:00,1.06573,False,False,3368463.0,1.1798322671667145,0,0,0.007892142857142856,0,0,0,0,0,0,0.0026421091840035005,1
2022-12-20 00:00:00+00:00,1.06114,1.06579,1.05783,1.06246,171288.0,1.06081,1.06181,1.0582983333333333,1,0,0,0,1,0,1.05836,0,1,1,0,0,0,1.07353,0.0,2022-12-20 00:00:00+00:00,1.06573,False,False,3539751.0,1.1791251222260968,0,0,0.008347142857142855,0,0,0,0,0,0,0.0012243246554358574,1
2022-12-21 00:00:00+00:00,1.06246,1.06446,1.05895,1.0607,113886.0,1.06019,1.06158,1.0590983333333333,1,0,0,0,1,0,1.05836,0,1,1,0,0,0,1.07353,0.0,2022-12-21 00:00:00+00:00,1.06446,False,False,3425865.0,1.178652630750468,0,0,0.007920714285714265,0,0,0,0,0,0,-0.0016579065196555148,0
2022-12-22 00:00:00+00:00,1.06071,1.06588,1.05725,1.06004,115084.0,1.060544,1.06037,1.0594775,0,1,0,0,1,0,1.05836,0,1,1,0,0,0,1.07353,0.0,2022-12-22 00:00:00+00:00,1.06446,False,False,3310781.0,1.1781763333271342,0,0,0.008012142857142832,0,0,0,0,0,0,-0.0006224242682342665,0
2022-12-23 00:00:00+00:00,1.06001,1.06324,1.05859,1.06141,104412.0,1.0611540000000002,1.0607250000000001,1.0601758333333333,0,1,0,0,1,0,1.05836,0,1,1,0,0,0,1.07353,0.0,2022-12-23 00:00:00+00:00,1.06324,False,False,3415193.0,1.1777524746705494,0,0,0.007583571428571404,0,0,0,0,0,0,0.0012915696249708702,1
2022-12-26 00:00:00+00:00,1.0632,1.06451,1.0629,1.06391,2587.0,1.061704,1.06266,1.0611691666666667,1,0,0,0,1,0,1.06391,1,0,0,1,1,0,1.07353,0.0,2022-12-26 00:00:00+00:00,1.06324,False,False,3417780.0,1.1777422366806236,0,0,0.007265714285714272,0,0,0,0,0,0,0.002352587989626231,1
2022-12-27 00:00:00+00:00,1.06391,1.06689,1.06107,1.06363,85246.0,1.061938,1.0637699999999999,1.0619675,0,0,1,0,0,0,1.06451,1,0,0,0,0,0,1.07353,0.0,2022-12-27 00:00:00+00:00,1.06324,True,False,3332534.0,1.177405077421483,0,0,0.0070642857142856974,0,0,0,0,0,1,-0.0002632147941908676,0
2022-12-28 00:00:00+00:00,1.06363,1.06739,1.06047,1.06282,102560.0,1.062362,1.063225,1.0620066666666668,1,0,0,0,1,0,1.06451,1,0,0,0,0,0,1.07353,0.0,2022-12-28 00:00:00+00:00,1.06739,False,False,3229974.0,1.1769992009512806,0,0,0.007426428571428548,0,0,0,0,0,0,-0.0007618331389652451,0
2022-12-29 00:00:00+00:00,1.0628,1.06899,1.06103,1.06597,97053.0,1.0635480000000002,1.0643950000000002,1.0618775,1,0,0,0,1,0,1.06451,1,0,0,0,0,0,1.07353,0.0,2022-12-29 00:00:00+00:00,1.06899,False,False,3327027.0,1.1766282805830173,0,0,0.0074628571428571365,0,0,0,0,0,0,0.0029594298160304285,1
2022-12-30 00:00:00+00:00,1.06597,1.07126,1.06379,1.06989,110761.0,1.065244,1.06793,1.0623850000000001,1,0,0,0,1,0,1.06989,1,0,0,0,0,0,1.07353,0.0,2022-12-30 00:00:00+00:00,1.06899,False,False,3437788.0,1.1762228757413404,0,0,0.006958571428571433,0,0,0,0,0,0,0.003670656692305962,1
2023-01-01 00:00:00+00:00,1.06949,1.07037,1.06912,1.07032,25.0,1.066526,1.0701049999999999,1.0633891666666668,1,0,0,0,1,0,1.06989,1,0,0,0,0,0,1.07353,0.0,2023-01-01 00:00:00+00:00,1.06899,False,False,3437813.0,1.176222784953173,1,0,0.006504285714285725,0,0,0,0,0,0,0.0004018297323961237,1
2023-01-02 00:00:00+00:00,1.07023,1.07065,1.0649,1.0676,29236.0,1.06732,1.0689600000000001,1.0641591666666665,1,0,0,0,1,0,1.06989,1,0,0,0,0,0,1.07126,1.0,2023-01-02 00:00:00+00:00,1.07065,False,False,3408577.0,1.1761139958998772,0,0,0.005889285714285724,1,0,0,0,0,0,-0.00254453063499465,0
2023-01-03 00:00:00+00:00,1.0676,1.06796,1.05188,1.05446,166568.0,1.065648,1.0610300000000001,1.0636008333333333,0,1,0,0,0,0,1.05446,0,1,1,1,0,1,1.07126,0.0,2023-01-03 00:00:00+00:00,1.07065,False,False,3242009.0,1.175423766927693,0,0,0.006467857142857168,0,0,0,0,0,0,-0.012384351000513457,0
2023-01-04 00:00:00+00:00,1.05448,1.06345,1.05443,1.06052,150820.0,1.064558,1.05749,1.0634391666666667,0,1,0,0,0,0,1.06052,0,1,1,0,0,0,1.07126,0.0,2023-01-04 00:00:00+00:00,1.07065,False,True,3392829.0,1.1748364898469796,0,0,0.007022857142857172,0,0,0,0,1,0,0.00573056632581212,1
2023-01-05 00:00:00+00:00,1.06051,1.06308,1.05144,1.05199,141041.0,1.060978,1.056255,1.0627133333333334,0,0,0,1,0,1,1.05199,0,1,1,1,0,1,1.07126,0.0,2023-01-05 00:00:00+00:00,1.07065,False,False,3251788.0,1.1742521208687593,0,1,0.007268571428571465,0,0,0,0,0,0,-0.008075745306614255,0
2023-01-06 00:00:00+00:00,1.05201,1.06475,1.04808,1.06428,137546.0,1.0597699999999999,1.058135,1.0630666666666666,0,0,0,1,0,1,1.06428,1,0,0,1,1,0,1.07126,0.0,2023-01-06 00:00:00+00:00,1.06475,False,False,3389334.0,1.1737443128633518,0,0,0.007890714285714338,0,0,0,0,0,0,0.01161490562730761,1
2023-01-08 00:00:00+00:00,1.06392,1.06623,1.06345,1.06619,4244.0,1.0594879999999998,1.065235,1.0634649999999999,0,0,1,0,0,0,1.06475,1,0,0,0,0,0,1.07126,0.0,2023-01-08 00:00:00+00:00,1.06475,False,False,3393578.0,1.173728991044974,0,0,0.007695714285714346,0,0,0,0,0,0,0.0017930320649576566,1
2023-01-09 00:00:00+00:00,1.06621,1.07601,1.06507,1.07318,129991.0,1.063232,1.069685,1.0642375,0,0,1,0,0,0,1.07318,1,0,0,0,0,0,1.04808,2.0,2023-01-09 00:00:00+00:00,1.06475,False,False,3523569.0,1.1732921662834928,0,0,0.007860714285714348,0,0,1,0,0,0,0.006534657281114682,1
2023-01-10 00:00:00+00:00,1.0732,1.07587,1.07115,1.07376,125514.0,1.06588,1.07347,1.0650816666666667,1,0,0,0,1,0,1.07318,1,0,0,0,0,0,1.04808,0.0,2023-01-10 00:00:00+00:00,1.06475,False,False,3649083.0,1.172876395548567,0,0,0.007865714285714349,0,0,0,0,0,0,0.000540303887495587,1
2023-01-11 00:00:00+00:00,1.07378,1.07758,1.07248,1.07648,108136.0,1.070778,1.07512,1.06622,1,0,0,0,1,0,1.07318,1,0,0,0,0,0,1.04808,0.0,2023-01-11 00:00:00+00:00,1.06475,False,False,3757219.0,1.1725307195596966,0,0,0.008008571428571476,0,0,0,0,0,0,0.0025299514945446777,1
2023-01-12 00:00:00+00:00,1.07648,1.08663,1.0728,1.08591,168561.0,1.075104,1.0811950000000001,1.0678816666666666,1,0,0,0,1,0,1.08591,1,0,0,1,1,0,1.04808,0.0,2023-01-12 00:00:00+00:00,1.06475,False,False,3925780.0,1.1720492197159207,1,0,0.008580714285714339,0,0,0,0,0,0,0.008721886227079072,1
2023-01-13 00:00:00+00:00,1.08592,1.08673,1.07798,1.08311,130637.0,1.0784880000000001,1.0845099999999999,1.0689833333333334,1,0,0,0,1,0,1.08591,1,0,0,0,0,0,1.04808,0.0,2023-01-13 00:00:00+00:00,1.06475,True,False,3795143.0,1.171667706293103,0,0,0.008711428571428623,0,0,0,0,0,0,-0.0025818125746585032,0
2023-01-15 00:00:00+00:00,1.08274,1.08335,1.08196,1.0822,5046.0,1.080292,1.082655,1.0699733333333332,1,0,0,0,1,0,1.08591,1,0,0,0,0,0,1.04808,0.0,2023-01-15 00:00:00+00:00,1.08335,False,False,3790097.0,1.1716528848017176,0,0,0.008242142857142896,0,0,0,0,0,0,-0.000840526348259607,0
2023-01-16 00:00:00+00:00,1.08223,1.08736,1.08007,1.0829,84900.0,1.08212,1.08255,1.0712483333333334,1,0,0,0,1,0,1.08591,1,0,0,0,0,0,1.04808,0.0,2023-01-16 00:00:00+00:00,1.08736,False,False,3874997.0,1.17140619017329,0,0,0.008229285714285748,0,0,0,0,0,0,0.000646621425698859,1
2023-01-17 00:00:00+00:00,1.08289,1.08688,1.07737,1.07886,135696.0,1.0825960000000001,1.08088,1.0732816666666667,0,1,0,0,1,0,1.07886,0,1,1,1,0,1,1.04808,0.0,2023-01-17 00:00:00+00:00,1.08688,False,False,3739301.0,1.1709968635480228,0,0,0.00881928571428576,0,0,0,0,0,0,-0.0037376995627325213,0
2023-01-18 00:00:00+00:00,1.07887,1.08868,1.07653,1.07969,173198.0,1.081352,1.079275,1.0748791666666666,0,1,0,0,1,0,1.07969,0,1,1,0,0,0,1.04808,0.0,2023-01-18 00:00:00+00:00,1.08868,False,False,3912499.0,1.1704843021779099,0,0,0.009276428571428614,0,0,0,0,0,0,0.0007690348066119997,1
2023-01-19 00:00:00+00:00,1.07972,1.08393,1.07815,1.08328,132500.0,1.081386,1.081485,1.0774866666666667,1,0,0,0,1,0,1.07969,0,1,1,0,0,0,1.04808,0.0,2023-01-19 00:00:00+00:00,1.08868,False,False,4044999.0,1.1701114022774695,0,0,0.00854071428571433,0,0,0,0,0,0,0.0033195127963553295,1
2023-01-20 00:00:00+00:00,1.0833,1.08583,1.08015,1.08544,102631.0,1.0820340000000002,1.08436,1.07925,1,0,0,0,1,0,1.08544,1,0,0,1,1,0,1.08868,1.0,2023-01-20 00:00:00+00:00,1.08868,False,False,4147630.0,1.1698318791826372,0,0,0.008302142857142909,1,0,0,0,0,0,0.0019919590488603036,1
2023-01-22 00:00:00+00:00,1.08623,1.0869,1.08599,1.08635,3802.0,1.082724,1.0858949999999998,1.0809300000000002,1,0,0,0,1,0,1.08583,1,0,0,0,0,0,1.08868,0.0,2023-01-22 00:00:00+00:00,1.08868,False,False,4151432.0,1.1698216708784488,0,0,0.007575000000000046,0,0,0,0,0,0,0.0008380184578212974,1
2023-01-23 00:00:00+00:00,1.08635,1.09261,1.08454,1.08707,119148.0,1.084366,1.08671,1.0820874999999999,1,0,0,0,1,0,1.08583,1,0,0,0,0,0,1.08868,0.0,2023-01-23 00:00:00+00:00,1.08868,False,False,4270580.0,1.1695057693509434,0,0,0.00696071428571432,0,0,0,0,0,0,0.000662550290637348,1
2023-01-24 00:00:00+00:00,1.08707,1.08973,1.08345,1.0889,103416.0,1.0862079999999998,1.087985,1.0833491666666666,1,0,0,0,1,0,1.08583,1,0,0,0,0,0,1.08868,0.0,2023-01-24 00:00:00+00:00,1.08868,False,False,4373996.0,1.1692395709505496,0,0,0.007210714285714325,0,0,0,0,0,0,0.0016820088801278044,1
2023-01-25 00:00:00+00:00,1.08892,1.0923,1.08566,1.09199,107334.0,1.08795,1.0904449999999999,1.0846416666666665,1,0,0,0,1,0,1.09199,1,0,0,0,0,0,1.09261,1.0,2023-01-25 00:00:00+00:00,1.08868,False,False,4481330.0,1.1689756955349129,1,0,0.006903571428571469,1,0,0,0,0,0,0.00283370740174734,1
2023-01-26 00:00:00+00:00,1.09199,1.09288,1.08498,1.08922,110154.0,1.0887059999999997,1.090605,1.0849175,1,0,0,0,1,0,1.09199,1,0,0,0,0,0,1.09261,0.0,2023-01-26 00:00:00+00:00,1.09288,False,False,4371176.0,1.1686970784740687,0,0,0.0071307142857143235,0,0,0,0,0,0,-0.002539876022114966,0
2023-01-27 00:00:00+00:00,1.08925,1.08997,1.08372,1.08664,96184.0,1.088764,1.08793,1.0852116666666667,0,1,0,0,1,0,1.08664,0,1,1,1,0,1,1.09261,0.0,2023-01-27 00:00:00+00:00,1.09288,False,False,4274992.0,1.1684475374910088,0,0,0.007212857142857195,0,0,0,0,0,0,-0.0023714772174122,0
2023-01-29 00:00:00+00:00,1.08596,1.08718,1.08551,1.08712,2625.0,1.0887740000000001,1.08688,1.0856216666666667,0,1,0,0,1,0,1.08997,0,1,1,0,0,0,1.09288,1.0,2023-01-29 00:00:00+00:00,1.09288,False,True,4277617.0,1.1684407882663503,0,0,0.00634428571428577,1,0,0,0,1,0,0.0004416310980068333,1
2023-01-30 00:00:00+00:00,1.08712,1.09131,1.08386,1.08492,110301.0,1.0879780000000001,1.08602,1.08579,0,1,0,0,1,0,1.08492,0,1,1,0,0,0,1.09288,0.0,2023-01-30 00:00:00+00:00,1.09131,True,False,4167316.0,1.1681505536646102,0,0,0.006251428571428622,0,0,0,0,0,0,-0.0020257460749666385,0
2023-01-31 00:00:00+00:00,1.08495,1.08742,1.08014,1.08599,112975.0,1.0867780000000002,1.085455,1.0863841666666667,0,1,0,0,0,0,1.08492,0,1,1,0,0,0,1.09288,0.0,2023-01-31 00:00:00+00:00,1.08742,False,True,4280291.0,1.1678591615159477,0,0,0.006672142857142904,0,0,0,0,1,0,0.0009857618110796253,1
2023-02-01 00:00:00+00:00,1.08598,1.10317,1.08513,1.1012,137172.0,1.0891740000000003,1.093595,1.0881766666666666,1,0,0,0,1,0,1.1012,1,0,0,1,1,0,1.09288,0.0,2023-02-01 00:00:00+00:00,1.10317,False,False,4417463.0,1.1675733423829378,1,0,0.00744000000000005,0,0,0,0,0,0,0.01390848092009696,1
2023-02-02 00:00:00+00:00,1.10118,1.10261,1.08847,1.09038,146420.0,1.089922,1.09579,1.0887683333333333,1,0,0,0,1,0,1.09038,0,1,1,0,0,0,1.09288,0.0,2023-02-02 00:00:00+00:00,1.10317,True,False,4271043.0,1.1672216499176356,0,0,0.0077707142857143295,0,0,0,0,0,0,-0.00987423494722731,0
2023-02-03 00:00:00+00:00,1.0904,1.09396,1.07916,1.07925,137935.0,1.088348,1.0848149999999999,1.0882525,0,1,0,0,0,0,1.07925,0,1,1,0,0,0,1.10317,1.0,2023-02-03 00:00:00+00:00,1.09396,False,False,4133108.0,1.1668456913040648,0,0,0.007960000000000047,1,0,0,0,0,0,-0.01025990388563792,0
2023-02-05 00:00:00+00:00,1.07821,1.07978,1.07819,1.07886,5339.0,1.0871359999999999,1.0790549999999999,1.0876283333333332,0,0,0,1,0,1,1.07925,0,1,1,0,0,0,1.10317,0.0,2023-02-05 00:00:00+00:00,1.09396,False,True,4127769.0,1.1668311392948794,0,0,0.007660714285714322,0,0,0,0,0,0,-0.00036142736398568523,0
2023-02-06 00:00:00+00:00,1.07883,1.07983,1.07087,1.07285,108837.0,1.084508,1.075855,1.0864433333333334,0,0,0,1,0,1,1.07285,0,1,1,1,0,1,1.10317,0.0,2023-02-06 00:00:00+00:00,1.09396,False,False,4018932.0,1.1665153433996343,0,0,0.007895000000000032,0,0,0,0,0,0,-0.005586269180511039,0
2023-02-07 00:00:00+00:00,1.07285,1.07659,1.06685,1.07298,145688.0,1.0788639999999998,1.072915,1.0851166666666667,0,0,0,1,0,1,1.07285,0,1,1,0,0,0,1.10317,0.0,2023-02-07 00:00:00+00:00,1.09396,False,True,4164620.0,1.1660965115576525,0,0,0.008486428571428593,0,0,0,0,0,0,0.00012116523690969277,1
2023-02-08 00:00:00+00:00,1.07299,1.07602,1.0707,1.07147,108441.0,1.0750819999999999,1.072225,1.0834066666666666,0,0,0,1,0,1,1.07285,0,1,1,0,0,0,1.10317,0.0,2023-02-08 00:00:00+00:00,1.09396,False,False,4056179.0,1.165782170277114,0,0,0.00829000000000002,0,0,0,0,0,0,-0.0014082867397811065,0
2023-02-09 00:00:00+00:00,1.07147,1.07904,1.07087,1.07384,109712.0,1.0739999999999998,1.072655,1.082125,0,0,0,1,0,1,1.07285,0,1,1,0,0,0,1.06685,2.0,2023-02-09 00:00:00+00:00,1.07904,False,False,4165891.0,1.1654742014168797,0,0,0.008425000000000016,0,0,1,0,0,0,0.002209471791161841,1
2023-02-10 00:00:00+00:00,1.07385,1.07521,1.06655,1.06761,116450.0,1.07175,1.070725,1.0805391666666666,0,0,0,1,0,1,1.06761,0,1,1,1,0,1,1.06685,0.0,2023-02-10 00:00:00+00:00,1.07521,False,False,4049441.0,1.1651274965332674,0,0,0.008569285714285724,0,0,0,0,0,0,-0.005818503888833365,0
2023-02-12 00:00:00+00:00,1.06792,1.06798,1.06707,1.06765,4530.0,1.07071,1.0676299999999999,1.0789166666666667,0,0,0,1,0,1,1.06761,0,1,1,0,0,0,1.06685,0.0,2023-02-12 00:00:00+00:00,1.07521,False,False,4053971.0,1.1651140645750986,0,0,0.008070000000000006,0,0,0,0,0,0,3.74661633757336e-05,1
2023-02-13 00:00:00+00:00,1.06766,1.07318,1.06547,1.07305,94312.0,1.0707239999999998,1.07035,1.0779275000000001,0,0,0,1,0,1,1.07305,1,0,0,1,1,0,1.06685,0.0,2023-02-13 00:00:00+00:00,1.07318,False,False,4148283.0,1.1648507046250955,0,0,0.00817428571428572,0,0,0,0,0,0,0.0050450894135678865,1
2023-02-14 00:00:00+00:00,1.07304,1.08038,1.07061,1.07346,155143.0,1.0711220000000001,1.073255,1.0768833333333332,0,0,1,0,0,1,1.07318,1,0,0,0,0,0,1.06685,0.0,2023-02-14 00:00:00+00:00,1.07318,False,False,4303426.0,1.1644226610589756,0,0,0.008752857142857133,0,0,0,0,0,0,0.0003820154622957163,1
2023-02-15 00:00:00+00:00,1.07345,1.07438,1.06598,1.06908,128983.0,1.0701699999999998,1.0712700000000002,1.0742066666666668,0,0,1,0,0,1,1.07318,1,0,0,0,0,0,1.06547,2.0,2023-02-15 00:00:00+00:00,1.07438,False,False,4174443.0,1.1640528450692358,0,0,0.008820714285714277,0,0,1,0,0,0,-0.004088610809233806,0
2023-02-16 00:00:00+00:00,1.0691,1.07218,1.06536,1.06646,129072.0,1.0699400000000001,1.0677699999999999,1.0722133333333332,0,0,0,1,0,1,1.06646,0,1,1,0,0,0,1.06547,0.0,2023-02-16 00:00:00+00:00,1.07438,False,False,4045371.0,1.1636755044866725,0,0,0.008787857142857125,0,0,0,0,0,0,-0.0024537131728006143,0
2023-02-17 00:00:00+00:00,1.06648,1.06977,1.0612,1.06925,112507.0,1.07026,1.067855,1.07138,0,0,0,1,0,1,1.07218,0,1,1,0,0,0,1.06547,0.0,2023-02-17 00:00:00+00:00,1.07438,False,True,4157878.0,1.1633583351951144,0,0,0.008111428571428563,0,0,0,0,0,0,0.0026127157592657733,1
2023-02-19 00:00:00+00:00,1.06844,1.06925,1.06818,1.06834,3618.0,1.069318,1.0687950000000002,1.0705033333333334,0,0,0,1,0,1,1.07218,0,1,1,0,0,0,1.06547,0.0,2023-02-19 00:00:00+00:00,1.06925,True,False,4154260.0,1.1633480727382453,0,0,0.00717785714285714,0,0,0,0,0,1,-0.0008514261902175128,0
2023-02-20 00:00:00+00:00,1.06837,1.0704,1.06694,1.06814,67858.0,1.068254,1.06824,1.0701108333333333,0,0,0,1,0,1,1.07218,0,1,1,0,0,0,1.0612,2.0,2023-02-20 00:00:00+00:00,1.06925,True,False,4086402.0,1.1631555990662907,0,0,0.006367857142857132,0,0,1,0,0,1,-0.0001872238453758021,0
2023-02-21 00:00:00+00:00,1.06815,1.06976,1.06368,1.06505,125008.0,1.0674480000000002,1.066595,1.06945,0,0,0,1,0,1,1.06505,0,1,1,0,0,0,1.0612,0.0,2023-02-21 00:00:00+00:00,1.06976,False,False,3961394.0,1.1627915887405398,0,0,0.006688571428571425,0,0,0,0,0,0,-0.0028970716731313495,0
2023-02-22 00:00:00+00:00,1.06503,1.06634,1.05984,1.06048,122513.0,1.066252,1.0627650000000002,1.0685341666666668,0,0,0,1,0,1,1.06505,0,1,1,0,0,0,1.0612,0.0,2023-02-22 00:00:00+00:00,1.06976,False,False,3838881.0,1.1624208971546943,0,0,0.006512857142857146,0,0,0,0,0,0,-0.004300110600149976,0
2023-02-23 00:00:00+00:00,1.06049,1.06271,1.05763,1.05966,109690.0,1.0643340000000001,1.06007,1.0673525,0,0,0,1,0,1,1.05966,0,1,1,1,0,1,1.0612,0.0,2023-02-23 00:00:00+00:00,1.06976,False,False,3729191.0,1.1620886248806261,0,0,0.006180000000000011,0,0,0,0,0,0,-0.0007735338618087278,0
2023-02-24 00:00:00+00:00,1.05965,1.06135,1.05355,1.05445,125410.0,1.061556,1.057055,1.0662558333333334,0,0,0,1,0,1,1.05445,0,1,1,1,0,1,1.0612,0.0,2023-02-24 00:00:00+00:00,1.06976,False,False,3603781.0,1.1616921671146556,0,1,0.006357142857142871,0,0,0,0,0,0,-0.0049287979785611336,0
2023-02-26 00:00:00+00:00,1.0546,1.05546,1.05402,1.05526,2046.0,1.05898,1.054855,1.0652233333333332,0,0,0,1,0,1,1.05445,0,1,1,0,0,0,1.0612,0.0,2023-02-26 00:00:00+00:00,1.06976,False,True,3605827.0,1.1616857719893388,0,0,0.005876428571428592,0,0,0,0,0,0,0.0007678780873205353,1
2023-02-27 00:00:00+00:00,1.05528,1.06193,1.0532,1.06089,106263.0,1.058148,1.058075,1.06421,0,0,0,1,0,1,1.06089,1,0,0,1,1,0,1.0612,0.0,2023-02-27 00:00:00+00:00,1.06193,False,False,3712090.0,1.1613721967816375,0,0,0.005881428571428609,0,0,0,0,0,0,0.005320996416615911,1
2023-02-28 00:00:00+00:00,1.06091,1.06447,1.05714,1.05762,109883.0,1.057576,1.059255,1.0628900000000001,0,0,1,0,0,1,1.06193,1,0,0,0,0,0,1.0612,0.0,2023-02-28 00:00:00+00:00,1.06193,True,False,3602207.0,1.1610394987229022,0,0,0.006340000000000044,0,0,0,0,0,1,-0.003087077801792879,0
2023-03-01 00:00:00+00:00,1.05763,1.06908,1.05645,1.06679,133674.0,1.059002,1.062205,1.0626991666666668,0,0,1,0,0,1,1.06193,1,0,0,0,0,0,1.0532,2.0,2023-03-01 00:00:00+00:00,1.06193,False,False,3735881.0,1.1606732656259728,0,0,0.006691428571428618,0,0,1,0,0,0,0.00863303877573586,1
2023-03-02 00:00:00+00:00,1.06677,1.06722,1.05758,1.05977,122842.0,1.0600660000000002,1.06328,1.0621416666666665,0,0,1,0,0,0,1.06193,1,0,0,0,0,0,1.0532,0.0,2023-03-02 00:00:00+00:00,1.06193,True,False,3613039.0,1.1603142315789452,0,0,0.006682142857142922,0,0,0,0,0,1,-0.006602236005427153,0
2023-03-03 00:00:00+00:00,1.05977,1.0638,1.05876,1.06331,104407.0,1.0616759999999998,1.06154,1.0616466666666666,0,1,0,0,0,0,1.06193,1,0,0,0,0,0,1.0532,0.0,2023-03-03 00:00:00+00:00,1.0638,False,True,3717446.0,1.1600217541129545,0,0,0.006442142857142936,0,0,0,0,1,0,0.0033347808661233305,1
2023-03-05 00:00:00+00:00,1.06227,1.06276,1.06196,1.06249,4356.0,1.061996,1.0629,1.0611591666666669,1,0,0,0,1,0,1.06193,1,0,0,0,0,0,1.0532,0.0,2023-03-05 00:00:00+00:00,1.06276,False,False,3713090.0,1.1600094867449837,0,0,0.00605142857142866,0,0,0,0,0,0,-0.0007714743067740543,0
2023-03-06 00:00:00+00:00,1.06247,1.06937,1.06214,1.06848,101681.0,1.064168,1.065485,1.0611875000000002,1,0,0,0,1,0,1.06848,1,0,0,0,0,0,1.0532,0.0,2023-03-06 00:00:00+00:00,1.06276,False,False,3814771.0,1.1597415420900097,1,0,0.00595571428571435,0,0,0,0,0,0,0.005621867765714773,1
2023-03-07 00:00:00+00:00,1.06849,1.06938,1.05448,1.05476,132863.0,1.0617619999999999,1.06162,1.06033,0,1,0,0,1,0,1.05476,0,1,1,1,0,1,1.0532,0.0,2023-03-07 00:00:00+00:00,1.06938,False,False,3681908.0,1.1593415022979665,0,1,0.006943571428571478,0,0,0,0,0,0,-0.012923824876136289,0
2023-03-08 00:00:00+00:00,1.05477,1.05733,1.05236,1.05485,108798.0,1.0607779999999998,1.054805,1.0598608333333333,0,1,0,0,0,0,1.05485,0,1,1,0,0,0,1.0532,0.0,2023-03-08 00:00:00+00:00,1.06938,False,True,3790706.0,1.1590164636349627,0,0,0.0070514285714286295,0,0,0,0,1,0,8.532382767873686e-05,1
2023-03-09 00:00:00+00:00,1.05484,1.05906,1.05374,1.05849,99580.0,1.059814,1.05667,1.0597633333333334,0,1,0,0,0,0,1.05485,0,1,1,0,0,0,1.06938,1.0,2023-03-09 00:00:00+00:00,1.05906,False,False,3890286.0,1.1587310656288898,0,0,0.006997142857142908,1,0,0,0,0,0,0.003444787492332058,1
2023-03-10 00:00:00+00:00,1.05849,1.07002,1.05731,1.0637,175933.0,1.0600559999999999,1.061095,1.0605341666666666,0,0,1,0,0,0,1.0637,1,0,0,1,1,0,1.05236,2.0,2023-03-10 00:00:00+00:00,1.05906,False,False,4066219.0,1.1582567817114806,0,0,0.007440714285714324,0,0,1,0,0,0,0.004910032058454793,1
2023-03-12 00:00:00+00:00,1.06792,1.07023,1.06724,1.06803,12294.0,1.059966,1.065865,1.0615983333333334,0,0,1,0,0,0,1.07002,1,0,0,0,0,0,1.05236,0.0,2023-03-12 00:00:00+00:00,1.05906,False,False,4078513.0,1.158225325766899,0,0,0.007544285714285749,0,0,0,0,0,0,0.004062433755647815,1
2023-03-13 00:00:00+00:00,1.0681,1.07479,1.06496,1.07221,232021.0,1.063456,1.0701200000000002,1.0625416666666667,1,0,0,0,1,0,1.07002,1,0,0,0,0,0,1.05236,0.0,2023-03-13 00:00:00+00:00,1.05906,False,False,4310534.0,1.1576630763010287,0,0,0.007689285714285747,0,0,0,0,0,0,0.0039061089548459373,1
2023-03-14 00:00:00+00:00,1.07226,1.07489,1.06782,1.07261,178010.0,1.067008,1.07241,1.0637908333333332,1,0,0,0,1,0,1.07002,1,0,0,0,0,0,1.05236,0.0,2023-03-14 00:00:00+00:00,1.05906,False,False,4488544.0,1.157238664154594,1,0,0.008091428571428591,0,0,0,0,0,0,0.0003729916772851995,1
2023-03-15 00:00:00+00:00,1.07263,1.07592,1.05152,1.05809,200530.0,1.066928,1.06535,1.0630658333333332,0,1,0,0,1,0,1.05809,0,1,1,0,0,0,1.05236,0.0,2023-03-15 00:00:00+00:00,1.07592,False,False,4288014.0,1.1566844403718084,0,1,0.009210714285714294,0,0,0,0,0,0,-0.01362953468250349,0
2023-03-16 00:00:00+00:00,1.05809,1.06349,1.055,1.06129,183159.0,1.066446,1.05969,1.0631925,0,1,0,0,0,0,1.06129,0,1,1,0,0,0,1.05236,0.0,2023-03-16 00:00:00+00:00,1.07592,False,True,4471173.0,1.1561998680873269,0,0,0.009293571428571441,0,0,0,0,1,0,0.0030197533540083405,1
2023-03-17 00:00:00+00:00,1.06129,1.06847,1.0611,1.06634,131631.0,1.0661080000000003,1.063815,1.063445,0,1,0,0,1,0,1.06634,1,0,0,1,1,0,1.07592,1.0,2023-03-17 00:00:00+00:00,1.06847,False,False,4602804.0,1.1558730179687184,0,0,0.008917857142857153,1,0,0,0,0,0,0.004747074898697442,1
2023-03-19 00:00:00+00:00,1.06864,1.06884,1.06652,1.06798,7448.0,1.0652620000000002,1.0671599999999999,1.0639025,1,0,0,0,1,0,1.06847,1,0,0,0,0,0,1.07592,0.0,2023-03-19 00:00:00+00:00,1.06847,True,False,4610252.0,1.1558549325169392,0,0,0.008407857142857142,0,0,0,0,0,0,0.0015367895374343396,1
2023-03-20 00:00:00+00:00,1.068,1.07302,1.06304,1.07177,148644.0,1.065094,1.069875,1.0641766666666668,1,0,0,0,1,0,1.06847,1,0,0,0,0,0,1.07592,0.0,2023-03-20 00:00:00+00:00,1.06847,False,False,4758896.0,1.1555110413208043,0,0,0.00876071428571428,0,0,0,0,0,0,0.003542473619282021,1
2023-03-21 00:00:00+00:00,1.07179,1.07879,1.07032,1.07721,96420.0,1.0689179999999998,1.07449,1.0660475,1,0,0,0,1,0,1.07721,1,0,0,0,0,0,1.07592,0.0,2023-03-21 00:00:00+00:00,1.06847,False,False,4855316.0,1.1553038652748484,0,0,0.00926928571428571,0,0,0,0,0,0,0.005062877849181406,1
2023-03-22 00:00:00+00:00,1.0772,1.09116,1.07583,1.08684,124327.0,1.074028,1.082025,1.0687133333333334,1,0,0,0,1,0,1.08684,1,0,0,1,1,0,1.07592,0.0,2023-03-22 00:00:00+00:00,1.06847,False,False,4979643.0,1.1550710815650833,1,0,0.009847857142857139,0,0,0,0,0,0,0.008900037953358949,1
2023-03-23 00:00:00+00:00,1.08685,1.09292,1.08235,1.08339,126604.0,1.077438,1.085115,1.0707883333333332,1,0,0,0,1,0,1.08684,1,0,0,0,0,0,1.07592,0.0,2023-03-23 00:00:00+00:00,1.06847,True,False,4853039.0,1.154823751675726,0,0,0.009538571428571428,0,0,0,0,0,0,-0.003179389194875875,0
2023-03-24 00:00:00+00:00,1.0834,1.08364,1.07125,1.07586,130434.0,1.0790140000000001,1.079625,1.0718016666666668,1,0,0,0,1,0,1.07586,0,1,1,1,0,1,1.07592,0.0,2023-03-24 00:00:00+00:00,1.08364,False,False,4722605.0,1.154544045458449,0,0,0.010068571428571411,0,0,0,0,0,0,-0.006974672247654014,0
2023-03-26 00:00:00+00:00,1.07729,1.07793,1.07638,1.07771,5258.0,1.080202,1.076785,1.0726083333333334,0,1,0,0,1,0,1.07771,0,1,1,0,0,0,1.09292,1.0,2023-03-26 00:00:00+00:00,1.08364,False,True,4727863.0,1.1545330757318035,0,0,0.009836428571428555,1,0,0,0,1,0,0.001718077847543965,1
2023-03-27 00:00:00+00:00,1.07769,1.08072,1.07442,1.08057,91614.0,1.0808740000000001,1.07914,1.073305,0,1,0,0,1,0,1.07771,0,1,1,0,0,0,1.09292,0.0,2023-03-27 00:00:00+00:00,1.08072,False,False,4819477.0,1.1543495405546054,0,0,0.009378571428571411,0,0,0,0,0,0,0.002650260090464988,1
2023-03-28 00:00:00+00:00,1.08056,1.0848,1.08025,1.08383,86929.0,1.0802720000000001,1.0822,1.07424,1,0,0,0,1,0,1.08383,1,0,0,1,1,0,1.09292,0.0,2023-03-28 00:00:00+00:00,1.08072,False,False,4906406.0,1.1541838890821894,0,0,0.009237142857142848,0,0,0,0,0,0,0.003012384462417233,1
2023-03-29 00:00:00+00:00,1.08387,1.0871,1.0817,1.08418,90703.0,1.0804300000000002,1.0840049999999999,1.0764141666666667,1,0,0,0,1,0,1.0848,1,0,0,0,0,0,1.09292,0.0,2023-03-29 00:00:00+00:00,1.08072,False,False,4997109.0,1.1540127292665043,0,0,0.008920714285714266,0,0,0,0,0,0,0.00032287674230322154,1
2023-03-30 00:00:00+00:00,1.08417,1.09257,1.08228,1.09034,88808.0,1.083326,1.0872600000000001,1.078835,1,0,0,0,1,0,1.09034,1,0,0,0,0,0,1.09292,0.0,2023-03-30 00:00:00+00:00,1.08072,False,False,5085917.0,1.1538606657178723,0,0,0.009150714285714281,0,0,0,0,0,0,0.005665633314647541,1
2023-03-31 00:00:00+00:00,1.0903,1.0925,1.0836,1.08409,93289.0,1.0846019999999998,1.087215,1.0803141666666667,1,0,0,0,1,0,1.08409,0,1,1,1,0,1,1.09292,0.0,2023-03-31 00:00:00+00:00,1.08072,True,False,4992628.0,1.1536860695461837,0,0,0.008043571428571436,0,0,0,0,0,0,-0.005748648806308405,0
2023-04-02 00:00:00+00:00,1.08391,1.08427,1.08004,1.08018,7009.0,1.084524,1.082135,1.0813308333333334,0,1,0,0,1,0,1.08018,0,1,1,0,0,0,1.09292,0.0,2023-04-02 00:00:00+00:00,1.08427,False,False,4985619.0,1.1536722520603448,0,1,0.007739285714285726,0,0,0,0,0,0,-0.0036132314858102264,0
2023-04-03 00:00:00+00:00,1.08017,1.09159,1.07874,1.09061,92239.0,1.08588,1.085395,1.0829008333333332,0,1,0,0,1,0,1.09061,1,0,0,1,1,0,1.09292,0.0,2023-04-03 00:00:00+00:00,1.09159,False,False,5077858.0,1.1535166337130704,0,0,0.008130714285714293,0,0,0,0,0,0,0.009609478816962752,1
2023-04-04 00:00:00+00:00,1.09059,1.09728,1.08819,1.09568,96347.0,1.08818,1.093145,1.08444,1,0,0,0,1,0,1.09159,1,0,0,0,0,0,1.09292,0.0,2023-04-04 00:00:00+00:00,1.09159,False,False,5174205.0,1.1533679374874446,1,0,0.008601428571428585,0,0,0,0,0,0,0.004638002358719082,1
2023-04-05 00:00:00+00:00,1.0957,1.09691,1.08905,1.09023,91495.0,1.088158,1.092955,1.0847225,1,0,0,0,1,0,1.09159,1,0,0,0,0,0,1.09292,0.0,2023-04-05 00:00:00+00:00,1.09691,False,False,5082710.0,1.153214161877955,0,0,0.008450000000000004,0,0,0,0,0,0,-0.004986491935071114,0
2023-04-06 00:00:00+00:00,1.09025,1.09372,1.08838,1.09189,69313.0,1.089718,1.0910600000000001,1.0854308333333333,1,0,0,0,1,0,1.09159,1,0,0,0,0,0,1.09728,1.0,2023-04-06 00:00:00+00:00,1.09691,False,True,5152023.0,1.153101222483662,0,0,0.008226428571428588,1,0,0,0,1,0,0.0015214564920519086,1
2023-04-07 00:00:00+00:00,1.0919,1.09234,1.08757,1.08962,22656.0,1.091606,1.0907550000000001,1.0865775,0,1,0,0,1,0,1.09159,1,0,0,0,0,0,1.09728,0.0,2023-04-07 00:00:00+00:00,1.09691,False,False,5129367.0,1.153063031020598,0,0,0.007472142857142895,0,0,0,0,0,0,-0.0020811280436931747,0
2023-04-09 00:00:00+00:00,1.08976,1.09129,1.08947,1.09124,3321.0,1.091732,1.09043,1.087705,0,1,0,0,1,0,1.09159,1,0,0,0,0,0,1.09728,0.0,2023-04-09 00:00:00+00:00,1.09691,False,True,5132688.0,1.153057579487541,0,0,0.006847142857142908,0,0,0,0,1,0,0.0014856527222903127,1
2023-04-10 00:00:00+00:00,1.09127,1.09166,1.08306,1.08681,58757.0,1.089958,1.089025,1.0882250000000002,0,1,0,0,1,0,1.09159,1,0,0,0,0,0,1.09728,0.0,2023-04-10 00:00:00+00:00,1.09691,False,False,5073931.0,1.1529543860489808,0,1,0.006576428571428642,0,0,0,0,0,0,-0.004067864473994188,0
2023-04-11 00:00:00+00:00,1.08679,1.09276,1.08664,1.09155,76876.0,1.0902220000000002,1.08918,1.0888683333333333,0,1,0,0,1,0,1.09159,1,0,0,0,0,0,1.09728,0.0,2023-04-11 00:00:00+00:00,1.09276,False,False,5150807.0,1.1528294958328482,0,0,0.006865714285714348,0,0,0,0,0,0,0.004351904626353648,1
2023-04-12 00:00:00+00:00,1.09157,1.09998,1.09139,1.09962,89203.0,1.091768,1.095585,1.090155,1,0,0,0,1,0,1.09962,1,0,0,0,0,0,1.09728,0.0,2023-04-12 00:00:00+00:00,1.09276,False,False,5240010.0,1.1527042154392488,0,0,0.00702928571428577,0,0,0,0,0,0,0.007365961096635227,1
2023-04-13 00:00:00+00:00,1.09958,1.10671,1.0976,1.10512,78416.0,1.0948680000000002,1.10237,1.0913866666666667,1,0,0,0,1,0,1.10512,1,0,0,1,1,0,1.09728,0.0,2023-04-13 00:00:00+00:00,1.09276,False,False,5318426.0,1.152605931139374,1,0,0.007355000000000064,0,0,0,0,0,0,0.004989260782822532,1
2023-04-14 00:00:00+00:00,1.10515,1.10753,1.09717,1.09931,87890.0,1.0964820000000002,1.1022150000000002,1.0926550000000002,1,0,0,0,1,0,1.09931,0,1,1,1,0,1,1.09728,0.0,2023-04-14 00:00:00+00:00,1.10753,False,False,5230536.0,1.152482834604644,0,0,0.007709285714285784,0,0,0,0,0,0,-0.005271216099320821,0
2023-04-16 00:00:00+00:00,1.09859,1.09929,1.09824,1.09837,2787.0,1.098794,1.09884,1.0941708333333333,1,0,0,0,1,0,1.09837,0,1,1,0,0,0,1.09728,0.0,2023-04-16 00:00:00+00:00,1.10753,False,False,5227749.0,1.1524788716622902,0,0,0.007050714285714339,0,0,0,0,0,0,-0.0008554476150518511,0
2023-04-17 00:00:00+00:00,1.09839,1.09992,1.09085,1.09237,80242.0,1.098958,1.09537,1.0943175,0,1,0,0,1,0,1.09237,0,1,1,1,0,1,1.10753,1.0,2023-04-17 00:00:00+00:00,1.10753,False,False,5147507.0,1.1523523962632307,0,0,0.007062857142857181,1,0,0,0,0,0,-0.0054776148718011135,0
2023-04-18 00:00:00+00:00,1.09239,1.09823,1.09215,1.09742,78996.0,1.0985179999999999,1.0948950000000002,1.0944625,0,1,0,0,1,0,1.09742,1,0,0,1,1,0,1.10753,0.0,2023-04-18 00:00:00+00:00,1.10753,False,True,5226503.0,1.1522388427168995,0,0,0.00719500000000003,0,0,0,0,1,0,0.0046123225995214935,1
2023-04-19 00:00:00+00:00,1.09744,1.09833,1.09165,1.09512,81276.0,1.096518,1.09627,1.09487,0,1,0,0,1,0,1.09823,1,0,0,0,0,0,1.10753,0.0,2023-04-19 00:00:00+00:00,1.09833,True,False,5145227.0,1.1521176194188496,0,0,0.006754285714285745,0,0,0,0,0,0,-0.0020980240667536317,0
2023-04-20 00:00:00+00:00,1.09514,1.09892,1.09328,1.0967,83545.0,1.095996,1.09591,1.0952708333333334,0,1,0,0,1,0,1.09823,1,0,0,0,0,0,1.10753,0.0,2023-04-20 00:00:00+00:00,1.09892,False,True,5228772.0,1.1519969863709356,0,0,0.006507857142857161,0,0,0,0,1,0,0.0014417244789063607,1
2023-04-21 00:00:00+00:00,1.09668,1.09932,1.09372,1.09883,79339.0,1.096088,1.0977649999999999,1.0960383333333332,1,0,0,0,1,0,1.09823,1,0,0,0,0,0,1.10753,0.0,2023-04-21 00:00:00+00:00,1.09932,False,False,5308111.0,1.151887305753475,0,0,0.006346428571428594,0,0,0,0,0,0,0.0019403065940798098,1
2023-04-23 00:00:00+00:00,1.09875,1.09954,1.09847,1.09911,1817.0,1.097436,1.09897,1.0966941666666667,1,0,0,0,1,0,1.09823,1,0,0,0,0,0,1.10753,0.0,2023-04-23 00:00:00+00:00,1.09932,False,False,5309928.0,1.1518848124063479,0,0,0.006041428571428579,0,0,0,0,0,0,0.0002547840264199484,1
2023-04-24 00:00:00+00:00,1.09907,1.10565,1.09653,1.10563,74644.0,1.099078,1.10237,1.0982625000000001,1,0,0,0,1,0,1.10563,1,0,0,0,0,0,1.10753,0.0,2023-04-24 00:00:00+00:00,1.09932,False,False,5384572.0,1.1517952160436846,1,0,0.006352142857142854,0,0,0,0,0,0,0.005914546846160322,1
2023-04-25 00:00:00+00:00,1.10569,1.10664,1.09633,1.09773,88570.0,1.0996000000000001,1.10168,1.0987775,1,0,0,0,1,0,1.09773,0,1,1,1,0,1,1.10753,0.0,2023-04-25 00:00:00+00:00,1.10664,False,False,5296002.0,1.151671237622305,0,0,0.006958571428571417,0,0,0,0,0,0,-0.0071708970414570295,0
2023-04-26 00:00:00+00:00,1.09771,1.1095,1.09676,1.10446,103192.0,1.101152,1.101095,1.0991808333333333,0,1,0,0,1,0,1.10664,0,1,1,0,0,0,1.10753,0.0,2023-04-26 00:00:00+00:00,1.1095,False,False,5399194.0,1.1515454394958897,0,0,0.00725428571428569,0,0,0,0,0,0,0.006112116530890529,1
2023-04-27 00:00:00+00:00,1.10447,1.10628,1.09914,1.10309,92790.0,1.102004,1.103775,1.0990116666666667,1,0,0,0,1,0,1.10664,0,1,1,0,0,0,1.10753,0.0,2023-04-27 00:00:00+00:00,1.1095,True,False,5306404.0,1.151429618538257,0,0,0.007327142857142833,0,0,0,0,0,0,-0.001241195149266196,0
2023-04-28 00:00:00+00:00,1.10312,1.10444,1.09618,1.10159,110313.0,1.1024999999999998,1.1023399999999999,1.0992016666666666,0,1,0,0,1,0,1.10159,0,1,1,0,0,0,1.1095,1.0,2023-04-28 00:00:00+00:00,1.10444,False,False,5196091.0,1.151288393245589,0,0,0.007303571428571425,1,0,0,0,0,0,-0.001360741904904258,0
2023-04-30 00:00:00+00:00,1.10157,1.10211,1.10093,1.10101,3092.0,1.101576,1.1013000000000002,1.0994216666666667,0,1,0,0,1,0,1.10159,0,1,1,0,0,0,1.1095,0.0,2023-04-30 00:00:00+00:00,1.10444,False,False,5192999.0,1.1512844002625824,0,0,0.006737142857142838,0,0,0,0,0,0,-0.0005266503345190496,0
2023-05-01 00:00:00+00:00,1.10101,1.10351,1.09636,1.09681,69678.0,1.101392,1.09891,1.0997916666666667,0,1,0,0,0,0,1.10159,0,1,1,0,0,0,1.1095,0.0,2023-05-01 00:00:00+00:00,1.10444,False,False,5123321.0,1.1511870833835975,0,1,0.006507857142857129,0,0,0,0,0,0,-0.003821973694495209,0
2023-05-02 00:00:00+00:00,1.0968,1.10131,1.09413,1.10102,95911.0,1.100704,1.098915,1.1000916666666667,0,1,0,0,0,0,1.10159,0,1,1,0,0,0,1.1095,0.0,2023-05-02 00:00:00+00:00,1.10444,False,True,5219232.0,1.1510640223193465,0,0,0.006944285714285704,0,0,0,0,1,0,0.003831056222889641,1
2023-05-03 00:00:00+00:00,1.10107,1.10911,1.1004,1.1068,105804.0,1.1014460000000001,1.10391,1.101065,1,0,0,0,1,0,1.1068,1,0,0,1,1,0,1.1095,0.0,2023-05-03 00:00:00+00:00,1.10911,False,False,5325036.0,1.1509445650114067,1,0,0.006918571428571425,0,0,0,0,0,0,0.005235946050809072,1
2023-05-04 00:00:00+00:00,1.10681,1.1091,1.09853,1.10223,114602.0,1.1015739999999998,1.1045150000000001,1.1015258333333333,1,0,0,0,1,0,1.10223,0,1,1,0,0,0,1.1095,0.0,2023-05-04 00:00:00+00:00,1.10911,True,False,5210434.0,1.15080257979503,0,0,0.0072392857142857025,0,0,0,0,0,0,-0.004137568543355463,0
2023-05-05 00:00:00+00:00,1.10222,1.10471,1.0966,1.10177,84426.0,1.101726,1.1019999999999999,1.1017708333333334,0,0,1,0,0,0,1.10177,0,1,1,0,0,0,1.1095,0.0,2023-05-05 00:00:00+00:00,1.10471,False,False,5126008.0,1.1506975236282353,0,0,0.007341428571428562,0,0,0,0,0,0,-0.0004174228735747461,0
2023-05-07 00:00:00+00:00,1.102,1.10217,1.10134,1.10177,2439.0,1.102718,1.10177,1.1019925,0,1,0,0,0,0,1.10177,0,1,1,0,0,0,1.1095,0.0,2023-05-07 00:00:00+00:00,1.10471,False,False,5126008.0,1.1506944953292702,0,0,0.006997857142857151,0,0,0,0,0,0,0.0,0
2023-05-08 00:00:00+00:00,1.10178,1.1053,1.09946,1.09959,67015.0,1.102432,1.10068,1.1014891666666666,0,1,0,0,0,0,1.10177,0,1,1,0,0,0,1.1095,0.0,2023-05-08 00:00:00+00:00,1.10471,False,False,5058993.0,1.150607733859931,0,0,0.0070149999999999935,0,0,0,0,0,0,-0.0019805944621810725,0
2023-05-09 00:00:00+00:00,1.09959,1.10002,1.09403,1.09637,78984.0,1.100346,1.0979800000000002,1.1013758333333332,0,0,0,1,0,1,1.09637,0,1,1,1,0,1,1.1095,0.0,2023-05-09 00:00:00+00:00,1.10471,False,False,4980009.0,1.1504994239233195,0,0,0.007366428571428567,0,0,0,0,0,0,-0.002932660255924086,0
2023-05-10 00:00:00+00:00,1.09637,1.10063,1.09408,1.0982,89230.0,1.09954,1.097285,1.1008541666666667,0,0,0,1,0,1,1.09637,0,1,1,0,0,0,1.1095,0.0,2023-05-10 00:00:00+00:00,1.10471,False,True,5069239.0,1.1503817021551572,0,0,0.007182857142857142,0,0,0,0,0,0,0.0016677530670369384,1
2023-05-11 00:00:00+00:00,1.09819,1.09976,1.08994,1.09118,99570.0,1.0974220000000001,1.09469,1.0998616666666667,0,0,0,1,0,1,1.09118,0,1,1,1,0,1,1.1095,0.0,2023-05-11 00:00:00+00:00,1.10471,False,False,4969669.0,1.1502333744748152,0,0,0.00714785714285715,0,0,0,0,0,0,-0.006412796369290388,0
2023-05-12 00:00:00+00:00,1.09116,1.09349,1.08473,1.08484,77929.0,1.094036,1.0880100000000001,1.0984658333333333,0,0,0,1,0,1,1.08484,0,1,1,1,0,1,1.1095,0.0,2023-05-12 00:00:00+00:00,1.10471,False,False,4891740.0,1.150105394630993,0,0,0.006863571428571445,0,0,0,0,0,0,-0.0058271688128066846,0
2023-05-14 00:00:00+00:00,1.08523,1.08542,1.08424,1.08523,2497.0,1.091164,1.085035,1.0971508333333333,0,0,0,1,0,1,1.08484,0,1,1,0,0,0,1.1095,0.0,2023-05-14 00:00:00+00:00,1.10471,False,False,4894237.0,1.15010132663941,0,0,0.006437857142857162,0,0,0,0,0,0,0.0003594354137872556,1
2023-05-15 00:00:00+00:00,1.08524,1.08903,1.08474,1.08729,69265.0,1.089348,1.08626,1.0963575,0,0,0,1,0,1,1.08484,0,1,1,0,0,0,1.1095,0.0,2023-05-15 00:00:00+00:00,1.08903,False,False,4963502.0,1.1499922633613182,0,0,0.0061542857142857154,0,0,0,0,0,0,0.0018964157912294106,1
2023-05-16 00:00:00+00:00,1.08729,1.09041,1.08544,1.08645,78850.0,1.086998,1.08687,1.0951433333333334,0,0,0,1,0,1,1.08484,0,1,1,0,0,0,1.08424,2.0,2023-05-16 00:00:00+00:00,1.08903,True,False,4884652.0,1.149866910710633,0,0,0.006425000000000014,0,0,1,0,0,1,-0.0007728615582472545,0
2023-05-17 00:00:00+00:00,1.0865,1.08731,1.08095,1.08373,81041.0,1.085508,1.08509,1.0932208333333333,0,0,0,1,0,1,1.08484,0,1,1,0,0,0,1.08424,0.0,2023-05-17 00:00:00+00:00,1.08731,False,False,4803611.0,1.1497330854267918,0,0,0.006368571428571438,0,0,0,0,0,0,-0.002506705825578091,0
2023-05-18 00:00:00+00:00,1.08369,1.08475,1.07617,1.07744,78267.0,1.084028,1.0805850000000001,1.0911549999999999,0,0,0,1,0,1,1.07744,0,1,1,1,0,1,1.08424,0.0,2023-05-18 00:00:00+00:00,1.08731,False,False,4725344.0,1.1495920860943365,0,0,0.0064685714285714424,0,0,0,0,0,0,-0.005820937511157038,0
2023-05-19 00:00:00+00:00,1.07745,1.08282,1.07592,1.0805,89303.0,1.0830819999999999,1.07897,1.0893825,0,0,0,1,0,1,1.07744,0,1,1,0,0,0,1.08424,0.0,2023-05-19 00:00:00+00:00,1.08731,False,True,4814647.0,1.149438670128541,0,0,0.006339285714285722,0,0,0,0,0,0,0.0028360399742309726,1
2023-05-21 00:00:00+00:00,1.08039,1.08236,1.08034,1.08213,2099.0,1.0820500000000002,1.081315,1.0877458333333332,0,0,0,1,0,1,1.07744,0,1,1,0,0,0,1.08424,0.0,2023-05-21 00:00:00+00:00,1.08236,False,False,4816746.0,1.1494351574614863,0,0,0.005728571428571432,0,0,0,0,0,0,0.0015074241166153615,1
2023-05-22 00:00:00+00:00,1.08214,1.08305,1.07948,1.08099,80164.0,1.080958,1.08156,1.0861958333333332,0,0,1,0,0,1,1.07744,0,1,1,0,0,0,1.07592,2.0,2023-05-22 00:00:00+00:00,1.08236,True,False,4736582.0,1.1492990095740843,0,0,0.005404285714285718,0,0,1,0,0,1,-0.001054033160937768,0
2023-05-23 00:00:00+00:00,1.081,1.08199,1.07596,1.07686,87854.0,1.079584,1.078925,1.08457,0,0,0,1,0,1,1.07744,0,1,1,0,0,0,1.07592,0.0,2023-05-23 00:00:00+00:00,1.08199,False,False,4648728.0,1.1491414382712388,0,0,0.005775714285714281,0,0,0,0,0,0,-0.003827888910703833,0
2023-05-24 00:00:00+00:00,1.07686,1.08007,1.07417,1.07548,93767.0,1.079192,1.0761699999999998,1.0826766666666667,0,0,0,1,0,1,1.07744,0,1,1,0,0,0,1.07592,0.0,2023-05-24 00:00:00+00:00,1.08199,False,False,4554961.0,1.1489708197414326,0,0,0.005780000000000007,0,0,0,0,0,0,-0.0012823254588970286,0
2023-05-25 00:00:00+00:00,1.0755,1.07553,1.07066,1.07226,90002.0,1.077544,1.0738699999999999,1.0811,0,0,0,1,0,1,1.07226,0,1,1,1,0,1,1.07592,0.0,2023-05-25 00:00:00+00:00,1.08199,False,False,4464959.0,1.1488006508026176,0,0,0.005700000000000023,0,0,0,0,0,0,-0.0029985029962565574,0
2023-05-26 00:00:00+00:00,1.07228,1.07581,1.07011,1.07237,85174.0,1.0755919999999999,1.0723150000000001,1.0800608333333332,0,0,0,1,0,1,1.07226,0,1,1,0,0,0,1.07592,0.0,2023-05-26 00:00:00+00:00,1.08199,False,True,4550133.0,1.1486405345783832,0,0,0.0056392857142857356,0,0,0,0,0,0,0.00010258179741643028,1
2023-05-28 00:00:00+00:00,1.07185,1.07284,1.07175,1.07209,2452.0,1.073812,1.07223,1.0789658333333334,0,0,0,1,0,1,1.07226,0,1,1,0,0,0,1.07592,0.0,2023-05-28 00:00:00+00:00,1.08199,False,True,4547681.0,1.1486359181804064,0,0,0.005015714285714298,0,0,0,0,0,0,-0.00026113800359177803,0
2023-05-29 00:00:00+00:00,1.07206,1.07429,1.07048,1.07059,32957.0,1.0725580000000001,1.07134,1.0775741666666667,0,0,0,1,0,1,1.07226,0,1,1,0,0,0,1.07011,2.0,2023-05-29 00:00:00+00:00,1.08199,False,False,4514724.0,1.1485727089448836,0,0,0.0046621428571428526,0,0,1,0,0,0,-0.0014001159716249443,0
2023-05-30 00:00:00+00:00,1.0706,1.07461,1.06718,1.0731,87511.0,1.072082,1.071845,1.0764616666666667,0,0,0,1,0,1,1.07226,0,1,1,0,0,0,1.07011,0.0,2023-05-30 00:00:00+00:00,1.07461,False,False,4602235.0,1.1484107509853794,0,0,0.00510857142857143,0,0,0,0,0,0,0.0023417575741212933,1
2023-05-31 00:00:00+00:00,1.0731,1.0735,1.06345,1.06926,99036.0,1.071482,1.07118,1.0752558333333333,0,0,0,1,0,1,1.07226,0,1,1,0,0,0,1.07011,0.0,2023-05-31 00:00:00+00:00,1.0735,False,False,4503199.0,1.1482189969883076,0,1,0.0055200000000000015,0,0,0,0,0,0,-0.0035848355200187075,0
2023-06-01 00:00:00+00:00,1.06926,1.07678,1.06611,1.07597,93068.0,1.072202,1.072615,1.0751333333333333,0,0,1,0,0,1,1.07226,0,1,1,0,0,0,1.07011,0.0,2023-06-01 00:00:00+00:00,1.07678,False,False,4596267.0,1.1480548847819296,1,0,0.005927142857142861,0,0,0,0,0,0,0.006255759879091113,1
2023-06-02 00:00:00+00:00,1.07599,1.07783,1.07044,1.07066,78567.0,1.0719159999999999,1.073315,1.0743133333333332,0,0,1,0,0,1,1.07226,0,1,1,0,0,0,1.06345,2.0,2023-06-02 00:00:00+00:00,1.07678,True,False,4517700.0,1.1479067595234511,0,0,0.006000714285714296,0,0,1,0,0,1,-0.004947299563059541,0
2023-06-04 00:00:00+00:00,1.07055,1.07071,1.06928,1.06961,3021.0,1.0717200000000002,1.070135,1.07327,0,0,0,1,0,1,1.07226,0,1,1,0,0,0,1.06345,0.0,2023-06-04 00:00:00+00:00,1.07071,False,False,4514679.0,1.147900997974619,0,0,0.0054900000000000105,0,0,0,0,0,0,-0.0009811846956115629,0
2023-06-05 00:00:00+00:00,1.06963,1.07217,1.06739,1.07107,72392.0,1.071314,1.0703399999999998,1.0724433333333334,0,0,0,1,0,1,1.07226,0,1,1,0,0,0,1.06345,0.0,2023-06-05 00:00:00+00:00,1.07071,False,True,4587071.0,1.1477657575112643,0,0,0.005338571428571447,0,0,0,0,0,0,0.0013640527555523457,1
2023-06-06 00:00:00+00:00,1.07109,1.07321,1.06663,1.06981,73344.0,1.071424,1.07044,1.0718558333333335,0,0,0,1,0,1,1.07226,0,1,1,0,0,0,1.06345,0.0,2023-06-06 00:00:00+00:00,1.07071,False,False,4513727.0,1.1476269801692334,0,0,0.005664285714285741,0,0,0,0,0,0,-0.001177086193977108,0
2023-06-07 00:00:00+00:00,1.06981,1.07391,1.06676,1.07061,76760.0,1.070352,1.0702099999999999,1.07145,0,0,0,1,0,1,1.07226,0,1,1,0,0,0,1.06345,0.0,2023-06-07 00:00:00+00:00,1.07071,False,True,4590487.0,1.1474837551662609,0,0,0.005920000000000021,0,0,0,0,0,0,0.0007475168772972735,1
2023-06-08 00:00:00+00:00,1.07064,1.07865,1.07003,1.07811,73745.0,1.071842,1.07436,1.0719375,0,0,1,0,0,0,1.07811,1,0,0,1,1,0,1.06345,0.0,2023-06-08 00:00:00+00:00,1.07865,False,False,4664232.0,1.1473600323069626,0,0,0.006105000000000027,0,0,0,0,0,0,0.006980928607103563,1
2023-06-09 00:00:00+00:00,1.07813,1.07845,1.07422,1.07482,67800.0,1.0728840000000002,1.076465,1.0721416666666668,1,0,0,0,1,0,1.07865,1,0,0,0,0,0,1.06345,0.0,2023-06-09 00:00:00+00:00,1.07865,True,False,4596432.0,1.1472412865515724,0,0,0.005985714285714309,0,0,0,0,0,0,-0.003056302398114183,0
2023-06-11 00:00:00+00:00,1.07454,1.07508,1.07423,1.07492,2271.0,1.0736539999999999,1.0748700000000002,1.0723775,1,0,0,0,1,0,1.07865,1,0,0,0,0,0,1.07865,1.0,2023-06-11 00:00:00+00:00,1.07508,False,True,4598703.0,1.1472373213057032,0,0,0.005698571428571442,1,0,0,0,1,0,9.303450656544683e-05,1
2023-06-12 00:00:00+00:00,1.07494,1.07895,1.07324,1.07614,69921.0,1.07492,1.07553,1.07284,1,0,0,0,1,0,1.07865,1,0,0,0,0,0,1.07865,0.0,2023-06-12 00:00:00+00:00,1.07895,False,False,4668624.0,1.1471175051986366,0,0,0.005699285714285732,0,0,0,0,0,0,0.001134324594212786,1
2023-06-13 00:00:00+00:00,1.07614,1.08229,1.07587,1.07888,88372.0,1.0765740000000001,1.0775100000000002,1.0733216666666667,1,0,0,0,1,0,1.07865,1,0,0,0,0,0,1.07865,0.0,2023-06-13 00:00:00+00:00,1.07895,False,False,4756996.0,1.1469724717683403,0,0,0.006080000000000006,0,0,0,0,0,0,0.0025429012041486444,1
2023-06-14 00:00:00+00:00,1.0789,1.08637,1.07732,1.08421,89354.0,1.0777940000000001,1.081545,1.0745675,1,0,0,0,1,0,1.08421,1,0,0,0,0,0,1.07865,0.0,2023-06-14 00:00:00+00:00,1.07895,False,False,4846350.0,1.1468378820085159,0,0,0.00645428571428573,0,0,0,0,0,0,0.004928145187949049,1
2023-06-15 00:00:00+00:00,1.08422,1.0952,1.0803,1.09447,86669.0,1.081724,1.08934,1.0761091666666667,1,0,0,0,1,0,1.09447,1,0,0,1,1,0,1.07865,0.0,2023-06-15 00:00:00+00:00,1.07895,False,False,4933019.0,1.1467291832999615,0,0,0.006987857142857149,0,0,0,0,0,0,0.0094186166368885,1
2023-06-16 00:00:00+00:00,1.09447,1.09701,1.09171,1.09398,76825.0,1.085536,1.094225,1.0780525,1,0,0,0,1,0,1.09447,1,0,0,0,0,0,1.07865,0.0,2023-06-16 00:00:00+00:00,1.07895,True,False,4856194.0,1.146632307440915,0,0,0.006648571428571448,0,0,0,0,0,0,-0.00044780553194127224,0
2023-06-18 00:00:00+00:00,1.094,1.09425,1.09284,1.0939,2887.0,1.0890879999999998,1.09394,1.0800766666666666,1,0,0,0,1,0,1.09447,1,0,0,0,0,0,1.07865,0.0,2023-06-18 00:00:00+00:00,1.09425,False,False,4853307.0,1.1466286683672648,0,0,0.0059871428571428575,0,0,0,0,0,0,-7.313015342300606e-05,0
2023-06-19 00:00:00+00:00,1.09391,1.09456,1.09065,1.09227,50214.0,1.091766,1.093085,1.0818433333333333,1,0,0,0,1,0,1.09447,1,0,0,0,0,0,1.09701,1.0,2023-06-19 00:00:00+00:00,1.09425,False,False,4803093.0,1.1465634995349365,0,0,0.005738571428571434,1,0,0,0,0,0,-0.0014911926355649918,0
2023-06-20 00:00:00+00:00,1.09228,1.09455,1.08914,1.09192,79950.0,1.093308,1.092095,1.0836858333333332,0,1,0,0,1,0,1.09447,1,0,0,0,0,0,1.09701,0.0,2023-06-20 00:00:00+00:00,1.09425,False,False,4723143.0,1.1464593936965848,0,0,0.00602285714285714,0,0,0,0,0,0,-0.00032048494224017955,0
2023-06-21 00:00:00+00:00,1.0919,1.09917,1.0905,1.09909,90657.0,1.0942319999999999,1.095505,1.0860591666666666,1,0,0,0,1,0,1.09447,1,0,0,0,0,0,1.09701,0.0,2023-06-21 00:00:00+00:00,1.09917,False,False,4813800.0,1.1463572809222071,1,0,0.006300714285714278,0,0,0,0,0,0,0.0065449501323262115,1
2023-06-22 00:00:00+00:00,1.09911,1.10112,1.09477,1.09547,84808.0,1.09453,1.09728,1.0875058333333334,1,0,0,0,1,0,1.09447,1,0,0,0,0,0,1.09701,0.0,2023-06-22 00:00:00+00:00,1.09917,True,False,4728992.0,1.1462548686359357,0,0,0.00628428571428571,0,0,0,0,0,0,-0.003299069775533632,0
2023-06-23 00:00:00+00:00,1.09548,1.0958,1.08437,1.08942,87791.0,1.093634,1.092445,1.0887225,0,1,0,0,1,0,1.08942,0,1,1,1,0,1,1.09701,0.0,2023-06-23 00:00:00+00:00,1.0958,False,False,4641201.0,1.1461367095785857,0,0,0.00659,0,0,0,0,0,0,-0.005538050394102012,0
2023-06-25 00:00:00+00:00,1.08949,1.09064,1.08926,1.09055,3614.0,1.09329,1.089985,1.090025,0,1,0,0,0,0,1.09055,0,1,1,0,0,0,1.10112,1.0,2023-06-25 00:00:00+00:00,1.0958,False,True,4644815.0,1.146131952677625,0,0,0.00607285714285715,1,0,0,0,1,0,0.0010367116072308071,1
2023-06-26 00:00:00+00:00,1.09056,1.09196,1.08867,1.09091,71329.0,1.093088,1.09073,1.0912558333333333,0,1,0,0,0,0,1.09055,0,1,1,0,0,0,1.10112,0.0,2023-06-26 00:00:00+00:00,1.09196,False,False,4716144.0,1.1460388397499524,0,0,0.0060057142857142965,0,0,0,0,0,0,0.00033005418689157067,1
2023-06-27 00:00:00+00:00,1.09091,1.09759,1.09013,1.09567,82908.0,1.0924040000000002,1.09329,1.092655,0,0,1,0,0,0,1.09567,1,0,0,1,1,0,1.10112,0.0,2023-06-27 00:00:00+00:00,1.09196,False,False,4799052.0,1.1459403161793835,0,0,0.006477857142857154,0,0,0,0,0,0,0.004353837974529405,1
2023-06-28 00:00:00+00:00,1.09568,1.09616,1.08961,1.09145,85687.0,1.0916000000000001,1.09356,1.0932583333333332,0,0,1,0,0,0,1.09145,0,1,1,0,0,0,1.10112,0.0,2023-06-28 00:00:00+00:00,1.09616,False,False,4713365.0,1.1458303804312182,0,0,0.006537857142857151,0,0,0,0,0,0,-0.0038589608589108494,0
2023-06-29 00:00:00+00:00,1.09146,1.09407,1.08595,1.08667,89109.0,1.09105,1.08906,1.0926083333333334,0,0,0,1,0,1,1.08667,0,1,1,0,0,0,1.10112,0.0,2023-06-29 00:00:00+00:00,1.09616,False,False,4624256.0,1.1457065159010429,0,0,0.006659285714285741,0,0,0,0,0,0,-0.004389113247769947,0
2023-06-30 00:00:00+00:00,1.08669,1.09312,1.08347,1.09082,86778.0,1.091104,1.0887449999999999,1.0923450000000001,0,0,0,1,0,1,1.08667,0,1,1,0,0,0,1.10112,0.0,2023-06-30 00:00:00+00:00,1.09616,False,True,4711034.0,1.1455948333993604,0,0,0.006702142857142894,0,0,0,0,0,0,0.0038117327975946726,1
2023-07-02 00:00:00+00:00,1.09079,1.09124,1.09048,1.09064,2095.0,1.0910499999999999,1.09073,1.0920733333333332,0,0,0,1,0,1,1.08667,0,1,1,0,0,0,1.10112,0.0,2023-07-02 00:00:00+00:00,1.09124,True,False,4708939.0,1.1455921339298745,0,0,0.005692142857142908,0,0,0,0,0,1,-0.00016502709232200317,0
2023-07-03 00:00:00+00:00,1.09067,1.09333,1.08695,1.09121,69742.0,1.090158,1.090925,1.091985,0,0,1,0,0,1,1.08667,0,1,1,0,0,0,1.08347,2.0,2023-07-03 00:00:00+00:00,1.09333,False,True,4778681.0,1.1455033509853538,0,0,0.005769285714285747,0,0,1,0,0,0,0.0005224923922060102,1
2023-07-04 00:00:00+00:00,1.09122,1.09157,1.08758,1.08817,42852.0,1.089502,1.08969,1.0916725,0,0,1,0,0,1,1.08667,0,1,1,0,0,0,1.08347,0.0,2023-07-04 00:00:00+00:00,1.09333,False,False,4735829.0,1.1454458967702859,0,0,0.0059535714285714626,0,0,0,0,0,0,-0.002789786059952149,0
2023-07-05 00:00:00+00:00,1.08819,1.09073,1.08503,1.08546,76742.0,1.08926,1.086815,1.0905366666666667,0,0,0,1,0,1,1.08667,0,1,1,0,0,0,1.08347,0.0,2023-07-05 00:00:00+00:00,1.09333,False,False,4659087.0,1.1453384367197756,0,1,0.006081428571428603,0,0,0,0,0,0,-0.0024935259489032705,0
2023-07-06 00:00:00+00:00,1.08548,1.09,1.08328,1.08888,97625.0,1.0888719999999998,1.08717,1.0899875,0,0,0,1,0,1,1.08667,0,1,1,0,0,0,1.08347,0.0,2023-07-06 00:00:00+00:00,1.09,False,False,4756712.0,1.1452100659699425,0,0,0.006175000000000042,0,0,0,0,0,0,0.0031457847625934038,1
2023-07-07 00:00:00+00:00,1.08886,1.09726,1.08662,1.09675,89704.0,1.0900940000000001,1.0928149999999999,1.0905983333333333,0,0,1,0,0,0,1.09675,1,0,0,1,1,0,1.08347,0.0,2023-07-07 00:00:00+00:00,1.09,False,False,4846416.0,1.1451090324242892,0,0,0.006315714285714329,0,0,0,0,0,0,0.007201616022505142,1
2023-07-09 00:00:00+00:00,1.09583,1.09689,1.09553,1.09663,2601.0,1.091178,1.09669,1.091105,1,0,0,0,1,0,1.09726,1,0,0,0,0,0,1.08328,2.0,2023-07-09 00:00:00+00:00,1.09,False,False,4843815.0,1.1451061019505997,0,0,0.005959285714285755,0,0,0,1,0,0,-0.0001094201644216837,0
2023-07-10 00:00:00+00:00,1.09664,1.10053,1.09428,1.10045,75947.0,1.0936340000000002,1.0985399999999998,1.0918999999999999,1,0,0,0,1,0,1.09726,1,0,0,0,0,0,1.08328,0.0,2023-07-10 00:00:00+00:00,1.09,False,False,4919762.0,1.1450274210913107,0,0,0.005589285714285757,0,0,0,0,0,0,0.003477346158779366,1
2023-07-11 00:00:00+00:00,1.10048,1.10267,1.09762,1.1013,69621.0,1.0968019999999998,1.1008749999999998,1.0923691666666666,1,0,0,0,1,0,1.09726,1,0,0,0,0,0,1.08328,0.0,2023-07-11 00:00:00+00:00,1.09,False,False,4989383.0,1.144956907815831,0,0,0.005851428571428603,0,0,0,0,0,0,0.0007721131302171782,1
2023-07-12 00:00:00+00:00,1.10129,1.114,1.10112,1.11398,91074.0,1.1018219999999999,1.10764,1.0942466666666668,1,0,0,0,1,0,1.11398,1,0,0,0,0,0,1.08328,0.0,2023-07-12 00:00:00+00:00,1.09,False,False,5080457.0,1.1448917008368031,0,0,0.006536428571428602,0,0,0,0,0,0,0.011447887833803858,1
2023-07-13 00:00:00+00:00,1.11399,1.1229,1.11292,1.12226,89635.0,1.106924,1.11812,1.0972125,1,0,0,0,1,0,1.12226,1,0,0,1,1,0,1.08328,0.0,2023-07-13 00:00:00+00:00,1.09,False,False,5170092.0,1.1448449103461507,1,0,0.0067164285714286075,0,0,0,0,0,0,0.007405321288167567,1
